id,listing_url,country,make,model,variant,full_name,price_eur,price_original_eur,vat_deductible,year,first_registration,mileage_km,previous_owners,condition,fuel_type,power_kw,power_hp,engine_cc,emission_class,co2_emissions,consumption_combined,transmission,gears,drivetrain,body_type,doors,seats,color_exterior,color_interior,features,safety_features,comfort_features,seller_type,seller_name,seller_location,seller_country,image_count,thumbnail,scraped_at,price_per_km,age_years
4cbf21e4-c60f-4685-9c79-5efd8933781c,https://www.autoscout24.de/angebote/4cbf21e4-c60f-4685-9c79-5efd8933781c,de,Audi,rs3,,Audi RS3Sportback 280 km,35775,,True,2019,11-2019,72800,,used,petrol,294,399,2480,Euro 6d-TEMP,,6.0,automatic,,AWD,Limousine,5,5,Grau,,,,,dealer,Autohaus Hoff GmbH & Co. KG,DE-53757 Sankt Augustin,DE,2,https://prod.pictures.autoscout24.net/listing-images/4cbf21e4-c60f-4685-9c79-5efd8933781c_92fe895e-75b9-4403-a3a9-c225221c7c8f.jpg/250x188.webp,2026-09-29T07:38:33.439291,0.49,7
4426d4ec-43a0-4bda-94b0-1cfad1d9f90e,https://www.autoscout24.de/angebote/4426d4ec-43a0-4bda-94b0-1cfad1d9f90e,de,BMW,m850,,BMW M850i xDrive Gran Coupé,47900,,True,2022,05-2022,19303,,used,petrol,390,530,4395,,,4.0,automatic,,AWD,Limousine,4,5,Weiß,,,,,dealer,Justus Automobile GmbH,DE-65549 Limburg an der Lahn,DE,2,https://prod.pictures.autoscout24.net/listing-images/4426d4ec-43a0-4bda-94b0-1cfad1d9f90e_a1e019bf-7bd2-4189-b40c-daa9ec11d4db.jpg/250x188.webp,2026-09-29T07:38:33.439309,2.48,4
035c8f5a-33fd-4e59-8fe0-73ec36208512,https://www.autoscout24.de/angebote/035c8f5a-33fd-4e59-8fe0-73ec36208512,de,Mercedes-Benz,gle 250,,Mercedes-Benz GLE 250d 4Matic AMG Line LED~AHK~360~TV~EL.GSD,32900,,True,2018,01-2018,69000,,used,diesel,150,204,2143,Euro 6,149,5.7,automatic,,AWD,SUV/Geländewagen/Pickup,4,5,Schwarz,,,,,dealer,Autopark Nord GmbH,DE-81829 München,DE,2,https://prod.pictures.autoscout24.net/listing-images/035c8f5a-33fd-4e59-8fe0-73ec36208512_e01dba3c-8700-45d8-98f1-31cccab0aaa6.jpg/250x188.webp,2026-09-29T07:38:33.439324,0.48,8
b932db57-08cd-47cb-9001-a5c2e63ee873,https://www.autoscout24.de/angebote/b932db57-08cd-47cb-9001-a5c2e63ee873,de,BMW,550,,BMW 550i xDrive,36950,,True,2018,01-2018,88355,,used,petrol,340,462,4395,,,4.0,automatic,,AWD,Limousine,4,5,Grau,,,,,dealer,Autohaus Kiefer Vermittlungs - GmbH,DE-56744 Rennerod,DE,2,https://prod.pictures.autoscout24.net/listing-images/b932db57-08cd-47cb-9001-a5c2e63ee873_bca7be48-289e-475b-bbe3-935b18a845c6.jpg/250x188.webp,2026-09-29T07:38:33.439342,0.42,8
6ee23336-76eb-4e06-b1cf-e68d7344b84a,https://www.autoscout24.de/angebote/6ee23336-76eb-4e06-b1cf-e68d7344b84a,de,BMW,540,,BMW 540i XDRIVE M,36950,,True,2018,07-2018,68643,,used,petrol,250,340,2998,,,4.0,automatic,,AWD,Limousine,4,5,Schwarz,,,,,dealer,Autohaus Kiefer Vermittlungs - GmbH,DE-56744 Rennerod,DE,2,https://prod.pictures.autoscout24.net/listing-images/6ee23336-76eb-4e06-b1cf-e68d7344b84a_74744b67-14b0-425b-96c3-19975dac1ccd.jpg/250x188.webp,2026-09-29T07:38:33.439352,0.54,8
0bcfc14a-c72b-4b5d-9ca7-6dc76532fd5a,https://www.autoscout24.de/angebote/0bcfc14a-c72b-4b5d-9ca7-6dc76532fd5a,de,BMW,340,,BMW 340,35950,,True,2020,07-2020,119609,,used,petrol,285,387,2998,,,4.0,automatic,,,Limousine,4,5,Schwarz,,,,,dealer,Autohaus Kiefer Vermittlungs - GmbH,DE-56744 Rennerod,DE,2,https://prod.pictures.autoscout24.net/listing-images/0bcfc14a-c72b-4b5d-9ca7-6dc76532fd5a_a2da3edf-9f37-4a2d-862d-f7f374d5c023.jpg/250x188.webp,2026-09-29T07:38:33.439361,0.3,6
47bdbd10-c588-4739-a18d-a0f596afdf61,https://www.autoscout24.de/angebote/47bdbd10-c588-4739-a18d-a0f596afdf61,de,Porsche,taycan,,Porsche TaycanInnoDrive LED-Matrix Surround-View PASM,64950,,True,2023,06-2023,46302,,used,electric,257,350,0,,0,22.2,automatic,,Heck,Limousine,4,5,Weiß,,,,,dealer,Porsche Zentrum Bonn,DE-53119 Bonn,DE,2,https://prod.pictures.autoscout24.net/listing-images/47bdbd10-c588-4739-a18d-a0f596afdf61_4d219871-3cd0-4d94-aa2c-e3bb3be3ad21.jpg/250x188.webp,2026-09-29T07:38:33.439374,1.4,3
d9a610bc-1b2c-4a19-8347-45ee4e246407,https://www.autoscout24.de/angebote/d9a610bc-1b2c-4a19-8347-45ee4e246407,de,Porsche,cayenne,,Porsche CayenneE-Hybrid Coupé,79500,,True,2022,03-2022,62000,,used,hybrid,249,340,2995,Euro 6e,,6.0,automatic,,AWD,Coupé,5,5,Blau,,,,,dealer,RAMAX,DE-50354 Hürth (bei Köln),DE,2,https://prod.pictures.autoscout24.net/listing-images/d9a610bc-1b2c-4a19-8347-45ee4e246407_6aaad1eb-8409-4cd6-bb11-d070e2b1a5a6.jpg/250x188.webp,2026-09-29T07:38:33.439384,1.28,4
fdb42f93-d856-4ede-9ee9-139e66bb03c6,https://www.autoscout24.de/angebote/fdb42f93-d856-4ede-9ee9-139e66bb03c6,de,Porsche,taycan,,Porsche TaycanGTS Sport Turismo Range Manager InnoDrive,78900,,True,2023,06-2023,41112,,used,electric,323,440,0,,0,22.8,automatic,,AWD,Kombi,4,4,Grau,,,,,dealer,Porsche Zentrum Mannheim,DE-68229 Mannheim,DE,2,https://prod.pictures.autoscout24.net/listing-images/fdb42f93-d856-4ede-9ee9-139e66bb03c6_430caa4f-4ab6-4e2f-a4d7-267e593e2d30.jpg/250x188.webp,2026-09-29T07:38:33.439393,1.92,3
9612db09-8e7b-4317-971c-5e0a6520db06,https://www.autoscout24.de/angebote/9612db09-8e7b-4317-971c-5e0a6520db06,de,Mercedes-Benz,eqe 53,,Mercedes-Benz EQE 53EQE 53 AMG 53 4M+ Night I+II Pano HYPER,76900,,True,2024,03-2024,30864,,used,electric,460,625,,Euro 6e,0,25.2,automatic,,AWD,SUV/Geländewagen/Pickup,5,5,Schwarz,,,,,dealer,Paul Lüske GmbH,DE-49661 Cloppenburg,DE,3,https://prod.pictures.autoscout24.net/listing-images/9612db09-8e7b-4317-971c-5e0a6520db06_3ab616de-d2ce-4339-a01a-8ca7b9ddca1b.jpg/250x188.webp,2026-09-29T07:38:33.439401,2.49,2
0fcda7a8-f0a7-43a2-91e4-22929ec573aa,https://www.autoscout24.de/angebote/0fcda7a8-f0a7-43a2-91e4-22929ec573aa,de,Skoda,octavia,,Skoda OctaviaCombi RS*1.4 TSI*Plugin NAV R-Cam. LED,25950,,True,2021,09-2021,28594,,used,hybrid,180,244,1395,Euro 6d,,6.0,automatic,,Frontantrieb,Kombi,5,5,Grau,,,,,dealer,Spranger Automobile e.K.,DE-34379 Calden-Westuffeln,DE,3,https://prod.pictures.autoscout24.net/listing-images/0fcda7a8-f0a7-43a2-91e4-22929ec573aa_3e99043f-5a27-4bd5-a07e-a462e22e84bd.jpg/250x188.webp,2026-09-29T07:38:33.439409,0.91,5
b65ce866-1fcf-4346-88dc-cb3dfe3371da,https://www.autoscout24.de/angebote/b65ce866-1fcf-4346-88dc-cb3dfe3371da,de,Mercedes-Benz,eqe suv,,Mercedes-Benz EQE SUVEQE SUV 53 4M+ Night I+II Pano HYPER,76900,,True,2024,03-2024,30864,,used,electric,460,625,,Euro 6e,0,25.2,automatic,,AWD,SUV/Geländewagen/Pickup,5,5,Schwarz,,,,,dealer,Paul Lüske GmbH,DE-49661 Cloppenburg,DE,3,https://prod.pictures.autoscout24.net/listing-images/b65ce866-1fcf-4346-88dc-cb3dfe3371da_7843c0d8-e7fe-4570-88dd-331fc1e7fa81.jpg/250x188.webp,2026-09-29T07:38:33.439416,2.49,2
39591ccf-9cbc-42b2-b999-4db3a00d2334,https://www.autoscout24.de/angebote/39591ccf-9cbc-42b2-b999-4db3a00d2334,de,Mercedes-Benz,glc 200,,Mercedes-Benz GLC 200GLC 200 4Matic 9G-Avantgarde Advanced,36990,,True,2023,09-2023,90311,,used,petrol,150,204,1999,,,4.0,automatic,,AWD,SUV/Geländewagen/Pickup,5,5,Schwarz,,,,,dealer,AutoExpo Deutsche Automarkt GmbH,DE-35463 Fernwald-Steinbach,DE,2,https://prod.pictures.autoscout24.net/listing-images/39591ccf-9cbc-42b2-b999-4db3a00d2334_b60cb546-73d6-4aee-aa72-5280ea7485f4.jpg/250x188.webp,2026-09-29T07:38:33.439440,0.41,3
084725db-db7a-44ab-81c4-0ffcf3b380e0,https://www.autoscout24.de/angebote/084725db-db7a-44ab-81c4-0ffcf3b380e0,de,Porsche,taycan,,Porsche TaycanPerf. Bat. E-Sound BOSE Memory Chrono Head-Up,76900,,True,2024,05-2024,44573,,used,electric,235,320,0,,0,17.5,automatic,,Heck,Limousine,4,4,Weiß,,,,,dealer,Porsche Zentrum Mannheim,DE-68229 Mannheim,DE,2,https://prod.pictures.autoscout24.net/listing-images/084725db-db7a-44ab-81c4-0ffcf3b380e0_73d69dcf-bb63-4a1c-b9b2-3f7b683381e1.jpg/250x188.webp,2026-09-29T07:38:33.439450,1.73,2
1a5c040f-105b-4531-b7c1-d560dd145c15,https://www.autoscout24.de/angebote/1a5c040f-105b-4531-b7c1-d560dd145c15,de,Audi,q3,,Audi Q3Sportback 35 TFSI S tronic S line KESSY ACC,31880,,True,2022,07-2022,39544,,used,petrol,80,110,1498,Euro 6,160,7.0,automatic,,,SUV/Geländewagen/Pickup,5,5,Grau,,,,,dealer,Autohaus Adelbert Moll GmbH & Co. KG,DE-40474 Düsseldorf,DE,2,https://prod.pictures.autoscout24.net/listing-images/1a5c040f-105b-4531-b7c1-d560dd145c15_4a1d4695-b2ff-4ec8-982a-2f55af2d5679.jpg/250x188.webp,2026-09-29T07:38:33.439463,0.81,4
374618c8-fbd4-45bb-acf1-8313d191de7e,https://www.autoscout24.de/angebote/374618c8-fbd4-45bb-acf1-8313d191de7e,de,Skoda,epiq,,Skoda Epiq55 Edition Eins ACC NAVI REAR-VIEW 19''-ALU,33880,,True,,new,0,,new,electric,155,210,0,,0,14.0,automatic,,Frontantrieb,SUV/Geländewagen/Pickup,5,,Rot,,,,,dealer,Autohaus Jacob Fleischhauer GmbH & Co. KG,DE-51145 Köln,DE,2,https://prod.pictures.autoscout24.net/listing-images/374618c8-fbd4-45bb-acf1-8313d191de7e_c608ff99-69ca-412e-88fc-587a9ddd01a4.jpg/250x188.webp,2026-09-29T07:38:33.439471,,
8cd337fc-4135-4b92-8d36-16ca261e510f,https://www.autoscout24.de/angebote/8cd337fc-4135-4b92-8d36-16ca261e510f,de,Mercedes-Benz,glb 200,,Mercedes-Benz GLB 200AMG LINE PTS KAM SHZ LM,33900,,True,2023,06-2023,36400,,used,hybrid,120,163,1332,Euro 6d,,6.0,automatic,,,SUV/Geländewagen/Pickup,,5,Grau,,,,,dealer,AS AUTOZENTRUM SÜD GmbH,DE-12487 Berlin,DE,2,https://prod.pictures.autoscout24.net/listing-images/8cd337fc-4135-4b92-8d36-16ca261e510f_be00c6c2-1d16-4c3a-9055-6cd9f49177b0.jpg/250x188.webp,2026-09-29T07:38:33.439478,0.93,3
3b88a974-1f75-4ce7-9082-7ee2961868c4,https://www.autoscout24.de/angebote/3b88a974-1f75-4ce7-9082-7ee2961868c4,de,BMW,440,,BMW 440i Coupé M-PAKET,33600,,True,2018,04-2018,94658,,used,petrol,240,326,2998,Euro 6,,7.7,automatic,,Heck,Coupé,2,4,Rot,,,,,dealer,Fahrzeugcenter57,DE-57482 Wenden,DE,2,https://prod.pictures.autoscout24.net/listing-images/3b88a974-1f75-4ce7-9082-7ee2961868c4_e64c3be7-d215-4227-915a-2d2333d1f871.jpg/250x188.webp,2026-09-29T07:38:33.439487,0.35,8
16a0a352-132c-4621-b0c5-f3f957438514,https://www.autoscout24.de/angebote/16a0a352-132c-4621-b0c5-f3f957438514,de,Mercedes-Benz,c 300,,Mercedes-Benz C 300e AMG 2x Pano,32980,,True,2023,08-2023,66926,,used,hybrid,230,312,1999,Euro 6d,,6.0,automatic,,Heck,Kombi,4,5,Grau,,,,,dealer,Automarkt Immelborn GmbH,DE-36456 Barchfeld Immelborn,DE,3,https://prod.pictures.autoscout24.net/listing-images/16a0a352-132c-4621-b0c5-f3f957438514_8e864e5b-0be4-41fd-8c1f-ea59feed2fb8.jpg/250x188.webp,2026-09-29T07:38:33.439494,0.49,3
2df79e82-31c7-4d65-8a9b-6d8dfbce2e05,https://www.autoscout24.de/angebote/2df79e82-31c7-4d65-8a9b-6d8dfbce2e05,de,Audi,q3,,Audi Q335 TFSI S tronic Sportback 3 x S line,31970,,True,2021,03-2021,38662,,used,petrol,110,149,1498,Euro 6d,148,6.0,automatic,,Frontantrieb,SUV/Geländewagen/Pickup,4,5,Grau,,,,,dealer,Auto Deko GmbH,DE-71332 Waiblingen,DE,2,https://prod.pictures.autoscout24.net/listing-images/2df79e82-31c7-4d65-8a9b-6d8dfbce2e05_660ccc94-b2e3-41db-92f1-e4783667c641.jpg/250x188.webp,2026-09-29T07:38:33.439501,0.83,5
8f535baf-6377-441d-8653-b3ac6f9674af,https://www.autoscout24.de/angebote/8f535baf-6377-441d-8653-b3ac6f9674af,de,Audi,a6,,Audi A6Avant 40 TDI sport S tronic VC+ Kamera OptikP. ...,24880,,True,2019,10-2019,110610,,used,diesel,150,204,1968,Euro 6d-TEMP,153,5.8,automatic,,Frontantrieb,Kombi,5,5,Schwarz,,,,,dealer,Knubel GmbH & Co. KG,DE-48163 Münster,DE,2,https://prod.pictures.autoscout24.net/listing-images/8f535baf-6377-441d-8653-b3ac6f9674af_50bdb588-3545-4088-8207-00446ddf7a4a.jpg/250x188.webp,2026-09-29T07:38:33.439508,0.22,7
afb68ca9-7302-4a58-b2bf-b3a7675f8abe,https://www.autoscout24.de/angebote/afb68ca9-7302-4a58-b2bf-b3a7675f8abe,de,Jaguar,xe,,Jaguar XER-Dynamic *Pano*HUD*Meridian*BlackPack*360°,21999,,True,2021,04-2021,100000,,used,petrol,184,250,1997,,,,automatic,,Heck,Limousine,4,5,Narvik Black,,,,,dealer,Automobile Benzer GmbH,DE-56422 Wirges,DE,2,https://prod.pictures.autoscout24.net/listing-images/afb68ca9-7302-4a58-b2bf-b3a7675f8abe_d6ba9e56-5a7b-4fe4-b9e0-12ef93f1b1f9.jpg/250x188.webp,2026-09-29T07:38:33.439520,0.22,5
27b1ad04-98d7-4d16-a44d-f70a6c6b2f5c,https://www.autoscout24.de/angebote/27b1ad04-98d7-4d16-a44d-f70a6c6b2f5c,de,Audi,rs4,,Audi RS4*B&O*HUD*Pano*Matrix*Virtual*Navi+*Spo,66690,,True,2023,12-2023,10048,,used,petrol,331,450,2894,,,4.0,automatic,,AWD,Kombi,5,5,Schwarz,,,,,dealer,Göthling & Kaufmann Automobile GmbH,DE-65719 Hofheim,DE,2,https://prod.pictures.autoscout24.net/listing-images/27b1ad04-98d7-4d16-a44d-f70a6c6b2f5c_70c33a20-27ad-4ebf-87b7-5f4860626320.jpg/250x188.webp,2026-09-29T07:38:33.439527,6.64,3
e4db84e2-d12b-4d68-ae3a-653d6f5e631a,https://www.autoscout24.de/angebote/e4db84e2-d12b-4d68-ae3a-653d6f5e631a,de,Cadillac,escalade,,Cadillac EscaladePREMIUM LUXURY 6.2 7-Sitzer Pano CarPl.,89990,,True,2023,12-2023,2072,,used,petrol,313,425,6162,,,4.0,automatic,,AWD,SUV/Geländewagen/Pickup,4,7,Weiß,,,,,dealer,Autoservice Liemke GmbH,DE-33758 Schloß Holte-Stukenbrock,DE,2,https://prod.pictures.autoscout24.net/listing-images/e4db84e2-d12b-4d68-ae3a-653d6f5e631a_53d76617-f1b7-480f-a10e-059221c2fb69.jpg/250x188.webp,2026-09-29T07:38:33.439534,43.43,3
6e619143-b882-4288-9a12-740125781b5d,https://www.autoscout24.de/angebote/6e619143-b882-4288-9a12-740125781b5d,de,Audi,q3,,Audi Q3Sportback 45 TFSI e S line Navi+LED+20''+Kamera+so,27980,,True,2023,07-2023,109064,,used,hybrid,180,244,1395,Euro 6d,,6.0,automatic,,Frontantrieb,SUV/Geländewagen/Pickup,4,5,Schwarz,,,,,dealer,Audi Zentrum Bonn,DE-53119 Bonn,DE,2,https://prod.pictures.autoscout24.net/listing-images/6e619143-b882-4288-9a12-740125781b5d_b1cbb57f-d873-4c29-9e65-97b1d6bb2698.jpg/250x188.webp,2026-09-29T07:38:33.439541,0.26,3
31ef99df-502d-443e-9a14-e30052f0cab2,https://www.autoscout24.de/angebote/31ef99df-502d-443e-9a14-e30052f0cab2,de,Skoda,epiq,,Skoda Epiq56kWh 55 Edition Eins RFK LED MATRIX PDC SHZ NAV,34990,,True,2026,09-2026,1000,,used,electric,56,76,,Euro 6,0,13.9,automatic,,Frontantrieb,SUV/Geländewagen/Pickup,5,5,Grau,,,,,dealer,Auto Bierschneider GmbH,DE-94315 Straubing,DE,2,https://prod.pictures.autoscout24.net/listing-images/31ef99df-502d-443e-9a14-e30052f0cab2_86a5e248-0e9a-4b71-83e8-6c9838cbc839.jpg/250x188.webp,2026-09-29T07:38:33.439548,34.99,0
c49a30fb-af2a-4f92-b20f-f64c0f045af9,https://www.autoscout24.de/angebote/c49a30fb-af2a-4f92-b20f-f64c0f045af9,de,Mercedes-Benz,cla 250,,Mercedes-Benz CLA 250e AMG NIGHT,26998,,True,2020,10-2020,90000,,used,petrol,160,217,1332,Euro 6,31,1.4,automatic,,Frontantrieb,Coupé,4,5,Schwarz,,,,,dealer,CARSLAN,DE-67547 Worms,DE,2,https://prod.pictures.autoscout24.net/listing-images/c49a30fb-af2a-4f92-b20f-f64c0f045af9_aa8dc9a2-27d3-42d9-971d-87914849b9c9.jpg/250x188.webp,2026-09-29T07:38:33.439555,0.3,6
f4836ce0-462e-45ea-a598-29687b31e790,https://www.autoscout24.de/angebote/f4836ce0-462e-45ea-a598-29687b31e790,de,Mercedes-Benz,e 53 amg,,Mercedes-Benz E 53 AMG4Matic+ HeadUP,37790,,True,2019,10-2019,120000,,used,petrol,336,456,2999,Euro 6d-TEMP,,6.0,automatic,,AWD,Limousine,4,5,Weiß,,,,,dealer,AS Automobile,DE-70329 Stuttgart,DE,2,https://prod.pictures.autoscout24.net/listing-images/f4836ce0-462e-45ea-a598-29687b31e790_3dc7fdaf-e84c-4511-9410-05e993ccf5f1.jpg/250x188.webp,2026-09-29T07:38:33.439562,0.31,7
48416aa4-787d-4b29-b7b7-cfa2e40afe1d,https://www.autoscout24.de/angebote/48416aa4-787d-4b29-b7b7-cfa2e40afe1d,de,BMW,ix3,,BMW iX350 xDrive *M Sportpaket*FIRST EDITION*NEUE Klasse,76490,,True,2025,11-2025,6647,,used,electric,345,469,0,,0,805.0,automatic,,AWD,SUV/Geländewagen/Pickup,5,5,Blau,,,,,dealer,Autohaus Michael Schmidt GmbH,DE-82538 Geretsried - Gelting,DE,3,https://prod.pictures.autoscout24.net/listing-images/48416aa4-787d-4b29-b7b7-cfa2e40afe1d_4dc630a7-26f0-4434-81a4-48ec6e2e2b59.jpg/250x188.webp,2026-09-29T07:38:33.439606,11.51,1
5f03f0a7-cbd9-467c-8bf1-ba50bd70cf4d,https://www.autoscout24.de/angebote/5f03f0a7-cbd9-467c-8bf1-ba50bd70cf4d,de,Mercedes-Benz,s 350,,Mercedes-Benz S 350d 4Matic AMG Line Pano Distronic 360°LED,40999,,True,2018,02-2018,143306,,used,diesel,210,285,2925,Euro 6,145,5.5,automatic,,AWD,Limousine,4,5,Grau,,,,,dealer,Autohaus Schmidt,DE-87494 Rückholz,DE,2,https://prod.pictures.autoscout24.net/listing-images/5f03f0a7-cbd9-467c-8bf1-ba50bd70cf4d_ccfd01ae-ced4-48c2-bcae-bfd7e8aae16c.jpg/250x188.webp,2026-09-29T07:38:33.439614,0.29,8
d322647f-5304-4086-a14e-69bcd9a9be21,https://www.autoscout24.de/angebote/d322647f-5304-4086-a14e-69bcd9a9be21,de,Tesla,model y,,Tesla Model YPerformance Dual Motor AWD,33790,,True,2023,08-2023,79276,,used,electric,393,534,,,0,4.0,automatic,,AWD,SUV/Geländewagen/Pickup,5,5,Schwarz,,,,,dealer,AutoExpo Deutsche Automarkt GmbH,DE-35463 Fernwald-Steinbach,DE,2,https://prod.pictures.autoscout24.net/listing-images/d322647f-5304-4086-a14e-69bcd9a9be21_b94f5fbd-1544-46a0-9bae-f81988e32b9c.jpg/250x188.webp,2026-09-29T07:38:33.439621,0.43,3
85583239-4fbb-4f16-91da-d98319bde49a,https://www.autoscout24.de/angebote/85583239-4fbb-4f16-91da-d98319bde49a,de,Audi,q5,,Audi Q5advanced 50 2.0 TFSI e quattro S-tronic,31830,,True,2023,07-2023,35311,,used,hybrid,220,299,1984,Euro 6d,,6.0,automatic,,AWD,SUV/Geländewagen/Pickup,5,5,Schwarz,,,,,dealer,DB Autohaus Schweinfurt Premium,DE-97424 Schweinfurt,DE,2,https://prod.pictures.autoscout24.net/listing-images/85583239-4fbb-4f16-91da-d98319bde49a_43a19801-e85a-40a2-afcc-6f18a3a8620e.jpg/250x188.webp,2026-09-29T07:38:33.439628,0.9,3
f7862bf2-219e-40a6-85e7-2c220ddc5642,https://www.autoscout24.de/angebote/f7862bf2-219e-40a6-85e7-2c220ddc5642,de,Porsche,taycan,,Porsche TaycanTaycan GTS Sport Turismo,79900,,True,2022,02-2022,80000,,used,electric,323,440,,,0,4.0,automatic,,AWD,Kombi,5,5,Grau,,,,,dealer,RAMAX,DE-50354 Hürth (bei Köln),DE,2,https://prod.pictures.autoscout24.net/listing-images/f7862bf2-219e-40a6-85e7-2c220ddc5642_0b47fa3f-eeef-42d2-9442-c542ba188e15.jpg/250x188.webp,2026-09-29T07:38:33.439636,1.0,4
9e13ad98-d762-4051-bb2e-85157dfdafb1,https://www.autoscout24.de/angebote/9e13ad98-d762-4051-bb2e-85157dfdafb1,de,Mercedes-Benz,gle 53 amg,,Mercedes-Benz GLE 53 AMGAMG GLE 53 4matic+ Coupe,60749,,True,2021,03-2021,126621,,used,petrol,320,435,2999,Euro 6d-TEMP,244,10.8,automatic,,AWD,Coupé,5,5,Grau,,,,,dealer,Assenheimer + Mulfinger GmbH & Co. KG,DE-75031 Eppingen,DE,2,https://prod.pictures.autoscout24.net/listing-images/9e13ad98-d762-4051-bb2e-85157dfdafb1_d09b26e5-a2b4-473f-967f-1db3ed971608.jpg/250x188.webp,2026-09-29T07:38:33.439646,0.48,5
24ddb319-46be-4e36-bab3-416be62c40e2,https://www.autoscout24.de/angebote/24ddb319-46be-4e36-bab3-416be62c40e2,de,Audi,sq7,,Audi SQ74.0 TFSI Matrix Panorama AHK Leder Kamera,78980,,True,2024,01-2024,30409,,used,petrol,373,507,3996,Euro 6d,282,12.4,automatic,,AWD,SUV/Geländewagen/Pickup,5,7,Schwarz,,,,,dealer,Audi Zentrum Koblenz GW,DE-56070 Koblenz,DE,2,https://prod.pictures.autoscout24.net/listing-images/24ddb319-46be-4e36-bab3-416be62c40e2_1b0c2d85-298c-4ae7-b6a6-dad8222cdb71.jpg/250x188.webp,2026-09-29T07:38:33.439653,2.6,2
000a618f-5e39-4f57-badb-d4c5ebcdfd0e,https://www.autoscout24.de/angebote/000a618f-5e39-4f57-badb-d4c5ebcdfd0e,de,Honda,odyssey,,Honda OdysseyTouring Exklusive,33990,,True,2021,01-2021,83912,,used,petrol,209,284,3600,,,,automatic,,,Van/Kleinbus,4,7,Blau,,,,,dealer,ATM Motors GmbH,DE-56566 Neuwied,DE,2,https://prod.pictures.autoscout24.net/listing-images/000a618f-5e39-4f57-badb-d4c5ebcdfd0e_f27cf838-14b8-42c7-a064-cfdd749eba18.jpg/250x188.webp,2026-09-29T07:38:33.439660,0.41,5
a8801ffc-c0c9-4cb5-b25a-0c1616bbaa12,https://www.autoscout24.de/angebote/a8801ffc-c0c9-4cb5-b25a-0c1616bbaa12,de,Cupra,leon,,CUPRA LeonVZ 2.0 TSI DSG VIRTU+LED+SHZ+CARPL+PDC+ACC+,24450,,True,2024,04-2024,21374,,used,petrol,221,300,1984,Euro 6d,171,7.5,automatic,,,Limousine,5,5,Grau,,,,,dealer,Dick Automobile Karlsruhe GmbH,DE-76689 Karlsdorf-Neuthard,DE,2,https://prod.pictures.autoscout24.net/listing-images/a8801ffc-c0c9-4cb5-b25a-0c1616bbaa12_30a42bcc-ec08-4055-a56d-2e52d160343e.jpg/250x188.webp,2026-09-29T07:38:33.439668,1.14,2
f8b08388-c6d6-4c6c-9a89-8b8e70708f2f,https://www.autoscout24.de/angebote/f8b08388-c6d6-4c6c-9a89-8b8e70708f2f,de,Mercedes-Benz,glc 300,,Mercedes-Benz GLC 300e Panorama,29980,,True,2021,01-2021,64719,,used,hybrid,235,319,1991,Euro 6d,50,6.0,automatic,,AWD,Coupé,4,5,Grau,,,,,dealer,Automarkt Immelborn GmbH,DE-36456 Barchfeld Immelborn,DE,3,https://prod.pictures.autoscout24.net/listing-images/f8b08388-c6d6-4c6c-9a89-8b8e70708f2f_fecf52d8-8437-46a5-b097-030f47ebd6ea.jpg/250x188.webp,2026-09-29T07:38:33.439675,0.46,5
62017c0f-c3fb-4813-8123-bd4e7186627d,https://www.autoscout24.de/angebote/62017c0f-c3fb-4813-8123-bd4e7186627d,de,BMW,340,,BMW 340i xDrive M,32450,,True,2018,10-2018,88764,,used,petrol,240,326,2998,,,4.0,automatic,,AWD,Limousine,4,5,Weiß,,,,,dealer,Autohaus Kiefer Vermittlungs - GmbH,DE-56744 Rennerod,DE,2,https://prod.pictures.autoscout24.net/listing-images/62017c0f-c3fb-4813-8123-bd4e7186627d_526c7c33-8d5f-4e34-9445-3501f2fe190c.jpg/250x188.webp,2026-09-29T07:38:33.439682,0.37,8
64484f89-1863-48ea-b6b3-b2ad43a8ba00,https://www.autoscout24.de/angebote/64484f89-1863-48ea-b6b3-b2ad43a8ba00,de,BMW,ix1,,BMW iX1xDrive30   Fahrassist+HUD+LED+Wide+360+AHK,29710,,True,2023,04-2023,55769,,used,electric,230,312,,,0,4.0,automatic,,AWD,SUV/Geländewagen/Pickup,5,5,Schwarz,,,,,dealer,Autohaus Peter GmbH,DE-99734 Nordhausen,DE,2,https://prod.pictures.autoscout24.net/listing-images/64484f89-1863-48ea-b6b3-b2ad43a8ba00_ee308716-82c7-4ce1-9f04-658d945a8de9.jpg/250x188.webp,2026-09-29T07:38:33.439689,0.53,3
71f101df-dbcb-4dcb-939f-28eca3453c66,https://www.autoscout24.de/angebote/71f101df-dbcb-4dcb-939f-28eca3453c66,de,Volkswagen,t6 multivan,,Volkswagen T6 MultivanTrendline 2.0 TDI 4MOTION,22990,,True,2018,04-2018,138833,,used,diesel,110,149,1968,Euro 6,,6.0,manual,,AWD,Van/Kleinbus,4,7,Schwarz,,,,,dealer,Importneuwagen.eu,DE-71229 Leonberg,DE,2,https://prod.pictures.autoscout24.net/listing-images/71f101df-dbcb-4dcb-939f-28eca3453c66_eeb69115-43d1-4ce8-949d-7b851c352468.jpg/250x188.webp,2026-09-29T07:38:33.439696,0.17,8
4b3946e0-8d81-4c2c-93d1-b6b62fe5398c,https://www.autoscout24.de/angebote/4b3946e0-8d81-4c2c-93d1-b6b62fe5398c,de,BMW,520,,BMW 520d M-Sport Leder,29990,,True,2022,04-2022,141000,,used,diesel,140,190,1995,Euro 6d,145,5.5,automatic,,,Limousine,4,5,Weiß,,,,,dealer,Autohaus Wenden GmbH,DE-38110 Braunschweig,DE,2,https://prod.pictures.autoscout24.net/listing-images/4b3946e0-8d81-4c2c-93d1-b6b62fe5398c_e53c4dc7-6145-4924-8924-51f1bd6e9205.jpg/250x188.webp,2026-09-29T07:38:33.439703,0.21,4
59cca3ba-ed18-4df9-9012-5880d2d9fadd,https://www.autoscout24.de/angebote/59cca3ba-ed18-4df9-9012-5880d2d9fadd,de,BMW,x1,,BMW X1sDrive 18 i xLine KAMERA+AHK+NAVI+AUT+Distr,17500,,True,2018,09-2018,79251,,used,petrol,103,140,1499,Euro 6,,6.0,automatic,,,SUV/Geländewagen/Pickup,4,,Schwarz,,,,,dealer,Hans Tesmer - Buxtehude -,DE-21614 Buxtehude,DE,2,https://prod.pictures.autoscout24.net/listing-images/59cca3ba-ed18-4df9-9012-5880d2d9fadd_f1cb8cea-319a-4c15-8554-41e0eb91fc31.jpg/250x188.webp,2026-09-29T07:38:33.439710,0.22,8
0c344aff-38c4-49fa-a460-e8dfd75e2fd7,https://www.autoscout24.de/angebote/0c344aff-38c4-49fa-a460-e8dfd75e2fd7,de,Audi,e-tron,,Audi e-tron55 QUATTRO S-LINE 95 kWh +360° +B&O +LED +VIRTUAL,34350,,True,2022,10-2022,41684,,used,electric,95,129,,,0,24.2,automatic,,AWD,SUV/Geländewagen/Pickup,4,5,Schwarz,,,,,dealer,Autohaus Timmer GmbH,DE-48432 Rheine,DE,2,https://prod.pictures.autoscout24.net/listing-images/0c344aff-38c4-49fa-a460-e8dfd75e2fd7_9ed41186-273f-4add-bf50-5b25bc26111a.jpg/250x188.webp,2026-09-29T07:38:33.439718,0.82,4
254e059b-f466-44bf-83b6-666096113269,https://www.autoscout24.de/angebote/254e059b-f466-44bf-83b6-666096113269,de,Mercedes-Benz,c 220,,Mercedes-Benz C 220d 4M 9G-tronic Avantgarde+LED+NAVI+KAMERA,24950,,True,2021,11-2021,57000,,used,diesel,143,194,1950,Euro 6d,,4.8,automatic,,AWD,Limousine,5,5,Silber,,,,,dealer,Kamux Auto GmbH,DE-22529 Hamburg,DE,3,https://prod.pictures.autoscout24.net/listing-images/254e059b-f466-44bf-83b6-666096113269_30d7e0ea-6677-4a2c-b6bb-f784f735de18.jpg/250x188.webp,2026-09-29T07:38:33.439732,0.44,5
0c51982c-db1c-47fc-a030-1d0151c81126,https://www.autoscout24.de/angebote/0c51982c-db1c-47fc-a030-1d0151c81126,de,Volvo,s90,,Volvo S90*LONG*T5*AWD*PANO*R-DESIGN,17901,,True,2019,04-2019,91200,,used,petrol,187,254,1969,Euro 6d,,6.6,automatic,,AWD,Limousine,4,5,Schwarz,,,,,dealer,Autohaus Hand GmbH,DE-53604 Bad Honnef,DE,2,https://prod.pictures.autoscout24.net/listing-images/0c51982c-db1c-47fc-a030-1d0151c81126_98b9d847-347e-4e55-9ff3-b7d3f565db81.jpg/250x188.webp,2026-09-29T07:38:33.439739,0.2,7
5d1f3a69-7869-4f23-a5b7-9e87de4394fa,https://www.autoscout24.de/angebote/5d1f3a69-7869-4f23-a5b7-9e87de4394fa,de,Audi,a6,,Audi A6Avant 55 TFSI e quattro sport AHK Panorama,32490,,True,2022,11-2022,72583,,used,hybrid,195,265,1984,Euro 6,,6.0,automatic,,AWD,Kombi,5,5,Grau,,,,,dealer,RENAULT RETAIL GROUP Deutschland GmbH,DE-22529 Hamburg,DE,2,https://prod.pictures.autoscout24.net/listing-images/5d1f3a69-7869-4f23-a5b7-9e87de4394fa_af205dce-8934-41eb-b2b0-6436b4c9739c.jpg/250x188.webp,2026-09-29T07:38:33.439746,0.45,4
a07f8497-bac8-4627-ae66-a01fad821e60,https://www.autoscout24.de/angebote/a07f8497-bac8-4627-ae66-a01fad821e60,de,Audi,a5,,Audi A535 2.0 TFSI S.back S line business S-Line,25890,,True,2023,06-2023,74401,,used,petrol,110,149,1984,Euro 6,161,7.1,automatic,,Frontantrieb,Limousine,5,5,Schwarz,,,,,dealer,RENAULT RETAIL GROUP Deutschland GmbH,DE-60314 Frankfurt / Main,DE,2,https://prod.pictures.autoscout24.net/listing-images/a07f8497-bac8-4627-ae66-a01fad821e60_ffa962f4-9d57-4b6a-b09c-a766fcd75031.jpg/250x188.webp,2026-09-29T07:38:33.439753,0.35,3
6d059f45-b5fd-4664-9f52-dee0c77c02de,https://www.autoscout24.de/angebote/6d059f45-b5fd-4664-9f52-dee0c77c02de,de,Mercedes-Benz,glc 200,,Mercedes-Benz GLC 200GLC 200 4Matic,35999,,True,2022,04-2022,44000,,used,petrol,145,197,1991,,161,4.0,automatic,,AWD,SUV/Geländewagen/Pickup,5,5,Grau,,,,,dealer,Autohaus Pieper e.K.,DE-90451 Nürnberg,DE,2,https://prod.pictures.autoscout24.net/listing-images/6d059f45-b5fd-4664-9f52-dee0c77c02de_f90ba92f-749d-4264-956b-810b4bd1c582.jpg/250x188.webp,2026-09-29T07:38:33.439760,0.82,4
0e433357-8c3c-4bc4-8e0f-6c75cb690817,https://www.autoscout24.de/angebote/0e433357-8c3c-4bc4-8e0f-6c75cb690817,de,Mercedes-Benz,c 200,,"Mercedes-Benz C 200C Limo, AMG Paket, Pano, LED, Kamera,",25899,,True,2019,07-2019,109574,,used,diesel,118,160,1597,Euro 1,109,4.1,automatic,,Heck,Limousine,4,5,Weiß,,,,,dealer,Uzma Automobile,DE-27254 Siedenburg,DE,2,https://prod.pictures.autoscout24.net/listing-images/0e433357-8c3c-4bc4-8e0f-6c75cb690817_28a23b32-29b6-4108-9832-8e2e9386a43e.jpg/250x188.webp,2026-09-29T07:38:33.439768,0.24,7
56667521-2f60-4884-9c55-332603c3e639,https://www.autoscout24.de/angebote/56667521-2f60-4884-9c55-332603c3e639,de,Mercedes-Benz,a 35 amg,,Mercedes-Benz A 35 AMG4Matic,28790,,True,2019,10-2019,79000,,used,petrol,225,306,1991,Euro 6d-TEMP,167,7.3,automatic,,AWD,Coupé,4,5,Weiß,,,,,dealer,Automobile Trier,DE-54340 Bekond,DE,3,https://prod.pictures.autoscout24.net/listing-images/56667521-2f60-4884-9c55-332603c3e639_20fb7449-b158-4e38-9c29-f8cc7042b6d4.jpg/250x188.webp,2026-09-29T07:38:33.439775,0.36,7
ef0cdc56-3ac8-4284-807d-64b6ae96514f,https://www.autoscout24.de/angebote/ef0cdc56-3ac8-4284-807d-64b6ae96514f,de,Mercedes-Benz,v 250,,Mercedes-Benz V 250V250d*EDITION*9G Tronic*Lang*Pano*7-Sitz,35790,,True,2020,03-2020,155000,,used,diesel,140,190,1950,Euro 6d,155,5.9,automatic,,Heck,Van/Kleinbus,4,7,Schwarz,,,,,dealer,Auto Galerie Landsberg,DE-86899 Landsberg am Lech,DE,2,https://prod.pictures.autoscout24.net/listing-images/ef0cdc56-3ac8-4284-807d-64b6ae96514f_1fc69abb-c851-436d-86a4-a146801f7b37.jpg/250x188.webp,2026-09-29T07:38:33.439782,0.23,6
de6b5721-de07-4bcd-a720-32daadffc5f8,https://www.autoscout24.de/angebote/de6b5721-de07-4bcd-a720-32daadffc5f8,de,Cupra,terramar,,CUPRA Terramar1.5 eTSI,29770,,True,2025,07-2025,49607,,used,hybrid,80,110,1498,Euro 6,139,6.6,automatic,,Frontantrieb,SUV/Geländewagen/Pickup,5,5,Weiß,,,,,dealer,Auto Levy GmbH,DE-53881 Euskirchen,DE,2,https://prod.pictures.autoscout24.net/listing-images/de6b5721-de07-4bcd-a720-32daadffc5f8_d12cb3b1-f9fa-47bf-a7d5-e3022eaa7afa.jpg/250x188.webp,2026-09-29T07:38:33.439789,0.6,1
cd84bde7-343f-4ff9-9210-0a726dbefbf0,https://www.autoscout24.de/angebote/cd84bde7-343f-4ff9-9210-0a726dbefbf0,de,Porsche,taycan,,Porsche TaycanTaycan 4S Cross Turismo COFFEEBEIGE-LEDER,92500,,True,2023,07-2023,28338,,used,electric,308,420,,,0,4.0,automatic,,AWD,Kombi,5,5,Beige,,,,,dealer,RAMAX,DE-50354 Hürth (bei Köln),DE,2,https://prod.pictures.autoscout24.net/listing-images/cd84bde7-343f-4ff9-9210-0a726dbefbf0_1e6b001e-3b3e-4e4e-85a1-85018e02dc07.jpg/250x188.webp,2026-09-29T07:38:33.439796,3.26,3
ff75e81f-81a1-45b5-b423-b29b6341d668,https://www.autoscout24.de/angebote/ff75e81f-81a1-45b5-b423-b29b6341d668,de,Kia,sportage,,Kia SportageUrban 1.6 T-GDI 150 PS 7DCT-Modell,26990,,True,,new,10,,new,petrol,110,150,1598,Euro 6,164,6.2,automatic,,Frontantrieb,SUV/Geländewagen/Pickup,5,5,Grau,,,,,dealer,Auto Hünn OHG,DE-93086 Wörth a. d. Donau,DE,2,https://prod.pictures.autoscout24.net/listing-images/ff75e81f-81a1-45b5-b423-b29b6341d668_d3dc8ee0-636d-4a46-8d23-778c4879feef.jpg/250x188.webp,2026-09-29T07:38:33.439803,2699.0,
73edcd32-f37c-41f0-b418-04ec0b4ea838,https://www.autoscout24.de/angebote/73edcd32-f37c-41f0-b418-04ec0b4ea838,de,Audi,q3,,"Audi Q32,0 TDI Sportback TDI S tronic",26990,,True,2023,10-2023,29419,,used,diesel,110,149,1968,Euro 6,133,5.1,automatic,,Frontantrieb,SUV/Geländewagen/Pickup,4,5,Schwarz,,,,,dealer,Löhr Automobile Daun GW,DE-54550 Daun,DE,2,https://prod.pictures.autoscout24.net/listing-images/73edcd32-f37c-41f0-b418-04ec0b4ea838_7f292eb8-c410-468b-a6b5-500196f1ee79.jpg/250x188.webp,2026-09-29T07:38:33.439810,0.92,3
6e6fdda5-7908-4727-89c7-883f3235a361,https://www.autoscout24.de/angebote/6e6fdda5-7908-4727-89c7-883f3235a361,de,Audi,e-tron gt,,Audi e-tron GTquattro 350 kW HuD KAMERA 21ZOLL,46890,,True,2022,03-2022,38950,,used,electric,350,476,,Euro 6d,0,6.0,automatic,,AWD,Limousine,4,5,Weiß,,,,,dealer,Feser Joachim Automobil GmbH,DE-91154 Roth,DE,2,https://prod.pictures.autoscout24.net/listing-images/6e6fdda5-7908-4727-89c7-883f3235a361_c3e7100e-639f-41a0-bded-4203eb03c085.jpg/250x188.webp,2026-09-29T07:38:33.439818,1.2,4
e72ca52d-3000-4400-a953-6a4a35460fa5,https://www.autoscout24.de/angebote/e72ca52d-3000-4400-a953-6a4a35460fa5,de,Baic,bj40,,BAIC BJ402.0T 4WD REDUST LIMITED EDITION UMBAU,52990,,True,,new,100,,new,petrol,172,233,1967,Euro 6,246,10.7,automatic,,AWD,SUV/Geländewagen/Pickup,4,5,Orange,,,,,dealer,Carpoint GmbH,DE-47506 Neukirchen-Vluyn,DE,2,https://prod.pictures.autoscout24.net/listing-images/e72ca52d-3000-4400-a953-6a4a35460fa5_539fe23f-832f-4940-9e81-1d2134d5271a.jpg/250x188.webp,2026-09-29T07:38:33.439825,529.9,
27d35153-71d3-451f-9253-e640b0877e08,https://www.autoscout24.de/angebote/27d35153-71d3-451f-9253-e640b0877e08,de,Audi,a6,,Audi A635 TDI S tronic,28890,,True,2024,12-2024,20731,,used,diesel,120,163,1968,,,4.0,automatic,,Frontantrieb,Kombi,5,5,Schwarz,,,,,dealer,Audi Zentrum Bad Homburg/Oberursel,DE-61440 Oberursel,DE,2,https://prod.pictures.autoscout24.net/listing-images/27d35153-71d3-451f-9253-e640b0877e08_7d12ed84-78cf-4fdc-b771-e4435c8ead64.jpg/250x188.webp,2026-09-29T07:38:33.439833,1.39,2
2e33cd25-3d5d-41d2-a741-452d4a9ff014,https://www.autoscout24.de/angebote/2e33cd25-3d5d-41d2-a741-452d4a9ff014,de,Audi,q5,,Audi Q5edition one 40 TDI quattro S line MMI Matrix,31880,,True,2021,01-2021,23637,,used,diesel,150,204,1968,Euro 6d,170,6.5,automatic,,AWD,SUV/Geländewagen/Pickup,5,5,Grün,,,,,dealer,Senger Münster GmbH,DE-48153 Münster,DE,2,https://prod.pictures.autoscout24.net/listing-images/2e33cd25-3d5d-41d2-a741-452d4a9ff014_3693b2d2-8f2a-4449-bf19-94c61b88aa1e.jpg/250x188.webp,2026-09-29T07:38:33.439841,1.35,5
57831c2e-6c4c-407e-ba59-cea82069fcab,https://www.autoscout24.de/angebote/57831c2e-6c4c-407e-ba59-cea82069fcab,de,Opel,astra,,Opel AstraK Sports Tourer Business DPF DEFEKT,6500,,True,2019,08-2019,106000,,used,diesel,81,110,1598,Euro 6,119,4.5,manual,,Frontantrieb,Kombi,4,5,Silber,,,,,dealer,CarCenter Baran,DE-42329 Wuppertal,DE,2,https://prod.pictures.autoscout24.net/listing-images/57831c2e-6c4c-407e-ba59-cea82069fcab_0ceea2ac-975e-44fa-9a43-c4138f13ef42.jpg/250x188.webp,2026-09-29T07:38:33.439855,0.06,7
480adf68-b6c6-414d-a22f-e763b692f7f2,https://www.autoscout24.de/angebote/480adf68-b6c6-414d-a22f-e763b692f7f2,de,Mg,zs,,MG ZS1.5 Luxury Leder SHZ Navi 360° Virtual SOFORT,16980,,True,2025,03-2025,2750,,used,petrol,78,106,1498,Euro 6d,115,5.1,manual,,Frontantrieb,SUV/Geländewagen/Pickup,4,5,Schwarz,,,,,dealer,CC Automobile,DE-52349 Düren,DE,3,https://prod.pictures.autoscout24.net/listing-images/480adf68-b6c6-414d-a22f-e763b692f7f2_bf19c99c-8f85-46a6-9091-39f8f6471eb0.jpg/250x188.webp,2026-09-29T07:38:33.439863,6.17,1
54dde51b-8bde-47b9-81c9-92534dba332e,https://www.autoscout24.de/angebote/54dde51b-8bde-47b9-81c9-92534dba332e,de,Audi,q4 e-tron,,Audi Q4 e-tron45 82 kWh,34930,,True,2024,06-2024,35289,,used,electric,82,111,,,0,4.0,automatic,,Heck,SUV/Geländewagen/Pickup,5,5,Blau,,,,,dealer,DB Autohaus Schweinfurt Premium,DE-97424 Schweinfurt,DE,2,https://prod.pictures.autoscout24.net/listing-images/54dde51b-8bde-47b9-81c9-92534dba332e_26f99736-7e4c-43c5-a900-fa5dba27d420.jpg/250x188.webp,2026-09-29T07:38:33.439871,0.99,2
7598a706-b419-4132-9e73-7782dd997001,https://www.autoscout24.de/angebote/7598a706-b419-4132-9e73-7782dd997001,de,Volkswagen,tiguan,,Volkswagen Tiguan*1-HAND*360°*LKHZ*ACC*LED*3-ZONEN*NAVI,31999,,True,2026,02-2026,25587,,used,petrol,110,149,1498,Euro 6e,139,6.0,automatic,,Frontantrieb,SUV/Geländewagen/Pickup,4,5,Schwarz,,,,,dealer,MYAUTOCENTER OHG,DE-85276 Pfaffenhofen an der Ilm,DE,2,https://prod.pictures.autoscout24.net/listing-images/7598a706-b419-4132-9e73-7782dd997001_0d923ebd-5bd5-4b5d-9ea0-2437fc2c760d.jpg/250x188.webp,2026-09-29T07:38:33.439879,1.25,0
7ba1a8a9-6b56-4e7d-b501-b9ad982a2640,https://www.autoscout24.de/angebote/7ba1a8a9-6b56-4e7d-b501-b9ad982a2640,de,Mercedes-Benz,glc 53 amg,,Mercedes-Benz GLC 53 AMG4M+ AMG+Night+Burmester+360°+AHK+HUD,89850,,True,2026,08-2026,9500,,used,petrol,330,448,2999,Euro 6d,223,9.8,automatic,,AWD,SUV/Geländewagen/Pickup,5,5,Grau,,,,,dealer,Autohaus Anders GmbH,DE-49377 Vechta,DE,2,https://prod.pictures.autoscout24.net/listing-images/7ba1a8a9-6b56-4e7d-b501-b9ad982a2640_f94e1f17-cea0-4a92-b7d9-1dfb4aac7ef3.jpg/250x188.webp,2026-09-29T07:38:33.439886,9.46,0
8491c7cf-d9e7-4fcf-aa5f-ffb1030b27d0,https://www.autoscout24.de/angebote/8491c7cf-d9e7-4fcf-aa5f-ffb1030b27d0,de,Peugeot,2008,,Peugeot 2008Style,4999,,True,2026,09-2026,115356,,used,petrol,60,81,,,116,4.9,automatic,,,SUV/Geländewagen/Pickup,5,5,Grau,,,,,dealer,,DE-76532 Baden-Baden,DE,1,https://prod.pictures.autoscout24.net/listing-images/8491c7cf-d9e7-4fcf-aa5f-ffb1030b27d0_d4db378f-8f5e-476e-b4ea-e9dcdec34e07.jpg/250x188.webp,2026-09-29T07:38:33.439893,0.04,0
df19d275-75ef-4906-b1f4-1abcb61d4b2e,https://www.autoscout24.de/angebote/df19d275-75ef-4906-b1f4-1abcb61d4b2e,de,BMW,530,,BMW 530e HEADUP,22880,,True,2019,07-2019,80130,,used,hybrid,136,185,1998,Euro 6d-TEMP,,6.0,automatic,,Heck,Limousine,4,5,Weiß,,,,,dealer,Autohaus Royal GmbH,DE-12103 Berlin,DE,2,https://prod.pictures.autoscout24.net/listing-images/df19d275-75ef-4906-b1f4-1abcb61d4b2e_e9817b73-94d3-4368-9707-ee5fe44193fb.jpg/250x188.webp,2026-09-29T07:38:33.439901,0.29,7
48bab150-514b-4592-946d-815f41bf815a,https://www.autoscout24.de/angebote/48bab150-514b-4592-946d-815f41bf815a,de,Baw,212,,BAW 212BAW 212 2.0 Diesel - REDUST Desert Edition Umbau,49990,,True,,new,100,,new,diesel,122,165,1968,Euro 6,244,8.5,automatic,,AWD,SUV/Geländewagen/Pickup,4,5,Gelb,,,,,dealer,Carpoint GmbH,DE-47506 Neukirchen-Vluyn,DE,2,https://prod.pictures.autoscout24.net/listing-images/48bab150-514b-4592-946d-815f41bf815a_c3d8591b-c685-40cd-b11e-6ff19dc6a871.jpg/250x188.webp,2026-09-29T07:38:33.439908,499.9,
3cc40eba-7412-4dcb-a67b-dda198085b7c,https://www.autoscout24.de/angebote/3cc40eba-7412-4dcb-a67b-dda198085b7c,de,Toyota,land cruiser,,Toyota Land CruiserGRJ 76 4.0 V6 6-AT NESTLE OFFROAD,77950,,True,,new,100,,new,petrol,170,231,3956,Euro 6,279,14.8,manual,,AWD,SUV/Geländewagen/Pickup,,5,Grau,,,,,dealer,Autohaus Nestle GmbH,DE-72280 Dornstetten,DE,2,https://prod.pictures.autoscout24.net/listing-images/3cc40eba-7412-4dcb-a67b-dda198085b7c_0dea0413-c70b-4097-8c03-d75e27d9a11b.jpg/250x188.webp,2026-09-29T07:38:33.439916,779.5,
8e42d135-66f9-4683-84d1-0a81daa57ec1,https://www.autoscout24.de/angebote/8e42d135-66f9-4683-84d1-0a81daa57ec1,de,Audi,q4 e-tron,,Audi Q4 e-tronQ4 e-tron 45 quattro Navi 20´SHZ LED,32990,,True,2023,08-2023,30924,,used,electric,195,265,,,0,4.0,automatic,,AWD,SUV/Geländewagen/Pickup,5,5,Schwarz,,,,,dealer,AutoExpo Deutsche Automarkt GmbH,DE-35463 Fernwald-Steinbach,DE,2,https://prod.pictures.autoscout24.net/listing-images/8e42d135-66f9-4683-84d1-0a81daa57ec1_ebd20d93-46cc-4a81-ba6b-11ea5060f88c.jpg/250x188.webp,2026-09-29T07:38:33.439923,1.07,3
c0ca3931-d4d0-409d-85d9-2ed3fa34560d,https://www.autoscout24.de/angebote/c0ca3931-d4d0-409d-85d9-2ed3fa34560d,de,Porsche,macan,,Porsche MacanMACAN LEDER,68500,,True,2024,01-2024,47000,,used,petrol,143,195,1984,Euro 6d,,6.0,automatic,,AWD,SUV/Geländewagen/Pickup,5,5,Grau,,,,,dealer,RAMAX,DE-50354 Hürth (bei Köln),DE,2,https://prod.pictures.autoscout24.net/listing-images/c0ca3931-d4d0-409d-85d9-2ed3fa34560d_5880c407-62df-4955-b85f-d93a442c56a8.jpg/250x188.webp,2026-09-29T07:38:33.439930,1.46,2
129a31a6-3f27-459c-a4e9-f53038f4308b,https://www.autoscout24.de/angebote/129a31a6-3f27-459c-a4e9-f53038f4308b,de,BMW,x5 m,,BMW X5 MCOMPETITION,58500,,True,2023,11-2023,108500,,used,petrol,460,625,4395,Euro 6d,303,13.3,automatic,,AWD,SUV/Geländewagen/Pickup,4,5,Weiß,,,,,dealer,TT-Automobile,DE-65428 Rüsselsheim,DE,3,https://prod.pictures.autoscout24.net/listing-images/129a31a6-3f27-459c-a4e9-f53038f4308b_ae37cb79-4f7b-4973-a388-53f11c3cce2f.jpg/250x188.webp,2026-09-29T07:38:33.439937,0.54,3
c05b3ffc-7c62-41c2-8758-e78795299bb0,https://www.autoscout24.de/angebote/c05b3ffc-7c62-41c2-8758-e78795299bb0,de,Mercedes-Benz,a 180,,Mercedes-Benz A 180PROGRESSIVE+LED+Rückfahrkamera+SHz+LrHz,25689,,True,2025,03-2025,5855,,used,petrol,100,136,1332,Euro 6,135,6.0,automatic,,,Limousine,5,5,Grau,,,,,dealer,Abel+Ruf GmbH,DE-86609 Donauwörth,DE,3,https://prod.pictures.autoscout24.net/listing-images/c05b3ffc-7c62-41c2-8758-e78795299bb0_84082bcf-f15e-45cb-b4b8-a3ee8286cf7f.jpg/250x188.webp,2026-09-29T07:38:33.439944,4.39,1
1930e930-afbd-4757-801c-2ccf64cc6973,https://www.autoscout24.de/angebote/1930e930-afbd-4757-801c-2ccf64cc6973,de,BMW,520,,"BMW 520d Touring,1.Hand",27490,,True,2023,06-2023,75246,,used,diesel,140,190,1995,Euro 6d,135,5.2,automatic,,Heck,Kombi,4,5,Schwarz,,,,,dealer,TK-AUTOS,DE-84405 Dorfen,DE,2,https://prod.pictures.autoscout24.net/listing-images/1930e930-afbd-4757-801c-2ccf64cc6973_bae27bad-3e8b-407e-ae21-9d1753be407f.jpg/250x188.webp,2026-09-29T07:38:33.439952,0.37,3
3f1789ae-2ac9-4b1d-8a6c-1844979303b6,https://www.autoscout24.de/angebote/3f1789ae-2ac9-4b1d-8a6c-1844979303b6,de,Ford,explorer,,Ford ExplorerST-Line Plug-in-Hybrid 4x4 *Pano*7-Sitz,38950,,True,2021,12-2021,62000,,used,hybrid,336,456,2956,Euro 6d-TEMP,66,6.0,automatic,,AWD,SUV/Geländewagen/Pickup,4,7,Schwarz,,,,,dealer,Autohaus Haybat,DE-75365 Calw/Stuttgart,DE,2,https://prod.pictures.autoscout24.net/listing-images/3f1789ae-2ac9-4b1d-8a6c-1844979303b6_94790741-bdee-436e-adb2-33947273c613.jpg/250x188.webp,2026-09-29T07:38:33.439959,0.63,5
c8954088-8b1f-4145-bdf5-ba937c4ea666,https://www.autoscout24.de/angebote/c8954088-8b1f-4145-bdf5-ba937c4ea666,de,Mercedes-Benz,c 220,,Mercedes-Benz C 220d AMG Head-up*Keyless-Go*Widescreen,22700,,True,2018,10-2018,131213,,used,diesel,143,194,1950,Euro 6,,6.0,automatic,,Heck,Limousine,4,5,Blau,,,,,dealer,CZ Fahrzeugforum GbR,DE-22547 Hamburg,DE,2,https://prod.pictures.autoscout24.net/listing-images/c8954088-8b1f-4145-bdf5-ba937c4ea666_155a675a-2560-4609-bf98-feb6d8736252.jpg/250x188.webp,2026-09-29T07:38:33.439973,0.17,8
4d0ff7c2-ac37-4434-a287-e7fa1ae927b1,https://www.autoscout24.de/angebote/4d0ff7c2-ac37-4434-a287-e7fa1ae927b1,de,Cupra,terramar,,CUPRA Terramar1.5 eTSI DSG LED,30750,,True,2025,08-2025,16979,,used,petrol,110,149,1498,Euro 6d,142,6.2,automatic,,Frontantrieb,SUV/Geländewagen/Pickup,5,5,Schwarz,,,,,dealer,Autowelt Köthen,DE-06366 Köthen,DE,2,https://prod.pictures.autoscout24.net/listing-images/4d0ff7c2-ac37-4434-a287-e7fa1ae927b1_d254f7cb-e778-464d-a332-472b25c9713d.jpg/250x188.webp,2026-09-29T07:38:33.439981,1.81,1
cc82479e-f7b0-43e5-a650-7847e569b8a4,https://www.autoscout24.de/angebote/cc82479e-f7b0-43e5-a650-7847e569b8a4,de,Ford,tourneo custom,,Ford Tourneo Custom2.0 TDCi 310 L1 Titanium -TE,19900,,True,2019,06-2019,170000,,used,diesel,125,170,1995,Euro 6d-TEMP,,6.0,automatic,,Frontantrieb,Van/Kleinbus,5,8,Grau,,,,,dealer,Autohaus Köhler GmbH,DE-14469 Potsdam,DE,2,https://prod.pictures.autoscout24.net/listing-images/cc82479e-f7b0-43e5-a650-7847e569b8a4_b47434bf-534e-4d8a-b33f-4335814ddcf9.jpg/250x188.webp,2026-09-29T07:38:33.439988,0.12,7
3d39f5e3-441b-42fa-b335-9ee6d331e8d1,https://www.autoscout24.de/angebote/3d39f5e3-441b-42fa-b335-9ee6d331e8d1,de,Byd,seal u,,BYD Seal U1.5 PHEV 160 kW Boost,29380,,True,2025,09-2025,11286,,used,petrol,160,217,1498,,,4.0,automatic,,Frontantrieb,SUV/Geländewagen/Pickup,5,,Schwarz,,,,,dealer,Autohaus Louis Dresen GmbH,DE-41464 Neuss,DE,2,https://prod.pictures.autoscout24.net/listing-images/3d39f5e3-441b-42fa-b335-9ee6d331e8d1_f82b57a2-b727-46b5-bd24-a62e38bf3051.jpg/250x188.webp,2026-09-29T07:38:33.439996,2.6,1
bde1080b-2b4e-483f-b71b-bb0400b7b1d6,https://www.autoscout24.de/angebote/bde1080b-2b4e-483f-b71b-bb0400b7b1d6,de,Hyundai,ioniq 9,,Hyundai IONIQ 94WD Uniq Performance 7-S Nappa Pano HUD,69037,,True,2026,08-2026,10,,new,electric,315,428,,,0,20.6,automatic,,AWD,SUV/Geländewagen/Pickup,5,7,Blau,,,,,dealer,AutoPark GmbH,DE-83104 Tuntenhausen,DE,2,https://prod.pictures.autoscout24.net/listing-images/bde1080b-2b4e-483f-b71b-bb0400b7b1d6_03f38dc6-00c2-4b35-bd4f-9b1d5f2aab7c.jpg/250x188.webp,2026-09-29T07:38:33.440003,6903.7,0
3147ea8c-5291-4754-8dc9-c551668fa56e,https://www.autoscout24.de/angebote/3147ea8c-5291-4754-8dc9-c551668fa56e,de,Skoda,enyaq,,Skoda Enyaq60 Sportline,29888,,True,2022,06-2022,42400,,used,electric,132,179,,Euro 6,0,6.0,automatic,,Heck,SUV/Geländewagen/Pickup,4,5,Grau,,,,,dealer,Autohaus Best GmbH,DE-63165 Mühlheim a. Main,DE,3,https://prod.pictures.autoscout24.net/listing-images/3147ea8c-5291-4754-8dc9-c551668fa56e_dc572e3e-96ca-4852-ab07-94a425055673.jpg/250x188.webp,2026-09-29T07:38:33.440010,0.7,4
5b8fb730-d8aa-4319-8bbc-70b1cf289c8d,https://www.autoscout24.de/angebote/5b8fb730-d8aa-4319-8bbc-70b1cf289c8d,de,Mazda,cx-80,,Mazda CX-803.3L Homura + PANO,42950,,True,2025,04-2025,32606,,used,diesel,187,254,3283,Euro 6e,151,5.8,automatic,,AWD,SUV/Geländewagen/Pickup,4,7,Grau,,,,,dealer,Dickreich Automobile Fulda,DE-36151 Burghaun,DE,2,https://prod.pictures.autoscout24.net/listing-images/5b8fb730-d8aa-4319-8bbc-70b1cf289c8d_4a9c09fa-4995-4283-8038-4de7bf7ab954.jpg/250x188.webp,2026-09-29T07:38:33.440017,1.32,1
db817995-99ce-499b-883d-8b09a1cede99,https://www.autoscout24.de/angebote/db817995-99ce-499b-883d-8b09a1cede99,de,Volkswagen,arteon,,Volkswagen Arteon1.4 eHybrid*DSG*R LINE,25990,,True,2022,09-2022,73000,,used,hybrid,160,217,1395,Euro 6d-TEMP,,6.0,automatic,,,Limousine,4,5,Schwarz,,,,,dealer,AUTO LIVE,DE-70499 Stuttgart,DE,2,https://prod.pictures.autoscout24.net/listing-images/db817995-99ce-499b-883d-8b09a1cede99_58534795-fc11-4db8-917d-d221c4d43f88.jpg/250x188.webp,2026-09-29T07:38:33.440024,0.36,4
6fe85187-7452-49fd-95c0-6809d9ffc2ad,https://www.autoscout24.de/angebote/6fe85187-7452-49fd-95c0-6809d9ffc2ad,de,Porsche,panamera,,"Porsche PanameraGTS InnoDrive, Pano, Matrix, Chrono, 18",56800,,True,2019,04-2019,102900,,used,petrol,248,338,,,235,98.0,automatic,,AWD,Limousine,5,4,Schwarz,,,,,dealer,GT-Cartrading,DE-47441 Moers,DE,2,https://prod.pictures.autoscout24.net/listing-images/6fe85187-7452-49fd-95c0-6809d9ffc2ad_846ba40e-8aee-4c4d-bc02-b0d5984012a4.jpg/250x188.webp,2026-09-29T07:38:33.440031,0.55,7
f6fc8e8f-53ca-4ce7-b725-0aeb71950891,https://www.autoscout24.de/angebote/f6fc8e8f-53ca-4ce7-b725-0aeb71950891,de,Ds Automobiles,ds 3,,DS Automobiles DS 3Crossback Performance Line,13990,,True,2022,08-2022,28002,,used,petrol,74,100,1199,Euro 6d,126,6.0,manual,,Frontantrieb,SUV/Geländewagen/Pickup,5,5,Schwarz,,,,,dealer,Autohaus Bleker GmbH,DE-48249 Dülmen,DE,2,https://prod.pictures.autoscout24.net/listing-images/f6fc8e8f-53ca-4ce7-b725-0aeb71950891_0905a353-d50c-42a4-8292-6ce291839f48.jpg/250x188.webp,2026-09-29T07:38:33.440038,0.5,4
5324719b-afc8-4a2a-a740-8a58941fe6b1,https://www.autoscout24.de/angebote/5324719b-afc8-4a2a-a740-8a58941fe6b1,de,Audi,q4 e-tron,,Audi Q4 e-tron40 S line Matrix Navi AHK Kamera Klima,30460,,True,2023,05-2023,60375,,used,electric,150,204,,Euro 6,0,6.0,automatic,,Heck,SUV/Geländewagen/Pickup,5,5,Grau,,,,,dealer,Audi Zentrum Siegen Walter Schneider GmbH & Co. KG,DE-57074 Siegen,DE,2,https://prod.pictures.autoscout24.net/listing-images/5324719b-afc8-4a2a-a740-8a58941fe6b1_8bd01b08-4df9-4add-a1b6-2ef63cff4331.jpg/250x188.webp,2026-09-29T07:38:33.440045,0.5,3
19fe6b0d-1cb8-4352-bf43-10c578472fe0,https://www.autoscout24.de/angebote/19fe6b0d-1cb8-4352-bf43-10c578472fe0,de,Audi,q5,,Audi Q5Sportback S line 19,29440,,True,2023,02-2023,79982,,used,diesel,120,163,1968,Euro 6d,,6.0,automatic,,Frontantrieb,SUV/Geländewagen/Pickup,4,5,Grau,,,,,dealer,Automarkt Immelborn GmbH,DE-36456 Barchfeld Immelborn,DE,3,https://prod.pictures.autoscout24.net/listing-images/19fe6b0d-1cb8-4352-bf43-10c578472fe0_26a216f7-0d39-4628-9f85-b583c5e25060.jpg/250x188.webp,2026-09-29T07:38:33.440053,0.37,3
525b866e-feba-47c5-b28b-f75d14be0b98,https://www.autoscout24.de/angebote/525b866e-feba-47c5-b28b-f75d14be0b98,de,Audi,a1,,Audi A1Sportback 30 TFSI advanced Garantie 10.27,17475,,True,2020,08-2020,34543,,used,petrol,85,115,999,Euro 6,111,4.9,automatic,,Frontantrieb,Limousine,4,5,Grau,,,,,dealer,BMS Premium Automobile GmbH,DE-53489 Sinzig,DE,2,https://prod.pictures.autoscout24.net/listing-images/525b866e-feba-47c5-b28b-f75d14be0b98_36e6b36e-3449-4027-9a49-d5b2cfef6a09.jpg/250x188.webp,2026-09-29T07:38:33.440060,0.51,6
59ffafa0-3caf-47f0-90df-bfe5b43c30a3,https://www.autoscout24.de/angebote/59ffafa0-3caf-47f0-90df-bfe5b43c30a3,de,Land Rover,range rover velar,,Land Rover Range Rover Velar3.0 PANO,29950,,True,2018,05-2018,96730,,used,diesel,221,300,2993,Euro 6,,6.0,automatic,,AWD,SUV/Geländewagen/Pickup,4,5,Grau,,,,,dealer,Autohaus Tobaben GmbH & Co. KG,DE-21073 Hamburg-Harburg,DE,2,https://prod.pictures.autoscout24.net/listing-images/59ffafa0-3caf-47f0-90df-bfe5b43c30a3_5d15e186-259b-43a1-bb4c-112356326cf0.jpg/250x188.webp,2026-09-29T07:38:33.440109,0.31,8
79899a9a-b0fc-447c-9bfe-ed792318d153,https://www.autoscout24.de/angebote/79899a9a-b0fc-447c-9bfe-ed792318d153,de,Audi,q4 e-tron,,Audi Q4 e-tron40,31380,,True,2023,06-2023,32700,,used,electric,150,204,0,Euro 6d,0,17.0,automatic,,Heck,SUV/Geländewagen/Pickup,5,5,Grau,,,,,dealer,Auto Singer GmbH & Co. KG,DE-87616 Marktoberdorf,DE,2,https://prod.pictures.autoscout24.net/listing-images/79899a9a-b0fc-447c-9bfe-ed792318d153_d0c26999-5cf2-40d9-beed-0f148b38020d.jpg/250x188.webp,2026-09-29T07:38:33.440118,0.96,3
01e95721-bb22-4575-a2b2-6b3dbc540b6f,https://www.autoscout24.de/angebote/01e95721-bb22-4575-a2b2-6b3dbc540b6f,de,Audi,sq5,,Audi SQ53.0 TDI quattro Fahrassist+HUD+Pano+SHD+Wide,37989,,True,2020,11-2020,77911,,used,diesel,255,346,2967,Euro 6d-TEMP,223,8.5,automatic,,AWD,SUV/Geländewagen/Pickup,5,5,Weiß,,,,,dealer,Assenheimer + Mulfinger GmbH & Co. KG,DE-74172 Neckarsulm-Obereisesheim,DE,2,https://prod.pictures.autoscout24.net/listing-images/01e95721-bb22-4575-a2b2-6b3dbc540b6f_798663f9-4cbf-4fea-98fd-c62b476a7f57.jpg/250x188.webp,2026-09-29T07:38:33.440125,0.49,6
d5b05bcf-c621-4ea0-9adb-4e178e2e609d,https://www.autoscout24.de/angebote/d5b05bcf-c621-4ea0-9adb-4e178e2e609d,de,Renault,symbioz,,Renault Symbioz1.8 E-TECH Full Hybrid 160 Techno | inkl.,24450,,True,2025,10-2025,28400,,used,hybrid,85,116,1789,Euro 6e,102,4.5,automatic,,Frontantrieb,SUV/Geländewagen/Pickup,5,5,Blau,,,,,dealer,Autohaus Robert Prinz e.K.,DE-88239 Wangen im Allgäu,DE,2,https://prod.pictures.autoscout24.net/listing-images/d5b05bcf-c621-4ea0-9adb-4e178e2e609d_b09da0a7-a3c5-4fd0-9ae6-e9e9e5364fb4.jpg/250x188.webp,2026-09-29T07:38:33.440132,0.86,1
c4cfecf6-e8af-4029-8e95-6e4fa8baae1d,https://www.autoscout24.de/angebote/c4cfecf6-e8af-4029-8e95-6e4fa8baae1d,de,Volkswagen,tiguan,,Volkswagen TiguanHighline 4Motion R-Line NAVI*LED uvm.,18390,,True,2018,02-2018,99040,,used,petrol,132,179,1984,Euro 6,164,7.2,automatic,,AWD,SUV/Geländewagen/Pickup,4,5,Weiß,,,,,dealer,Ich verkaufe DEIN Auto.com,DE-67454 Haßloch,DE,2,https://prod.pictures.autoscout24.net/listing-images/c4cfecf6-e8af-4029-8e95-6e4fa8baae1d_5d8020fb-8a66-4dee-986d-d5d131a9c084.jpg/250x188.webp,2026-09-29T07:38:33.440139,0.19,8
9e5d5e11-eb94-4eae-a241-1def0894fbbd,https://www.autoscout24.de/angebote/9e5d5e11-eb94-4eae-a241-1def0894fbbd,de,Volkswagen,tiguan,,Volkswagen TiguanTiguan Allspace 4Mot R-Line 7 Si. PANO,31990,,True,2022,09-2022,86980,,used,petrol,180,244,1984,,170,4.0,automatic,,AWD,SUV/Geländewagen/Pickup,5,7,Schwarz,,,,,dealer,AutoExpo Deutsche Automarkt GmbH,DE-35463 Fernwald-Steinbach,DE,2,https://prod.pictures.autoscout24.net/listing-images/9e5d5e11-eb94-4eae-a241-1def0894fbbd_6674e1ec-3d07-40f7-98b9-3c3f71e56665.jpg/250x188.webp,2026-09-29T07:38:33.440147,0.37,4
55e5ab6d-955a-4dae-b673-f25c87f7dcb1,https://www.autoscout24.de/angebote/55e5ab6d-955a-4dae-b673-f25c87f7dcb1,de,Dodge,charger,,"Dodge ChargerRT 5,7l",34990,,True,2022,10-2022,33500,,used,petrol,205,280,5654,,,,automatic,,Heck,Limousine,5,4,Grau,,,,,dealer,HSE Autowelt GmbH,DE-69427 Mudau,DE,2,https://prod.pictures.autoscout24.net/listing-images/55e5ab6d-955a-4dae-b673-f25c87f7dcb1_e2af3664-7b5e-4710-8d6a-7ff8312508d2.jpg/250x188.webp,2026-09-29T07:38:33.440154,1.04,4
e3795f40-d5b3-49d3-aada-da677e60456f,https://www.autoscout24.de/angebote/e3795f40-d5b3-49d3-aada-da677e60456f,de,Maserati,levante,,Maserati LevanteTROFEO,91200,,True,2023,02-2023,38000,,used,petrol,427,580,3799,Euro 6d-TEMP,,13.2,automatic,,AWD,SUV/Geländewagen/Pickup,4,5,Grau,,,,,dealer,SZD Tridente Maserati München,DE-80939 München,DE,2,https://prod.pictures.autoscout24.net/listing-images/e3795f40-d5b3-49d3-aada-da677e60456f_8d480dc0-9881-4466-a4a0-4f97d8b850e2.jpg/250x188.webp,2026-09-29T07:38:33.440162,2.4,3
c76f648f-6822-41e3-b52f-754ea6631e6d,https://www.autoscout24.de/angebote/c76f648f-6822-41e3-b52f-754ea6631e6d,de,Mercedes-Benz,e 63 amg,,Mercedes-Benz E 63 AMGS 4M+ Vmax,82880,,True,2023,12-2023,52901,,used,petrol,450,612,3982,Euro 6,276,12.2,automatic,,AWD,Limousine,4,5,Weiß,,,,,dealer,Jürgens GmbH,DE-58239 Schwerte,DE,3,https://prod.pictures.autoscout24.net/listing-images/c76f648f-6822-41e3-b52f-754ea6631e6d_2786259e-9943-4551-857d-fad478c65092.jpg/250x188.webp,2026-09-29T07:38:33.440170,1.57,3
4d532a5f-4c28-4051-b5ef-6866f5afc1be,https://www.autoscout24.de/angebote/4d532a5f-4c28-4051-b5ef-6866f5afc1be,de,Mercedes-Benz,eqc 400,,Mercedes-Benz EQC 4004M AMG ,43870,,True,2023,06-2023,17092,,used,electric,300,408,,,0,21.7,automatic,,AWD,SUV/Geländewagen/Pickup,5,5,Grau,,,,,dealer,Jürgens Automobile GmbH,DE-44532 Lünen,DE,2,https://prod.pictures.autoscout24.net/listing-images/4d532a5f-4c28-4051-b5ef-6866f5afc1be_1239f8c5-26b4-4c35-9820-8bd3c0a2919c.jpg/250x188.webp,2026-09-29T07:38:33.440176,2.57,3
2dd5f5f9-831b-4a75-ac1f-10e3af7c2965,https://www.autoscout24.de/angebote/2dd5f5f9-831b-4a75-ac1f-10e3af7c2965,de,Nissan,x-trail,,Nissan X-TrailN-Trek 1.5 VC-T e-POWER 204PS 4x2,34580,,True,2026,06-2026,15,,new,hybrid,150,204,1497,Euro 6d,132,5.8,automatic,,Frontantrieb,SUV/Geländewagen/Pickup,5,5,Grau,,,,,dealer,Moll Automobile GmbH & Co KG,DE-52351 Düren,DE,2,https://prod.pictures.autoscout24.net/listing-images/2dd5f5f9-831b-4a75-ac1f-10e3af7c2965_a148f882-94d0-47a7-8ce7-d7e798a7f314.jpg/250x188.webp,2026-09-29T07:38:33.440183,2305.33,0
bc489ef6-1487-45ca-a6c5-e0fbca276b24,https://www.autoscout24.de/angebote/bc489ef6-1487-45ca-a6c5-e0fbca276b24,de,Mercedes-Benz,glc 250,,Mercedes-Benz GLC 250d 4M AMG Int.,22300,,True,2018,11-2018,140480,,used,diesel,150,204,2143,Euro 6,129,5.0,automatic,,AWD,SUV/Geländewagen/Pickup,4,5,Schwarz,,,,,dealer,Carmax GmbH & Co. KG,DE-36043 Fulda,DE,2,https://prod.pictures.autoscout24.net/listing-images/bc489ef6-1487-45ca-a6c5-e0fbca276b24_d911cbfe-437e-4e27-826b-fc5ad10d233e.jpg/250x188.webp,2026-09-29T07:38:33.440190,0.16,8
68b5b028-fab0-47fd-8d04-b9c89c41511a,https://www.autoscout24.de/angebote/68b5b028-fab0-47fd-8d04-b9c89c41511a,de,Mercedes-Benz,eqc 400,,Mercedes-Benz EQC 4004M MBUX+Ambiente+Mbeam+KAMERA+NAVI+AUT,31850,,True,2022,01-2022,56691,,used,electric,300,408,,Euro 6,0,21.4,automatic,,AWD,SUV/Geländewagen/Pickup,5,5,Schwarz,,,,,dealer,STERNPARTNER SE & Co. KG,DE-22880 Wedel,DE,2,https://prod.pictures.autoscout24.net/listing-images/68b5b028-fab0-47fd-8d04-b9c89c41511a_59c467ee-cf16-4eb6-b7ee-fc5a22d4a086.jpg/250x188.webp,2026-09-29T07:38:33.440197,0.56,4
a12ac76d-d732-423d-9ce4-9bb9b518b856,https://www.autoscout24.de/angebote/a12ac76d-d732-423d-9ce4-9bb9b518b856,de,Audi,q5,,Audi Q550 TFSI e QU.S-Tronic Teilleder,28800,,True,2024,03-2024,60894,,used,hybrid,220,299,2000,Euro 6d,,6.0,automatic,,AWD,SUV/Geländewagen/Pickup,5,5,Weiß,,,,,dealer,Nord-Automobile,DE-26180 Rastede/ Wahnbek,DE,2,https://prod.pictures.autoscout24.net/listing-images/a12ac76d-d732-423d-9ce4-9bb9b518b856_5cd172d4-b00a-4005-a445-805cf40ed200.jpg/250x188.webp,2026-09-29T07:38:33.440204,0.47,2
6e0e87aa-fa62-49ea-98ed-4fdf3edfb7bf,https://www.autoscout24.de/angebote/6e0e87aa-fa62-49ea-98ed-4fdf3edfb7bf,de,Mercedes-Benz,cls 220,,Mercedes-Benz CLS 220d 9G-Tronic Avantgarde Leder,34990,,True,2022,05-2022,100000,,used,diesel,143,194,1950,Euro 6d,143,6.3,automatic,,,Coupé,4,5,Grau,,,,,dealer,Autohaus Wenden GmbH,DE-38110 Braunschweig,DE,2,https://prod.pictures.autoscout24.net/listing-images/6e0e87aa-fa62-49ea-98ed-4fdf3edfb7bf_7b1f4e62-7118-46f4-b208-9aeeedba468f.jpg/250x188.webp,2026-09-29T07:38:33.440211,0.35,4
a43b92b5-f321-4e7f-8c12-4ab069e3ee35,https://www.autoscout24.de/angebote/a43b92b5-f321-4e7f-8c12-4ab069e3ee35,de,Audi,q3,,Audi Q340 TFSI Q S tronic Kamera,25980,,True,2022,08-2022,15650,,used,petrol,140,190,1984,Euro 6d,,6.0,automatic,,AWD,SUV/Geländewagen/Pickup,5,5,Schwarz,,,,,dealer,Autohaus Kühl GmbH & Co. KG,DE-38518 Gifhorn,DE,2,https://prod.pictures.autoscout24.net/listing-images/a43b92b5-f321-4e7f-8c12-4ab069e3ee35_b7aefdee-e76b-4b65-9f0a-009857c8f624.jpg/250x188.webp,2026-09-29T07:38:33.440218,1.66,4
e3afb0ca-f73f-437f-9b77-f404cfaf3ffc,https://www.autoscout24.de/angebote/e3afb0ca-f73f-437f-9b77-f404cfaf3ffc,de,Audi,a3,,Audi A3Sportback 35 TFSI S tronic S line STANDHZG SHZ,25970,,True,2023,08-2023,37672,,used,petrol,80,110,1498,Euro 6,134,6.0,automatic,,,Limousine,5,5,Schwarz,,,,,dealer,Autohaus Adelbert Moll GmbH & Co. KG,DE-40474 Düsseldorf,DE,2,https://prod.pictures.autoscout24.net/listing-images/e3afb0ca-f73f-437f-9b77-f404cfaf3ffc_b1903368-0fd7-4053-be71-27509bcedf97.jpg/250x188.webp,2026-09-29T07:38:33.440225,0.69,3
0072ab4b-cb5f-44dd-8f6c-67ad3b71e094,https://www.autoscout24.de/angebote/0072ab4b-cb5f-44dd-8f6c-67ad3b71e094,de,Seat,arona,,SEAT Arona1.0TSI Style+LED+PDC+SHZ+CARPLAY+TEMPO,13690,,True,2025,04-2025,59477,,used,petrol,85,115,999,,130,5.7,manual,,Frontantrieb,SUV/Geländewagen/Pickup,5,5,Grau,,,,,dealer,Kamux Auto GmbH,DE-25746 Heide,DE,2,https://prod.pictures.autoscout24.net/listing-images/0072ab4b-cb5f-44dd-8f6c-67ad3b71e094_38fefc50-f863-47cb-aad4-e952e14d89a2.jpg/250x188.webp,2026-09-29T07:38:33.440232,0.23,1
43bf13c8-10ed-4ca0-b870-efd57371d9da,https://www.autoscout24.de/angebote/43bf13c8-10ed-4ca0-b870-efd57371d9da,de,Mercedes-Benz,c 220,,Mercedes-Benz C 220d 4M T Avantgarde,16980,,True,2022,05-2022,171900,,used,diesel,147,199,1993,Euro 6d,131,5.0,automatic,,AWD,Kombi,5,5,Weiß,,,,,dealer,Autohaus Peter GmbH,DE-99734 Nordhausen,DE,2,https://prod.pictures.autoscout24.net/listing-images/43bf13c8-10ed-4ca0-b870-efd57371d9da_015a6cc7-e77c-4572-a1fb-0a5b99a17189.jpg/250x188.webp,2026-09-29T07:38:33.440240,0.1,4
065958ff-1bee-47f1-88fb-128454c38f07,https://www.autoscout24.de/angebote/065958ff-1bee-47f1-88fb-128454c38f07,de,Hyundai,tucson,,Hyundai TUCSON1.6 Trend 2Z-Klima+Kamera+Sitzheiz+DAB,14490,,True,2019,02-2019,67300,,used,petrol,71,97,1591,Euro 6d-TEMP,,6.0,manual,,Frontantrieb,SUV/Geländewagen/Pickup,5,5,Schwarz,,,,,dealer,Levy Motor Company Mittelrhein GmbH - Heiligenhaus,DE-42579 Heiligehaus,DE,2,https://prod.pictures.autoscout24.net/listing-images/065958ff-1bee-47f1-88fb-128454c38f07_a1efb16a-03b7-4f99-8516-f5641c9e0b09.jpg/250x188.webp,2026-09-29T07:38:33.440247,0.22,7
36bb3316-2163-4279-817c-a5b31a7dca0b,https://www.autoscout24.de/angebote/36bb3316-2163-4279-817c-a5b31a7dca0b,de,BMW,530,,BMW 530d xDrive M Sport Laser Head-Up Navi AHK B&O,32990,,True,2020,12-2020,105523,,used,diesel,210,285,2993,Euro 6d-TEMP,137,6.0,automatic,,AWD,Kombi,5,5,Schwarz,,,,,dealer,Autoland,DE-09111 Chemnitz,DE,2,https://prod.pictures.autoscout24.net/listing-images/36bb3316-2163-4279-817c-a5b31a7dca0b_15b6c5db-6e70-4531-ab55-6cf8a8fe3f57.jpg/250x188.webp,2026-09-29T07:38:33.440254,0.31,6
66b17c11-75ad-4410-a92e-1024f52ad665,https://www.autoscout24.de/angebote/66b17c11-75ad-4410-a92e-1024f52ad665,de,Mercedes-Benz,a 200,,Mercedes-Benz A 200A 200 Automatik,23999,,True,2024,06-2024,29800,,used,petrol,120,163,1332,Euro 6d,143,6.3,automatic,,Frontantrieb,Limousine,5,5,Weiß,,,,,dealer,Autohaus Pieper e.K.,DE-90451 Nürnberg,DE,3,https://prod.pictures.autoscout24.net/listing-images/66b17c11-75ad-4410-a92e-1024f52ad665_c802bd97-feb8-4c49-aa8e-a29b7ce25b71.jpg/250x188.webp,2026-09-29T07:38:33.440261,0.81,2
3404b98a-2f5b-4eda-b31e-08b267e55987,https://www.autoscout24.de/angebote/3404b98a-2f5b-4eda-b31e-08b267e55987,de,Ford,ranger,,Ford RangerRaptor 2.0 TDCi DoKa 4x4 Perf,41890,,True,2023,02-2023,44325,,used,diesel,156,212,1996,Euro 6d,231,8.8,automatic,,AWD,SUV/Geländewagen/Pickup,4,5,Schwarz,,,,,dealer,Cronex Automobile UG (haftungsbeschränkt),DE-42439 Wuppertal-Cronenberg,DE,2,https://prod.pictures.autoscout24.net/listing-images/3404b98a-2f5b-4eda-b31e-08b267e55987_2d462b6c-40bc-4347-9ce2-c0d4d13fb573.jpg/250x188.webp,2026-09-29T07:38:33.440268,0.95,3
63c0a5c9-1d49-4b20-ac71-2397dfe53b02,https://www.autoscout24.de/angebote/63c0a5c9-1d49-4b20-ac71-2397dfe53b02,de,Mercedes-Benz,e 450,,Mercedes-Benz E 450E 450 4M Lim AMG,62840,,True,2024,05-2024,20030,,used,petrol,280,380,2999,Euro 6,176,7.7,automatic,,AWD,Limousine,4,5,Silber,,,,,dealer,Auto Schumacher GmbH,DE-51766 Engelskirchen,DE,2,https://prod.pictures.autoscout24.net/listing-images/63c0a5c9-1d49-4b20-ac71-2397dfe53b02_bd279320-ff0c-44a5-bd60-688ac47ce774.jpg/250x188.webp,2026-09-29T07:38:33.440276,3.14,2
2196a9a7-37e1-4096-a16c-22f654ec523c,https://www.autoscout24.de/angebote/2196a9a7-37e1-4096-a16c-22f654ec523c,de,Mercedes-Benz,c 200,,Mercedes-Benz C 200*Service 4,19499,,True,2020,07-2020,105176,,used,diesel,118,160,1597,Euro 6,124,4.7,automatic,,Heck,Limousine,4,5,Silber,,,,,dealer,MYAUTOCENTER OHG,DE-85276 Pfaffenhofen an der Ilm,DE,2,https://prod.pictures.autoscout24.net/listing-images/2196a9a7-37e1-4096-a16c-22f654ec523c_d52ce958-2fdc-43b0-822a-f9f176019498.jpg/250x188.webp,2026-09-29T07:38:33.440283,0.19,6
6e3a1970-76bf-492b-9230-477598e74b85,https://www.autoscout24.de/angebote/6e3a1970-76bf-492b-9230-477598e74b85,de,Porsche,cayenne,,Porsche CayenneTurbo Carbon cooled&heated Chrono 1.Hand,69850,,True,2018,07-2018,37733,,used,petrol,297,404,3996,Euro 6,,6.0,automatic,,AWD,SUV/Geländewagen/Pickup,4,5,Schwarz,,,,,dealer,MATRIX MOTORS GmbH & Co. KG,DE-10777 Berlin,DE,2,https://prod.pictures.autoscout24.net/listing-images/6e3a1970-76bf-492b-9230-477598e74b85_7ed1bdd7-59ca-4ef8-bf60-7c8025292b84.jpg/250x188.webp,2026-09-29T07:38:33.440290,1.85,8
17e7fb60-42ea-4e11-a431-67783d276055,https://www.autoscout24.de/angebote/17e7fb60-42ea-4e11-a431-67783d276055,de,Volkswagen,tayron,,Volkswagen Tayron1.5 eTSI mHEV DSG*Paket Discover,33980,,True,2025,09-2025,26204,,used,hybrid,110,149,1498,,142,6.2,automatic,,Frontantrieb,SUV/Geländewagen/Pickup,5,7,Schwarz,,,,,dealer,Automobile Dresden Weißig,DE-01328 Dresden/Weißig,DE,3,https://prod.pictures.autoscout24.net/listing-images/17e7fb60-42ea-4e11-a431-67783d276055_02500c9b-00ea-40f1-a79e-9eb53d99d90d.jpg/250x188.webp,2026-09-29T07:38:33.440297,1.3,1
a630f353-ae83-46f3-a327-e84f451f149c,https://www.autoscout24.de/angebote/a630f353-ae83-46f3-a327-e84f451f149c,de,Geely,starray em-i,,Geely Starray EM-iPro+ 1.5 PHEV SHZ 360° ACC ALU19,29950,,True,2026,09-2026,10,,new,hybrid,193,262,1499,Euro 6e,36,1.6,automatic,,Frontantrieb,SUV/Geländewagen/Pickup,4,5,Schwarz,,,,,dealer,CC Automobile,DE-52349 Düren,DE,3,https://prod.pictures.autoscout24.net/listing-images/a630f353-ae83-46f3-a327-e84f451f149c_033bf37c-6270-4330-89d9-3d2e7521fe93.jpg/250x188.webp,2026-09-29T07:38:33.440305,2995.0,0
d6c8b3c5-60ea-4041-a740-c7c07e4bb18e,https://www.autoscout24.de/angebote/d6c8b3c5-60ea-4041-a740-c7c07e4bb18e,de,Volkswagen,t-roc,,Volkswagen T-RocTrend 1.5 eTSI DSG,25880,,True,2026,09-2026,10,,new,petrol,85,115,1498,Euro 6,127,5.6,automatic,,Frontantrieb,SUV/Geländewagen/Pickup,5,5,Weiß,,,,,dealer,Auto Schmeink GmbH,DE-46483 Wesel,DE,3,https://prod.pictures.autoscout24.net/listing-images/d6c8b3c5-60ea-4041-a740-c7c07e4bb18e_55ad0837-73e0-4f6c-9fa0-c20cf71bfa9f.jpg/250x188.webp,2026-09-29T07:38:33.440312,2588.0,0
f8683706-3ad4-44ce-a41f-daa0d04ec785,https://www.autoscout24.de/angebote/f8683706-3ad4-44ce-a41f-daa0d04ec785,de,Mercedes-Benz,eqb 300,,Mercedes-Benz EQB 3004MATIC Progr. PANO SOUND NAVI MEMORY,34900,,True,2023,04-2023,12284,,used,electric,168,228,,,0,18.5,automatic,,AWD,SUV/Geländewagen/Pickup,5,5,Weiß,,,,,dealer,Merbag Mitte-West GmbH,DE-53474 Bad Neuenahr-Ahrweil,DE,2,https://prod.pictures.autoscout24.net/listing-images/f8683706-3ad4-44ce-a41f-daa0d04ec785_8b31904a-afe8-4c7e-b734-bbd94db055ad.jpg/250x188.webp,2026-09-29T07:38:33.440319,2.84,3
743c67b8-b070-4ed0-b245-f05aa41e11a4,https://www.autoscout24.de/angebote/743c67b8-b070-4ed0-b245-f05aa41e11a4,de,Opel,corsa,,Opel CorsaElegance VZEK SHZ DAB Beheizbares Lenkrad,10490,,True,2021,06-2021,33300,,used,petrol,74,100,1199,,98,4.0,manual,,Frontantrieb,Kleinwagen,5,5,Schwarz,,,,,dealer,AutoScout24 GmbH smyle bw,DE-39343 Erxleben,DE,2,https://prod.pictures.autoscout24.net/listing-images/743c67b8-b070-4ed0-b245-f05aa41e11a4_240f9c1b-2876-4620-acb7-ba66be3049b4.jpg/250x188.webp,2026-09-29T07:38:33.440326,0.32,5
f9b341c1-fe0e-4d9e-89a8-e17c255d9857,https://www.autoscout24.de/angebote/f9b341c1-fe0e-4d9e-89a8-e17c255d9857,de,Renault,captur,,Renault CapturTCe 150 EDC Automatik-TÜV NEU-R. Kamera,10990,,True,2019,06-2019,62000,,used,petrol,110,149,1333,Euro 6,,5.5,automatic,,Frontantrieb,SUV/Geländewagen/Pickup,4,5,,,,,,dealer,Carpulse-TM,DE-23847 Kastorf,DE,2,https://prod.pictures.autoscout24.net/listing-images/f9b341c1-fe0e-4d9e-89a8-e17c255d9857_633cfec7-1529-4c3a-a93b-fcccf5edeeee.jpg/250x188.webp,2026-09-29T07:38:33.440333,0.18,7
2fd64f32-6228-450e-a216-0cfa474bfe58,https://www.autoscout24.de/angebote/2fd64f32-6228-450e-a216-0cfa474bfe58,de,Peugeot,3008,,Peugeot 3008Hybrid 145 ALLURE E-DSC NAVI,23850,,True,2025,07-2025,19200,,used,hybrid,107,145,1199,Euro 6e,123,6.0,automatic,,Frontantrieb,SUV/Geländewagen/Pickup,4,5,Schwarz,,,,,dealer,Autohaus Thiede GmbH,DE-38364 Schöningen,DE,3,https://prod.pictures.autoscout24.net/listing-images/2fd64f32-6228-450e-a216-0cfa474bfe58_3994df46-0cc2-4643-ac74-b9349056f142.jpg/250x188.webp,2026-09-29T07:38:33.440340,1.24,1
62dc5208-9cb1-450f-8063-7a390e514c18,https://www.autoscout24.de/angebote/62dc5208-9cb1-450f-8063-7a390e514c18,de,Audi,a1,,Audi A130 Sportback 1.0 TFSI S line Fahrassist+Wide,24329,,True,2025,05-2025,20128,,used,petrol,85,115,999,Euro 6,128,5.7,automatic,,,Limousine,5,5,Schwarz,,,,,dealer,Assenheimer + Mulfinger GmbH & Co. KG,DE-74172 Neckarsulm-Obereisesheim,DE,2,https://prod.pictures.autoscout24.net/listing-images/62dc5208-9cb1-450f-8063-7a390e514c18_d80d892b-186c-4f3c-8d62-9523390062bf.jpg/250x188.webp,2026-09-29T07:38:33.440347,1.21,1
301d9738-8782-4d41-9344-7be1ed353926,https://www.autoscout24.de/angebote/301d9738-8782-4d41-9344-7be1ed353926,de,Ineos,grenadier,,Ineos GrenadierStation Wagon Trialmaster Edition,53999,,True,2023,10-2023,53000,,used,diesel,183,248,2993,Euro 6,,6.0,automatic,,AWD,SUV/Geländewagen/Pickup,4,5,Grau,,,,,dealer,AUTO RIBERI,DE-88145 Hergatz,DE,2,https://prod.pictures.autoscout24.net/listing-images/301d9738-8782-4d41-9344-7be1ed353926_800dbe80-1f0a-4e88-8571-2c39b8fbb433.jpg/250x188.webp,2026-09-29T07:38:33.440353,1.02,3
57411350-f8fa-40cc-a449-72754c7f9986,https://www.autoscout24.de/angebote/57411350-f8fa-40cc-a449-72754c7f9986,de,Byd,seal u,,BYD Seal UComfort,35990,,True,2026,06-2026,3500,,used,electric,160,217,0,,0,19.9,automatic,,,SUV/Geländewagen/Pickup,5,5,Grau,,,,,dealer,Autohaus Dresen GmbH,DE-53119 Bonn,DE,2,https://prod.pictures.autoscout24.net/listing-images/57411350-f8fa-40cc-a449-72754c7f9986_9ff7b862-ca5c-46a7-86b1-5cc27ad1bc19.jpg/250x188.webp,2026-09-29T07:38:33.440361,10.28,0
048d7810-21fc-460b-9b79-4a89ba7ba12f,https://www.autoscout24.de/angebote/048d7810-21fc-460b-9b79-4a89ba7ba12f,de,Audi,q3,,Audi Q3Sportback 45 TFSI e S tronic ACC AMBIENTE LED,31840,,True,2023,06-2023,24964,,used,hybrid,132,180,1395,Euro 6,,6.0,automatic,,,SUV/Geländewagen/Pickup,5,5,Grau,,,,,dealer,Autohaus Adelbert Moll GmbH & Co. KG,DE-40474 Düsseldorf,DE,2,https://prod.pictures.autoscout24.net/listing-images/048d7810-21fc-460b-9b79-4a89ba7ba12f_8c4edd12-a655-4db7-94ba-b79e9effbf49.jpg/250x188.webp,2026-09-29T07:38:33.440368,1.28,3
1f30f02c-6b6b-4553-8a7f-e287e321f19c,https://www.autoscout24.de/angebote/1f30f02c-6b6b-4553-8a7f-e287e321f19c,de,Mercedes-Benz,e 53 amg,,Mercedes-Benz E 53 AMGE 53 AMG Coupé Pano,49980,,True,2021,07-2021,73566,,used,petrol,320,435,2999,Euro 6,214,9.4,automatic,,AWD,Coupé,2,4,Schwarz,,,,,dealer,RKH Rheinbacher Kraftwagen Handelsgesellschaft mbH,DE-53359 Rheinbach,DE,3,https://prod.pictures.autoscout24.net/listing-images/1f30f02c-6b6b-4553-8a7f-e287e321f19c_69672006-9455-42f3-89a4-193c65c5d674.jpg/250x188.webp,2026-09-29T07:38:33.440374,0.68,5
aec3b110-9cdb-44b0-9f03-fd4630905205,https://www.autoscout24.de/angebote/aec3b110-9cdb-44b0-9f03-fd4630905205,de,Kia,ev5,,"Kia EV5GT-Line Glasdach Drive 81,4-kWh ACC Massage Head-U",49489,,True,,new,0,,new,electric,117,160,0,,0,17.8,automatic,,Frontantrieb,SUV/Geländewagen/Pickup,5,5,Schwarz,,,,,dealer,Autohaus Möller GmbH,DE-99087 Erfurt,DE,2,https://prod.pictures.autoscout24.net/listing-images/aec3b110-9cdb-44b0-9f03-fd4630905205_88760e41-421e-4166-8c9f-e1a48fa152dc.jpg/250x188.webp,2026-09-29T07:38:33.440381,,
6b477093-536f-4168-aebd-13b297d8a83b,https://www.autoscout24.de/angebote/6b477093-536f-4168-aebd-13b297d8a83b,de,Byd,seal u,,BYD Seal U160 kW PHEV EU6e 1.5 Boost+KAMERA+CARPLAY,29380,,True,2025,09-2025,18335,,used,hybrid,160,217,1498,Euro 6,,6.0,automatic,,Frontantrieb,SUV/Geländewagen/Pickup,5,5,Weiß,,,,,dealer,Autohaus Louis Dresen GmbH,DE-41540 Dormagen,DE,2,https://prod.pictures.autoscout24.net/listing-images/6b477093-536f-4168-aebd-13b297d8a83b_e47454f6-c583-47e1-bb30-92e33876e60d.jpg/250x188.webp,2026-09-29T07:38:33.440388,1.6,1
6f565daa-ca4d-4f7d-b3e9-be4d01ad0f82,https://www.autoscout24.de/angebote/6f565daa-ca4d-4f7d-b3e9-be4d01ad0f82,de,Honda,civic,,Honda Civic1.0 CVT Elegance,16990,,True,2021,10-2021,37965,,used,petrol,68,93,988,Euro 6d,107,4.7,automatic,,Frontantrieb,Limousine,4,5,Rot,,,,,dealer,Günter Hamester GmbH,DE-21033 Hamburg,DE,2,https://prod.pictures.autoscout24.net/listing-images/6f565daa-ca4d-4f7d-b3e9-be4d01ad0f82_76bc8e9f-4257-40f5-b92a-85d4c6ded7aa.jpg/250x188.webp,2026-09-29T07:38:33.440394,0.45,5
4acb09c7-1925-4d82-abea-0954ea47d245,https://www.autoscout24.de/angebote/4acb09c7-1925-4d82-abea-0954ea47d245,de,Peugeot,5008,,Peugeot 5008Hybrid 145 ALLURE 7-SITZE NAVI,27930,,True,2025,07-2025,10650,,used,hybrid,107,145,1199,Euro 6e,,6.0,automatic,,Frontantrieb,SUV/Geländewagen/Pickup,4,7,Schwarz,,,,,dealer,Autohaus Thiede GmbH,DE-38364 Schöningen,DE,3,https://prod.pictures.autoscout24.net/listing-images/4acb09c7-1925-4d82-abea-0954ea47d245_7dd4e011-9cec-48aa-9aff-fb334a463a15.jpg/250x188.webp,2026-09-29T07:38:33.440401,2.62,1
08ccc703-7d22-4a96-a3ba-d5e1bd216a19,https://www.autoscout24.de/angebote/08ccc703-7d22-4a96-a3ba-d5e1bd216a19,de,Opel,grandland,,Opel GrandlandGrandland 1.5 D Autom. GS Line KAM SHZ,16590,,True,2023,06-2023,44346,,used,diesel,96,130,1499,,,4.0,automatic,,Frontantrieb,SUV/Geländewagen/Pickup,5,5,Schwarz,,,,,dealer,AutoExpo Deutsche Automarkt GmbH,DE-35463 Fernwald-Steinbach,DE,2,https://prod.pictures.autoscout24.net/listing-images/08ccc703-7d22-4a96-a3ba-d5e1bd216a19_d1cd6b45-d918-44c1-9ec2-c8df9a684637.jpg/250x188.webp,2026-09-29T07:38:33.440408,0.37,3
20cb94c5-5e7c-44d3-8674-d2425d56259c,https://www.autoscout24.de/angebote/20cb94c5-5e7c-44d3-8674-d2425d56259c,de,BMW,320,,BMW 320XD M SPORT SHADOW LIVE,27900,,True,2021,08-2021,124000,,used,diesel,140,190,1995,Euro 6d,137,6.0,automatic,,AWD,Limousine,4,5,Schwarz,,,,,dealer,Autohaus Ahlsberg GmbH,DE-72793 Pfullingen,DE,2,https://prod.pictures.autoscout24.net/listing-images/20cb94c5-5e7c-44d3-8674-d2425d56259c_3d86bfb1-07bd-465d-af43-34d5f3f62b84.jpg/250x188.webp,2026-09-29T07:38:33.440415,0.23,5
4473d66f-b8b7-4a7a-9d33-ec64e89cbd05,https://www.autoscout24.de/angebote/4473d66f-b8b7-4a7a-9d33-ec64e89cbd05,de,Opel,astra,,Opel AstraK Lim. 5-trg. Design & Tech Start,9990,,True,2021,06-2021,82600,,used,petrol,70,96,1199,Euro 6,99,4.3,manual,,Frontantrieb,Limousine,4,5,Weiß,,,,,dealer,,DE-31749 Auetal,DE,1,https://prod.pictures.autoscout24.net/listing-images/4473d66f-b8b7-4a7a-9d33-ec64e89cbd05_8f3c96ce-9149-4d69-a464-b10ed4522eef.jpg/250x188.webp,2026-09-29T07:38:33.440435,0.12,5
ecc5a51b-7778-48ea-aa68-4249d5ee6a82,https://www.autoscout24.de/angebote/ecc5a51b-7778-48ea-aa68-4249d5ee6a82,de,Mg,mg4,,MG MG4Electric STANDARD,19900,,True,2025,02-2025,12990,,used,electric,125,170,,Euro 6,0,16.8,automatic,,,Limousine,5,5,Dover White,,,,,dealer,Auto Knapp GmbH,DE-64625 Bensheim,DE,2,https://prod.pictures.autoscout24.net/listing-images/ecc5a51b-7778-48ea-aa68-4249d5ee6a82_53a9e7cd-53a4-4f00-af70-5b18909ed065.jpg/250x188.webp,2026-09-29T07:38:33.440444,1.53,1
c39c0f78-a7f8-4eea-8ef2-40da390791ef,https://www.autoscout24.de/angebote/c39c0f78-a7f8-4eea-8ef2-40da390791ef,de,Mercedes-Benz,glb 220,,Mercedes-Benz GLB 220d AMG-Sport,32880,,True,2023,08-2023,76930,,used,diesel,140,190,1950,Euro 6d,154,5.9,automatic,,,SUV/Geländewagen/Pickup,5,5,Schwarz,,,,,dealer,BALD Automobile GmbH,DE-57462 Olpe,DE,2,https://prod.pictures.autoscout24.net/listing-images/c39c0f78-a7f8-4eea-8ef2-40da390791ef_45612709-0712-416b-869b-a96202aa7075.jpg/250x188.webp,2026-09-29T07:38:33.440450,0.43,3
4890d25d-30da-4377-8a3a-ccfe779d578c,https://www.autoscout24.de/angebote/4890d25d-30da-4377-8a3a-ccfe779d578c,de,Porsche,panamera,,Porsche PanameraSport Turismo 4 E-Hybrid,37900,,True,2019,05-2019,197345,,used,hybrid,178,243,2894,Euro 6,56,3.0,automatic,,AWD,Kombi,5,5,Schwarz,,,,,dealer,H&S Automobile Hamburg GmbH,DE-23795 Bad Segeberg ( bei Hamburg),DE,2,https://prod.pictures.autoscout24.net/listing-images/4890d25d-30da-4377-8a3a-ccfe779d578c_1665ad48-3f94-4861-809c-86bda4845c65.jpg/250x188.webp,2026-09-29T07:38:33.440458,0.19,7
75c2b000-7465-4670-b50e-5bc65cd2f4bd,https://www.autoscout24.de/angebote/75c2b000-7465-4670-b50e-5bc65cd2f4bd,de,Cupra,formentor,,CUPRA Formentor2.0 TSI DSG 4Drive ACTIVE-INFO-DISPLAY,24950,,True,2022,07-2022,15330,,used,petrol,140,190,1984,Euro 6d,176,7.7,automatic,,AWD,SUV/Geländewagen/Pickup,5,5,Grau,,,,,dealer,Auto Bierschneider GmbH,DE-91781 Weissenburg,DE,2,https://prod.pictures.autoscout24.net/listing-images/75c2b000-7465-4670-b50e-5bc65cd2f4bd_3c9b36b9-b23f-4953-9bff-7f8160b92e37.jpg/250x188.webp,2026-09-29T07:38:33.440464,1.63,4
7336e4a6-5a71-4ced-b785-ec18bf821c9c,https://www.autoscout24.de/angebote/7336e4a6-5a71-4ced-b785-ec18bf821c9c,de,Volkswagen,golf variant,,Volkswagen Golf Variant1.5 eTSI DSG mHEV Variant Goal,25980,,True,2025,10-2025,16012,,used,hybrid,110,149,1498,Euro 6d-TEMP,116,5.2,automatic,,Frontantrieb,Kombi,5,5,Grau,,,,,dealer,Automobile Dresden Weißig,DE-01328 Dresden/Weißig,DE,3,https://prod.pictures.autoscout24.net/listing-images/7336e4a6-5a71-4ced-b785-ec18bf821c9c_d812c1a3-2759-439d-8654-41ecb2ac6e29.jpg/250x188.webp,2026-09-29T07:38:33.440471,1.62,1
fcbaa7cd-b8ee-4de6-921e-da26528e0ff8,https://www.autoscout24.de/angebote/fcbaa7cd-b8ee-4de6-921e-da26528e0ff8,de,Audi,sq6 e-tron,,Audi SQ6 e-tronquattro edition one grey,68930,,True,2024,08-2024,25658,,used,electric,264,360,0,,0,18.2,automatic,,AWD,SUV/Geländewagen/Pickup,5,5,Grau,,,,,dealer,Autohaus Becher GmbH,DE-46485 Wesel,DE,2,https://prod.pictures.autoscout24.net/listing-images/fcbaa7cd-b8ee-4de6-921e-da26528e0ff8_bf9c24a4-6bf3-47ea-9f92-d94dd2b8130f.jpg/250x188.webp,2026-09-29T07:38:33.440479,2.69,2
315d5567-aa20-4eca-8b70-083d8a92239b,https://www.autoscout24.de/angebote/315d5567-aa20-4eca-8b70-083d8a92239b,de,Mercedes-Benz,eqe suv,,Mercedes-Benz EQE SUVEQE 500 4M SUV AMG+Night,66950,,True,2023,12-2023,53700,,used,electric,300,408,,Euro 6d,0,21.5,automatic,,AWD,SUV/Geländewagen/Pickup,5,5,Grau,,,,,dealer,Autohaus Theo Bähr GmbH,DE-52511 Geilenkirchen,DE,3,https://prod.pictures.autoscout24.net/listing-images/315d5567-aa20-4eca-8b70-083d8a92239b_9413c9c8-f6df-4327-b76a-094080420ddd.jpg/250x188.webp,2026-09-29T07:38:33.440486,1.25,3
a3fc77fb-effe-45f2-a5d1-f5ce4ff52dd4,https://www.autoscout24.de/angebote/a3fc77fb-effe-45f2-a5d1-f5ce4ff52dd4,de,Audi,q3,,Audi Q340 TFSI quattro S line LED Android Apple PDC,27950,,True,2019,04-2019,40909,,used,petrol,140,190,1984,Euro 6c,171,6.0,automatic,,AWD,SUV/Geländewagen/Pickup,5,5,Blau,,,,,dealer,Autoland,DE-22761 Hamburg,DE,2,https://prod.pictures.autoscout24.net/listing-images/a3fc77fb-effe-45f2-a5d1-f5ce4ff52dd4_80b385d0-1cc1-4d42-8a80-d3b0a42da435.jpg/250x188.webp,2026-09-29T07:38:33.440493,0.68,7
786470b9-5ac8-43e1-a48e-234a6f70e2aa,https://www.autoscout24.de/angebote/786470b9-5ac8-43e1-a48e-234a6f70e2aa,de,Opel,mokka,,Opel MokkaGS SPORT 1.2T NAVI,13720,,True,2024,06-2024,29100,,used,petrol,74,100,1199,Euro 6d,104,4.6,automatic,,Frontantrieb,SUV/Geländewagen/Pickup,4,5,Grau,,,,,dealer,Autohaus Thiede GmbH,DE-38364 Schöningen,DE,3,https://prod.pictures.autoscout24.net/listing-images/786470b9-5ac8-43e1-a48e-234a6f70e2aa_2eebcdcb-4434-4844-be92-1cc80bedfa08.jpg/250x188.webp,2026-09-29T07:38:33.440500,0.47,2
65f5b470-079d-4854-97d3-b44d8fc20895,https://www.autoscout24.de/angebote/65f5b470-079d-4854-97d3-b44d8fc20895,de,Audi,a3,,Audi A3S line 45 1.4 TFSI e S-tronic,24350,,True,2022,12-2022,63036,,used,hybrid,180,244,1395,Euro 6d,,6.0,automatic,,Frontantrieb,Limousine,5,5,Weiß,,,,,dealer,DB Autohaus Schweinfurt Premium,DE-97424 Schweinfurt,DE,2,https://prod.pictures.autoscout24.net/listing-images/65f5b470-079d-4854-97d3-b44d8fc20895_d81a4ce7-171e-4bb5-a5a5-59330bdf08de.jpg/250x188.webp,2026-09-29T07:38:33.440507,0.39,4
6504da8c-3cae-4f1f-9d0d-2afe59ba872e,https://www.autoscout24.de/angebote/6504da8c-3cae-4f1f-9d0d-2afe59ba872e,de,Omoda,5,,Omoda 5Premium Leder elektr. Heckkl. Alu18 SHZ AKTION,23950,,True,2025,12-2025,10,,new,petrol,108,146,1598,Euro 6d,170,6.9,automatic,,Frontantrieb,SUV/Geländewagen/Pickup,4,5,Schwarz,,,,,dealer,CC Automobile,DE-52349 Düren,DE,3,https://prod.pictures.autoscout24.net/listing-images/6504da8c-3cae-4f1f-9d0d-2afe59ba872e_2ebc8f01-4b99-458a-a3d5-06e0d27c2312.jpg/250x188.webp,2026-09-29T07:38:33.440514,2395.0,1
06b26f40-8ccd-429d-9522-208b06766c22,https://www.autoscout24.de/angebote/06b26f40-8ccd-429d-9522-208b06766c22,de,Audi,a3,,Audi A345 TFSI e ADVANCED LED+NAVI+PDC+GRA,14930,,True,2021,08-2021,157703,,used,hybrid,150,204,1395,,,4.0,automatic,,Frontantrieb,Limousine,5,5,Schwarz,,,,,dealer,Motor-Nützel Vertriebs-GmbH,DE-96052 Bamberg,DE,2,https://prod.pictures.autoscout24.net/listing-images/06b26f40-8ccd-429d-9522-208b06766c22_74c67de3-b649-4fe8-802b-5393245adfea.jpg/250x188.webp,2026-09-29T07:38:33.440521,0.09,5
c4d2ce4b-1737-4ae5-800a-49c01c52d18c,https://www.autoscout24.de/angebote/c4d2ce4b-1737-4ae5-800a-49c01c52d18c,de,Dacia,spring,,Dacia SpringElectric 70 Expression*Klima*DAB+,15390,,True,2026,04-2026,1500,,used,electric,52,70,,Euro 6,0,12.4,automatic,,Frontantrieb,Limousine,5,4,Silber,,,,,dealer,Autohaus Heddier GmbH,DE-46282 Dorsten,DE,2,https://prod.pictures.autoscout24.net/listing-images/c4d2ce4b-1737-4ae5-800a-49c01c52d18c_22ed45ca-a745-468b-af2a-2713f00313e1.jpg/250x188.webp,2026-09-29T07:38:33.440528,10.26,0
1719a184-4daf-4004-8e71-a24ca699bb0c,https://www.autoscout24.de/angebote/1719a184-4daf-4004-8e71-a24ca699bb0c,de,Hyundai,ioniq 6,,Hyundai IONIQ 6N Elektro,70990,,True,,new,0,,new,electric,448,609,0,,0,18.7,automatic,,AWD,Limousine,4,5,Schwarz,,,,,dealer,Autohaus Ranaldi,DE-69168 Wiesloch,DE,2,https://prod.pictures.autoscout24.net/listing-images/1719a184-4daf-4004-8e71-a24ca699bb0c_fd89c6b1-5df1-41fe-88f3-64861f54cea0.jpg/250x188.webp,2026-09-29T07:38:33.440535,,
eb6e786c-40b1-4049-91b5-00f54901b6ac,https://www.autoscout24.de/angebote/eb6e786c-40b1-4049-91b5-00f54901b6ac,de,Mg,hs,,MG HS1.5 T GDI Turbo Luxury 360 Grad Kamera + Elektr. H,21990,,True,2024,12-2024,11759,,used,petrol,125,170,1496,,168,7.4,automatic,,,SUV/Geländewagen/Pickup,5,5,Schwarz,,,,,dealer,Autohaus Louis Dresen GmbH,DE-41464 Neuss,DE,2,https://prod.pictures.autoscout24.net/listing-images/eb6e786c-40b1-4049-91b5-00f54901b6ac_e73ba228-2b8e-425c-979d-0e537e171706.jpg/250x188.webp,2026-09-29T07:38:33.440542,1.87,2
5dc34624-ea35-4c16-b09e-503f01b9a71e,https://www.autoscout24.de/angebote/5dc34624-ea35-4c16-b09e-503f01b9a71e,de,Mercedes-Benz,glc 300,,Mercedes-Benz GLC 300e 4Matic 9G-Tronic Distronic,22990,,True,2020,08-2020,133000,,used,hybrid,235,319,1991,Euro 6d,58,6.0,automatic,,AWD,SUV/Geländewagen/Pickup,4,5,Grau,,,,,dealer,Autohaus Wenden GmbH,DE-38110 Braunschweig,DE,2,https://prod.pictures.autoscout24.net/listing-images/5dc34624-ea35-4c16-b09e-503f01b9a71e_90ad8b12-d3b0-4af6-aec4-bceff8139758.jpg/250x188.webp,2026-09-29T07:38:33.440549,0.17,6
515abc42-7e56-4bc2-876e-2066f50cf8f1,https://www.autoscout24.de/angebote/515abc42-7e56-4bc2-876e-2066f50cf8f1,de,Geely,starray em-i,,Geely Starray EM-iMAX+ PHEV E.Heck Pano HUD PDC V+h,32280,,True,2026,09-2026,10,,new,hybrid,193,262,1499,Euro 6e,36,1.6,automatic,,Frontantrieb,SUV/Geländewagen/Pickup,4,5,Schwarz,,,,,dealer,CC Automobile,DE-52349 Düren,DE,3,https://prod.pictures.autoscout24.net/listing-images/515abc42-7e56-4bc2-876e-2066f50cf8f1_c2b5c4a9-5b5d-4f55-a5e6-f3f08fbc986b.jpg/250x188.webp,2026-09-29T07:38:33.440556,3228.0,0
05cc60f2-86f5-4456-9279-5fbb0103daa8,https://www.autoscout24.de/angebote/05cc60f2-86f5-4456-9279-5fbb0103daa8,de,Toyota,bz4x,,Toyota bZ4X150 kWh Teamplayer,33990,,True,2025,12-2025,11,,new,electric,150,204,,,0,14.7,automatic,,Frontantrieb,SUV/Geländewagen/Pickup,5,5,Grau,,,,,dealer,Motor-Nützel Automobile GmbH,DE-95502 Himmelkron,DE,2,https://prod.pictures.autoscout24.net/listing-images/05cc60f2-86f5-4456-9279-5fbb0103daa8_8d99c386-6671-4869-846b-fef9d3f89f00.jpg/250x188.webp,2026-09-29T07:38:33.440564,3090.0,1
0450af17-29e5-4428-b8fe-99a67892b40a,https://www.autoscout24.de/angebote/0450af17-29e5-4428-b8fe-99a67892b40a,de,Mercedes-Benz,c 200,,Mercedes-Benz C 200d,35991,,True,2025,09-2025,19980,,used,diesel,120,163,1993,Euro 6e,121,4.6,automatic,,,Limousine,4,5,Schwarz,,,,,dealer,Hans Tesmer - Winsen -,DE-21423 Winsen,DE,2,https://prod.pictures.autoscout24.net/listing-images/0450af17-29e5-4428-b8fe-99a67892b40a_e9327026-b5ff-4e24-9fad-219ad9480461.jpg/250x188.webp,2026-09-29T07:38:33.440571,1.8,1
9a0fb144-5191-4530-9558-d0b23add95b3,https://www.autoscout24.de/angebote/9a0fb144-5191-4530-9558-d0b23add95b3,de,BMW,x3,,BMW X3xDrive 20 d xLine *Shadow-Line,17999,,True,2019,10-2019,184000,,used,diesel,140,190,1995,,,,automatic,,AWD,SUV/Geländewagen/Pickup,4,5,SOPHISTOGRAU BRILLANTEFFEK,,,,,dealer,Automobile Benzer GmbH,DE-56422 Wirges,DE,2,https://prod.pictures.autoscout24.net/listing-images/9a0fb144-5191-4530-9558-d0b23add95b3_01f6ce98-9bae-446a-a76b-4266e1c713a0.jpg/250x188.webp,2026-09-29T07:38:33.440620,0.1,7
d21c4c0b-87a9-4ec5-9bc2-125236dd00da,https://www.autoscout24.de/angebote/d21c4c0b-87a9-4ec5-9bc2-125236dd00da,de,Skoda,epiq,,Skoda Epiq55 Edition Eins ACC,33989,,True,2026,09-2026,2900,,used,electric,155,210,,,0,13.9,automatic,,,SUV/Geländewagen/Pickup,5,,Rot,,,,,dealer,Autohaus Ostmann GmbH & Co. KG,DE-34466 Wolfhagen,DE,2,https://prod.pictures.autoscout24.net/listing-images/d21c4c0b-87a9-4ec5-9bc2-125236dd00da_f3c140c8-1285-40dc-ba30-783fcbfbca5b.jpg/250x188.webp,2026-09-29T07:38:33.440627,11.72,0
ea1f2969-31fe-4133-ad30-1f9a845dc966,https://www.autoscout24.de/angebote/ea1f2969-31fe-4133-ad30-1f9a845dc966,de,Toyota,gr86,,Toyota GR862.4,34950,,True,2024,06-2024,34879,,used,petrol,172,233,2387,,,,manual,,Heck,Coupé,2,,Blau,,,,,dealer,Autohaus Kiefer Vermittlungs - GmbH,DE-56744 Rennerod,DE,2,https://prod.pictures.autoscout24.net/listing-images/ea1f2969-31fe-4133-ad30-1f9a845dc966_296fb863-fe47-46ea-b982-50c5ddf909af.jpg/250x188.webp,2026-09-29T07:38:33.440634,1.0,2
74a7728a-f77c-4a58-a9f8-81c159f81b41,https://www.autoscout24.de/angebote/74a7728a-f77c-4a58-a9f8-81c159f81b41,de,Audi,sq5,,Audi SQ53.0 TDI quattro,35490,,True,2019,10-2019,123000,,used,diesel,255,346,2967,Euro 6d-TEMP,177,6.8,automatic,,AWD,SUV/Geländewagen/Pickup,4,5,Grau,,,,,dealer,Automobile Trier,DE-54340 Bekond,DE,3,https://prod.pictures.autoscout24.net/listing-images/74a7728a-f77c-4a58-a9f8-81c159f81b41_ccfaaed0-9559-488c-9223-d751000416e9.jpg/250x188.webp,2026-09-29T07:38:33.440642,0.29,7
34fdfb8c-2b54-427e-8f91-fcf07bde5535,https://www.autoscout24.de/angebote/34fdfb8c-2b54-427e-8f91-fcf07bde5535,de,BMW,330,,BMW 330DigitalKey DAB Komfort HiFi Leder 18Zoll,31999,,True,2022,11-2022,37067,,used,petrol,180,244,1998,Euro 6d,149,6.6,automatic,,Heck,Limousine,5,5,Schwarz,,,,,dealer,Autohaus Isernhagen GmbH & Co. KG,DE-30916 Isernhagen,DE,2,https://prod.pictures.autoscout24.net/listing-images/34fdfb8c-2b54-427e-8f91-fcf07bde5535_9c5e95d7-1924-4932-8feb-fd48aefeabb8.jpg/250x188.webp,2026-09-29T07:38:33.440649,0.86,4
7d680d3d-6f9d-4af6-911d-0ab2304f89d1,https://www.autoscout24.de/angebote/7d680d3d-6f9d-4af6-911d-0ab2304f89d1,de,Porsche,718,,Porsche 718Boxster 2.5,69890,,True,2019,06-2019,32210,,used,petrol,197,269,2497,Euro 6,,6.0,automatic,,Heck,Cabrio,2,2,Schwarz,,,,,dealer,S&G Automobil AG    NL Offenburg-Wolfach,DE-77656 Offenburg,DE,2,https://prod.pictures.autoscout24.net/listing-images/7d680d3d-6f9d-4af6-911d-0ab2304f89d1_a87212f6-a9c4-4a08-b1cc-71a1af27765b.jpg/250x188.webp,2026-09-29T07:38:33.440657,2.17,7
b183baf8-d182-4e1b-bb84-39b3de8940b2,https://www.autoscout24.de/angebote/b183baf8-d182-4e1b-bb84-39b3de8940b2,de,BMW,320,,BMW 320e SHADOW LINE WIDESCREEN,25780,,True,2022,11-2022,73330,,used,hybrid,150,204,1998,Euro 6d,,15.8,automatic,,Heck,Limousine,4,5,Grau,,,,,dealer,Autohaus Royal GmbH,DE-12103 Berlin,DE,2,https://prod.pictures.autoscout24.net/listing-images/b183baf8-d182-4e1b-bb84-39b3de8940b2_6ee9dabf-e07e-493b-8c2f-daf923447b37.jpg/250x188.webp,2026-09-29T07:38:33.440663,0.35,4
2f658710-1141-4b06-8df0-207743f7b7c8,https://www.autoscout24.de/angebote/2f658710-1141-4b06-8df0-207743f7b7c8,de,Mercedes-Benz,cle 53 amg,,Mercedes-Benz CLE 53 AMGMercedes-AMG CLE53 4MATIC+ Cabrio,89900,,True,2026,03-2026,11590,,used,petrol,330,448,2999,Euro 6,221,9.7,automatic,,AWD,Cabrio,2,4,Grau,,,,,dealer,F/G/M Mettchen Müller GmbH & Co. KG,DE-13156 Berlin,DE,2,https://prod.pictures.autoscout24.net/listing-images/2f658710-1141-4b06-8df0-207743f7b7c8_f1cd89bd-2f95-4d20-b3a1-2b348af630b5.jpg/250x188.webp,2026-09-29T07:38:33.440671,7.76,0
f9e83f87-2a88-47f2-969c-4603b91da42c,https://www.autoscout24.de/angebote/f9e83f87-2a88-47f2-969c-4603b91da42c,de,Mercedes-Benz,cla 200,,Mercedes-Benz CLA 200CLA 200d 4Matic Vollleder Schwarz,23890,,True,2023,03-2023,73060,,used,diesel,80,110,1950,Euro 6,,6.0,automatic,,AWD,Kombi,5,5,Grau,,,,,dealer,RENAULT RETAIL GROUP Deutschland GmbH,DE-60314 Frankfurt / Main,DE,2,https://prod.pictures.autoscout24.net/listing-images/f9e83f87-2a88-47f2-969c-4603b91da42c_fcc3b9dc-ed6b-416c-8c25-7fa2b0a6978b.jpg/250x188.webp,2026-09-29T07:38:33.440679,0.33,3
98b5aa73-9f40-4f34-8887-17af70d7a263,https://www.autoscout24.de/angebote/98b5aa73-9f40-4f34-8887-17af70d7a263,de,Audi,q3,,Audi Q3Sportback 35 TFSI S tronic S-line Digitales Cockpi,35425,,True,2024,08-2024,23678,,used,petrol,110,149,1498,Euro 6,165,7.2,automatic,,Frontantrieb,SUV/Geländewagen/Pickup,5,5,Grau,,,,,dealer,Zemke Autohaus Bernau GmbH,DE-16244 Finowfurt,DE,2,https://prod.pictures.autoscout24.net/listing-images/98b5aa73-9f40-4f34-8887-17af70d7a263_51f1c391-4488-49fb-83b3-3c3608e3e94e.jpg/250x188.webp,2026-09-29T07:38:33.440687,1.5,2
b3f5c5c0-d96e-4cf0-9f8a-b6d7ecba3f36,https://www.autoscout24.de/angebote/b3f5c5c0-d96e-4cf0-9f8a-b6d7ecba3f36,de,Porsche,panamera,,Porsche PanameraTurbo S E-Hybrid Executive Lang Pano,98990,,True,2020,12-2020,57490,,used,petrol,378,515,3996,Euro 6,,6.0,automatic,,AWD,Limousine,5,4,Schwarz,,,,,dealer,AF Cars GmbH,DE-21220 Seevetal,DE,2,https://prod.pictures.autoscout24.net/listing-images/b3f5c5c0-d96e-4cf0-9f8a-b6d7ecba3f36_2ceddd8a-9351-482d-81d0-56819617f543.jpg/250x188.webp,2026-09-29T07:38:33.440694,1.72,6
deba7235-5268-41fd-8313-d7d3265742f7,https://www.autoscout24.de/angebote/deba7235-5268-41fd-8313-d7d3265742f7,de,Audi,a3,,Audi A3Sportback 30 TFSI S tronic,25730,,True,2025,06-2025,6961,,used,petrol,85,115,1498,Euro 6e,121,5.3,automatic,,Frontantrieb,Limousine,5,5,Schwarz,,,,,dealer,Audi Zentrum Mainz NW,DE-55131 Mainz,DE,2,https://prod.pictures.autoscout24.net/listing-images/deba7235-5268-41fd-8313-d7d3265742f7_bc70721c-9ad5-4e30-bf24-c268237505b7.jpg/250x188.webp,2026-09-29T07:38:33.440701,3.7,1
30fbf60c-b0c5-4e09-804e-a9459db3f3bd,https://www.autoscout24.de/angebote/30fbf60c-b0c5-4e09-804e-a9459db3f3bd,de,Dfsk,fengon 500,,DFSK Fengon 5001.5 Automatik Comfort,12970,,True,2023,08-2023,25500,,used,petrol,78,106,1500,Euro 6d-TEMP,,6.0,automatic,,Frontantrieb,SUV/Geländewagen/Pickup,5,5,Schwarz,,,,,dealer,Autohaus Bohlig GmbH HONDA - Vertragshändler,DE-15236 Frankfurt (Oder) Markendorf,DE,2,https://prod.pictures.autoscout24.net/listing-images/30fbf60c-b0c5-4e09-804e-a9459db3f3bd_7daeed66-9e39-499e-97d3-8353d5419877.jpg/250x188.webp,2026-09-29T07:38:33.440709,0.51,3
a8d6074b-7d3c-4ded-93cf-b29a0051163b,https://www.autoscout24.de/angebote/a8d6074b-7d3c-4ded-93cf-b29a0051163b,de,Ford,focus,,Ford FocusTitanium RFKA Totwinkel Asist SPHA Navigation,11990,,True,2021,10-2021,51555,,used,petrol,92,125,999,,,4.0,manual,,Frontantrieb,Kombi,5,5,Grau,,,,,dealer,AutoScout24 GmbH smyle bw,DE-39343 Erxleben,DE,2,https://prod.pictures.autoscout24.net/listing-images/a8d6074b-7d3c-4ded-93cf-b29a0051163b_b0efdee5-e08c-4f20-bc9c-9f5858176ba3.jpg/250x188.webp,2026-09-29T07:38:33.440717,0.23,5
287450c3-8b0a-4422-ae6d-079e2d33cad2,https://www.autoscout24.de/angebote/287450c3-8b0a-4422-ae6d-079e2d33cad2,de,BMW,340,,BMW 340M340 i xDrive STHZG LASER INNOVATION LEDER,43900,,True,2020,11-2020,89470,,used,petrol,275,374,2998,Euro 6d-TEMP,168,7.4,automatic,,AWD,Limousine,4,5,Schwarz,,,,,dealer,ARTCARS GmbH,DE-59581 Warstein,DE,3,https://prod.pictures.autoscout24.net/listing-images/287450c3-8b0a-4422-ae6d-079e2d33cad2_105e7fd8-608e-4b99-a9da-29a7e0473701.jpg/250x188.webp,2026-09-29T07:38:33.440724,0.49,6
87f63463-edb2-4b3a-9059-d1c4c039e825,https://www.autoscout24.de/angebote/87f63463-edb2-4b3a-9059-d1c4c039e825,de,Volkswagen,golf,,Volkswagen GolfVII 1.0 TSI Join,14440,,True,2018,04-2018,24563,,used,petrol,81,110,999,Euro 6,,6.0,automatic,,Frontantrieb,Limousine,5,5,Grau,,,,,dealer,Auto Schmeink GmbH,DE-46483 Wesel,DE,2,https://prod.pictures.autoscout24.net/listing-images/87f63463-edb2-4b3a-9059-d1c4c039e825_d3b60ccc-8809-4aa1-92e6-f8cfe5cfa286.jpg/250x188.webp,2026-09-29T07:38:33.440731,0.59,8
59eadf6e-b9b1-4689-96d4-c150d0160f04,https://www.autoscout24.de/angebote/59eadf6e-b9b1-4689-96d4-c150d0160f04,de,Mg,mg3,,MG MG31.5 Hybrid+ 143 kW Luxury,16950,,True,2024,05-2024,2100,,used,hybrid,143,194,1490,Euro 6e,100,4.4,automatic,,Frontantrieb,Kleinwagen,4,5,Blau,,,,,dealer,Autohaus Yeyrek GmbH,DE-49356 Diepholz,DE,2,https://prod.pictures.autoscout24.net/listing-images/59eadf6e-b9b1-4689-96d4-c150d0160f04_7e515506-7735-4939-9aa0-d7d8af16bdf8.jpg/250x188.webp,2026-09-29T07:38:33.440738,8.07,2
00b6aaeb-e956-4cb1-8743-c72982d34dc0,https://www.autoscout24.de/angebote/00b6aaeb-e956-4cb1-8743-c72982d34dc0,de,Audi,q4 e-tron,,Audi Q4 e-tronSportback 35 MMI LED PDC Assistenz-P.,26880,,True,2022,08-2022,45451,,used,electric,125,170,,Euro 6d,0,6.0,automatic,,Heck,Coupé,5,5,Weiß,,,,,dealer,Ulrich 	Senger GmbH,DE-48282 Emsdetten,DE,2,https://prod.pictures.autoscout24.net/listing-images/00b6aaeb-e956-4cb1-8743-c72982d34dc0_18f7121d-9a78-41fa-a478-a63392afae3a.jpg/250x188.webp,2026-09-29T07:38:33.440745,0.59,4
41ad7ac3-7d04-4010-8529-faf314a0a8f2,https://www.autoscout24.de/angebote/41ad7ac3-7d04-4010-8529-faf314a0a8f2,de,Hyundai,i30,,"Hyundai i30Fastback N Performance 1.HAND+LED+19""ALU",19999,,True,2020,08-2020,79000,,used,petrol,202,274,1998,Euro 6d-TEMP,178,7.8,manual,,Frontantrieb,Limousine,4,5,Grau,,,,,dealer,Autoforum Rudow,DE-12355 Berlin,DE,2,https://prod.pictures.autoscout24.net/listing-images/41ad7ac3-7d04-4010-8529-faf314a0a8f2_a085edfe-daeb-4609-9886-17c549c89adf.jpg/250x188.webp,2026-09-29T07:38:33.440752,0.25,6
1de4ab1c-3bae-49f6-96a3-5bb5e2e194bd,https://www.autoscout24.de/angebote/1de4ab1c-3bae-49f6-96a3-5bb5e2e194bd,de,Byd,seal,,BYD SealEV Comfort RWD,34990,,True,2025,11-2025,10,,new,electric,170,231,,,0,15.4,automatic,,,Limousine,4,5,Blau,,,,,dealer,ASL Auto-Service Lichtblau GmbH,DE-14469 Potsdam,DE,2,https://prod.pictures.autoscout24.net/listing-images/1de4ab1c-3bae-49f6-96a3-5bb5e2e194bd_0e93ec09-d001-48ba-bf23-48ebd84afb5c.jpg/250x188.webp,2026-09-29T07:38:33.440760,3499.0,1
6e3f8d1b-2f62-420e-9f34-a31f729d0862,https://www.autoscout24.de/angebote/6e3f8d1b-2f62-420e-9f34-a31f729d0862,de,Fiat,tipo,,"Fiat TipoKombi 1.4 T-Jet S-Design 88 kW (120 PS), Schalt...",10990,,True,2020,12-2020,44900,,used,petrol,88,119,1368,Euro 6d-TEMP,,6.0,automatic,,,Kombi,5,5,Grau,,,,,dealer,,DE-84332 Hebertsfelden,DE,1,https://prod.pictures.autoscout24.net/listing-images/6e3f8d1b-2f62-420e-9f34-a31f729d0862_ffedb8c0-8051-46ab-a1bc-df23166fe44a.jpg/250x188.webp,2026-09-29T07:38:33.440768,0.24,6
d83b5f2d-0db6-42c9-853b-194d5d57cd90,https://www.autoscout24.de/angebote/d83b5f2d-0db6-42c9-853b-194d5d57cd90,de,Audi,s3,,Audi S3Sportback 2.0 TFSI quattro S tronic MATRIX,38920,,True,2025,01-2025,20751,,used,petrol,180,245,1984,Euro 6,193,8.5,automatic,,AWD,Limousine,5,5,Grau,,,,,dealer,Autohaus Adelbert Moll GmbH & Co. KG,DE-40474 Düsseldorf,DE,2,https://prod.pictures.autoscout24.net/listing-images/d83b5f2d-0db6-42c9-853b-194d5d57cd90_6725b76d-aa8b-4225-9725-c31d8ede757d.jpg/250x188.webp,2026-09-29T07:38:33.440775,1.88,1
82d1409f-ae47-4bef-a2ca-c130822ec3fc,https://www.autoscout24.de/angebote/82d1409f-ae47-4bef-a2ca-c130822ec3fc,de,Volkswagen,golf,,Volkswagen Golf2.0 TDI DSG Goal*Navi*LED+,24980,,True,2025,11-2025,24972,,used,diesel,110,149,1968,,118,4.5,automatic,,Frontantrieb,Limousine,5,5,Grau,,,,,dealer,Automobile Dresden Weißig,DE-01328 Dresden/Weißig,DE,3,https://prod.pictures.autoscout24.net/listing-images/82d1409f-ae47-4bef-a2ca-c130822ec3fc_f8339e69-1438-4970-bd52-f86349d987b6.jpg/250x188.webp,2026-09-29T07:38:33.440782,1.0,1
37031a4e-2d8b-464f-9421-200728409db5,https://www.autoscout24.de/angebote/37031a4e-2d8b-464f-9421-200728409db5,de,Opel,astra,,Opel AstraK 1.4 Turbo 120 Jahre ACC SHZ RFK,13890,,True,2019,04-2019,26736,,used,petrol,110,149,1399,Euro 6,143,6.0,manual,,Frontantrieb,Limousine,5,5,Schwarz,,,,,dealer,Autohaus Bleker GmbH,DE-46325 Borken,DE,2,https://prod.pictures.autoscout24.net/listing-images/37031a4e-2d8b-464f-9421-200728409db5_9d558b5f-cd1f-4499-b70f-bf65e221250f.jpg/250x188.webp,2026-09-29T07:38:33.440790,0.52,7
a580c14d-7f76-4263-91c4-f0aa02d71f67,https://www.autoscout24.de/angebote/a580c14d-7f76-4263-91c4-f0aa02d71f67,de,Volkswagen,passat variant,,Volkswagen Passat Variant1.5 eTSI MHEV DSG,29980,,True,2025,06-2025,25745,,used,hybrid,110,149,1498,,123,5.4,automatic,,Frontantrieb,Kombi,5,5,Weiß,,,,,dealer,Automobile Dresden Weißig,DE-01328 Dresden/Weißig,DE,3,https://prod.pictures.autoscout24.net/listing-images/a580c14d-7f76-4263-91c4-f0aa02d71f67_86da85e5-f027-4d71-b1b4-a21757d2bf16.jpg/250x188.webp,2026-09-29T07:38:33.440797,1.16,1
9ee0a8f0-ff3a-464c-bf96-7dc501e09d64,https://www.autoscout24.de/angebote/9ee0a8f0-ff3a-464c-bf96-7dc501e09d64,de,Mini,cooper,,MINI CooperJCW Favoured Trim Steptronic,24880,,True,2025,11-2025,20126,,used,petrol,115,156,1499,,136,6.0,automatic,,,Limousine,5,5,Weiß,,,,,dealer,Automobile Dresden Weißig,DE-01328 Dresden/Weißig,DE,3,https://prod.pictures.autoscout24.net/listing-images/9ee0a8f0-ff3a-464c-bf96-7dc501e09d64_1e479583-51ba-42f5-92e1-f545214a5bd6.jpg/250x188.webp,2026-09-29T07:38:33.440804,1.24,1
df838933-570f-4c4c-8b76-7aad6feb87f0,https://www.autoscout24.de/angebote/df838933-570f-4c4c-8b76-7aad6feb87f0,de,Mercedes-Benz,gle 500,,Mercedes-Benz GLE 500Coupe 4Matic OrangeArt Edition *ACC,36990,,True,2018,08-2018,129000,,used,petrol,335,455,4663,Euro 6,246,10.5,automatic,,AWD,Coupé,4,5,Schwarz,,,,,dealer,,DE-22529 Hamburg,DE,1,https://prod.pictures.autoscout24.net/listing-images/df838933-570f-4c4c-8b76-7aad6feb87f0_b6850cd1-46f6-420d-b6af-c87dc328870d.jpg/250x188.webp,2026-09-29T07:38:33.440811,0.29,8
faf13e2a-1c48-4b1d-9dc8-27634743ed93,https://www.autoscout24.de/angebote/faf13e2a-1c48-4b1d-9dc8-27634743ed93,de,BMW,218,,BMW 218i Gran Coupe M Sport Panorama Klimaaut. HIFI,24320,,True,2023,08-2023,64593,,used,petrol,100,136,1499,Euro 6d,134,5.9,automatic,,Frontantrieb,Coupé,4,5,Grau,,,,,dealer,,DE-47119 Duisburg,DE,1,https://prod.pictures.autoscout24.net/listing-images/faf13e2a-1c48-4b1d-9dc8-27634743ed93_172227ee-4c60-493d-b581-e0013864078a.jpg/250x188.webp,2026-09-29T07:38:33.440818,0.38,3
a2f7c6d0-383d-453d-b803-9c4b0da153b3,https://www.autoscout24.de/angebote/a2f7c6d0-383d-453d-b803-9c4b0da153b3,de,Ds Automobiles,ds 3 crossback,,DS Automobiles DS 3 Crossback1.2 PureTech NAVI,9990,,True,2019,11-2019,99845,,used,petrol,54,74,1199,Euro 6d,,6.0,automatic,,Frontantrieb,Kleinwagen,5,5,Grau,,,,,dealer,Auto Levy GmbH,DE-53881 Euskirchen,DE,2,https://prod.pictures.autoscout24.net/listing-images/a2f7c6d0-383d-453d-b803-9c4b0da153b3_9dd78592-41ca-42fd-ab2c-6b8ed61ae77b.jpg/250x188.webp,2026-09-29T07:38:33.440826,0.1,7
274a72d8-f55b-4373-a3cf-ba8de2268de7,https://www.autoscout24.de/angebote/274a72d8-f55b-4373-a3cf-ba8de2268de7,de,Tesla,model x,,Tesla Model XModel X,92990,,True,2025,01-2025,16277,,used,electric,493,670,,,0,4.0,automatic,,AWD,SUV/Geländewagen/Pickup,5,5,Schwarz,,,,,dealer,AutoExpo Deutsche Automarkt GmbH,DE-35463 Fernwald-Steinbach,DE,2,https://prod.pictures.autoscout24.net/listing-images/274a72d8-f55b-4373-a3cf-ba8de2268de7_e4bb04af-528d-47ad-942b-7b3225370fd2.jpg/250x188.webp,2026-09-29T07:38:33.440833,5.71,1
3537afc4-2cb0-4918-b6f9-e77dc0e2cf75,https://www.autoscout24.de/angebote/3537afc4-2cb0-4918-b6f9-e77dc0e2cf75,de,Volvo,xc40,,Volvo XC40NOVC-HEV Plus Dark LED ACC H&K 360º,29980,,True,2024,05-2024,33426,,used,petrol,145,197,1969,Euro 6,,6.0,automatic,,Frontantrieb,SUV/Geländewagen/Pickup,5,5,Grün,,,,,dealer,Premium Cars Falkensee,DE-14612 Falkensee,DE,2,https://prod.pictures.autoscout24.net/listing-images/3537afc4-2cb0-4918-b6f9-e77dc0e2cf75_5599bab9-a806-40e9-ae9a-944544a3a931.jpg/250x188.webp,2026-09-29T07:38:33.440840,0.9,2
46ba3f7c-3c59-46b2-8d9e-35136c3b3324,https://www.autoscout24.de/angebote/46ba3f7c-3c59-46b2-8d9e-35136c3b3324,de,Hyundai,i30,,Hyundai i30Fastback N Performance *Garantie bis 2029,29990,,True,2024,06-2024,28250,,used,petrol,206,280,1998,Euro 6,,6.0,automatic,,Frontantrieb,Limousine,4,5,Grau,,,,,dealer,KFZ - Meisterbetrieb Falkenau,DE-57439 Attendorn,DE,2,https://prod.pictures.autoscout24.net/listing-images/46ba3f7c-3c59-46b2-8d9e-35136c3b3324_f9604fff-1e65-4e5c-a1ce-593a47f3f926.jpg/250x188.webp,2026-09-29T07:38:33.440847,1.06,2
f4516573-7694-4888-bb26-7130e0c16587,https://www.autoscout24.de/angebote/f4516573-7694-4888-bb26-7130e0c16587,de,Mercedes-Benz,marco polo,,Mercedes-Benz Marco PoloMarco Polo 250 d 4M HORIZON EDITION,47890,,True,2021,11-2021,116455,,used,diesel,140,190,1950,Euro 6d-TEMP,193,6.0,automatic,,AWD,Sonstige,4,5,Grau,,,,,dealer,AVG Auto-Vertrieb-GmbH,DE-83435 Bad Reichenhall,DE,2,https://prod.pictures.autoscout24.net/listing-images/f4516573-7694-4888-bb26-7130e0c16587_b125be0f-7617-471a-9a56-b43c1d1545ed.jpg/250x188.webp,2026-09-29T07:38:33.440855,0.41,5
7eaed228-1335-446c-80e4-e472084bf93a,https://www.autoscout24.de/angebote/7eaed228-1335-446c-80e4-e472084bf93a,de,Byd,atto 2,,BYD Atto 2ATTO 2 DM-i Boost Plug-In °Neuwagen°,28750,,True,,new,1,,new,hybrid,156,212,1498,Euro 6e,45,1.8,automatic,,Frontantrieb,SUV/Geländewagen/Pickup,5,5,Blau,,,,,dealer,M&S Automobile GmbH,DE-58332 Schwelm,DE,2,https://prod.pictures.autoscout24.net/listing-images/7eaed228-1335-446c-80e4-e472084bf93a_f12c35d5-3d3e-4afc-8ae1-5ce2dc8fc1ec.jpg/250x188.webp,2026-09-29T07:38:33.440862,28750.0,
22410a19-185e-4063-be84-475a779de436,https://www.autoscout24.de/angebote/22410a19-185e-4063-be84-475a779de436,de,Mercedes-Benz,gle 53 amg,,"Mercedes-Benz GLE 53 AMGGLE 53 AMG 4M Coupé Multibeam 22""",64990,,True,2022,01-2022,105160,,used,petrol,320,435,2999,Euro 6,245,10.8,automatic,,AWD,Coupé,5,5,Schwarz,,,,,dealer,STERNAUTO GmbH,DE-01239 Dresden,DE,2,https://prod.pictures.autoscout24.net/listing-images/22410a19-185e-4063-be84-475a779de436_7abd0737-177b-4590-90be-4b5f5df95c99.jpg/250x188.webp,2026-09-29T07:38:33.440869,0.62,4
d1443740-2a96-4985-aed2-510628ae4dcb,https://www.autoscout24.de/angebote/d1443740-2a96-4985-aed2-510628ae4dcb,de,Mercedes-Benz,a 200,,Mercedes-Benz A 200Kamera,23980,,True,2024,03-2024,23892,,used,petrol,95,130,1332,Euro 6d,,6.0,automatic,,Frontantrieb,Limousine,4,5,Silber,,,,,dealer,Automarkt Immelborn GmbH,DE-36456 Barchfeld Immelborn,DE,3,https://prod.pictures.autoscout24.net/listing-images/d1443740-2a96-4985-aed2-510628ae4dcb_21c78538-ba6c-4e03-9c1a-cda8bb201e4f.jpg/250x188.webp,2026-09-29T07:38:33.440876,1.0,2
0103eaa1-5282-4882-8558-7e6cbb0badf1,https://www.autoscout24.de/angebote/0103eaa1-5282-4882-8558-7e6cbb0badf1,de,Ford,fiesta,,Ford FiestaFiesta 1.0 EcoBoost S&S COOL&CONNECT,11990,,True,2022,06-2022,17500,,used,petrol,74,100,999,,,4.0,manual,,Frontantrieb,Limousine,5,5,Rot,,,,,dealer,AutoExpo Deutsche Automarkt GmbH,DE-35463 Fernwald-Steinbach,DE,2,https://prod.pictures.autoscout24.net/listing-images/0103eaa1-5282-4882-8558-7e6cbb0badf1_3aeb7b96-0b4f-4644-8f1f-7ac06553e708.jpg/250x188.webp,2026-09-29T07:38:33.440883,0.69,4
1c77155f-eec1-4401-b208-3ee6d24cccd3,https://www.autoscout24.de/angebote/1c77155f-eec1-4401-b208-3ee6d24cccd3,de,BMW,330,,BMW 330i M Sport Automatic Sport Aut. Klimaaut. PDC,25490,,True,2019,11-2019,84996,,used,petrol,190,258,1998,Euro 6d-TEMP,,6.0,automatic,,Heck,Limousine,4,5,Grau,,,,,dealer,,DE-47119 Duisburg,DE,1,https://prod.pictures.autoscout24.net/listing-images/1c77155f-eec1-4401-b208-3ee6d24cccd3_660c473d-5c88-46c7-8a56-d974ad24f413.jpg/250x188.webp,2026-09-29T07:38:33.440891,0.3,7
9679911c-27f5-4bbf-aaac-0c30fbf2e7b8,https://www.autoscout24.de/angebote/9679911c-27f5-4bbf-aaac-0c30fbf2e7b8,de,Jaguar,xe,,Jaguar XED200 RWD R-Dynamic  BLACK-PACK NAVI SHZ PDC,24692,,True,2022,03-2022,73495,,used,diesel,150,204,1997,Euro 6d,,6.0,automatic,,Heck,Limousine,5,5,Schwarz,,,,,dealer,BOB Automotive GmbH,DE-45770 Marl,DE,2,https://prod.pictures.autoscout24.net/listing-images/9679911c-27f5-4bbf-aaac-0c30fbf2e7b8_02dc6e2a-443d-4e57-a8d4-b6fdf24db610.jpg/250x188.webp,2026-09-29T07:38:33.440898,0.34,4
5b65ca99-b614-449f-80de-6c3f2edb89eb,https://www.autoscout24.de/angebote/5b65ca99-b614-449f-80de-6c3f2edb89eb,de,Skoda,kamiq,,"Skoda KamiqActive 70KW , DAB+,PDC-hinten,LED-Scheinw",14690,,True,2022,11-2022,48250,,used,petrol,70,95,999,Euro 6d-TEMP,,6.0,manual,,Frontantrieb,Kombi,4,5,Schwarz,,,,,dealer,Autogalerie Dresden GmbH,DE-01157 Dresden,DE,2,https://prod.pictures.autoscout24.net/listing-images/5b65ca99-b614-449f-80de-6c3f2edb89eb_bda7e009-90c2-491c-96a2-14d1c22fd08a.jpg/250x188.webp,2026-09-29T07:38:33.440905,0.3,4
27245876-9690-42df-9186-ef025b38243d,https://www.autoscout24.de/angebote/27245876-9690-42df-9186-ef025b38243d,de,Mercedes-Benz,eqc 400,,Mercedes-Benz EQC 400AMG 4M AMG+AHK+Dist.+Memory+Sitzklima,36884,,True,2022,08-2022,81869,,used,electric,145,197,,Euro 6d,0,6.0,automatic,,AWD,SUV/Geländewagen/Pickup,5,5,Schwarz,,,,,dealer,Autohaus Anders Ostwestfalen GmbH,DE-32427 Minden,DE,2,https://prod.pictures.autoscout24.net/listing-images/27245876-9690-42df-9186-ef025b38243d_87415dc9-2a46-4ad6-a359-d1236d8b3ad0.jpg/250x188.webp,2026-09-29T07:38:33.440913,0.45,4
08ad9105-f2ec-4646-ad20-a6a22451219e,https://www.autoscout24.de/angebote/08ad9105-f2ec-4646-ad20-a6a22451219e,de,Volkswagen,t7 california,,Volkswagen T7 CaliforniaBEACH TOUR HYBRID BESTELL-FAHRZEUG,65950,,True,,new,10,,new,hybrid,132,180,1498,Euro 6,67,3.0,automatic,,AWD,Van/Kleinbus,5,4,Wählbar,,,,,dealer,AutoCenter Benz GmbH,DE-88416 Ochsenhausen,DE,2,https://prod.pictures.autoscout24.net/listing-images/08ad9105-f2ec-4646-ad20-a6a22451219e_01246f57-f7e0-4f46-9581-10fa3a6ca929.jpg/250x188.webp,2026-09-29T07:38:33.440920,6595.0,
17e27428-1d87-47ad-af33-0678da4b1505,https://www.autoscout24.de/angebote/17e27428-1d87-47ad-af33-0678da4b1505,de,Skoda,enyaq,,Skoda Enyaq80 4x4 Suite >VIRTU+PANO+HEAD+SHZ+KAM+ACC+,33750,,True,2023,07-2023,38041,,used,electric,195,265,,,,4.0,automatic,,AWD,SUV/Geländewagen/Pickup,5,5,Silber,,,,,dealer,Dick Automobile Dieburg GmbH,DE-64807 Dieburg,DE,2,https://prod.pictures.autoscout24.net/listing-images/17e27428-1d87-47ad-af33-0678da4b1505_85650e9d-86c8-42bc-8b47-9d694cc0a254.jpg/250x188.webp,2026-09-29T07:38:33.440927,0.89,3
914e366e-50f6-4278-b45b-14215c223336,https://www.autoscout24.de/angebote/914e366e-50f6-4278-b45b-14215c223336,de,Cupra,formentor,,CUPRA Formentor1.4TSI DSG e-Hybrid AID,21975,,True,2021,10-2021,10000,,used,hybrid,150,204,1395,Euro 6d,33,6.0,automatic,,Frontantrieb,SUV/Geländewagen/Pickup,4,5,Schwarz,,,,,dealer,Autopark Seta GmbH & Co. KG,DE-25373 Ellerhoop,DE,2,https://prod.pictures.autoscout24.net/listing-images/914e366e-50f6-4278-b45b-14215c223336_76bd4451-2896-4ab5-a669-899cf5c85614.jpg/250x188.webp,2026-09-29T07:38:33.440935,2.2,5
8506fd1c-2d08-45f3-a6fd-6c16c8a439df,https://www.autoscout24.de/angebote/8506fd1c-2d08-45f3-a6fd-6c16c8a439df,de,Volkswagen,tiguan,,Volkswagen TiguanGoal 2.0 TDI DSG LED ACC AHK CarPlay 360°,32950,,True,2025,11-2025,19756,,used,diesel,110,149,1968,,146,5.6,automatic,,Frontantrieb,SUV/Geländewagen/Pickup,5,5,Blau,,,,,dealer,Autozentrum Josten,DE-40789 Monheim,DE,2,https://prod.pictures.autoscout24.net/listing-images/8506fd1c-2d08-45f3-a6fd-6c16c8a439df_368b9989-69ad-4746-a715-2e320549c8fa.jpg/250x188.webp,2026-09-29T07:38:33.440942,1.67,1
0759fc52-3048-429f-8f78-094cc384fd9d,https://www.autoscout24.de/angebote/0759fc52-3048-429f-8f78-094cc384fd9d,de,Porsche,panamera,,Porsche PanameraTurbo Sport Turismo PANO+MATRIX+KEYLESS,58890,,True,2018,07-2018,118500,,used,petrol,297,404,3996,Euro 6,215,9.4,automatic,,AWD,Kombi,4,5,Schwarz,,,,,dealer,ASA Service GmbH,DE-51373 Leverkusen,DE,2,https://prod.pictures.autoscout24.net/listing-images/0759fc52-3048-429f-8f78-094cc384fd9d_5e47b0b4-13bf-49e8-9cc9-bf39d83ad086.jpg/250x188.webp,2026-09-29T07:38:33.440950,0.5,8
0374b003-e934-4fe1-8db7-787e04fdbf06,https://www.autoscout24.de/angebote/0374b003-e934-4fe1-8db7-787e04fdbf06,de,Cupra,born,,CUPRA Born170KW 58 KWH SITZHEIZUNG LENKRADHZ FULLINK CUPRABL,24990,,True,2023,08-2023,35250,,used,electric,170,231,0,,0,17.4,automatic,,Heck,Limousine,5,5,Grau,,,,,dealer,Autohaus Bauer & Scherg GmbH & Co.KG,DE-85276 Pfaffenhofen,DE,2,https://prod.pictures.autoscout24.net/listing-images/0374b003-e934-4fe1-8db7-787e04fdbf06_c82907db-6e58-4513-8690-8258d464f247.jpg/250x188.webp,2026-09-29T07:38:33.440957,0.71,3
d6820197-9933-41fa-a840-0d260ce81d18,https://www.autoscout24.de/angebote/d6820197-9933-41fa-a840-0d260ce81d18,de,Genesis,gv70,,Genesis GV702.2 CRDi Luxury Line Pano ACC,30970,,True,2024,01-2024,79950,,used,diesel,148,201,2151,Euro 6d,200,7.6,automatic,,AWD,SUV/Geländewagen/Pickup,5,5,Grau,,,,,dealer,Autohaus Richt GmbH,DE-71229 Leonberg,DE,2,https://prod.pictures.autoscout24.net/listing-images/d6820197-9933-41fa-a840-0d260ce81d18_87f0762c-b22a-47c2-91b2-b9284dead4aa.jpg/250x188.webp,2026-09-29T07:38:33.440965,0.39,2
1d1532f5-8820-4ee6-a3eb-477df6316b8a,https://www.autoscout24.de/angebote/1d1532f5-8820-4ee6-a3eb-477df6316b8a,de,Mercedes-Benz,c 180,,Mercedes-Benz C 180AMG,29499,,True,2023,06-2023,49800,,used,petrol,125,170,1496,Euro 6d,,6.0,automatic,,Heck,Limousine,4,5,Grau,,,,,dealer,Autohaus Frenzel & Rang GmbH,DE-41334 Kaldenkirchen,DE,2,https://prod.pictures.autoscout24.net/listing-images/1d1532f5-8820-4ee6-a3eb-477df6316b8a_b9756dc0-0579-4ed9-aa5d-5e7f5bbc0927.jpg/250x188.webp,2026-09-29T07:38:33.440973,0.59,3
8b57d4d2-52f3-4729-ad75-787699bcb86b,https://www.autoscout24.de/angebote/8b57d4d2-52f3-4729-ad75-787699bcb86b,de,Mg,zs,,"MG ZS1.5 Hybrid+ Luxury 360°Navi,Totwinkel PANO",23770,,True,2026,09-2026,10,,new,hybrid,145,197,1498,Euro 6e,115,5.1,automatic,,Frontantrieb,SUV/Geländewagen/Pickup,4,5,Grün,,,,,dealer,CC Automobile,DE-52349 Düren,DE,3,https://prod.pictures.autoscout24.net/listing-images/8b57d4d2-52f3-4729-ad75-787699bcb86b_0bfe29cc-643f-4c6f-a6bc-5a51ab5495d6.jpg/250x188.webp,2026-09-29T07:38:33.440980,2377.0,0
cc42c549-650a-4e18-8479-494ca5e25c37,https://www.autoscout24.de/angebote/cc42c549-650a-4e18-8479-494ca5e25c37,de,BMW,320,,BMW 320d Touring Aut. Advantage AHK Leder Alarm,21990,,True,2022,07-2022,85966,,used,diesel,140,190,1995,,,4.0,automatic,,Heck,Kombi,5,5,Weiß,,,,,dealer,AutoExpo Deutsche Automarkt GmbH,DE-35463 Fernwald-Steinbach,DE,2,https://prod.pictures.autoscout24.net/listing-images/cc42c549-650a-4e18-8479-494ca5e25c37_829dd39f-60fe-4b01-8af8-34852e444c59.jpg/250x188.webp,2026-09-29T07:38:33.440987,0.26,4
180185dd-22b1-4005-80e9-a43a5f750e77,https://www.autoscout24.de/angebote/180185dd-22b1-4005-80e9-a43a5f750e77,de,BMW,530,,BMW 530M Sport Laser HUD DAB Komfort Alarm 19Zoll,26499,,True,2023,01-2023,124171,,used,hybrid,215,292,1998,Euro 6d,,6.0,automatic,,Heck,Kombi,5,5,Schwarz,,,,,dealer,Autohaus Isernhagen GmbH & Co. KG,DE-30916 Isernhagen,DE,2,https://prod.pictures.autoscout24.net/listing-images/180185dd-22b1-4005-80e9-a43a5f750e77_3324d340-0c31-41ec-9b74-db7520b84382.jpg/250x188.webp,2026-09-29T07:38:33.440994,0.21,3
a16cbaa8-4fe1-4175-9c12-6f026dca82ae,https://www.autoscout24.de/angebote/a16cbaa8-4fe1-4175-9c12-6f026dca82ae,de,Mazda,cx-6e,,Mazda CX-6e5WGN EV 258 PS 1AT RWD Takumi BKTR PABS,39600,,True,2026,08-2026,100,,new,electric,189,258,,,0,19.4,automatic,,Heck,SUV/Geländewagen/Pickup,5,5,Weiß,,,,,dealer,Blank Automobile,DE-91550 Dinkelsbühl,DE,2,https://prod.pictures.autoscout24.net/listing-images/a16cbaa8-4fe1-4175-9c12-6f026dca82ae_e135a9bc-6029-4ce3-81fc-b258b1d388ea.jpg/250x188.webp,2026-09-29T07:38:33.441002,396.0,0
856fcf49-f4f4-48b1-811f-acf3f26123f7,https://www.autoscout24.de/angebote/856fcf49-f4f4-48b1-811f-acf3f26123f7,de,Peugeot,5008,,Peugeot 5008GT Hybrid 145,29980,,True,2025,06-2025,1122,,used,hybrid,107,145,1199,,127,5.6,automatic,,Frontantrieb,SUV/Geländewagen/Pickup,5,7,Schwarz,,,,,dealer,Automobile Dresden Weißig,DE-01328 Dresden/Weißig,DE,3,https://prod.pictures.autoscout24.net/listing-images/856fcf49-f4f4-48b1-811f-acf3f26123f7_daf9c711-1a91-4313-a588-e3c1a41a1856.jpg/250x188.webp,2026-09-29T07:38:33.441010,26.72,1
9dfc4877-9658-49bc-90d3-4b3886449b4a,https://www.autoscout24.de/angebote/9dfc4877-9658-49bc-90d3-4b3886449b4a,de,Ford,kuga,,Ford Kuga1.5 EcoBoost ST-Line X FWD Automatik Navi LED,25950,,True,2024,09-2024,17500,,used,petrol,137,186,1496,,160,7.0,automatic,,Frontantrieb,SUV/Geländewagen/Pickup,5,5,Schwarz,,,,,dealer,Autohaus Kirchseeon,DE-85614 Kirchseeon bei München,DE,2,https://prod.pictures.autoscout24.net/listing-images/9dfc4877-9658-49bc-90d3-4b3886449b4a_7dbc704a-7358-4ff0-a8f2-a4d17166a941.jpg/250x188.webp,2026-09-29T07:38:33.441018,1.48,2
7a1cc583-a1af-4b72-81ee-746c08fe5184,https://www.autoscout24.de/angebote/7a1cc583-a1af-4b72-81ee-746c08fe5184,de,Mini,countryman c,,MINI Countryman CFavoured Trim,32000,,True,2025,05-2025,7863,,used,petrol,125,170,1499,Euro 6d,137,6.1,automatic,,Frontantrieb,SUV/Geländewagen/Pickup,5,5,Schwarz,,,,,dealer,MINI Deutschland,DE-80788 München,DE,3,https://prod.pictures.autoscout24.net/listing-images/7a1cc583-a1af-4b72-81ee-746c08fe5184_c174a5eb-f0c1-4d5f-841c-278bbbd850ce.jpg/250x188.webp,2026-09-29T07:38:33.441025,4.07,1
74340162-e1a6-4006-9440-74abe768bc6e,https://www.autoscout24.de/angebote/74340162-e1a6-4006-9440-74abe768bc6e,de,Audi,a1,,Audi A1Sportback 25 TFSI S tronic MMI LED PDC Sitzh.,18880,,True,2022,09-2022,33193,,used,petrol,70,95,999,Euro 6d,134,5.9,automatic,,Frontantrieb,Kleinwagen,4,5,Grau,,,,,dealer,Ulrich 	Senger GmbH,DE-48282 Emsdetten,DE,2,https://prod.pictures.autoscout24.net/listing-images/74340162-e1a6-4006-9440-74abe768bc6e_5b9a1570-0f8c-4d15-b95f-79208e8d0ae5.jpg/250x188.webp,2026-09-29T07:38:33.441032,0.57,4
29aa60da-a762-4a19-abcc-fb2097ef8c2e,https://www.autoscout24.de/angebote/29aa60da-a762-4a19-abcc-fb2097ef8c2e,de,Audi,a4,,Audi A435 TDI basis S-Tronic LED NAVI APP RFK AHK,21888,,True,2023,03-2023,80350,,used,diesel,120,163,1968,Euro 6d,148,5.7,automatic,,Frontantrieb,Kombi,5,5,Grau,,,,,dealer,AutoSchmid GmbH,DE-73312 Geislingen,DE,2,https://prod.pictures.autoscout24.net/listing-images/29aa60da-a762-4a19-abcc-fb2097ef8c2e_ac0675f1-80d0-45ab-96b7-9e58b6e51206.jpg/250x188.webp,2026-09-29T07:38:33.441040,0.27,3
58a33bb5-ceaf-4da9-8d96-22f199a3b6ea,https://www.autoscout24.de/angebote/58a33bb5-ceaf-4da9-8d96-22f199a3b6ea,de,Mini,john cooper works cabrio,,MINI John Cooper Works CabrioJohn Cooper Works Trim,37000,,True,2025,07-2025,1117,,used,petrol,170,231,1998,Euro 6d,155,6.8,automatic,,Frontantrieb,Cabrio,2,4,Grau,,,,,dealer,MINI Deutschland,DE-80788 München,DE,3,https://prod.pictures.autoscout24.net/listing-images/58a33bb5-ceaf-4da9-8d96-22f199a3b6ea_482b3233-3f10-4605-a6b4-1f495435f3c9.jpg/250x188.webp,2026-09-29T07:38:33.441048,33.12,1
82b2b2d7-9326-40ec-aff5-118d622bcb2b,https://www.autoscout24.de/angebote/82b2b2d7-9326-40ec-aff5-118d622bcb2b,de,Volkswagen,caddy,,Volkswagen Caddy1.4 TSI DSG,21990,,True,2020,08-2020,43000,,used,petrol,96,130,1395,Euro 6d-TEMP,142,6.2,automatic,,Frontantrieb,Van/Kleinbus,4,5,Grau,,,,,dealer,Automobile Trier,DE-54340 Bekond,DE,3,https://prod.pictures.autoscout24.net/listing-images/82b2b2d7-9326-40ec-aff5-118d622bcb2b_102bd263-28a7-4e2b-bb3f-652ac6f02e12.jpg/250x188.webp,2026-09-29T07:38:33.441055,0.51,6
f214c63d-1daf-40f6-a817-ad350ed25d55,https://www.autoscout24.de/angebote/f214c63d-1daf-40f6-a817-ad350ed25d55,de,Audi,q5,,Audi Q5SUV e-hybrid qu. S line,66940,,True,2026,09-2026,1000,,used,hybrid,161,220,1984,Euro 6d-TEMP,60,2.6,automatic,,AWD,SUV/Geländewagen/Pickup,5,5,Schwarz,,,,,dealer,Audi Zentrum Magdeburg,DE-39126 Magdeburg,DE,2,https://prod.pictures.autoscout24.net/listing-images/f214c63d-1daf-40f6-a817-ad350ed25d55_08415c68-ad76-458c-890b-58b240aab79c.jpg/250x188.webp,2026-09-29T07:38:33.441062,66.94,0
dba2017a-ca27-45f0-b00a-17af8a2fac2b,https://www.autoscout24.de/angebote/dba2017a-ca27-45f0-b00a-17af8a2fac2b,de,Volkswagen,golf,,Volkswagen Golf8 2.0TDI Life LED+NAV+SHZ+KAM+ACC+AMBI+CARP,14950,,True,2021,05-2021,99294,,used,diesel,110,149,1968,Euro 6,,3.9,manual,,Frontantrieb,Kombi,5,5,Blau,,,,,dealer,Dick & Steingräber Automobile GmbH,DE-99817 Eisenach,DE,2,https://prod.pictures.autoscout24.net/listing-images/dba2017a-ca27-45f0-b00a-17af8a2fac2b_611e8ff0-5655-4f41-bece-15e89ff03ebc.jpg/250x188.webp,2026-09-29T07:38:33.441070,0.15,5
80085992-38a7-4daa-88fc-5eff39853dd8,https://www.autoscout24.de/angebote/80085992-38a7-4daa-88fc-5eff39853dd8,de,Ford,kuga,,Ford Kuga1.5 EB ST-Line X*20 Zoll*Pano*B+O*ACC,29980,,True,2025,06-2025,10708,,used,petrol,137,186,1496,Euro 6d-TEMP,159,6.8,automatic,,Frontantrieb,SUV/Geländewagen/Pickup,5,5,Grau,,,,,dealer,Automobile Dresden Weißig,DE-01328 Dresden/Weißig,DE,3,https://prod.pictures.autoscout24.net/listing-images/80085992-38a7-4daa-88fc-5eff39853dd8_ff3c4416-fea1-4d01-8417-303354bd54f9.jpg/250x188.webp,2026-09-29T07:38:33.441078,2.8,1
50b1a841-8841-41b8-9459-252e7f8cdf93,https://www.autoscout24.de/angebote/50b1a841-8841-41b8-9459-252e7f8cdf93,de,Mercedes-Benz,eqe 350,,"Mercedes-Benz EQE 350AMG AHK+LED+KAMERA+MBUX+SPURHALTE+19""",39890,,True,2023,07-2023,64170,,used,electric,215,292,,Euro 6,0,16.3,automatic,,,Limousine,4,5,Grau,,,,,dealer,S&G Automobil AG,DE-76185 Karlsruhe,DE,2,https://prod.pictures.autoscout24.net/listing-images/50b1a841-8841-41b8-9459-252e7f8cdf93_7e7275fc-7ec3-43cf-a156-6fe90113c1af.jpg/250x188.webp,2026-09-29T07:38:33.441086,0.62,3
3ab9320e-2d61-4180-b78d-c76d826487f6,https://www.autoscout24.de/angebote/3ab9320e-2d61-4180-b78d-c76d826487f6,de,Ford,mustang,,Ford Mustang2.3 EcoBoost Premium,29900,,True,2021,04-2021,47644,,used,petrol,231,314,2261,Euro 6,,6.0,automatic,,Heck,Cabrio,2,4,Schwarz,,,,,dealer,AHB Autohaus Bergstraße GmbH,DE-64319 Pfungstadt,DE,3,https://prod.pictures.autoscout24.net/listing-images/3ab9320e-2d61-4180-b78d-c76d826487f6_fd665d8a-320d-44b3-b1e3-332320b0e76b.jpg/250x188.webp,2026-09-29T07:38:33.441135,0.63,5
033e189e-bf09-4c64-bdae-3e95cf0a1d82,https://www.autoscout24.de/angebote/033e189e-bf09-4c64-bdae-3e95cf0a1d82,de,Audi,q5,,Audi Q5advanced 40 TDI qu LED PANO VIRTUAL SPORTSITZ,36890,,True,2025,06-2025,12400,,used,diesel,150,204,1968,Euro 6d,174,6.5,automatic,,AWD,SUV/Geländewagen/Pickup,5,5,Grau,,,,,dealer,Feser Joachim Automobil GmbH,DE-91154 Roth,DE,3,https://prod.pictures.autoscout24.net/listing-images/033e189e-bf09-4c64-bdae-3e95cf0a1d82_be2d6761-3238-46b6-9d17-e52d15c93f29.jpg/250x188.webp,2026-09-29T07:38:33.441142,2.98,1
48a5bb23-6b47-474c-896d-210af5f13342,https://www.autoscout24.de/angebote/48a5bb23-6b47-474c-896d-210af5f13342,de,Mercedes-Benz,c 300,,Mercedes-Benz C 300e T Avantgarde DigitalL. Distronic AHK,27870,,True,2023,03-2023,90016,,used,hybrid,150,204,1999,Euro 6,13,0.6,automatic,,,Kombi,5,5,Grau,,,,,dealer,Egon Senger GmbH,DE-26169 Friesoythe,DE,2,https://prod.pictures.autoscout24.net/listing-images/48a5bb23-6b47-474c-896d-210af5f13342_e85cd53e-049d-4022-9566-b202e96e602f.jpg/250x188.webp,2026-09-29T07:38:33.441150,0.31,3
31e116b6-44da-45c0-8e69-c0ef2ab54258,https://www.autoscout24.de/angebote/31e116b6-44da-45c0-8e69-c0ef2ab54258,de,Volkswagen,t-cross,,Volkswagen T-CrossR-Line 1.5 TSI DSG BlackStyle Navi Matrix,30979,,True,2026,06-2026,20,,new,petrol,110,149,1498,Euro 6d,137,6.1,automatic,,Frontantrieb,SUV/Geländewagen/Pickup,5,5,Schwarz,,,,,dealer,Leo Belting Autohaus GmbH & Co. KG,DE-46045 Oberhausen,DE,2,https://prod.pictures.autoscout24.net/listing-images/31e116b6-44da-45c0-8e69-c0ef2ab54258_6eb1b418-05cb-4552-92b7-79d99389973b.jpg/250x188.webp,2026-09-29T07:38:33.441157,1548.95,0
d7cf6d40-8c8e-46e9-be69-6b4042155447,https://www.autoscout24.de/angebote/d7cf6d40-8c8e-46e9-be69-6b4042155447,de,Mercedes-Benz,gle 400,,Mercedes-Benz GLE 400GLE 400 e 4M AMG,69300,,True,2024,06-2024,45390,,used,hybrid,185,251,1999,Euro 6,25,1.1,automatic,,AWD,SUV/Geländewagen/Pickup,5,5,Grau,,,,,dealer,Auto Schumacher GmbH,DE-51766 Engelskirchen,DE,2,https://prod.pictures.autoscout24.net/listing-images/d7cf6d40-8c8e-46e9-be69-6b4042155447_c65bdb32-f471-4415-a5fd-d47a7b7756e0.jpg/250x188.webp,2026-09-29T07:38:33.441165,1.53,2
9efa7d42-8717-440a-ad42-f3c1f5546315,https://www.autoscout24.de/angebote/9efa7d42-8717-440a-ad42-f3c1f5546315,de,Omoda,9,,Omoda 9Premium 1.5 TGDI PHEV Pano Leder HUD AKTION,43690,,True,2026,05-2026,10,,new,hybrid,395,537,1499,Euro 6e,38,1.6,automatic,,AWD,SUV/Geländewagen/Pickup,4,5,Schwarz,,,,,dealer,CC Automobile,DE-52349 Düren,DE,3,https://prod.pictures.autoscout24.net/listing-images/9efa7d42-8717-440a-ad42-f3c1f5546315_3be8bf78-343f-4b92-9d35-8599784e3e3a.jpg/250x188.webp,2026-09-29T07:38:33.441172,4369.0,0
31125d3f-d837-4ecd-b1ce-da2d3ad86e0d,https://www.autoscout24.de/angebote/31125d3f-d837-4ecd-b1ce-da2d3ad86e0d,de,Mercedes-Benz,a 180,,Mercedes-Benz A 180Urban Style,16490,,True,2018,03-2018,90076,,used,petrol,90,122,1595,Euro 6,127,5.5,automatic,,Frontantrieb,Limousine,4,5,Weiß,,,,,dealer,Automarkt Viersen,DE-41748 Viersen,DE,1,https://prod.pictures.autoscout24.net/listing-images/31125d3f-d837-4ecd-b1ce-da2d3ad86e0d_5da1e4bc-eb8a-44cd-a88d-b75548498771.jpg/250x188.webp,2026-09-29T07:38:33.441180,0.18,8
043ef87a-cf22-4755-85fb-5b0244e14a26,https://www.autoscout24.de/angebote/043ef87a-cf22-4755-85fb-5b0244e14a26,de,Mercedes-Benz,e 220,,Mercedes-Benz E 220d Widescreen,36790,,True,2020,12-2020,53000,,used,diesel,143,194,1950,Euro 6d,157,6.0,automatic,,Heck,Cabrio,2,4,Schwarz,,,,,dealer,AS Automobile,DE-70329 Stuttgart,DE,2,https://prod.pictures.autoscout24.net/listing-images/043ef87a-cf22-4755-85fb-5b0244e14a26_8fa98155-e82f-421c-93e6-4b47cecd038d.jpg/250x188.webp,2026-09-29T07:38:33.441188,0.69,6
a9011365-f45d-4b6b-8429-956d1c107167,https://www.autoscout24.de/angebote/a9011365-f45d-4b6b-8429-956d1c107167,de,Jaguar,f-pace,,Jaguar F-PaceSE AWD LED Pano Meridion Rü-Kamera AHK,30900,,True,2022,02-2022,81000,,used,petrol,184,250,1997,Euro 6d,,6.0,automatic,,AWD,SUV/Geländewagen/Pickup,5,5,Schwarz,,,,,dealer,Isidi Automobile,DE-72766 Reutlingen,DE,2,https://prod.pictures.autoscout24.net/listing-images/a9011365-f45d-4b6b-8429-956d1c107167_55a983f8-9e92-481a-afe7-8939499aac57.jpg/250x188.webp,2026-09-29T07:38:33.441195,0.38,4
8778ee9d-1b63-41f3-8688-22e3bf14c77f,https://www.autoscout24.de/angebote/8778ee9d-1b63-41f3-8688-22e3bf14c77f,de,Volkswagen,golf,,Volkswagen GolfVIII 1.0 TSI 5JG+LED+SHZ+2xPDC+APP+AHK+DAB,13644,,True,2021,12-2021,70000,,used,petrol,66,89,999,Euro 6d,,6.0,automatic,,Frontantrieb,Limousine,5,5,Blau,,,,,dealer,Motor-Nützel Vertriebs-GmbH Bayreuth,DE-95448 Bayreuth,DE,2,https://prod.pictures.autoscout24.net/listing-images/8778ee9d-1b63-41f3-8688-22e3bf14c77f_8b44ed42-d0cf-4d5f-adfb-7ada7f09a970.jpg/250x188.webp,2026-09-29T07:38:33.441203,0.19,5
c2fc925f-a21a-406f-944b-116bed722b55,https://www.autoscout24.de/angebote/c2fc925f-a21a-406f-944b-116bed722b55,de,Kia,sportage,,Kia SportageHybrid 4WD,29990,,True,2024,09-2024,38100,,used,hybrid,132,179,1598,Euro 6d,127,5.6,automatic,,AWD,SUV/Geländewagen/Pickup,4,5,Grau,,,,,dealer,Autohaus Frenzel & Rang GmbH,DE-41334 Kaldenkirchen,DE,2,https://prod.pictures.autoscout24.net/listing-images/c2fc925f-a21a-406f-944b-116bed722b55_e79e651a-1b61-42cf-99d0-f55ebc6183e5.jpg/250x188.webp,2026-09-29T07:38:33.441211,0.79,2
c70069ff-5762-4fdf-9a7a-74801aebe2e7,https://www.autoscout24.de/angebote/c70069ff-5762-4fdf-9a7a-74801aebe2e7,de,Opel,frontera,,Opel FronteraGS Kamera Winterpaket 7-Sitze Allwetter,25990,,True,2026,07-2026,5,,new,hybrid,107,145,1199,,122,5.4,automatic,,Frontantrieb,SUV/Geländewagen/Pickup,5,7,Weiß,,,,,dealer,Häusler Automobil GmbH & Co. KG,DE-85622 Feldkirchen,DE,2,https://prod.pictures.autoscout24.net/listing-images/c70069ff-5762-4fdf-9a7a-74801aebe2e7_c6461f23-cc31-46bb-990f-2b662f269427.jpg/250x188.webp,2026-09-29T07:38:33.441218,5198.0,0
afa46084-6799-436b-8a68-dba0976bbfb7,https://www.autoscout24.de/angebote/afa46084-6799-436b-8a68-dba0976bbfb7,de,Volkswagen,id. buzz,,Volkswagen ID. BuzzPure KR 125KW IQ 3ZK ACC 360°-View,42900,,True,2025,06-2025,25700,,used,electric,125,170,,,0,4.0,automatic,,Heck,Van/Kleinbus,4,5,Grün,,,,,dealer,Autohaus Straußberger,DE-90574 Roßtal,DE,2,https://prod.pictures.autoscout24.net/listing-images/afa46084-6799-436b-8a68-dba0976bbfb7_6fa57f57-993e-4d44-ae80-a0c197a1dbcf.jpg/250x188.webp,2026-09-29T07:38:33.441225,1.67,1
892323b1-3c2d-4822-acac-4d5a85ef45be,https://www.autoscout24.de/angebote/892323b1-3c2d-4822-acac-4d5a85ef45be,de,Mercedes-Benz,cla 350,,Mercedes-Benz CLA 3504M EQ PANO,49690,,True,2025,08-2025,16170,,used,electric,260,353,,Euro 6,0,6.0,automatic,,AWD,Limousine,4,5,Schwarz,,,,,dealer,Burger Schloz Automobile GmbH & Co. KG,DE-71332 Waiblingen,DE,2,https://prod.pictures.autoscout24.net/listing-images/892323b1-3c2d-4822-acac-4d5a85ef45be_7feadff1-917b-4ebf-923b-0537538e2079.jpg/250x188.webp,2026-09-29T07:38:33.441233,3.07,1
3ae950f5-f16b-44b7-821c-706c8d7eee13,https://www.autoscout24.de/angebote/3ae950f5-f16b-44b7-821c-706c8d7eee13,de,Volkswagen,arteon,,Volkswagen ArteonR-Line Business-P. Premium IQ.Light 360°,28490,,True,2023,04-2023,30000,,used,petrol,140,190,1984,Euro 6d,165,7.3,automatic,,Frontantrieb,Kombi,5,5,Schwarz,,,,,dealer,CMR Automobile e.K.,DE-74255 Roigheim,DE,2,https://prod.pictures.autoscout24.net/listing-images/3ae950f5-f16b-44b7-821c-706c8d7eee13_00bedb30-d27e-4dee-9a9e-2bf05a9d966c.jpg/250x188.webp,2026-09-29T07:38:33.441241,0.95,3
2e89ac54-ce68-4e00-b2f9-9744f0b40498,https://www.autoscout24.de/angebote/2e89ac54-ce68-4e00-b2f9-9744f0b40498,de,Mitsubishi,outlander,,Mitsubishi Outlander4x4 PHEV Top AUT*Kamera*Standh.,24890,,True,2020,11-2020,24673,,used,hybrid,121,165,2360,Euro 6d-TEMP,,6.0,automatic,,AWD,SUV/Geländewagen/Pickup,5,5,Grau,,,,,dealer,Auto Levy GmbH,DE-40233 Düsseldorf,DE,2,https://prod.pictures.autoscout24.net/listing-images/2e89ac54-ce68-4e00-b2f9-9744f0b40498_22af1332-0f27-4f37-af8a-a1488c1f07c8.jpg/250x188.webp,2026-09-29T07:38:33.441248,1.01,6
ad99df7f-b5ce-44a9-b4c4-fccad7594e2d,https://www.autoscout24.de/angebote/ad99df7f-b5ce-44a9-b4c4-fccad7594e2d,de,Cupra,ateca,,CUPRA AtecaAteca 2.0 TSI VZ 4Drive #AHK#LED#360°#DCC#asdasd,25890,,True,2023,08-2023,48500,,used,petrol,221,300,1984,Euro 6,203,6.0,automatic,,AWD,SUV/Geländewagen/Pickup,5,5,Grau,,,,,dealer,AUTOHELBIG GmbH,DE-97499 Donnersdorf,DE,3,https://prod.pictures.autoscout24.net/listing-images/ad99df7f-b5ce-44a9-b4c4-fccad7594e2d_ff65bd2e-286f-462d-8171-ddc709fc866c.jpg/250x188.webp,2026-09-29T07:38:33.441255,0.53,3
6c890a30-f9fd-4f0c-86ba-5c934a664205,https://www.autoscout24.de/angebote/6c890a30-f9fd-4f0c-86ba-5c934a664205,de,Kia,niro,,Kia NiroEV Inspiration DriveWise TECHNIK RELAX WÄRMEP SOUN,26969,,True,2023,02-2023,31972,,used,electric,110,150,0,,0,4.0,automatic,,Frontantrieb,SUV/Geländewagen/Pickup,5,5,Schwarz,,,,,dealer,Autohaus Schafstall GmbH,DE-50189 Elsdorf,DE,2,https://prod.pictures.autoscout24.net/listing-images/6c890a30-f9fd-4f0c-86ba-5c934a664205_1ee2cf82-9f89-4c30-9f24-19a90ab554a8.jpg/250x188.webp,2026-09-29T07:38:33.441262,0.84,3
21387289-e0a7-44a4-8b7f-7ab07bec8c04,https://www.autoscout24.de/angebote/21387289-e0a7-44a4-8b7f-7ab07bec8c04,de,Mercedes-Benz,a 180,,Mercedes-Benz A 180A 180 (EURO 6d-TEMP) Klima Navi,16800,,True,2019,02-2019,33700,,used,petrol,100,136,1332,Euro 6d-TEMP,127,6.0,manual,,Frontantrieb,Limousine,5,5,Silber,,,,,dealer,Günter Köster GmbH,DE-46045 Oberhausen,DE,2,https://prod.pictures.autoscout24.net/listing-images/21387289-e0a7-44a4-8b7f-7ab07bec8c04_f7b12994-5612-4063-b01a-961cb7a06dfe.jpg/250x188.webp,2026-09-29T07:38:33.441270,0.5,7
bd41f460-dc85-42e0-9b7d-1628362c97f7,https://www.autoscout24.de/angebote/bd41f460-dc85-42e0-9b7d-1628362c97f7,de,Peugeot,508,,Peugeot 508SW Hybrid 225 Allure Pack Navi 1.Hd,21789,,True,2023,07-2023,14322,,used,hybrid,133,180,1598,Euro 6d,,6.0,automatic,,Frontantrieb,Kombi,4,5,Schwarz,,,,,dealer,Autohaus LCF GmbH & Co. KG,DE-30880 Laatzen,DE,2,https://prod.pictures.autoscout24.net/listing-images/bd41f460-dc85-42e0-9b7d-1628362c97f7_f3063c6e-225e-4f40-ba39-5e6f88831dbf.jpg/250x188.webp,2026-09-29T07:38:33.441277,1.52,3
43166816-7294-4f51-999e-b868c2d0591d,https://www.autoscout24.de/angebote/43166816-7294-4f51-999e-b868c2d0591d,de,Mercedes-Benz,a 250,,Mercedes-Benz A 250e,22799,,True,2021,04-2021,54576,,used,hybrid,160,217,1332,Euro 6d-TEMP,149,6.0,automatic,,,Limousine,5,5,Schwarz,,,,,dealer,Abel+Ruf GmbH,DE-86609 Donauwörth,DE,3,https://prod.pictures.autoscout24.net/listing-images/43166816-7294-4f51-999e-b868c2d0591d_78f9771c-2407-4f3c-b81e-87951d20539a.jpg/250x188.webp,2026-09-29T07:38:33.441285,0.42,5
587d0750-b26a-482d-89f8-bfba40852fb6,https://www.autoscout24.de/angebote/587d0750-b26a-482d-89f8-bfba40852fb6,de,Ford,ecosport,,Ford EcoSportST-Line Sportpaket Bluetooth Navi LED,15950,,True,2022,06-2022,35950,,used,petrol,103,140,998,Euro 6d,151,6.6,manual,,Frontantrieb,SUV/Geländewagen/Pickup,5,5,Grau,,,,,dealer,Auto Eder GmbH,DE-83104 Tuntenhausen,DE,2,https://prod.pictures.autoscout24.net/listing-images/587d0750-b26a-482d-89f8-bfba40852fb6_2e3ce867-1e5b-4017-9def-cf18b8c6f283.jpg/250x188.webp,2026-09-29T07:38:33.441292,0.44,4
e33491f6-9f0b-4414-b1c1-4d77a3289bab,https://www.autoscout24.de/angebote/e33491f6-9f0b-4414-b1c1-4d77a3289bab,de,Mercedes-Benz,glc 300,,Mercedes-Benz GLC 300GLC 300 e 4M-AMG AHK AssiP BusiP KomfP,28990,,True,2021,08-2021,114601,,used,hybrid,155,210,1991,,,4.0,automatic,,AWD,SUV/Geländewagen/Pickup,5,5,Grau,,,,,dealer,AutoExpo Deutsche Automarkt GmbH,DE-35463 Fernwald-Steinbach,DE,2,https://prod.pictures.autoscout24.net/listing-images/e33491f6-9f0b-4414-b1c1-4d77a3289bab_8d29c9b7-080e-4f76-ab96-6368bb0e0cdc.jpg/250x188.webp,2026-09-29T07:38:33.441300,0.25,5
77bd1dbc-1ada-47a7-afbe-1139a19e4211,https://www.autoscout24.de/angebote/77bd1dbc-1ada-47a7-afbe-1139a19e4211,de,Volkswagen,id. buzz,,Volkswagen ID. BuzzID.Buzz GTX 4MOTION LR WäPu H&K,61980,,True,2025,06-2025,18500,,used,electric,250,340,,Euro 6,0,6.0,automatic,,AWD,Van/Kleinbus,5,7,Blau,,,,,dealer,Autohaus Glinicke GmbH & Co.Vertriebs KG,DE-99423 Weimar,DE,2,https://prod.pictures.autoscout24.net/listing-images/77bd1dbc-1ada-47a7-afbe-1139a19e4211_8c5dde24-1ef0-4286-93cf-31708751c176.jpg/250x188.webp,2026-09-29T07:38:33.441308,3.35,1
813f0489-ae30-408c-ad26-8b8b456c5d53,https://www.autoscout24.de/angebote/813f0489-ae30-408c-ad26-8b8b456c5d53,de,Skoda,kamiq,,Skoda KamiqKAMIQ 1.5 TSI DSG MONTE CARLO NAVI MATRIX-LED,27990,,True,2025,09-2025,25,,new,petrol,110,149,1500,Euro 6e,131,5.8,automatic,,Frontantrieb,SUV/Geländewagen/Pickup,5,5,Grau,,,,,dealer,Autohaus Brüggemann GmbH & Co KG,DE-48432 Rheine,DE,2,https://prod.pictures.autoscout24.net/listing-images/813f0489-ae30-408c-ad26-8b8b456c5d53_ee50030c-85eb-4a88-ab29-f6ae68865748.jpg/250x188.webp,2026-09-29T07:38:33.441315,1119.6,1
3ae517fa-c735-4db7-9e2c-e338c8489cf1,https://www.autoscout24.de/angebote/3ae517fa-c735-4db7-9e2c-e338c8489cf1,de,Cupra,terramar,,CUPRA TerramarTerramar 1.5 eTSI DSG,32580,,True,2025,10-2025,5879,,used,petrol,110,149,1498,Euro 6e,,6.0,automatic,,Frontantrieb,SUV/Geländewagen/Pickup,4,5,Schwarz,,,,,dealer,mcf Automobile Kramer & Kramer GbR,DE-99768 Harztor,DE,3,https://prod.pictures.autoscout24.net/listing-images/3ae517fa-c735-4db7-9e2c-e338c8489cf1_fb16b157-26aa-4686-adbe-a4ea4bb66d45.jpg/250x188.webp,2026-09-29T07:38:33.441323,5.54,1
cbc7c240-cf21-45e6-93d9-5b1068a6f8ad,https://www.autoscout24.de/angebote/cbc7c240-cf21-45e6-93d9-5b1068a6f8ad,de,Renault,austral,,Renault AustralEQUILIBRE MILD-HYBRID 140 Winter+City-Paket,18880,,True,2023,05-2023,55760,,used,petrol,103,140,1332,Euro 6,139,6.2,manual,,Frontantrieb,SUV/Geländewagen/Pickup,5,5,Grau,,,,,dealer,RENAULT RETAIL GROUP Deutschland GmbH,DE-60314 Frankfurt / Main,DE,2,https://prod.pictures.autoscout24.net/listing-images/cbc7c240-cf21-45e6-93d9-5b1068a6f8ad_a54155d8-a992-49b4-8a6c-3255ff3e083c.jpg/250x188.webp,2026-09-29T07:38:33.441330,0.34,3
7bbda6e9-d0bb-4a15-b36a-41ed3a71e82e,https://www.autoscout24.de/angebote/7bbda6e9-d0bb-4a15-b36a-41ed3a71e82e,de,Mercedes-Benz,v 250,,Mercedes-Benz V 250d EXCLUSIVE AMG 4MATIC lang,38890,,True,2018,02-2018,148000,,used,diesel,140,190,2143,Euro 6,177,6.7,automatic,,AWD,Van/Kleinbus,4,6,Rot,,,,,dealer,A.B.M. Autohaus GmbH,DE-82194 Gröbenzell,DE,2,https://prod.pictures.autoscout24.net/listing-images/7bbda6e9-d0bb-4a15-b36a-41ed3a71e82e_8ed1601d-e469-437e-a19a-aee2127deea7.jpg/250x188.webp,2026-09-29T07:38:33.441337,0.26,8
8b489629-fa27-4c54-807f-b35f454503f9,https://www.autoscout24.de/angebote/8b489629-fa27-4c54-807f-b35f454503f9,de,Ford,edge,,Ford Edge2.0 EcoBlue ST-Line 4x4 S,25500,,True,2020,12-2020,84711,,used,diesel,175,238,1995,Euro 6d-TEMP,,6.0,automatic,,AWD,SUV/Geländewagen/Pickup,5,5,Schwarz,,,,,dealer,BOB Automotive GmbH,DE-44629 Herne,DE,2,https://prod.pictures.autoscout24.net/listing-images/8b489629-fa27-4c54-807f-b35f454503f9_d3fd09ea-c42e-47a4-8bb4-a02ee1baba6a.jpg/250x188.webp,2026-09-29T07:38:33.441344,0.3,6
7666905e-17bb-4c2d-aa94-290572ae3a5a,https://www.autoscout24.de/angebote/7666905e-17bb-4c2d-aa94-290572ae3a5a,de,Volkswagen,t-roc,,Volkswagen T-Roc1.5 TSI Style | LED | App-Connect | 1.Hand,22750,,True,2025,04-2025,40025,,used,petrol,110,149,1498,Euro 6e,,6.0,manual,,Frontantrieb,SUV/Geländewagen/Pickup,4,5,Schwarz,,,,,dealer,Autohof Wersten,DE-40589 Düsseldorf,DE,3,https://prod.pictures.autoscout24.net/listing-images/7666905e-17bb-4c2d-aa94-290572ae3a5a_2df344dd-56c0-4203-8101-1a533a88d953.jpg/250x188.webp,2026-09-29T07:38:33.441351,0.57,1
3fe8f240-285f-4694-80a9-4cfbb5fa630e,https://www.autoscout24.de/angebote/3fe8f240-285f-4694-80a9-4cfbb5fa630e,de,BMW,220,,BMW 220d Gran Coupé M-Paket Head-Up+Navi+Pano+Kamera,24440,,True,2020,04-2020,41397,,used,diesel,140,190,1995,Euro 6d-TEMP,,6.0,automatic,,Frontantrieb,Coupé,4,5,Weiß,,,,,dealer,Autohaus Wormser GmbH,DE-91058 Erlangen,DE,2,https://prod.pictures.autoscout24.net/listing-images/3fe8f240-285f-4694-80a9-4cfbb5fa630e_d6e24aec-9549-4d1b-80ad-96d6d490e1c3.jpg/250x188.webp,2026-09-29T07:38:33.441358,0.59,6
8712f9b4-0bdd-49f7-b18d-3569b892d572,https://www.autoscout24.de/angebote/8712f9b4-0bdd-49f7-b18d-3569b892d572,de,Mercedes-Benz,c 300,,Mercedes-Benz C 300e 9G-TRONIC Avantgarde Distronic,31990,,True,2023,04-2023,73000,,used,hybrid,230,312,1999,Euro 6d,16,6.0,automatic,,,Limousine,4,5,Schwarz,,,,,dealer,Autohaus Wenden GmbH,DE-38110 Braunschweig,DE,2,https://prod.pictures.autoscout24.net/listing-images/8712f9b4-0bdd-49f7-b18d-3569b892d572_53628a83-bf16-479a-9a96-9a419a325232.jpg/250x188.webp,2026-09-29T07:38:33.441366,0.44,3
ed573671-ea46-4096-856f-9bc5407a5161,https://www.autoscout24.de/angebote/ed573671-ea46-4096-856f-9bc5407a5161,de,Audi,q5,,Audi Q5S line Business 40 2.0 TDI quattro S-tronic,37980,,True,2024,06-2024,66977,,used,diesel,150,204,1968,,,4.0,automatic,,AWD,SUV/Geländewagen/Pickup,5,5,Grau,,,,,dealer,DB Autohaus Schweinfurt Premium,DE-97424 Schweinfurt,DE,2,https://prod.pictures.autoscout24.net/listing-images/ed573671-ea46-4096-856f-9bc5407a5161_d0790545-d12c-4007-83b2-3181094d689c.jpg/250x188.webp,2026-09-29T07:38:33.441372,0.57,2
87b0e26a-6b0c-4529-8d73-035b310840e0,https://www.autoscout24.de/angebote/87b0e26a-6b0c-4529-8d73-035b310840e0,de,BMW,330,,BMW 330i M-Sport Harman&Kardon,35400,,True,2019,03-2019,72000,,used,petrol,139,190,,Euro 6,132,6.0,automatic,,Heck,Limousine,4,5,Weiß,,,,,dealer,MilitoMotors,DE-65428 Rüsselsheim am Main,DE,2,https://prod.pictures.autoscout24.net/listing-images/87b0e26a-6b0c-4529-8d73-035b310840e0_ce64533a-dba9-4d3a-947a-685b62a8cb29.jpg/250x188.webp,2026-09-29T07:38:33.441379,0.49,7
d82b5733-6d4c-4ce7-9b13-92808703d697,https://www.autoscout24.de/angebote/d82b5733-6d4c-4ce7-9b13-92808703d697,de,Audi,e-tron,,Audi e-tron55 quattro *Matrix-LED,27350,,True,2020,11-2020,61395,,used,electric,220,300,,Euro 6,0,25.8,automatic,,AWD,SUV/Geländewagen/Pickup,5,5,Weiß,,,,,dealer,Rinno Automobile GmbH,DE-90439 Nürnberg,DE,2,https://prod.pictures.autoscout24.net/listing-images/d82b5733-6d4c-4ce7-9b13-92808703d697_6121bff4-e63f-4b18-81c8-e2195b86ab88.jpg/250x188.webp,2026-09-29T07:38:33.441387,0.45,6
f48568df-ca15-4e39-bef9-1b5a3a2ab807,https://www.autoscout24.de/angebote/f48568df-ca15-4e39-bef9-1b5a3a2ab807,de,Renault,arkana,,Renault ArkanaR.S. LINE TCe 160 EDC (MY22) Glasschiebedach,18990,,True,2023,09-2023,60215,,used,petrol,85,116,1332,Euro 6,131,5.8,automatic,,Frontantrieb,SUV/Geländewagen/Pickup,5,5,Schwarz,,,,,dealer,RENAULT RETAIL GROUP Deutschland GmbH,DE-22529 Hamburg,DE,2,https://prod.pictures.autoscout24.net/listing-images/f48568df-ca15-4e39-bef9-1b5a3a2ab807_ea77505a-6c52-4b2d-85da-6c1f43398da0.jpg/250x188.webp,2026-09-29T07:38:33.441393,0.32,3
5a2759f4-f2c2-412b-8281-cdf7db7823d8,https://www.autoscout24.de/angebote/5a2759f4-f2c2-412b-8281-cdf7db7823d8,de,Mercedes-Benz,v 250,,Mercedes-Benz V 250AMG Sport Avantgarde EDITION lang,48990,,True,2023,10-2023,69710,,used,diesel,140,190,1950,Euro 6d,,6.0,automatic,,Heck,Van/Kleinbus,4,6,Grau,,,,,dealer,Autohaus Krugel,DE-09224 Chemnitz,DE,3,https://prod.pictures.autoscout24.net/listing-images/5a2759f4-f2c2-412b-8281-cdf7db7823d8_54ff86cd-7ab9-4635-a349-9482a7392513.jpg/250x188.webp,2026-09-29T07:38:33.441401,0.7,3
43392742-fa7c-461d-a0e7-efc7da241bb9,https://www.autoscout24.de/angebote/43392742-fa7c-461d-a0e7-efc7da241bb9,de,Seat,ibiza,,SEAT Ibiza1.0TSI Style+LED+NAVI+TEMPO+PDC+KLIMA,14490,,True,2025,05-2025,32664,,used,petrol,85,115,999,,128,5.7,manual,,Frontantrieb,Kleinwagen,5,5,Schwarz,,,,,dealer,Kamux Auto GmbH,DE-31785 Hameln,DE,2,https://prod.pictures.autoscout24.net/listing-images/43392742-fa7c-461d-a0e7-efc7da241bb9_68ec9d60-71b1-4152-9aec-48166c9e488e.jpg/250x188.webp,2026-09-29T07:38:33.441408,0.44,1
349ec8f4-1965-41f0-aed5-15d9d2796207,https://www.autoscout24.de/angebote/349ec8f4-1965-41f0-aed5-15d9d2796207,de,Volkswagen,polo gti,,Volkswagen Polo GTIPolo 2.0 TSI DSG GTI MATRIX-LED NAVI ACC,22950,,True,2024,11-2024,17300,,used,petrol,152,206,1984,Euro 6,154,6.7,automatic,,Frontantrieb,Limousine,4,5,Schwarz,,,,,dealer,Auto Bierschneider GmbH - CUPRA Garage Regensburg,DE-93055 Regensburg,DE,2,https://prod.pictures.autoscout24.net/listing-images/349ec8f4-1965-41f0-aed5-15d9d2796207_7283105f-5c8e-4662-bd44-959c243dc9e4.jpg/250x188.webp,2026-09-29T07:38:33.441415,1.33,2
59aa3566-6811-4544-bc2d-d1ebc5e378b6,https://www.autoscout24.de/angebote/59aa3566-6811-4544-bc2d-d1ebc5e378b6,de,Mazda,cx-80,,Mazda CX-802.5SKYACTIV PHEV 327 HOMURA+ 7-Sitze Pano,44980,,True,2025,12-2025,9036,,used,hybrid,241,327,2488,Euro 6e,,6.0,automatic,,AWD,SUV/Geländewagen/Pickup,4,7,Rot,,,,,dealer,Dickreich Automobile GmbH & Co. KG,DE-34576 Homberg (Efze),DE,2,https://prod.pictures.autoscout24.net/listing-images/59aa3566-6811-4544-bc2d-d1ebc5e378b6_8dda4b5f-f53c-4e1b-9fd9-917d2f91eb95.jpg/250x188.webp,2026-09-29T07:38:33.441434,4.98,1
187f0377-20b2-4ad9-8f8d-606541915073,https://www.autoscout24.de/angebote/187f0377-20b2-4ad9-8f8d-606541915073,de,Cupra,formentor,,CUPRA Formentor1.5 eTSI MHEV DSG,27980,,True,2025,07-2025,7396,,used,hybrid,110,149,1498,Euro 6d-TEMP,130,5.7,automatic,,Frontantrieb,SUV/Geländewagen/Pickup,5,5,Grau,,,,,dealer,Automobile Dresden Weißig,DE-01328 Dresden/Weißig,DE,3,https://prod.pictures.autoscout24.net/listing-images/187f0377-20b2-4ad9-8f8d-606541915073_b2d1ceed-b7b5-4189-bf2d-06dfd00e70c7.jpg/250x188.webp,2026-09-29T07:38:33.441444,3.78,1
798f0544-57f0-4422-8fd6-a330401ca571,https://www.autoscout24.de/angebote/798f0544-57f0-4422-8fd6-a330401ca571,de,BMW,x1,,BMW X1sDrive 18 i Advantage Navi SHZ Tempomat,16975,,True,2019,06-2019,48100,,used,petrol,103,140,1499,Euro 6d-TEMP,,6.0,manual,,Frontantrieb,SUV/Geländewagen/Pickup,5,5,Weiß,,,,,dealer,Auto Zentrum Westküste,DE-25813 Husum,DE,3,https://prod.pictures.autoscout24.net/listing-images/798f0544-57f0-4422-8fd6-a330401ca571_4e2c401d-59c2-468b-87c7-55891692ea07.jpg/250x188.webp,2026-09-29T07:38:33.441452,0.35,7
59d41d26-214d-4eba-a258-7236c2cf659a,https://www.autoscout24.de/angebote/59d41d26-214d-4eba-a258-7236c2cf659a,de,Renault,megane e-tech,,Renault Megane E-TechEQUILIBRE EV60 220 Optimum Charge,23890,,True,2023,04-2023,53107,,used,electric,117,160,,,0,4.0,automatic,,Frontantrieb,Limousine,5,5,Schwarz,,,,,dealer,RENAULT RETAIL GROUP Deutschland GmbH,DE-60314 Frankfurt / Main,DE,2,https://prod.pictures.autoscout24.net/listing-images/59d41d26-214d-4eba-a258-7236c2cf659a_d8b8118d-dfed-480c-97b4-6cbec9a1e684.jpg/250x188.webp,2026-09-29T07:38:33.441459,0.45,3
4410a667-6552-4124-9334-9541d4ed6d35,https://www.autoscout24.de/angebote/4410a667-6552-4124-9334-9541d4ed6d35,de,Skoda,karoq,,Skoda Karoq1.5 TSI DSG Ambition Kamera,17890,,True,2022,03-2022,83663,,used,petrol,110,149,1500,Euro 6d,120,6.0,automatic,,Frontantrieb,SUV/Geländewagen/Pickup,5,5,Silber,,,,,dealer,Nord-Automobile,DE-26180 Rastede/ Wahnbek,DE,2,https://prod.pictures.autoscout24.net/listing-images/4410a667-6552-4124-9334-9541d4ed6d35_2e96a77a-fd64-4c63-9fe6-4ad70846abf8.jpg/250x188.webp,2026-09-29T07:38:33.441466,0.21,4
704e3dd7-28c6-435d-abdd-fe44749a46cc,https://www.autoscout24.de/angebote/704e3dd7-28c6-435d-abdd-fe44749a46cc,de,Skoda,kamiq,,Skoda KamiqLED ALU AAC Sunset CAM VirtCP 1Jahr-AG,17950,,True,2025,05-2025,10376,,used,petrol,85,115,,Euro 6d,124,5.5,manual,,Frontantrieb,SUV/Geländewagen/Pickup,5,5,Silber,,,,,dealer,AVG Struck Automobile - Vertriebs GmbH,DE-85560 Ebersberg,DE,2,https://prod.pictures.autoscout24.net/listing-images/704e3dd7-28c6-435d-abdd-fe44749a46cc_869d1afd-766c-46e3-9c42-dbe4f0f8e6c1.jpg/250x188.webp,2026-09-29T07:38:33.441473,1.73,1
11e84424-1cbf-4730-8639-a87f4dc0caaa,https://www.autoscout24.de/angebote/11e84424-1cbf-4730-8639-a87f4dc0caaa,de,Hyundai,ioniq 6,,"Hyundai IONIQ 677,4 kWh TECHNIQ LED+20+Kam+Navi+HuD+",30774,,True,2023,08-2023,26271,,used,electric,168,228,,Euro 6d,0,6.0,automatic,,,Limousine,4,5,Grau,,,,,dealer,Autohaus Anders GmbH,DE-49377 Vechta,DE,3,https://prod.pictures.autoscout24.net/listing-images/11e84424-1cbf-4730-8639-a87f4dc0caaa_e05ca31d-695f-4610-877d-7a42d745f6fd.jpg/250x188.webp,2026-09-29T07:38:33.441480,1.17,3
ca83bbd9-de5a-492f-9251-ed127dc95898,https://www.autoscout24.de/angebote/ca83bbd9-de5a-492f-9251-ed127dc95898,de,Volkswagen,tiguan,,Volkswagen Tiguan2.0 TDI DSG,24780,,True,2024,06-2024,92883,,used,diesel,110,149,1968,,,4.0,automatic,,Frontantrieb,SUV/Geländewagen/Pickup,5,5,Weiß,,,,,dealer,DB Autohaus Maintal,DE-63477 Maintal,DE,2,https://prod.pictures.autoscout24.net/listing-images/ca83bbd9-de5a-492f-9251-ed127dc95898_19d35dff-0492-46a6-bc5c-f4e51c7554c3.jpg/250x188.webp,2026-09-29T07:38:33.441487,0.27,2
f43f0289-e409-47ce-9b78-6edc5c02e260,https://www.autoscout24.de/angebote/f43f0289-e409-47ce-9b78-6edc5c02e260,de,Audi,q3,,Audi Q340 TFSI Q S tronic S line Standhzg.,30980,,True,2022,01-2022,44350,,used,petrol,140,190,1984,Euro 6d,,6.0,automatic,,AWD,SUV/Geländewagen/Pickup,4,5,Grau,,,,,dealer,Autohaus Kühl GmbH & Co. KG,DE-38518 Gifhorn,DE,2,https://prod.pictures.autoscout24.net/listing-images/f43f0289-e409-47ce-9b78-6edc5c02e260_efa92c0e-e302-4d95-932e-1320e9f5b5e0.jpg/250x188.webp,2026-09-29T07:38:33.441495,0.7,4
56dafad7-2733-4d42-a505-e03867434d96,https://www.autoscout24.de/angebote/56dafad7-2733-4d42-a505-e03867434d96,de,Volkswagen,t-roc,,Volkswagen T-Roc*Led*Shz*Pdc*BLACK OAK BROWN,12999,,True,2018,04-2018,107000,,used,petrol,85,115,999,Euro 6,116,5.1,manual,,Frontantrieb,SUV/Geländewagen/Pickup,4,5,Braun,,,,,dealer,Christian Nickel Automobile GmbH,DE-49401 Damme,DE,2,https://prod.pictures.autoscout24.net/listing-images/56dafad7-2733-4d42-a505-e03867434d96_849e0e62-9fc8-4709-99bf-ac52a51df31f.jpg/250x188.webp,2026-09-29T07:38:33.441503,0.12,8
6508cc07-7a31-489c-904a-d89cf61a6fa7,https://www.autoscout24.de/angebote/6508cc07-7a31-489c-904a-d89cf61a6fa7,de,Volkswagen,t-roc,,"Volkswagen T-Roc1.5 TSI Active Pano, El. Heckklappe, Navi",19930,,True,2021,08-2021,41843,,used,petrol,110,149,1498,,,,automatic,,,SUV/Geländewagen/Pickup,5,5,Silber,,,,,dealer,Hermann Klein GmbH & Co. KG,DE-34233 Fuldatal,DE,2,https://prod.pictures.autoscout24.net/listing-images/6508cc07-7a31-489c-904a-d89cf61a6fa7_fb4e0e43-dea2-499e-ac2e-033b76bb5356.jpg/250x188.webp,2026-09-29T07:38:33.441510,0.48,5
bda9098d-7051-4e86-b0f2-cbfbb5288534,https://www.autoscout24.de/angebote/bda9098d-7051-4e86-b0f2-cbfbb5288534,de,Mercedes-Benz,glc 300,,Mercedes-Benz GLC 300e AMG Coupe 20*HUD*VollLeder*SOH97%,41750,,True,2021,03-2021,58871,,used,hybrid,235,319,1991,Euro 6d,52,6.0,automatic,,AWD,Coupé,4,5,Weiß,,,,,dealer,Automarkt Immelborn GmbH,DE-36456 Barchfeld Immelborn,DE,3,https://prod.pictures.autoscout24.net/listing-images/bda9098d-7051-4e86-b0f2-cbfbb5288534_b98867b0-e049-4e56-b134-00bab7e7214c.jpg/250x188.webp,2026-09-29T07:38:33.441517,0.71,5
3e177b8e-c91a-4fce-8fb5-b174e342786c,https://www.autoscout24.de/angebote/3e177b8e-c91a-4fce-8fb5-b174e342786c,de,BMW,220,,BMW 220i xDrive Gran Coupe Sport Line SHZ 2ZK DAB,25790,,True,2022,04-2022,37000,,used,petrol,131,178,1998,Euro 6d,150,6.6,automatic,,AWD,Limousine,4,5,Weiß,,,,,dealer,Autohaus Straußberger,DE-90574 Roßtal,DE,2,https://prod.pictures.autoscout24.net/listing-images/3e177b8e-c91a-4fce-8fb5-b174e342786c_a7d13aa5-9b20-4ca9-b504-007e216abe6e.jpg/250x188.webp,2026-09-29T07:38:33.441524,0.7,4
21e64da2-a0ea-4ebc-9272-cc5953594d3c,https://www.autoscout24.de/angebote/21e64da2-a0ea-4ebc-9272-cc5953594d3c,de,Audi,a3,,Audi A3Sportback 45 TFSI e S line Pano+Navi+Kamera,27990,,True,2022,08-2022,73250,,used,hybrid,180,244,1395,Euro 6d,,6.0,automatic,,Frontantrieb,Limousine,5,5,Grau,,,,,dealer,Friedrich Hoffmann GmbH & Co. KG,DE-59823 Arnsberg,DE,2,https://prod.pictures.autoscout24.net/listing-images/21e64da2-a0ea-4ebc-9272-cc5953594d3c_0ecf0d2a-1937-4d33-bd32-475f9b0d2b72.jpg/250x188.webp,2026-09-29T07:38:33.441531,0.38,4
6569089f-6210-4b81-b2d5-ccbc0f53460b,https://www.autoscout24.de/angebote/6569089f-6210-4b81-b2d5-ccbc0f53460b,de,Hyundai,i30,,Hyundai i30N-LINE 1.5  T-GDi (48V),18900,,True,2023,09-2023,34622,,used,petrol,118,160,1482,Euro 6,,6.0,manual,,Frontantrieb,Limousine,5,5,Grau,,,,,dealer,Autohaus Körner GmbH,DE-12683 Berlin,DE,3,https://prod.pictures.autoscout24.net/listing-images/6569089f-6210-4b81-b2d5-ccbc0f53460b_48af9eaf-8c3c-4d9c-8eeb-1783d5a60cb4.jpg/250x188.webp,2026-09-29T07:38:33.441538,0.55,3
68d17f33-b3a7-4fa0-ae6d-d3cb438f66ab,https://www.autoscout24.de/angebote/68d17f33-b3a7-4fa0-ae6d-d3cb438f66ab,de,Ford,kuga,,Ford KugaTrend,14990,,True,2021,12-2021,24200,,used,petrol,88,119,1498,Euro 6d-TEMP,123,5.4,manual,,Frontantrieb,SUV/Geländewagen/Pickup,4,5,Blau,,,,,dealer,Autocenter Stoppenberg,DE-45141 Essen,DE,2,https://prod.pictures.autoscout24.net/listing-images/68d17f33-b3a7-4fa0-ae6d-d3cb438f66ab_9bcbb43c-23e0-4cfa-b987-478978e18f90.jpg/250x188.webp,2026-09-29T07:38:33.441546,0.62,5
d473009c-e40d-4a20-b3d6-e0da713e9104,https://www.autoscout24.de/angebote/d473009c-e40d-4a20-b3d6-e0da713e9104,de,Ford,puma,,Ford PumaTitanium Navi+Kamera,14900,,True,2023,09-2023,29889,,used,petrol,92,125,999,Euro 6d,45,5.0,automatic,,Frontantrieb,SUV/Geländewagen/Pickup,5,5,Silber,,,,,dealer,,DE-25421 Pinneberg,DE,1,https://prod.pictures.autoscout24.net/listing-images/d473009c-e40d-4a20-b3d6-e0da713e9104_aaf9707f-8764-43e2-82fe-c4b482f7cc24.jpg/250x188.webp,2026-09-29T07:38:33.441552,0.5,3
8b4d5177-3ed8-42f8-ab80-f41524ea7723,https://www.autoscout24.de/angebote/8b4d5177-3ed8-42f8-ab80-f41524ea7723,de,BMW,x5 m,,BMW X5 Md INDIVIDUAL PERFORMANCE B&W SKY ACC,59990,,True,2019,07-2019,88000,,used,diesel,294,399,2993,Euro 6d-TEMP,225,6.0,automatic,,AWD,SUV/Geländewagen/Pickup,4,5,Schwarz,,,,,dealer,Sanverdi Cars GmbH,DE-82178 Puchheim - Bhf bei München,DE,1,https://prod.pictures.autoscout24.net/listing-images/8b4d5177-3ed8-42f8-ab80-f41524ea7723_656bb45f-b10c-4249-8d2c-134de449430b.jpg/250x188.webp,2026-09-29T07:38:33.441560,0.68,7
109d9b1a-2440-4c74-ac85-2b76ee08ff44,https://www.autoscout24.de/angebote/109d9b1a-2440-4c74-ac85-2b76ee08ff44,de,Tesla,model y,,Tesla Model YRWD Long Range Kamera+SitzHZ+Klima+Pano,37998,,True,2024,09-2024,10160,,used,electric,187,255,,,0,15.5,automatic,,Heck,SUV/Geländewagen/Pickup,5,5,Weiß,,,,,dealer,Auto Levy GmbH,DE-41239 Mönchengladbach,DE,2,https://prod.pictures.autoscout24.net/listing-images/109d9b1a-2440-4c74-ac85-2b76ee08ff44_46e30511-5ff7-4ae3-b6c2-ccd182596b27.jpg/250x188.webp,2026-09-29T07:38:33.441567,3.74,2
971dcc7e-c3e6-42e2-b614-ffa5babcda2b,https://www.autoscout24.de/angebote/971dcc7e-c3e6-42e2-b614-ffa5babcda2b,de,Nissan,leaf,,Nissan LeafEngage Winter ACC+2xKlima+360+Fernlichtass.,32990,,True,2026,09-2026,102,,used,electric,95,130,,,0,13.8,automatic,,,Limousine,5,5,Weiß,,,,,dealer,Autohaus Odenwälder,DE-74374 Zaberfeld - Michelbach,DE,2,https://prod.pictures.autoscout24.net/listing-images/971dcc7e-c3e6-42e2-b614-ffa5babcda2b_edc4a463-a394-4f8e-a664-ffc746350b9a.jpg/250x188.webp,2026-09-29T07:38:33.441575,323.43,0
105fccfe-f408-4c50-87b8-e2fd42e5505b,https://www.autoscout24.de/angebote/105fccfe-f408-4c50-87b8-e2fd42e5505b,de,Mercedes-Benz,c 63 amg,,Mercedes-Benz C 63 AMGC 63 S AMG,69630,,True,2023,03-2023,46800,,used,petrol,375,510,3982,Euro 6,247,10.9,automatic,,,Coupé,2,4,Grau,,,,,dealer,F/G/M Mettchen Müller GmbH & Co. KG,DE-15517 Fürstenwalde,DE,3,https://prod.pictures.autoscout24.net/listing-images/105fccfe-f408-4c50-87b8-e2fd42e5505b_28cbbefe-4941-475a-84a4-ac067f23bc81.jpg/250x188.webp,2026-09-29T07:38:33.441583,1.49,3
456b7c1d-6d4c-48ff-972c-a5b2e1b183ab,https://www.autoscout24.de/angebote/456b7c1d-6d4c-48ff-972c-a5b2e1b183ab,de,Renault,clio,,Renault ClioEdition One KAMERA,14800,,True,2019,11-2019,35558,,used,petrol,96,130,1332,Euro 6,,6.0,automatic,,Frontantrieb,Limousine,5,5,Schwarz,,,,,dealer,Auto Center Bostan e.K.,DE-78054 Villingen Schwenningen,DE,3,https://prod.pictures.autoscout24.net/listing-images/456b7c1d-6d4c-48ff-972c-a5b2e1b183ab_4a60c3fa-9c16-4efc-84ea-bf8b2875b816.jpg/250x188.webp,2026-09-29T07:38:33.441590,0.42,7
635e1ce9-58c1-4764-a518-8b6f04fc7eb3,https://www.autoscout24.de/angebote/635e1ce9-58c1-4764-a518-8b6f04fc7eb3,de,Mercedes-Benz,eqv 300,,Mercedes-Benz EQV 300EQV 300 lang,37350,,True,2020,12-2020,59027,,used,electric,150,204,,,0,28.7,automatic,,,Van/Kleinbus,3,6,Grau,,,,,dealer,STERNAUTO GmbH,DE-18055 Rostock,DE,2,https://prod.pictures.autoscout24.net/listing-images/635e1ce9-58c1-4764-a518-8b6f04fc7eb3_e88dc871-02a1-4d1a-81ee-04ac067f5c41.jpg/250x188.webp,2026-09-29T07:38:33.441597,0.63,6
340671e4-e809-4cc3-97fc-9eec1cfb150f,https://www.autoscout24.de/angebote/340671e4-e809-4cc3-97fc-9eec1cfb150f,de,Peugeot,e-2008,,Peugeot e-20082008 Elektro Allure,17990,,True,2022,08-2022,40057,,used,electric,100,136,,Euro 6d-TEMP,0,6.0,automatic,,Frontantrieb,SUV/Geländewagen/Pickup,5,5,Weiß,,,,,dealer,Autohaus Koch GmbH,DE-67071 Ludwigshafen,DE,3,https://prod.pictures.autoscout24.net/listing-images/340671e4-e809-4cc3-97fc-9eec1cfb150f_b049ee0c-ffff-4c49-88a6-3b3e1ae70953.jpg/250x188.webp,2026-09-29T07:38:33.441604,0.45,4
d5f9fc3a-1699-4d51-8aeb-1c7d437fac9a,https://www.autoscout24.de/angebote/d5f9fc3a-1699-4d51-8aeb-1c7d437fac9a,de,Mg,mg4,,MG MG451kWh SpurhalteA. CarPlay DAB LED ACC,18980,,True,2023,04-2023,31020,,used,electric,51,69,,Euro 6d,0,6.0,automatic,,Frontantrieb,Limousine,4,5,Weiß,,,,,dealer,Autohaus EuroCar Landshut GmbH,DE-84030 Landshut,DE,3,https://prod.pictures.autoscout24.net/listing-images/d5f9fc3a-1699-4d51-8aeb-1c7d437fac9a_56c7b3bb-9363-4f57-88e0-395637e53cd8.jpg/250x188.webp,2026-09-29T07:38:33.441651,0.61,3
3e126a77-9091-41c6-80dd-5b7872bae6c1,https://www.autoscout24.de/angebote/3e126a77-9091-41c6-80dd-5b7872bae6c1,de,Skoda,octavia,,Skoda OctaviaCom 2.0TDI Ambit VIRTU+NAVI+LED+SHZ+ACC,15750,,True,2023,06-2023,55900,,used,diesel,85,115,1968,Euro 6d,103,3.9,manual,,,Kombi,5,5,Silber,,,,,dealer,Dick Automobile Dieburg GmbH,DE-64807 Dieburg,DE,2,https://prod.pictures.autoscout24.net/listing-images/3e126a77-9091-41c6-80dd-5b7872bae6c1_6c127dff-fb0f-4110-8359-bbd234b2929a.jpg/250x188.webp,2026-09-29T07:38:33.441659,0.28,3
b1fa3d09-b528-48b9-a145-ad2fed2f3786,https://www.autoscout24.de/angebote/b1fa3d09-b528-48b9-a145-ad2fed2f3786,de,Mercedes-Benz,c 180,,Mercedes-Benz C 180Avantgarde,27990,,True,2022,07-2022,82446,,used,petrol,140,190,1496,Euro 6d,,6.0,automatic,,Heck,Limousine,4,5,Grau,,,,,dealer,GKD Automobile GmbH,DE-42285 Wuppertal,DE,2,https://prod.pictures.autoscout24.net/listing-images/b1fa3d09-b528-48b9-a145-ad2fed2f3786_94a9e781-f639-47a7-9d3f-5108975d6f5e.jpg/250x188.webp,2026-09-29T07:38:33.441667,0.34,4
bbbddf2d-9d21-4b48-80d2-5bacc6330879,https://www.autoscout24.de/angebote/bbbddf2d-9d21-4b48-80d2-5bacc6330879,de,Geely,starray em-i,,Geely Starray EM-iMAX+ PHEV E.Heck Pano HUD PDC V+h,31450,,True,2026,09-2026,10,,new,hybrid,193,262,1499,Euro 6e,36,1.6,automatic,,Frontantrieb,SUV/Geländewagen/Pickup,4,5,Silber,,,,,dealer,CC Automobile,DE-52349 Düren,DE,3,https://prod.pictures.autoscout24.net/listing-images/bbbddf2d-9d21-4b48-80d2-5bacc6330879_9d817ad1-700a-4c65-a19b-abe73b9c3b64.jpg/250x188.webp,2026-09-29T07:38:33.441674,3145.0,0
0882bf17-ead9-4768-bede-cf99bb6a5cf3,https://www.autoscout24.de/angebote/0882bf17-ead9-4768-bede-cf99bb6a5cf3,de,Porsche,cayenne,,Porsche CayenneE-Hybrid,94900,,True,2025,06-2025,11367,,used,hybrid,254,346,2995,,,4.0,automatic,,AWD,SUV/Geländewagen/Pickup,4,5,Schwarz,,,,,dealer,PZ Sportwagenzentrum Osnabrück GmbH,DE-48488 Emsbüren,DE,2,https://prod.pictures.autoscout24.net/listing-images/0882bf17-ead9-4768-bede-cf99bb6a5cf3_7280ca4d-9d85-4ad4-a65f-a4dc01a29c8f.jpg/250x188.webp,2026-09-29T07:38:33.441682,8.35,1
91610346-b2f3-4296-bda1-fbef7525c87e,https://www.autoscout24.de/angebote/91610346-b2f3-4296-bda1-fbef7525c87e,de,Audi,a3,,Audi A345 1.4 TFSI e S line OPTIK SCHW. HU,26980,,True,2023,06-2023,89342,,used,hybrid,132,180,1395,,,4.0,automatic,,Frontantrieb,Limousine,4,5,Schwarz,,,,,dealer,Hoppmann Automobil GmbH,DE-57462 Olpe,DE,2,https://prod.pictures.autoscout24.net/listing-images/91610346-b2f3-4296-bda1-fbef7525c87e_1d068581-2ec0-4f5f-8e30-349bc7d99cc2.jpg/250x188.webp,2026-09-29T07:38:33.441688,0.3,3
8ffb8d7c-3019-4a03-a1f3-b7f7e68a804f,https://www.autoscout24.de/angebote/8ffb8d7c-3019-4a03-a1f3-b7f7e68a804f,de,Audi,q4 e-tron,,Audi Q4 e-tronSportback 50 qu 2xS line NAVI WÄRMEPUMPE,38690,,True,2023,10-2023,28980,,used,electric,220,299,,Euro 6d,0,17.5,automatic,,AWD,Coupé,5,5,Schwarz,,,,,dealer,Feser Joachim Automobil GmbH,DE-91154 Roth,DE,3,https://prod.pictures.autoscout24.net/listing-images/8ffb8d7c-3019-4a03-a1f3-b7f7e68a804f_d0c8471f-2245-4b4d-ac0f-d3039ebddf49.jpg/250x188.webp,2026-09-29T07:38:33.441696,1.34,3
47aeeaa5-f600-46dc-bd44-4977c792926e,https://www.autoscout24.de/angebote/47aeeaa5-f600-46dc-bd44-4977c792926e,de,Opel,grandland x,,Opel Grandland X1.2 Turbo I INNOVATION I LED I RFK I 2xPDC,14980,,True,2020,02-2020,31149,,used,petrol,96,130,1199,,117,4.0,manual,,Frontantrieb,SUV/Geländewagen/Pickup,5,5,Rot,,,,,dealer,Schlattmann  GmbH & Co. KG,DE-49324 Melle,DE,3,https://prod.pictures.autoscout24.net/listing-images/47aeeaa5-f600-46dc-bd44-4977c792926e_6c2d468a-03cf-45e3-9595-40c38ada4ff9.jpg/250x188.webp,2026-09-29T07:38:33.441703,0.48,6
d7d8938d-f6c5-4f9d-b1e7-f44520ad6a62,https://www.autoscout24.de/angebote/d7d8938d-f6c5-4f9d-b1e7-f44520ad6a62,de,Audi,q2,,Audi Q235 TFSI S tronic,18950,,True,2022,08-2022,44418,,used,petrol,110,149,1498,Euro 6d-TEMP,137,6.0,automatic,,Frontantrieb,SUV/Geländewagen/Pickup,5,5,Schwarz,,,,,dealer,Auto Osmann GmbH,DE-47805 Krefeld,DE,2,https://prod.pictures.autoscout24.net/listing-images/d7d8938d-f6c5-4f9d-b1e7-f44520ad6a62_8deef696-251e-41de-85c1-7ff3ac1e1000.jpg/250x188.webp,2026-09-29T07:38:33.441713,0.43,4
22949387-6cff-42a4-8e5a-e9af63bb41c9,https://www.autoscout24.de/angebote/22949387-6cff-42a4-8e5a-e9af63bb41c9,de,Audi,q5,,Audi Q5advanced 40 2.0 TDI quattro S-tronic,34940,,True,2024,06-2024,45434,,used,diesel,150,204,1968,,,4.0,automatic,,AWD,SUV/Geländewagen/Pickup,5,5,Silber,,,,,dealer,DB Autohaus Schweinfurt Premium,DE-97424 Schweinfurt,DE,2,https://prod.pictures.autoscout24.net/listing-images/22949387-6cff-42a4-8e5a-e9af63bb41c9_65ba744d-697f-42b1-b66c-fad799500b70.jpg/250x188.webp,2026-09-29T07:38:33.441720,0.77,2
3698594e-386a-4165-a5dd-8edd4174b6e7,https://www.autoscout24.de/angebote/3698594e-386a-4165-a5dd-8edd4174b6e7,de,Skoda,kamiq,,Skoda KamiqAmbition,16450,,True,2022,07-2022,76000,,used,petrol,110,149,1498,,,4.0,automatic,,Frontantrieb,SUV/Geländewagen/Pickup,5,,Grau,,,,,dealer,Autohaus Brass Vertriebs GmbH & Co. KG,DE-63920 Grossheubach,DE,2,https://prod.pictures.autoscout24.net/listing-images/3698594e-386a-4165-a5dd-8edd4174b6e7_c1b439b8-73da-4d32-81be-4c875a078762.jpg/250x188.webp,2026-09-29T07:38:33.441727,0.22,4
b650c109-f5eb-40ae-9e40-211daa5384f8,https://www.autoscout24.de/angebote/b650c109-f5eb-40ae-9e40-211daa5384f8,de,Mercedes-Benz,glc 300,,"Mercedes-Benz GLC 300e 4M AMG*Night*20""",45809,,True,2023,07-2023,73698,,used,hybrid,150,204,1999,Euro 6,12,0.5,automatic,,AWD,SUV/Geländewagen/Pickup,5,5,Weiß,,,,,dealer,Autohaus Peter Duderstadt GmbH,DE-37115 Duderstadt,DE,2,https://prod.pictures.autoscout24.net/listing-images/b650c109-f5eb-40ae-9e40-211daa5384f8_f646ba11-75f8-4f7f-b098-9aba70f0500c.jpg/250x188.webp,2026-09-29T07:38:33.441735,0.62,3
b1a16c31-162d-4e76-9689-3e2368f54e92,https://www.autoscout24.de/angebote/b1a16c31-162d-4e76-9689-3e2368f54e92,de,Ford,ranger raptor,,Ford Ranger RaptorRanger Raptor DOKA 4x4 Raptor-Paket 2.0,57691,,True,2026,05-2026,250,,used,diesel,154,209,1996,Euro 6e,271,10.3,automatic,,AWD,SUV/Geländewagen/Pickup,4,5,Schwarz,,,,,dealer,Karl Stauner AG,DE-93413 Cham,DE,2,https://prod.pictures.autoscout24.net/listing-images/b1a16c31-162d-4e76-9689-3e2368f54e92_25cb600c-0eee-4c36-99ed-43c79a87e119.jpg/250x188.webp,2026-09-29T07:38:33.441742,230.76,0
b6e34fb6-d72f-475b-abc3-5b1ebc3e520f,https://www.autoscout24.de/angebote/b6e34fb6-d72f-475b-abc3-5b1ebc3e520f,de,Jaguar,i-pace,,Jaguar I-PaceSE *SHZ,17890,,True,2019,07-2019,141000,,used,electric,294,399,,,0,0.0,automatic,,AWD,SUV/Geländewagen/Pickup,4,5,Grau,,,,,dealer,EcB-Car+plus e.K.,DE-84030 Landshut,DE,2,https://prod.pictures.autoscout24.net/listing-images/b6e34fb6-d72f-475b-abc3-5b1ebc3e520f_5d9a3b89-5d95-4cb7-a6e0-12a780b3bb71.jpg/250x188.webp,2026-09-29T07:38:33.441750,0.13,7
8aa1346f-792a-4f38-8537-9677a15968ad,https://www.autoscout24.de/angebote/8aa1346f-792a-4f38-8537-9677a15968ad,de,BMW,x5 m,,BMW x5 m,78980,,True,2024,11-2024,19600,,used,petrol,390,530,4395,Euro 6,261,11.5,automatic,,AWD,SUV/Geländewagen/Pickup,5,5,Grau,,,,,dealer,Automobile Dresden Weißig,DE-01328 Dresden/Weißig,DE,3,https://prod.pictures.autoscout24.net/listing-images/8aa1346f-792a-4f38-8537-9677a15968ad_50d4f4fa-da34-497f-8a90-d57aff70fca8.jpg/250x188.webp,2026-09-29T07:38:33.441757,4.03,2
706cc1fa-9b3b-4bcf-8c5d-d5f4d1ae4f39,https://www.autoscout24.de/angebote/706cc1fa-9b3b-4bcf-8c5d-d5f4d1ae4f39,de,Opel,astra,,Opel AstraAstra 1.5 D Aut. Business Elegance AHK,14990,,True,2023,03-2023,73974,,used,diesel,96,130,1498,,,4.0,automatic,,Frontantrieb,Limousine,5,5,Schwarz,,,,,dealer,AutoExpo Deutsche Automarkt GmbH,DE-35463 Fernwald-Steinbach,DE,2,https://prod.pictures.autoscout24.net/listing-images/706cc1fa-9b3b-4bcf-8c5d-d5f4d1ae4f39_89f96a20-0618-4e34-9978-4ee51f68c88e.jpg/250x188.webp,2026-09-29T07:38:33.441765,0.2,3
f0270afc-99b5-46aa-ac43-94cc7c17a7ac,https://www.autoscout24.de/angebote/f0270afc-99b5-46aa-ac43-94cc7c17a7ac,de,Volkswagen,tiguan,,Volkswagen TiguanR-Line 1.5 eTSI DSG BLACK,36579,,True,2025,09-2025,3400,,used,petrol,110,149,1498,Euro 6,140,6.1,automatic,,,SUV/Geländewagen/Pickup,5,5,Grau,,,,,dealer,Autohaus Küver GmbH,DE-27628 Hagen,DE,2,https://prod.pictures.autoscout24.net/listing-images/f0270afc-99b5-46aa-ac43-94cc7c17a7ac_8c029516-ea4b-4f54-bd00-9f39ce24e3ab.jpg/250x188.webp,2026-09-29T07:38:33.441772,10.76,1
aee4109b-5876-4ffe-a8b5-0de5db741730,https://www.autoscout24.de/angebote/aee4109b-5876-4ffe-a8b5-0de5db741730,de,Mazda,cx-6e,,Mazda CX-6e258PS EV Takumi Plus,45980,,True,,new,8,,new,electric,189,258,,Euro 6d-TEMP,0,19.4,automatic,,Heck,SUV/Geländewagen/Pickup,5,5,Violett,,,,,dealer,Autohaus Bischoff GmbH,DE-24539 Neumünster,DE,2,https://prod.pictures.autoscout24.net/listing-images/aee4109b-5876-4ffe-a8b5-0de5db741730_d2241821-2c5f-41b3-a5d9-f4fd38a898c3.jpg/250x188.webp,2026-09-29T07:38:33.441779,5747.5,
df39f561-3224-4eed-b858-0f2a0305f396,https://www.autoscout24.de/angebote/df39f561-3224-4eed-b858-0f2a0305f396,de,Volkswagen,tiguan,,Volkswagen Tiguan1.5 eTSI Life*LED+,29980,,True,2024,10-2024,25333,,used,hybrid,96,130,1498,Euro 6,139,6.2,automatic,,Frontantrieb,SUV/Geländewagen/Pickup,5,5,Grün,,,,,dealer,Automobile Dresden Weißig,DE-01328 Dresden/Weißig,DE,3,https://prod.pictures.autoscout24.net/listing-images/df39f561-3224-4eed-b858-0f2a0305f396_ce019eea-7ed3-4fd3-b2ef-d40fc9597c3b.jpg/250x188.webp,2026-09-29T07:38:33.441786,1.18,2
71dd0b74-7ef3-4fd4-8da8-18e5a4f535fc,https://www.autoscout24.de/angebote/71dd0b74-7ef3-4fd4-8da8-18e5a4f535fc,de,Mercedes-Benz,a 200,,Mercedes-Benz A 200AMG LINE 7G-DCT  NAVI R-KAM AMBIENTE,24900,,True,2020,10-2020,36471,,used,petrol,120,163,1332,Euro 6d,,6.0,automatic,,,Limousine,,5,Silber,,,,,dealer,AS AUTOZENTRUM SÜD GmbH,DE-12487 Berlin,DE,2,https://prod.pictures.autoscout24.net/listing-images/71dd0b74-7ef3-4fd4-8da8-18e5a4f535fc_314b4380-7b0a-4b5c-a442-474185fe6bfa.jpg/250x188.webp,2026-09-29T07:38:33.441794,0.68,6
43874a18-d251-4edf-96fa-1c4d238d3e15,https://www.autoscout24.de/angebote/43874a18-d251-4edf-96fa-1c4d238d3e15,de,Porsche,taycan,,Porsche TaycanGTS Sport Turismo InnoDrive Privacy,74900,,True,2023,04-2023,61337,,used,electric,323,440,0,,0,22.4,automatic,,AWD,Kombi,4,4,Schwarz,,,,,dealer,Porsche Zentrum Mannheim,DE-68229 Mannheim,DE,2,https://prod.pictures.autoscout24.net/listing-images/43874a18-d251-4edf-96fa-1c4d238d3e15_7d8b19bf-79a1-43dc-9005-fd4189c12995.jpg/250x188.webp,2026-09-29T07:38:33.441801,1.22,3
53834c29-7369-4372-82f2-3d36b1211226,https://www.autoscout24.de/angebote/53834c29-7369-4372-82f2-3d36b1211226,de,Mercedes-Benz,gla 200,,Mercedes-Benz GLA 200GLA 200 AMG,26950,,True,2020,09-2020,72208,,used,petrol,120,163,1332,Euro 6d,155,6.8,automatic,,Frontantrieb,SUV/Geländewagen/Pickup,5,5,Schwarz,,,,,dealer,Hans Biela Automobile GmbH,DE-27572 Bremerhaven-Wulsdorf,DE,2,https://prod.pictures.autoscout24.net/listing-images/53834c29-7369-4372-82f2-3d36b1211226_4330284c-9483-47cb-92ab-66d9bb7806f0.jpg/250x188.webp,2026-09-29T07:38:33.441809,0.37,6
dc4e96e9-92b4-4048-b3f8-2b4cb0f23748,https://www.autoscout24.de/angebote/dc4e96e9-92b4-4048-b3f8-2b4cb0f23748,de,Mercedes-Benz,e 53 amg,,Mercedes-Benz E 53 AMGHYBRID 4M+T PANO,78980,,True,2025,07-2025,17480,,used,hybrid,330,448,2998,Euro 6,23,1.0,automatic,,AWD,Kombi,5,5,Weiß,,,,,dealer,Burger Schloz Automobile GmbH & Co. KG,DE-71332 Waiblingen,DE,2,https://prod.pictures.autoscout24.net/listing-images/dc4e96e9-92b4-4048-b3f8-2b4cb0f23748_a77718f7-7b51-43b2-804b-fd7c6496653f.jpg/250x188.webp,2026-09-29T07:38:33.441816,4.52,1
00879d46-040a-438d-b1a4-d2f3cd50680b,https://www.autoscout24.de/angebote/00879d46-040a-438d-b1a4-d2f3cd50680b,de,Audi,a3,,Audi A3Lim. S line 35 TFSI S tronic PANO MATRIX NAPPA SO,36680,,True,2025,01-2025,18775,,used,petrol,110,149,1498,Euro 6,128,5.6,automatic,,Frontantrieb,Limousine,4,5,Schwarz,,,,,dealer,Autohaus Quickborn,DE-25451 Quickborn,DE,2,https://prod.pictures.autoscout24.net/listing-images/00879d46-040a-438d-b1a4-d2f3cd50680b_bd51ee8f-6442-44e7-aef7-369c687634f3.jpg/250x188.webp,2026-09-29T07:38:33.441823,1.95,1
8eeb2ca1-d20f-4ea3-b08c-0650632dad59,https://www.autoscout24.de/angebote/8eeb2ca1-d20f-4ea3-b08c-0650632dad59,de,Skoda,kamiq,,"Skoda Kamiq1,5 TSI DSG",25990,,True,2026,02-2026,13110,,used,petrol,110,149,1498,Euro 6,128,5.6,automatic,,Frontantrieb,SUV/Geländewagen/Pickup,5,5,Schwarz,,,,,dealer,Löhr Automobile Daun GW,DE-54550 Daun,DE,2,https://prod.pictures.autoscout24.net/listing-images/8eeb2ca1-d20f-4ea3-b08c-0650632dad59_9a28b446-009e-41eb-9ff2-add14e7746c5.jpg/250x188.webp,2026-09-29T07:38:33.441830,1.98,0
99c11f12-7b66-4561-827f-9607d8a06026,https://www.autoscout24.de/angebote/99c11f12-7b66-4561-827f-9607d8a06026,de,Skoda,enyaq,,Skoda EnyaqCoupé iV 80x RS +CANTON +PANO +MATRIX +ACC +RKAM,34990,,True,2023,04-2023,60604,,used,electric,220,299,,,0,16.9,automatic,,AWD,SUV/Geländewagen/Pickup,4,5,Grau,,,,,dealer,Autohaus Timmer GmbH,DE-48432 Rheine,DE,2,https://prod.pictures.autoscout24.net/listing-images/99c11f12-7b66-4561-827f-9607d8a06026_fd62d2ef-edf4-43b4-af87-43943428676d.jpg/250x188.webp,2026-09-29T07:38:33.441838,0.58,3
762f9143-9153-4d8e-9eba-fe78158b72f8,https://www.autoscout24.de/angebote/762f9143-9153-4d8e-9eba-fe78158b72f8,de,Cupra,leon,,CUPRA Leon1.4 TSI eHybrid +Winterräder +Garantie,26500,,True,2024,03-2024,29000,,used,hybrid,110,150,1395,Euro 6d,27,1.2,automatic,,Frontantrieb,Kombi,5,5,Weiß,,,,,dealer,Gebrauchtwagenhaus Wittlich OHG,DE-56269 Dierdorf,DE,3,https://prod.pictures.autoscout24.net/listing-images/762f9143-9153-4d8e-9eba-fe78158b72f8_a5ce46f5-f7a2-49ce-993c-45e17bd27e44.jpg/250x188.webp,2026-09-29T07:38:33.441845,0.91,2
1c501ff2-432d-44bd-a856-ea00530f4e72,https://www.autoscout24.de/angebote/1c501ff2-432d-44bd-a856-ea00530f4e72,de,Mercedes-Benz,c 400,,Mercedes-Benz C 4004M EQ AMG NIGHT SITZKLIMA HYPERS.,82998,,True,2026,09-2026,8050,,used,electric,360,489,,,0,15.8,automatic,,AWD,Limousine,4,5,Schwarz,,,,,dealer,Nord-Ostsee Automobile SE & Co. KG,DE-24866 Busdorf,DE,2,https://prod.pictures.autoscout24.net/listing-images/1c501ff2-432d-44bd-a856-ea00530f4e72_6b5e346f-555f-40ea-9c22-c06acdaae57a.jpg/250x188.webp,2026-09-29T07:38:33.441852,10.31,0
c0ff63ee-de85-4e00-afd5-aadc707056c1,https://www.autoscout24.de/angebote/c0ff63ee-de85-4e00-afd5-aadc707056c1,de,Ford,s-max,,Ford S-MaxST-Line ACC+Winter+Panorama+Memory+AHK,20449,,True,2019,06-2019,102000,,used,diesel,177,240,1995,,,4.0,automatic,,,Van/Kleinbus,5,5,Grau,,,,,dealer,Abel+Ruf GmbH,DE-86609 Donauwörth,DE,2,https://prod.pictures.autoscout24.net/listing-images/c0ff63ee-de85-4e00-afd5-aadc707056c1_a78e0e4d-2271-4b3d-bcb1-a38bb3574794.jpg/250x188.webp,2026-09-29T07:38:33.441860,0.2,7
fe119f1f-0a1f-402b-a0d3-00702910d674,https://www.autoscout24.de/angebote/fe119f1f-0a1f-402b-a0d3-00702910d674,de,BMW,m3,,BMW M3Competition M xDrive Limousine ACC 360° HUD,85890,,True,2025,08-2025,17176,,used,petrol,390,530,2993,Euro 6,,6.0,automatic,,AWD,Limousine,4,5,Schwarz,,,,,dealer,Autohaus Unterberger GmbH,DE-83707 Bad Wiessee,DE,3,https://prod.pictures.autoscout24.net/listing-images/fe119f1f-0a1f-402b-a0d3-00702910d674_41ebc28c-5d51-420c-803b-c8cc1388ab69.jpg/250x188.webp,2026-09-29T07:38:33.441867,5.0,1
d45d97b4-03f3-4fc6-bbc0-a3ac0adb1d61,https://www.autoscout24.de/angebote/d45d97b4-03f3-4fc6-bbc0-a3ac0adb1d61,de,Mercedes-Benz,eqa 250,,Mercedes-Benz EQA 250+,30899,,True,2023,06-2023,39542,,used,electric,140,190,,Euro 6,0,15.9,automatic,,,SUV/Geländewagen/Pickup,5,5,Schwarz,,,,,dealer,Abel+Ruf GmbH,DE-86609 Donauwörth,DE,2,https://prod.pictures.autoscout24.net/listing-images/d45d97b4-03f3-4fc6-bbc0-a3ac0adb1d61_69e91455-9381-4fe6-ba90-e28fb0b354b0.jpg/250x188.webp,2026-09-29T07:38:33.441875,0.78,3
31ad2eb1-5de0-4b32-b721-1744b53fb2c0,https://www.autoscout24.de/angebote/31ad2eb1-5de0-4b32-b721-1744b53fb2c0,de,BMW,120,,BMW 120M Sport Panorama PDC DAB Lenkrhzg Komfort,26499,,True,2022,06-2022,58777,,used,petrol,131,178,1998,Euro 6d,138,6.0,automatic,,Frontantrieb,Limousine,5,5,Grau,,,,,dealer,Autoland Celle GmbH & Co. KG,DE-29225 Celle,DE,2,https://prod.pictures.autoscout24.net/listing-images/31ad2eb1-5de0-4b32-b721-1744b53fb2c0_43440857-2dde-46af-a2d9-a932935cfdba.jpg/250x188.webp,2026-09-29T07:38:33.441882,0.45,4
61818e73-11a4-4527-871d-22af25bd2928,https://www.autoscout24.de/angebote/61818e73-11a4-4527-871d-22af25bd2928,de,Mercedes-Benz,gle 400,,Mercedes-Benz GLE 400e 4M,74880,,True,2026,03-2026,9890,,used,hybrid,185,251,1999,Euro 6,69,3.0,automatic,,AWD,SUV/Geländewagen/Pickup,4,5,Schwarz,,,,,dealer,Auto-Meyer Gmbh & Co.KG,DE-91413 Neustadt an der Aisch,DE,2,https://prod.pictures.autoscout24.net/listing-images/61818e73-11a4-4527-871d-22af25bd2928_c80aeb27-b9e5-4d2d-af7a-1d9456a116e6.jpg/250x188.webp,2026-09-29T07:38:33.441889,7.57,0
b2d57442-45f4-40f6-a67e-d0ccb097278d,https://www.autoscout24.de/angebote/b2d57442-45f4-40f6-a67e-d0ccb097278d,de,Mg,mg4,,MG MG4MG4 URBAN EV 43 KWH MY26 COMFORT,21990,,True,,new,15,,new,electric,43,58,1,,0,15.5,automatic,,Frontantrieb,Limousine,5,5,Weiß,,,,,dealer,Autohaus Brüggemann GmbH & Co KG,DE-48432 Rheine,DE,2,https://prod.pictures.autoscout24.net/listing-images/b2d57442-45f4-40f6-a67e-d0ccb097278d_2c28293d-82d5-42c0-8f28-c58ff53a80a6.jpg/250x188.webp,2026-09-29T07:38:33.441896,1466.0,
78721e15-a5bd-47df-af4d-3225a9d207fd,https://www.autoscout24.de/angebote/78721e15-a5bd-47df-af4d-3225a9d207fd,de,Hyundai,tucson,,Hyundai TUCSON1.6 GDi 4WD DCT N Line,19990,,True,2020,11-2020,61000,,used,petrol,130,176,1591,Euro 6d-TEMP,0,6.0,automatic,,AWD,SUV/Geländewagen/Pickup,5,5,Schwarz,,,,,dealer,Autohaus Kürschner GmbH,DE-08529 Plauen,DE,2,https://prod.pictures.autoscout24.net/listing-images/78721e15-a5bd-47df-af4d-3225a9d207fd_6762dd8c-8cbf-48e1-bb5c-1a37f603eb2e.jpg/250x188.webp,2026-09-29T07:38:33.441903,0.33,6
ab96c0d7-8c84-45ca-9bc4-1d405fd46edc,https://www.autoscout24.de/angebote/ab96c0d7-8c84-45ca-9bc4-1d405fd46edc,de,Audi,sq5,,Audi SQ5quattro B&O AHK 360°CAM LM21 HEAD-UP MATRIX,68855,,True,2026,03-2026,9959,,used,petrol,270,367,2995,Euro 6e,189,8.3,automatic,,AWD,SUV/Geländewagen/Pickup,5,5,Schwarz,,,,,dealer,Audi Zentrum Dortmund - Gebrauchtwagen,DE-44143 Dortmund,DE,2,https://prod.pictures.autoscout24.net/listing-images/ab96c0d7-8c84-45ca-9bc4-1d405fd46edc_0b366574-e3bb-42bc-b225-b9133dd29652.jpg/250x188.webp,2026-09-29T07:38:33.441910,6.91,0
ff3b6ecc-a663-49af-9494-55f6c5bc42e1,https://www.autoscout24.de/angebote/ff3b6ecc-a663-49af-9494-55f6c5bc42e1,de,Audi,q6 e-tron,,Audi Q6 e-tronquattro S Line / incl. Winterkompletträder,56990,,True,2024,07-2024,21500,,used,electric,285,387,,,0,18.7,automatic,,AWD,SUV/Geländewagen/Pickup,5,5,Schwarz,,,,,dealer,Auto-Zentrum GmbH Finsterwalde/Massen,DE-03238 Massen,DE,2,https://prod.pictures.autoscout24.net/listing-images/ff3b6ecc-a663-49af-9494-55f6c5bc42e1_ff979336-262f-4cf7-a5ad-f4dfc581c6a1.jpg/250x188.webp,2026-09-29T07:38:33.441920,2.65,2
b6311105-0c67-4fad-88b0-2fa0d7ccab5f,https://www.autoscout24.de/angebote/b6311105-0c67-4fad-88b0-2fa0d7ccab5f,de,Mg,mg3,,MG MG3Standard **Kamera,13895,,True,2024,08-2024,25080,,used,petrol,143,194,1498,Euro 6,100,4.4,automatic,,,Limousine,5,5,Blau,,,,,dealer,Assenheimer + Mulfinger GmbH & Co. KG,DE-74172 Neckarsulm-Obereisesheim,DE,2,https://prod.pictures.autoscout24.net/listing-images/b6311105-0c67-4fad-88b0-2fa0d7ccab5f_356cc0f1-e7b0-41a8-912f-2afafcf34d6b.jpg/250x188.webp,2026-09-29T07:38:33.441927,0.55,2
b24f5154-4351-4fd9-a8a5-696fbaa84c1f,https://www.autoscout24.de/angebote/b24f5154-4351-4fd9-a8a5-696fbaa84c1f,de,Alfa Romeo,tonale,,Alfa Romeo Tonale1.5 VGT Veloce Hybrid MATRIX,23800,,True,2023,01-2023,19899,,used,petrol,118,160,1469,Euro 6d,,6.0,automatic,,Frontantrieb,SUV/Geländewagen/Pickup,4,5,Schwarz,,,,,dealer,Car Selection CSG GmbH,DE-13156 Berlin,DE,2,https://prod.pictures.autoscout24.net/listing-images/b24f5154-4351-4fd9-a8a5-696fbaa84c1f_e2fccbe7-93ca-4003-9306-e128d472688d.jpg/250x188.webp,2026-09-29T07:38:33.441934,1.2,3
2b1771f1-8ca7-46d2-9213-7ff01860afba,https://www.autoscout24.de/angebote/2b1771f1-8ca7-46d2-9213-7ff01860afba,de,Cupra,tavascan,,CUPRA TavascanEndurance 82kWh Wärmepumpe Sennheiser,42450,,True,2026,01-2026,9200,,used,electric,82,111,0,,0,16.8,automatic,,Heck,SUV/Geländewagen/Pickup,5,5,Silber,,,,,dealer,Manfred Knappe GmbH & Co. KG,DE-83278 Traunstein,DE,2,https://prod.pictures.autoscout24.net/listing-images/2b1771f1-8ca7-46d2-9213-7ff01860afba_329f3f56-9b33-40a9-8790-f6cc3b4a6ab5.jpg/250x188.webp,2026-09-29T07:38:33.441941,4.61,0
6c92627e-7a12-489c-9f0c-75f4ede59cda,https://www.autoscout24.de/angebote/6c92627e-7a12-489c-9f0c-75f4ede59cda,de,Opel,grandland,,Opel GrandlandGrandland Elegance 1.6 Plug-in-Hybrid,21840,,True,2023,03-2023,34599,,used,hybrid,164,224,1598,Euro 6e,,6.0,automatic,,Frontantrieb,SUV/Geländewagen/Pickup,5,5,Schwarz,,,,,dealer,Automobile Peter Nordhessen GmbH,DE-37269 Eschwege,DE,2,https://prod.pictures.autoscout24.net/listing-images/6c92627e-7a12-489c-9f0c-75f4ede59cda_1e1e2c12-8035-452e-8fa9-e4a976b34410.jpg/250x188.webp,2026-09-29T07:38:33.441949,0.63,3
dcb2020e-f7cc-40ce-9440-75cc2b8bd1c1,https://www.autoscout24.de/angebote/dcb2020e-f7cc-40ce-9440-75cc2b8bd1c1,de,Audi,q8,,Audi Q850 TDI Quattro S-Line Luftfederung,43490,,True,2020,12-2020,118210,,used,diesel,210,285,2967,,,,automatic,,AWD,SUV/Geländewagen/Pickup,4,5,Blau,,,,,dealer,,DE-90475 Nürnberg,DE,1,https://prod.pictures.autoscout24.net/listing-images/dcb2020e-f7cc-40ce-9440-75cc2b8bd1c1_9cdc0fad-ee8f-4ae4-80c8-03cc97e21893.jpg/250x188.webp,2026-09-29T07:38:33.441956,0.37,6
c2d9b586-06a3-4829-961c-4eb027d8e12d,https://www.autoscout24.de/angebote/c2d9b586-06a3-4829-961c-4eb027d8e12d,de,Porsche,taycan,,Porsche Taycan4S Chrono 18-Wege InnoDrive HD-Matrix Perf.,89900,,True,2024,05-2024,46940,,used,electric,323,440,0,,0,18.2,automatic,,AWD,Limousine,4,4,Schwarz,,,,,dealer,Porsche Zentrum Mannheim,DE-68229 Mannheim,DE,2,https://prod.pictures.autoscout24.net/listing-images/c2d9b586-06a3-4829-961c-4eb027d8e12d_5ecea3ee-0da8-4f1f-b9f6-7467d08303e8.jpg/250x188.webp,2026-09-29T07:38:33.441964,1.92,2
3efb2f82-552d-412a-9155-59b1f274dfd0,https://www.autoscout24.de/angebote/3efb2f82-552d-412a-9155-59b1f274dfd0,de,BMW,x5,,BMW X540d M SPORT 2026.SOFTCL.PANO.4ZONEN.360.AHK,77990,,True,2026,01-2026,38700,,used,diesel,259,352,2993,Euro 6e,200,7.6,automatic,,AWD,SUV/Geländewagen/Pickup,4,5,Grau,,,,,dealer,Interstrip Auto GmbH,DE-89420 Höchstädt a.d.Donau,DE,3,https://prod.pictures.autoscout24.net/listing-images/3efb2f82-552d-412a-9155-59b1f274dfd0_a32449d3-9701-4778-90e5-5a5edb98de43.jpg/250x188.webp,2026-09-29T07:38:33.441971,2.02,0
b3a0c0d1-dac4-4da3-aa2a-b8c47b28bc42,https://www.autoscout24.de/angebote/b3a0c0d1-dac4-4da3-aa2a-b8c47b28bc42,de,Mg,zs,,"MG ZSHybrid+ Comfort Navi,ACC,Climatr,PDC+Kamera",21350,,True,,new,10,,new,petrol,143,194,1498,Euro 6e,115,5.1,automatic,,,SUV/Geländewagen/Pickup,5,5,Grau,,,,,dealer,Hoffmann Automobile GmbH & Co. KG,DE-38444 Wolfsburg Heiligendorf,DE,2,https://prod.pictures.autoscout24.net/listing-images/b3a0c0d1-dac4-4da3-aa2a-b8c47b28bc42_93b1a537-0c09-4b07-baea-a8be6de430bf.jpg/250x188.webp,2026-09-29T07:38:33.441978,2135.0,
1afe03d5-9c9b-403e-907b-7ae6627aaaa9,https://www.autoscout24.de/angebote/1afe03d5-9c9b-403e-907b-7ae6627aaaa9,de,Mg,mgs5 ev,,MG MGS5 EVS5 64kWh Luxury ACC SHZ 360Kam Nav eHK TotW 18Z,32004,,True,2026,08-2026,10,,new,electric,64,87,,,0,16.0,automatic,,Heck,SUV/Geländewagen/Pickup,5,5,Silber,,,,,dealer,AutoPark GmbH,DE-83104 Tuntenhausen,DE,2,https://prod.pictures.autoscout24.net/listing-images/1afe03d5-9c9b-403e-907b-7ae6627aaaa9_ca725c0e-2b64-4be0-89a2-02afc0a7a85c.jpg/250x188.webp,2026-09-29T07:38:33.441992,3200.4,0
8a093c63-e14e-4d2a-a59e-f02925a1c302,https://www.autoscout24.de/angebote/8a093c63-e14e-4d2a-a59e-f02925a1c302,de,Volvo,xc60,,Volvo XC60R Design Matrix|Pano|Xenium|FourC|BW|ACC|HuD,33849,,True,2021,11-2021,54387,,used,hybrid,288,391,1969,Euro 6,,6.0,automatic,,AWD,SUV/Geländewagen/Pickup,5,5,Weiß,,,,,dealer,MeinAuto.de Gebrauchtwagen,DE-41460 Neuss bei Düsseldorf,DE,2,https://prod.pictures.autoscout24.net/listing-images/8a093c63-e14e-4d2a-a59e-f02925a1c302_f7cbebc6-7f1d-41e7-af59-be5ae9baa2e3.jpg/250x188.webp,2026-09-29T07:38:33.442000,0.62,5
555385e4-f347-43a2-af61-847a1c3fd1e8,https://www.autoscout24.de/angebote/555385e4-f347-43a2-af61-847a1c3fd1e8,de,BMW,ix3,,BMW iX350 xDrive M Sportpaket ACC 360 3D-HUD HK AHK,81990,,True,2026,07-2026,6000,,used,electric,345,469,,,0,16.2,automatic,,AWD,SUV/Geländewagen/Pickup,5,5,Grau,,,,,dealer,Autohaus Unterberger GmbH,DE-83707 Bad Wiessee,DE,2,https://prod.pictures.autoscout24.net/listing-images/555385e4-f347-43a2-af61-847a1c3fd1e8_b74243ad-6afc-4b4b-99e3-bd7ce9077374.jpg/250x188.webp,2026-09-29T07:38:33.442007,13.66,0
3ae085e8-2525-43e8-842a-a850896e72d8,https://www.autoscout24.de/angebote/3ae085e8-2525-43e8-842a-a850896e72d8,de,Mitsubishi,outlander,,Mitsubishi OutlanderOutlander Plug-In Hybrid 2.4 4WD Basis,19750,,True,2021,08-2021,71000,,used,hybrid,165,224,2360,Euro 6e,46,2.0,automatic,,AWD,SUV/Geländewagen/Pickup,5,5,Weiß,,,,,dealer,Autohaus Breitenwischer GmbH,DE-14532 Stahnsdorf,DE,2,https://prod.pictures.autoscout24.net/listing-images/3ae085e8-2525-43e8-842a-a850896e72d8_9e49062c-b83c-47d6-b1ca-e166b3c6bfff.jpg/250x188.webp,2026-09-29T07:38:33.442014,0.28,5
ca53989e-0198-4e95-bfdb-fa1430d9bd4f,https://www.autoscout24.de/angebote/ca53989e-0198-4e95-bfdb-fa1430d9bd4f,de,Audi,a5,,"Audi A5Avant TFSI 110 kW S tronic 110 kW (150 PS), Dop...",38678,,True,,new,0,,new,petrol,110,149,1984,Euro 6e,155,6.8,automatic,,Frontantrieb,Kombi,5,5,Wählbar (bei Metallic +),,,,,dealer,ReStart-AUTO,DE-72667 Schlaitdorf,DE,3,https://prod.pictures.autoscout24.net/listing-images/ca53989e-0198-4e95-bfdb-fa1430d9bd4f_201e2fc2-2409-4a33-9c1d-ef1a4cdb3006.jpg/250x188.webp,2026-09-29T07:38:33.442020,,
959fb0c7-439e-43f8-8355-98bf838d9b31,https://www.autoscout24.de/angebote/959fb0c7-439e-43f8-8355-98bf838d9b31,de,Mercedes-Benz,gla 200,,Mercedes-Benz GLA 2004Matic Style Automatik EU6d Navi Klima,29450,,True,2023,01-2023,10000,,used,petrol,120,163,1332,Euro 6d,181,8.0,automatic,,AWD,SUV/Geländewagen/Pickup,5,5,Weiß,,,,,dealer,aaf.de GmbH,DE-22848 Norderstedt,DE,2,https://prod.pictures.autoscout24.net/listing-images/959fb0c7-439e-43f8-8355-98bf838d9b31_06b0cfc7-8127-47ce-80fe-f979c8f52e7a.jpg/250x188.webp,2026-09-29T07:38:33.442028,2.94,3
3e87de6b-f8e8-4719-8876-fbd9ab05ecce,https://www.autoscout24.de/angebote/3e87de6b-f8e8-4719-8876-fbd9ab05ecce,de,Nissan,qashqai,,"Nissan Qashqai1,3 DIG-T Xtronic Pano",28610,,True,2026,03-2026,5,,new,petrol,116,157,1332,Euro 6d,144,6.4,automatic,,Frontantrieb,SUV/Geländewagen/Pickup,5,5,Weiß,,,,,dealer,Autohaus Meyer,DE-39326 Hohenwarsleben,DE,2,https://prod.pictures.autoscout24.net/listing-images/3e87de6b-f8e8-4719-8876-fbd9ab05ecce_6d140358-41d1-4a6b-832e-29a0b1ea9168.jpg/250x188.webp,2026-09-29T07:38:33.442036,5722.0,0
13f276f4-349d-4b1e-9868-473c0f08b8a2,https://www.autoscout24.de/angebote/13f276f4-349d-4b1e-9868-473c0f08b8a2,de,BMW,218,,"BMW 218Aut., Sport Line, Klima, Navi, AHK, Business Paket",15000,,True,2019,10-2019,33100,,used,petrol,103,140,1499,,117,5.1,automatic,,Frontantrieb,Limousine,5,5,Silber,,,,,dealer,autohotspot,DE-85221 Dachau,DE,2,https://prod.pictures.autoscout24.net/listing-images/13f276f4-349d-4b1e-9868-473c0f08b8a2_9fa73e24-bff2-4a3c-8e8b-941e5cb7e908.jpg/250x188.webp,2026-09-29T07:38:33.442043,0.45,7
df892c50-266e-4cf8-ab17-3264f319f3b3,https://www.autoscout24.de/angebote/df892c50-266e-4cf8-ab17-3264f319f3b3,de,Volkswagen,t-roc,,Volkswagen T-RocR-Line 1.5 eTSI DSG OPF neues Modell,35990,,True,,new,1,,new,hybrid,110,149,1498,Euro 6e,126,5.5,automatic,,Frontantrieb,SUV/Geländewagen/Pickup,5,5,Schwarz,,,,,dealer,Autohaus Immler,DE-74889 Sinsheim,DE,3,https://prod.pictures.autoscout24.net/listing-images/df892c50-266e-4cf8-ab17-3264f319f3b3_0de564f2-8e2b-42d1-9ad2-a7c9d38388df.jpg/250x188.webp,2026-09-29T07:38:33.442050,35990.0,
4d8c0cc6-20f5-4cc2-9f02-8c86d0304e69,https://www.autoscout24.de/angebote/4d8c0cc6-20f5-4cc2-9f02-8c86d0304e69,de,Polestar,2,,Polestar 2Polestar 2 Single 78kWh Plus Pilot Litle,23990,,True,2023,05-2023,141521,,used,electric,78,106,,,0,4.0,automatic,,Frontantrieb,Limousine,5,5,Silber,,,,,dealer,AutoExpo Deutsche Automarkt GmbH,DE-35463 Fernwald-Steinbach,DE,2,https://prod.pictures.autoscout24.net/listing-images/4d8c0cc6-20f5-4cc2-9f02-8c86d0304e69_a94dae7e-00aa-435a-8fa8-12fd613dd20d.jpg/250x188.webp,2026-09-29T07:38:33.442057,0.17,3
85903a18-6839-4f22-b1fd-fc229046734e,https://www.autoscout24.de/angebote/85903a18-6839-4f22-b1fd-fc229046734e,de,Volkswagen,id.4,,"Volkswagen ID.4Pure 52 kWh 125 kW 125 kW (170 PS),",35397,,True,,new,0,,new,electric,52,70,,Euro 6,0,16.4,automatic,,Heck,SUV/Geländewagen/Pickup,5,5,Wählbar (bei Metallic +),,,,,dealer,ReStart-AUTO,DE-72667 Schlaitdorf,DE,3,https://prod.pictures.autoscout24.net/listing-images/85903a18-6839-4f22-b1fd-fc229046734e_706fef89-5c75-4183-955a-5e7c07978b68.jpg/250x188.webp,2026-09-29T07:38:33.442064,,
58668af2-d0b2-46a9-80c6-1afa29b9c2f3,https://www.autoscout24.de/angebote/58668af2-d0b2-46a9-80c6-1afa29b9c2f3,de,Mercedes-Benz,eqe 300,,Mercedes-Benz EQE 300ELECTRIC-ART-ADVANCED LED KAMERA,42924,,True,2025,01-2025,21332,,used,electric,180,244,,Euro 6d-TEMP,0,6.0,automatic,,Heck,Limousine,4,5,Schwarz,,,,,dealer,Autohaus Werner GmbH,DE-28844 Weyhe,DE,2,https://prod.pictures.autoscout24.net/listing-images/58668af2-d0b2-46a9-80c6-1afa29b9c2f3_429a7ed4-40a1-4deb-a724-40c2778a26f9.jpg/250x188.webp,2026-09-29T07:38:33.442071,2.01,1
9918bd45-f1c0-4a8f-885b-fbf01c2020c3,https://www.autoscout24.de/angebote/9918bd45-f1c0-4a8f-885b-fbf01c2020c3,de,Seat,leon,,SEAT LeonST 1.5 FR Sitzheizung Tempomat Kamera LED,16990,,True,2019,08-2019,48394,,used,petrol,110,149,1498,Euro 6c,112,6.0,manual,,,Kombi,5,5,Schwarz,,,,,dealer,Autoland,DE-09599 Freiberg OT Zug,DE,2,https://prod.pictures.autoscout24.net/listing-images/9918bd45-f1c0-4a8f-885b-fbf01c2020c3_584f260e-82ba-4a25-9fb3-63fd193421d3.jpg/250x188.webp,2026-09-29T07:38:33.442078,0.35,7
88205f10-de70-4b09-a892-d4fda92f56ab,https://www.autoscout24.de/angebote/88205f10-de70-4b09-a892-d4fda92f56ab,de,Volkswagen,t-roc,,Volkswagen T-Roc1.5 eTSI Life,27970,,True,2026,02-2026,14447,,used,hybrid,62,85,1498,Euro 6,133,5.8,automatic,,Frontantrieb,SUV/Geländewagen/Pickup,5,5,Schwarz,,,,,dealer,Auto Levy GmbH,DE-53881 Euskirchen,DE,2,https://prod.pictures.autoscout24.net/listing-images/88205f10-de70-4b09-a892-d4fda92f56ab_b602ae5d-3e1c-4aa9-b299-ecc2d0f4aaf4.jpg/250x188.webp,2026-09-29T07:38:33.442086,1.94,0
418c40bb-9921-44e1-a378-0c1b14a86837,https://www.autoscout24.de/angebote/418c40bb-9921-44e1-a378-0c1b14a86837,de,Skoda,fabia,,"Skoda Fabia1.0 TSI Ambition 15""NAVI LED Einparkhilfe",14950,,True,2022,09-2022,36050,,used,petrol,81,110,999,Euro 6d,110,4.8,manual,,Frontantrieb,Limousine,5,5,Weiß,,,,,dealer,Autohaus Kempen GW,DE-53340 Meckenheim,DE,2,https://prod.pictures.autoscout24.net/listing-images/418c40bb-9921-44e1-a378-0c1b14a86837_89086dfe-6b99-4218-b65f-485c67243256.jpg/250x188.webp,2026-09-29T07:38:33.442094,0.41,4
7ec739c9-c202-447f-84e2-e43d0d4c4b06,https://www.autoscout24.de/angebote/7ec739c9-c202-447f-84e2-e43d0d4c4b06,de,Mercedes-Benz,gla 200,,Mercedes-Benz GLA 200,23990,,True,2020,08-2020,46000,,used,petrol,120,163,1332,,130,5.7,automatic,,Frontantrieb,SUV/Geländewagen/Pickup,4,5,Schwarz,,,,,dealer,CheckCars24 GmbH,DE-14513 Teltow,DE,3,https://prod.pictures.autoscout24.net/listing-images/7ec739c9-c202-447f-84e2-e43d0d4c4b06_e675c2bc-078f-4083-a4ff-aa27276e6234.jpg/250x188.webp,2026-09-29T07:38:33.442101,0.52,6
16fd8a36-8554-430e-9f33-c78480ca9a06,https://www.autoscout24.de/angebote/16fd8a36-8554-430e-9f33-c78480ca9a06,de,Mercedes-Benz,e 220,,"Mercedes-Benz E 220d 4M Exclusive KAMERA+DISTRO+CARPLAY+17""",33890,,True,2021,12-2021,120320,,used,diesel,143,194,1993,Euro 6d,146,5.5,automatic,,AWD,Limousine,4,5,Schwarz,,,,,dealer,S&G Automobil AG    NL Offenburg-Wolfach,DE-77656 Offenburg,DE,2,https://prod.pictures.autoscout24.net/listing-images/16fd8a36-8554-430e-9f33-c78480ca9a06_360b1afe-3554-4297-b334-827763f2b5ad.jpg/250x188.webp,2026-09-29T07:38:33.442108,0.28,5
02475b68-333d-4a79-b807-f7f0fc661c3b,https://www.autoscout24.de/angebote/02475b68-333d-4a79-b807-f7f0fc661c3b,de,Ford,transit custom,,Ford Transit CustomL1 Trend *Standheizung* 9-Sitzer,24430,,True,2021,10-2021,89452,,used,diesel,136,184,1997,Euro 6d,161,6.1,manual,,Frontantrieb,Kombi,4,9,Blau,,,,,dealer,Hohenloher Autowelt GmbH,DE-74532 Ilshofen,DE,2,https://prod.pictures.autoscout24.net/listing-images/02475b68-333d-4a79-b807-f7f0fc661c3b_12809da3-316d-44ab-8a53-051827f7c71b.jpg/250x188.webp,2026-09-29T07:38:33.442115,0.27,5
af4d8fa6-2d31-4d62-8d49-afc98fdac38c,https://www.autoscout24.de/angebote/af4d8fa6-2d31-4d62-8d49-afc98fdac38c,de,BMW,ix1,,BMW iX1xDrive30 Advantage StHz+StKlima+Navi+Kamera,31380,,True,2023,05-2023,58825,,used,electric,230,312,0,,0,440.0,automatic,,AWD,SUV/Geländewagen/Pickup,5,5,Weiß,,,,,dealer,Autohaus Wormser GmbH,DE-91058 Erlangen,DE,2,https://prod.pictures.autoscout24.net/listing-images/af4d8fa6-2d31-4d62-8d49-afc98fdac38c_b3d75f07-7ddc-44c8-9862-58d651d6c646.jpg/250x188.webp,2026-09-29T07:38:33.442165,0.53,3
96270c5d-3f56-46d5-a1fc-7d834ae89832,https://www.autoscout24.de/angebote/96270c5d-3f56-46d5-a1fc-7d834ae89832,de,Kia,sportage,,Kia Sportage1.6 T-GDI Vision Kamera,22990,,True,2025,04-2025,14055,,used,petrol,86,118,1598,Euro 6,162,7.1,manual,,Frontantrieb,SUV/Geländewagen/Pickup,5,5,Grau,,,,,dealer,Levy Motor Company Rheinland GmbH,DE-50968 Köln,DE,2,https://prod.pictures.autoscout24.net/listing-images/96270c5d-3f56-46d5-a1fc-7d834ae89832_5e295cde-916e-491c-bdf4-31868a0d3a19.jpg/250x188.webp,2026-09-29T07:38:33.442173,1.64,1
dd5ba49d-6aed-4cc0-8946-2292478364fb,https://www.autoscout24.de/angebote/dd5ba49d-6aed-4cc0-8946-2292478364fb,de,Mercedes-Benz,c 63 amg,,Mercedes-Benz C 63 AMGC 63 AMG S Cabrio Night CarbonI+II,84800,,True,2023,05-2023,21093,,used,petrol,375,510,3982,Euro 6d,258,6.0,automatic,,Heck,Cabrio,2,4,Grau,,,,,dealer,Paul Lüske GmbH,DE-49661 Cloppenburg,DE,3,https://prod.pictures.autoscout24.net/listing-images/dd5ba49d-6aed-4cc0-8946-2292478364fb_4c2c6546-9f04-4dfc-a594-3b9c98cd6b93.jpg/250x188.webp,2026-09-29T07:38:33.442181,4.02,3
1cafd226-9f93-4b56-878d-b1ff68a94fb9,https://www.autoscout24.de/angebote/1cafd226-9f93-4b56-878d-b1ff68a94fb9,de,Ford,fiesta,,Ford FiestaST-Line B&O Soundsystem 675W + Subwoofer | Navi,10399,,True,2019,04-2019,88800,,used,petrol,67,92,,Euro 6d-TEMP,113,6.0,manual,,Frontantrieb,Kleinwagen,5,5,Schwarz,,,,,dealer,Automobile Schelling,DE-73488 Ellenberg,DE,2,https://prod.pictures.autoscout24.net/listing-images/1cafd226-9f93-4b56-878d-b1ff68a94fb9_70cb8908-3e82-4327-9e71-dd57e07483de.jpg/250x188.webp,2026-09-29T07:38:33.442188,0.12,7
cb85f142-ea01-4008-8fa1-af0532680494,https://www.autoscout24.de/angebote/cb85f142-ea01-4008-8fa1-af0532680494,de,Skoda,karoq,,"Skoda KaroqStyle AHK,Kamera,Pano-Dach",19800,,True,2019,07-2019,51944,,used,petrol,80,110,1498,Euro 6,166,7.3,automatic,,,SUV/Geländewagen/Pickup,5,5,Grau,,,,,dealer,Hoffmann Automobile GmbH & Co. KG,DE-38444 Wolfsburg Heiligendorf,DE,2,https://prod.pictures.autoscout24.net/listing-images/cb85f142-ea01-4008-8fa1-af0532680494_447e76d5-d174-4f90-9665-0bddc9f05a7b.jpg/250x188.webp,2026-09-29T07:38:33.442196,0.38,7
4269d938-b8cf-40f3-b6b3-e8ef3117aec5,https://www.autoscout24.de/angebote/4269d938-b8cf-40f3-b6b3-e8ef3117aec5,de,Volkswagen,t-roc,,Volkswagen T-Roc1.5 TSI STYLE,20449,,True,2022,06-2022,37700,,used,petrol,110,149,1498,,,4.0,manual,,Frontantrieb,SUV/Geländewagen/Pickup,4,5,Weiß,,,,,dealer,Autohaus Hansheinrich Hess GmbH,DE-63654 Buedingen,DE,3,https://prod.pictures.autoscout24.net/listing-images/4269d938-b8cf-40f3-b6b3-e8ef3117aec5_1a4404e7-077b-4c16-9eaf-39528ca2b8c5.jpg/250x188.webp,2026-09-29T07:38:33.442203,0.54,4
9020fa85-df2c-4ae5-a002-759f9af669bd,https://www.autoscout24.de/angebote/9020fa85-df2c-4ae5-a002-759f9af669bd,de,Audi,q4 e-tron,,Audi Q4 e-tronQ4 40 e-tron 150 kW,31400,,True,2022,09-2022,54167,,used,electric,150,204,,,0,4.0,automatic,,Heck,SUV/Geländewagen/Pickup,5,5,Schwarz,,,,,dealer,Autohaus Brass,DE-35039 Marburg,DE,2,https://prod.pictures.autoscout24.net/listing-images/9020fa85-df2c-4ae5-a002-759f9af669bd_3786cc8f-bd40-4303-81ba-c871a65af71d.jpg/250x188.webp,2026-09-29T07:38:33.442210,0.58,4
257b7cc2-1223-4514-8be8-0f31d6d9b82c,https://www.autoscout24.de/angebote/257b7cc2-1223-4514-8be8-0f31d6d9b82c,de,Mitsubishi,space star,,Mitsubishi Space StarBasis*Einparkhilfe Kamera*TÜV &,6200,,True,2021,08-2021,76316,,used,petrol,52,70,1193,Euro 6,104,6.0,manual,,Frontantrieb,Kleinwagen,5,5,Weiß,,,,,dealer,KFZ Welt Troanski,DE-82538 Geretsried,DE,2,https://prod.pictures.autoscout24.net/listing-images/257b7cc2-1223-4514-8be8-0f31d6d9b82c_d5928edc-2138-431c-95da-404abe8282c9.jpg/250x188.webp,2026-09-29T07:38:33.442217,0.08,5
02718afc-4e7a-4aba-ab64-c7a13630de3e,https://www.autoscout24.de/angebote/02718afc-4e7a-4aba-ab64-c7a13630de3e,de,Toyota,c-hr,,Toyota C-HR+ Teamplayer NAVI,38990,,True,,new,10,,new,electric,165,224,0,,0,13.4,automatic,,Frontantrieb,SUV/Geländewagen/Pickup,5,5,Grau,,,,,dealer,Autohaus Engelbart GmbH & Co. KG,DE-27755 Delmenhorst,DE,2,https://prod.pictures.autoscout24.net/listing-images/02718afc-4e7a-4aba-ab64-c7a13630de3e_68e6a330-6de2-4174-9772-29d8b5542b9e.jpg/250x188.webp,2026-09-29T07:38:33.442225,3899.0,
ac839d22-18c1-45c9-92da-89f9a62125a6,https://www.autoscout24.de/angebote/ac839d22-18c1-45c9-92da-89f9a62125a6,de,Volkswagen,polo,,Volkswagen Polo2.0TSI DSG GTI LED,23890,,True,2025,04-2025,5567,,used,petrol,152,206,1984,Euro 6,,6.0,automatic,,Frontantrieb,Limousine,5,5,Grau,,,,,dealer,Autohaus Wolfsburg-Hotz und Heitmann GmbH & Co.KG,DE-38440 Wolfsburg,DE,3,https://prod.pictures.autoscout24.net/listing-images/ac839d22-18c1-45c9-92da-89f9a62125a6_61e7df8c-f814-48e5-a674-23f5923d82b0.jpg/250x188.webp,2026-09-29T07:38:33.442232,4.29,1
f1d46ddf-f793-4ebf-80b4-85ef7d86362c,https://www.autoscout24.de/angebote/f1d46ddf-f793-4ebf-80b4-85ef7d86362c,de,Hyundai,i20,,Hyundai i20Edition 30,11999,,True,2022,03-2022,79000,,used,petrol,74,100,998,Euro 6d-TEMP,,6.0,manual,,Frontantrieb,Kleinwagen,4,5,Blau,,,,,dealer,Christian Nickel Automobile GmbH,DE-49401 Damme,DE,2,https://prod.pictures.autoscout24.net/listing-images/f1d46ddf-f793-4ebf-80b4-85ef7d86362c_dd386534-b6f8-4b9b-9b25-ac4a515b3bf8.jpg/250x188.webp,2026-09-29T07:38:33.442240,0.15,4
a90beaf7-25ea-40c9-a250-227e62daf8c3,https://www.autoscout24.de/angebote/a90beaf7-25ea-40c9-a250-227e62daf8c3,de,Mazda,6,,Mazda 6SKYACTIV-G 194 FWD 5T Autom. Sports-Line,17980,,True,2018,12-2018,111111,,used,petrol,143,194,2488,Euro 6d-TEMP,,6.0,automatic,,Frontantrieb,Kombi,5,5,Rot,,,,,dealer,Auto Eder München,DE-85635 Höhenkirchen-Siegertsbrunn,DE,2,https://prod.pictures.autoscout24.net/listing-images/a90beaf7-25ea-40c9-a250-227e62daf8c3_bb2afa44-c918-4d14-b578-c806392181fb.jpg/250x188.webp,2026-09-29T07:38:33.442247,0.16,8
c56a3946-61c0-4034-8747-d24cab792661,https://www.autoscout24.de/angebote/c56a3946-61c0-4034-8747-d24cab792661,de,Skoda,kodiaq,,Skoda KodiaqRS 2.0 TSI 4x4 DSG MATRIX NAVI ACC LHZ SHZ,38880,,True,2024,04-2024,23569,,used,petrol,132,180,1984,Euro 6,,6.0,automatic,,AWD,SUV/Geländewagen/Pickup,5,5,Grau,,,,,dealer,Autohaus Adelbert Moll GmbH & Co. KG,DE-40549 Düsseldorf,DE,2,https://prod.pictures.autoscout24.net/listing-images/c56a3946-61c0-4034-8747-d24cab792661_1c8ec847-b164-4a3f-92af-29b1e3c35638.jpg/250x188.webp,2026-09-29T07:38:33.442254,1.65,2
1c0849ae-1eab-4ec0-9e2d-ca26b97c929c,https://www.autoscout24.de/angebote/1c0849ae-1eab-4ec0-9e2d-ca26b97c929c,de,Mercedes-Benz,glc 300,,Mercedes-Benz GLC 300Coupe 4M AMG,28777,,True,2019,09-2019,259950,,used,diesel,180,244,1950,Euro 6,152,5.8,automatic,,AWD,Coupé,4,5,Grau,,,,,dealer,Rauch Automobile Schwanstetten,DE-90596 Schwanstetten,DE,1,https://prod.pictures.autoscout24.net/listing-images/1c0849ae-1eab-4ec0-9e2d-ca26b97c929c_d00bf0e3-7186-409c-b2eb-519997a0ae5b.jpg/250x188.webp,2026-09-29T07:38:33.442262,0.11,7
9b681516-b8ee-4b9f-9e7b-5bed8b792b06,https://www.autoscout24.de/angebote/9b681516-b8ee-4b9f-9e7b-5bed8b792b06,de,Audi,q5,,Audi Q545 TFSI Sportback quattro S tronic S line,36990,,True,2021,10-2021,37700,,used,petrol,195,265,1984,Euro 6d,208,9.1,automatic,,AWD,SUV/Geländewagen/Pickup,5,5,Grau,,,,,dealer,K. Raudzus & Söhne GmbH & Co. KG,DE-25813 Husum,DE,2,https://prod.pictures.autoscout24.net/listing-images/9b681516-b8ee-4b9f-9e7b-5bed8b792b06_d94d3989-be47-4346-94fe-76c78e335377.jpg/250x188.webp,2026-09-29T07:38:33.442269,0.98,5
ef5cc386-95b9-4bba-9afe-33bea3dad763,https://www.autoscout24.de/angebote/ef5cc386-95b9-4bba-9afe-33bea3dad763,de,Hyundai,santa fe,,Hyundai SANTA FESanta Fe 1.6T PHEV Signature,35770,,True,2022,07-2022,28750,,used,hybrid,195,265,1598,Euro 6,,6.0,automatic,,AWD,SUV/Geländewagen/Pickup,5,5,Weiß,,,,,dealer,ACD Auto Center Darmstadt GmbH,DE-64289 Darmstadt,DE,3,https://prod.pictures.autoscout24.net/listing-images/ef5cc386-95b9-4bba-9afe-33bea3dad763_4464914e-a4ec-42f5-8d80-876e4ef4c97d.jpg/250x188.webp,2026-09-29T07:38:33.442283,1.24,4
db2fce77-52e6-46b3-b333-9df3fa2dd4f1,https://www.autoscout24.de/angebote/db2fce77-52e6-46b3-b333-9df3fa2dd4f1,de,Volkswagen,t-roc,,Volkswagen T-RocR-Line 1.5 eTSI DSG AHK*e-Klappe*Easy Open,31479,,True,2026,06-2026,3300,,used,petrol,110,149,1498,Euro 6,129,5.7,automatic,,Frontantrieb,SUV/Geländewagen/Pickup,4,5,Schwarz,,,,,dealer,AZA Autozentrale Ammerland GmbH,DE-26160 Bad Zwischenahn,DE,2,https://prod.pictures.autoscout24.net/listing-images/db2fce77-52e6-46b3-b333-9df3fa2dd4f1_65a397a5-5927-4687-b9d1-716a1079e50e.jpg/250x188.webp,2026-09-29T07:38:33.442291,9.54,0
40ca23ae-a613-40c8-95c6-b03e3370e228,https://www.autoscout24.de/angebote/40ca23ae-a613-40c8-95c6-b03e3370e228,de,Opel,corsa,,Opel CorsaF 1.2 ELEGANCE NAVI,10420,,True,2022,07-2022,30450,,used,petrol,74,100,1199,Euro 6d,,6.0,manual,,Frontantrieb,Kleinwagen,4,5,Grau,,,,,dealer,Autohaus Thiede GmbH,DE-38364 Schöningen,DE,3,https://prod.pictures.autoscout24.net/listing-images/40ca23ae-a613-40c8-95c6-b03e3370e228_1572abbe-8e33-433e-a8f5-898198db9300.jpg/250x188.webp,2026-09-29T07:38:33.442298,0.34,4
5c4bd904-0935-49f3-a6ab-0302b8cca192,https://www.autoscout24.de/angebote/5c4bd904-0935-49f3-a6ab-0302b8cca192,de,Volvo,s90,,Volvo S90B5 R Design AWD HUD StandHZG Pano B&W Navi Leder D,33790,,True,2022,02-2022,88150,,used,diesel,173,235,1969,Euro 6d,174,6.6,automatic,,AWD,Limousine,4,5,Silber,,,,,dealer,Zweitwerk by SVENSCAR,DE-93073 Neutraubling,DE,3,https://prod.pictures.autoscout24.net/listing-images/5c4bd904-0935-49f3-a6ab-0302b8cca192_51403512-9d8e-4237-8e65-c3e1e92df7ab.jpg/250x188.webp,2026-09-29T07:38:33.442305,0.38,4
b6173a1b-2cab-4aee-b136-4e556551a5f7,https://www.autoscout24.de/angebote/b6173a1b-2cab-4aee-b136-4e556551a5f7,de,Opel,insignia,,Opel InsigniaB ST 1.6D INNOV. NAVI,9750,,True,2019,06-2019,120350,,used,diesel,100,136,1598,Euro 6d-TEMP,139,5.3,automatic,,Frontantrieb,Kombi,4,5,Grau,,,,,dealer,Autohaus Thiede GmbH,DE-38364 Schöningen,DE,3,https://prod.pictures.autoscout24.net/listing-images/b6173a1b-2cab-4aee-b136-4e556551a5f7_6767a5d0-25e3-429f-93f7-14134d789efe.jpg/250x188.webp,2026-09-29T07:38:33.442313,0.08,7
0ae82fac-0aaf-4301-a14e-9ae02e30908f,https://www.autoscout24.de/angebote/0ae82fac-0aaf-4301-a14e-9ae02e30908f,de,Ford,kuga,,Ford KugaST-Line 2.5 DuraTec PHEV,21760,,True,2023,02-2023,40621,,used,hybrid,165,224,2488,Euro 6d,,6.0,automatic,,Frontantrieb,SUV/Geländewagen/Pickup,5,5,Schwarz,,,,,dealer,DB Autohaus Bad Salzuflen,DE-32105 Bad Salzuflen,DE,2,https://prod.pictures.autoscout24.net/listing-images/0ae82fac-0aaf-4301-a14e-9ae02e30908f_3f498e11-b5da-4817-8347-0ccd59ebdf7b.jpg/250x188.webp,2026-09-29T07:38:33.442320,0.54,3
a9fdc5f9-349b-466c-b80b-c2db5509f74d,https://www.autoscout24.de/angebote/a9fdc5f9-349b-466c-b80b-c2db5509f74d,de,Volkswagen,t6.1 california,,Volkswagen T6.1 CaliforniaOcean Edition | 4Motion |,79997,,True,2023,09-2023,4622,,used,diesel,110,150,1968,Euro 6d-TEMP,227,8.7,automatic,,AWD,Van/Kleinbus,4,4,Grau,,,,,dealer,,DE-93349 Mindelstetten,DE,1,https://prod.pictures.autoscout24.net/listing-images/a9fdc5f9-349b-466c-b80b-c2db5509f74d_6d337a05-0a3c-4ea9-9db2-ef4a501235e4.jpg/250x188.webp,2026-09-29T07:38:33.442327,17.31,3
5a19e776-6731-4f35-a846-392a0599c2fa,https://www.autoscout24.de/angebote/5a19e776-6731-4f35-a846-392a0599c2fa,de,Volkswagen,polo,,Volkswagen Polo6 VI 1.0 TSI DSG Style Einparkhi,16690,,True,2023,03-2023,23150,,used,petrol,70,95,999,Euro 6d,,6.0,automatic,,Frontantrieb,Limousine,5,5,Grau,,,,,dealer,Autohaus Wolfsburg-Hotz und Heitmann GmbH & Co.KG,DE-38440 Wolfsburg,DE,3,https://prod.pictures.autoscout24.net/listing-images/5a19e776-6731-4f35-a846-392a0599c2fa_5de00916-4aaa-42b2-b3fe-006b8c46b684.jpg/250x188.webp,2026-09-29T07:38:33.442335,0.72,3
879f128d-3817-4050-a5ab-38316df49742,https://www.autoscout24.de/angebote/879f128d-3817-4050-a5ab-38316df49742,de,BMW,520,,BMW 520d xDrive Touring Head-Up HiFi DAB LED WLAN,18745,,True,2020,07-2020,116000,,used,diesel,140,190,1995,Euro 6d-TEMP,,6.0,automatic,,AWD,Kombi,5,4,Schwarz,,,,,dealer,Cloppenburg GmbH,DE-91438 Bad Windsheim,DE,2,https://prod.pictures.autoscout24.net/listing-images/879f128d-3817-4050-a5ab-38316df49742_7bc2f4f0-72e5-4a41-b88c-889b7fac631c.jpg/250x188.webp,2026-09-29T07:38:33.442342,0.16,6
472de9fd-10b4-442e-950b-d94dc628dc0b,https://www.autoscout24.de/angebote/472de9fd-10b4-442e-950b-d94dc628dc0b,de,Dacia,spring,,Dacia SpringExtreme ELECTRIC 65,11579,,True,2023,08-2023,29297,,used,electric,48,65,,,0,14.5,automatic,,Frontantrieb,Limousine,5,4,Grau,,,,,dealer,RENAULT RETAIL GROUP Deutschland GmbH,DE-60314 Frankfurt / Main,DE,2,https://prod.pictures.autoscout24.net/listing-images/472de9fd-10b4-442e-950b-d94dc628dc0b_7a159fce-54fd-44d0-af1e-061ccd8fea0b.jpg/250x188.webp,2026-09-29T07:38:33.442349,0.4,3
29511719-ad13-45c3-ac19-fedf2b958919,https://www.autoscout24.de/angebote/29511719-ad13-45c3-ac19-fedf2b958919,de,Audi,e-tron,,Audi e-tronSportback S-Line,30770,,True,2022,07-2022,66349,,used,electric,230,312,,,,4.0,automatic,,AWD,SUV/Geländewagen/Pickup,5,5,Schwarz,,,,,dealer,Autohaus Kodamann e.K.,DE-33378 Rheda-Wiedenbrück,DE,2,https://prod.pictures.autoscout24.net/listing-images/29511719-ad13-45c3-ac19-fedf2b958919_ccca3814-902e-4be3-a640-92d6c05b9164.jpg/250x188.webp,2026-09-29T07:38:33.442356,0.46,4
25ce6743-6031-4ea4-ae01-6ab914a7e231,https://www.autoscout24.de/angebote/25ce6743-6031-4ea4-ae01-6ab914a7e231,de,Hyundai,kona,,Hyundai KONA1.0 T-GDI Alu*Nebel,10497,,True,2019,11-2019,48869,,used,petrol,88,119,998,,,4.0,manual,,Frontantrieb,SUV/Geländewagen/Pickup,,,Grau,,,,,dealer,Autohaus Jakob GmbH,DE-08223 Neustadt/Vogtland,DE,3,https://prod.pictures.autoscout24.net/listing-images/25ce6743-6031-4ea4-ae01-6ab914a7e231_dcdcf3a8-c605-4710-b2f0-bdef4498f506.jpg/250x188.webp,2026-09-29T07:38:33.442363,0.21,7
c587c944-399a-42ab-b5b7-1e2391ce9868,https://www.autoscout24.de/angebote/c587c944-399a-42ab-b5b7-1e2391ce9868,de,Renault,captur,,Renault Captur1.0 TCe Experience,10860,,True,2020,02-2020,69014,,used,petrol,74,100,999,Euro 6,138,6.0,automatic,,Frontantrieb,SUV/Geländewagen/Pickup,5,5,Rot,,,,,dealer,Autohero GmbH,DE-14059 Berlin,DE,2,https://prod.pictures.autoscout24.net/listing-images/c587c944-399a-42ab-b5b7-1e2391ce9868_ee5b8f55-9899-4623-b1bd-b1cce05ac960.jpg/250x188.webp,2026-09-29T07:38:33.442370,0.16,6
bde32124-fd51-4716-9eea-7ab81226be5e,https://www.autoscout24.de/angebote/bde32124-fd51-4716-9eea-7ab81226be5e,de,Opel,corsa-e,,Opel Corsa-eGS Line,16990,,True,2022,06-2022,41180,,used,electric,100,136,1,Euro 6d,0,15.9,automatic,,Frontantrieb,Limousine,5,5,Weiß,,,,,dealer,Autohaus Siebrecht GmbH,DE-37574 Einbeck,DE,3,https://prod.pictures.autoscout24.net/listing-images/bde32124-fd51-4716-9eea-7ab81226be5e_81a8c671-e82c-4373-817c-bed8ebcd0525.jpg/250x188.webp,2026-09-29T07:38:33.442377,0.41,4
7e83cddc-f327-476d-a4fc-1ba17f0a92e1,https://www.autoscout24.de/angebote/7e83cddc-f327-476d-a4fc-1ba17f0a92e1,de,Mercedes-Benz,e 220,,Mercedes-Benz E 220d T-Mod Exclusiv,35980,,True,2023,08-2023,27363,,used,diesel,147,199,1993,Euro 6,,6.0,automatic,,,Kombi,5,5,Schwarz,,,,,dealer,Ewald Menke GmbH,DE-49393 Lohne,DE,2,https://prod.pictures.autoscout24.net/listing-images/7e83cddc-f327-476d-a4fc-1ba17f0a92e1_f30e357e-f1ee-44c8-873a-163423d81aad.jpg/250x188.webp,2026-09-29T07:38:33.442386,1.31,3
de37cae1-aedb-4af3-b2f4-85349f6c0cf7,https://www.autoscout24.de/angebote/de37cae1-aedb-4af3-b2f4-85349f6c0cf7,de,Audi,a6,,Audi A6Avant qTDI3.0 V6180 A7S,29430,,True,2021,04-2021,53180,,used,diesel,180,244,2967,,172,6.6,automatic,,AWD,Kombi,5,5,Schwarz,,,,,dealer,Autowelt Bader GmbH & Co. KG,DE-83052 Bruckmühl,DE,2,https://prod.pictures.autoscout24.net/listing-images/de37cae1-aedb-4af3-b2f4-85349f6c0cf7_2c6d0e98-bde7-4884-896c-39ee3f552e48.jpg/250x188.webp,2026-09-29T07:38:33.442393,0.55,5
ab9e3612-28ee-4bcb-bc7f-677b846df486,https://www.autoscout24.de/angebote/ab9e3612-28ee-4bcb-bc7f-677b846df486,de,Mercedes-Benz,eqc 400,,Mercedes-Benz EQC 400EQC 400 4M AMG Line AsiiP MBUX KAM360,37790,,True,2023,08-2023,69316,,used,electric,300,408,,,0,4.0,automatic,,AWD,SUV/Geländewagen/Pickup,5,5,Schwarz,,,,,dealer,AutoExpo Deutsche Automarkt GmbH,DE-35463 Fernwald-Steinbach,DE,2,https://prod.pictures.autoscout24.net/listing-images/ab9e3612-28ee-4bcb-bc7f-677b846df486_895a01c4-6fbd-40ff-8e9a-eaba72de5b90.jpg/250x188.webp,2026-09-29T07:38:33.442401,0.55,3
329737fd-f171-4de7-b568-9ccbf41d2ba6,https://www.autoscout24.de/angebote/329737fd-f171-4de7-b568-9ccbf41d2ba6,de,Audi,a8,,Audi A860 TFSI e quattro Luftfederung Leder Navi Tel.-Vor,69990,,True,2026,01-2026,16865,,used,hybrid,250,340,2995,,117,5.1,automatic,,AWD,Limousine,4,5,Schwarz,,,,,dealer,Audi Zentrum Köln-Mitte,DE-50823 Köln,DE,2,https://prod.pictures.autoscout24.net/listing-images/329737fd-f171-4de7-b568-9ccbf41d2ba6_21bf5a90-caf6-4ea5-add7-b4236308c5b3.jpg/250x188.webp,2026-09-29T07:38:33.442409,4.15,0
5d4c2212-37d8-4513-ac36-709546f8a658,https://www.autoscout24.de/angebote/5d4c2212-37d8-4513-ac36-709546f8a658,de,Seat,leon,,SEAT LeonST Cupra 300 4Drive,18900,,True,2019,04-2019,112160,,used,petrol,221,300,1984,Euro 6d-TEMP,190,7.1,automatic,,AWD,Kombi,4,5,Schwarz,,,,,dealer,Haas Automobile,DE-96237 Ebersdorf bei Coburg,DE,2,https://prod.pictures.autoscout24.net/listing-images/5d4c2212-37d8-4513-ac36-709546f8a658_ef5b6cb1-be35-480b-96d0-2f4b54dbe10e.jpg/250x188.webp,2026-09-29T07:38:33.442416,0.17,7
588fba64-297e-4d65-a1dd-3c3df32ae700,https://www.autoscout24.de/angebote/588fba64-297e-4d65-a1dd-3c3df32ae700,de,Toyota,avensis,,Toyota AvensisTouring Sports Team D,16999,,True,2018,12-2018,73309,,used,petrol,108,146,1798,Euro 6,139,6.0,automatic,,Frontantrieb,Kombi,4,5,Grau,,,,,dealer,Lartz Autowelt GmbH,DE-48324 Sendenhorst,DE,2,https://prod.pictures.autoscout24.net/listing-images/588fba64-297e-4d65-a1dd-3c3df32ae700_956a17e1-b6e2-4c2f-9e9c-a9253ec940a2.jpg/250x188.webp,2026-09-29T07:38:33.442436,0.23,8
d06c01f0-1576-47e3-8468-f31f249cef35,https://www.autoscout24.de/angebote/d06c01f0-1576-47e3-8468-f31f249cef35,de,Mercedes-Benz,cle 53 amg,,Mercedes-Benz CLE 53 AMGCLE53 AMG Prem+ DYNAMIC+ Perf.Sitze,84880,,True,2025,05-2025,17137,,used,petrol,330,448,2999,Euro 6,216,9.5,automatic,,,Coupé,3,4,Blau,,,,,dealer,Autohaus Ebert GmbH & Co. KG,DE-69469 Weinheim,DE,2,https://prod.pictures.autoscout24.net/listing-images/d06c01f0-1576-47e3-8468-f31f249cef35_eebfbf4d-a942-4571-9960-8175f23562e5.jpg/250x188.webp,2026-09-29T07:38:33.442445,4.95,1
a3cf2a90-8a87-4c20-84c2-8b52f9d36ca0,https://www.autoscout24.de/angebote/a3cf2a90-8a87-4c20-84c2-8b52f9d36ca0,de,Mercedes-Benz,c 200,,Mercedes-Benz C 200Coupe AMG Line Sport,29900,,True,2021,06-2021,104278,,used,petrol,135,183,1497,Euro 6,138,6.0,automatic,,Heck,Coupé,2,4,Weiß,,,,,dealer,Autokauf-Köln.de,DE-51067 Köln,DE,3,https://prod.pictures.autoscout24.net/listing-images/a3cf2a90-8a87-4c20-84c2-8b52f9d36ca0_e8c5e04b-48c9-4b4c-bf33-5b64378d944d.jpg/250x188.webp,2026-09-29T07:38:33.442453,0.29,5
40f27a6c-def5-4a35-bedb-759afddbb4c9,https://www.autoscout24.de/angebote/40f27a6c-def5-4a35-bedb-759afddbb4c9,de,Audi,a3,,Audi A3Sportback 30 TFSI advanced SitzH KliA,17480,,True,2022,09-2022,88080,,used,petrol,81,110,999,,132,5.8,manual,,Frontantrieb,Limousine,5,5,Schwarz,,,,,dealer,Audi Zentrum Koblenz GW,DE-56070 Koblenz,DE,2,https://prod.pictures.autoscout24.net/listing-images/40f27a6c-def5-4a35-bedb-759afddbb4c9_92ecdb2d-b62b-42e1-ad8f-751aba3755cb.jpg/250x188.webp,2026-09-29T07:38:33.442460,0.2,4
5c4319ee-b33b-43bb-88dc-42e526dad4ff,https://www.autoscout24.de/angebote/5c4319ee-b33b-43bb-88dc-42e526dad4ff,de,Hyundai,kona,,"Hyundai KONA1,6 GDI Style Hybrid 2WD NAVI SHZ PDC KLIMA",16885,,True,2020,07-2020,41500,,used,hybrid,77,104,1580,Euro 6d-TEMP,,6.0,automatic,,Frontantrieb,SUV/Geländewagen/Pickup,5,5,Weiß,,,,,dealer,BOB Automotive GmbH,DE-45659 Recklinghausen,DE,2,https://prod.pictures.autoscout24.net/listing-images/5c4319ee-b33b-43bb-88dc-42e526dad4ff_1967df1c-c208-4ada-a5ed-fb07b0200fe9.jpg/250x188.webp,2026-09-29T07:38:33.442467,0.41,6
7a0d03b1-05a3-4641-a722-eb2b1750bc75,https://www.autoscout24.de/angebote/7a0d03b1-05a3-4641-a722-eb2b1750bc75,de,Kia,stonic,,Kia StonicSpirit Navi Soundsystem LED Apple CarPlay Android,13880,,True,2018,04-2018,32998,,used,petrol,88,119,998,,,1.0,manual,,Frontantrieb,SUV/Geländewagen/Pickup,5,5,Grau,,,,,dealer,Moll Automobile GmbH & Co. KG,DE-52078 Aachen,DE,2,https://prod.pictures.autoscout24.net/listing-images/7a0d03b1-05a3-4641-a722-eb2b1750bc75_4c52ef7c-bfb8-4592-935b-c4170a541953.jpg/250x188.webp,2026-09-29T07:38:33.442474,0.42,8
04c0779c-eb87-486c-80ae-6da4d084b0fc,https://www.autoscout24.de/angebote/04c0779c-eb87-486c-80ae-6da4d084b0fc,de,Audi,q3,,Audi Q335 TFSI S line,24490,,True,2020,02-2020,45000,,used,petrol,110,149,1498,Euro 6d-TEMP,145,6.3,manual,,Frontantrieb,SUV/Geländewagen/Pickup,4,5,Grau,,,,,dealer,Automobile Trier,DE-54340 Bekond,DE,3,https://prod.pictures.autoscout24.net/listing-images/04c0779c-eb87-486c-80ae-6da4d084b0fc_050033b5-bc2e-431c-9fc4-4d7c54649aa9.jpg/250x188.webp,2026-09-29T07:38:33.442482,0.54,6
a0b176b4-5647-465e-b41f-d8e05ff07ba1,https://www.autoscout24.de/angebote/a0b176b4-5647-465e-b41f-d8e05ff07ba1,de,Volkswagen,passat variant,,Volkswagen Passat Variant1.5TSI eHybrid DSG Business AHK,37490,,True,2025,03-2025,15144,,used,hybrid,200,272,1498,Euro 6,,6.0,automatic,,Frontantrieb,Kombi,5,5,Grau,,,,,dealer,Autohaus Wolfsburg-Hotz und Heitmann GmbH & Co.KG,DE-38440 Wolfsburg,DE,3,https://prod.pictures.autoscout24.net/listing-images/a0b176b4-5647-465e-b41f-d8e05ff07ba1_377e0ddf-eb34-45f0-b10c-c04357e7a1c1.jpg/250x188.webp,2026-09-29T07:38:33.442490,2.48,1
4dd5a8fc-c786-4673-8000-afd6e1645921,https://www.autoscout24.de/angebote/4dd5a8fc-c786-4673-8000-afd6e1645921,de,BMW,x3,,BMW X3xDrive 30i,40900,,True,2022,05-2022,51300,,used,petrol,132,180,1998,Euro 6d,194,8.4,automatic,,AWD,SUV/Geländewagen/Pickup,5,5,Schwarz,,,,,dealer,Autohaus BMW Wigger GmbH,DE-18146 Rostock,DE,3,https://prod.pictures.autoscout24.net/listing-images/4dd5a8fc-c786-4673-8000-afd6e1645921_8d9b7c4d-793d-4f4b-aeaf-ecb17d76b003.jpg/250x188.webp,2026-09-29T07:38:33.442497,0.8,4
3fa36392-304d-423c-89d1-d6a086854cc1,https://www.autoscout24.de/angebote/3fa36392-304d-423c-89d1-d6a086854cc1,de,BMW,318,,BMW 318GeschwindigRe DAB PDC CockpitPlus Widscreen,25499,,True,2024,09-2024,46017,,used,petrol,84,115,1998,Euro 6d,145,6.5,automatic,,Heck,Limousine,5,5,Schwarz,,,,,dealer,Autoland Celle GmbH & Co. KG,DE-29225 Celle,DE,2,https://prod.pictures.autoscout24.net/listing-images/3fa36392-304d-423c-89d1-d6a086854cc1_d07dc438-15d9-4c2e-b09d-ce746cabc286.jpg/250x188.webp,2026-09-29T07:38:33.442504,0.55,2
aaaff8c4-71b8-4b1e-9c4f-dacc8e4d2a23,https://www.autoscout24.de/angebote/aaaff8c4-71b8-4b1e-9c4f-dacc8e4d2a23,de,Renault,espace,,Renault EspaceTechno Full Hybrid E-Tech 200 7- Sitzer,30890,,True,2025,10-2025,28442,,used,hybrid,108,147,1199,Euro 6,110,4.9,automatic,,Frontantrieb,SUV/Geländewagen/Pickup,5,7,Weiß,,,,,dealer,RENAULT RETAIL GROUP Deutschland GmbH,DE-60314 Frankfurt / Main,DE,2,https://prod.pictures.autoscout24.net/listing-images/aaaff8c4-71b8-4b1e-9c4f-dacc8e4d2a23_1eb7ffd8-0a6c-4cfb-a916-de3f1db2dd5a.jpg/250x188.webp,2026-09-29T07:38:33.442511,1.09,1
fe7109e9-01de-4bba-b542-ff493e8bbc8f,https://www.autoscout24.de/angebote/fe7109e9-01de-4bba-b542-ff493e8bbc8f,de,Peugeot,e-2008,,Peugeot e-2008e- Active Pack,16990,,True,2023,07-2023,43700,,used,electric,100,136,5000,Euro 6d,,6.0,automatic,,Frontantrieb,SUV/Geländewagen/Pickup,5,5,Orange,,,,,dealer,Auto Parc France GmbH,DE-45475 Mülheim an der Ruhr,DE,2,https://prod.pictures.autoscout24.net/listing-images/fe7109e9-01de-4bba-b542-ff493e8bbc8f_18ba2d4a-3e16-4b7d-95b3-82b547377c28.jpg/250x188.webp,2026-09-29T07:38:33.442527,0.39,3
dfc86ce5-c58f-4972-ab4f-ff31e0d57de1,https://www.autoscout24.de/angebote/dfc86ce5-c58f-4972-ab4f-ff31e0d57de1,de,Mitsubishi,eclipse cross,,Mitsubishi Eclipse CrossEclipseCross Basis Hybrid 4WD 2.4,18370,,True,2022,03-2022,40224,,used,hybrid,101,138,2360,Euro 6d,46,2.0,automatic,,AWD,SUV/Geländewagen/Pickup,5,5,Weiß,,,,,dealer,Autohaus Siebrecht GmbH,DE-37574 Einbeck,DE,3,https://prod.pictures.autoscout24.net/listing-images/dfc86ce5-c58f-4972-ab4f-ff31e0d57de1_26b6e169-f757-4705-9387-2177ccf8be62.jpg/250x188.webp,2026-09-29T07:38:33.442534,0.46,4
8fdce694-70a6-4251-a025-8d4744213823,https://www.autoscout24.de/angebote/8fdce694-70a6-4251-a025-8d4744213823,de,Audi,a6,,Audi A6Design S line 50 TDI QUATTRO tiptronic,35890,,True,2023,09-2023,127755,,used,diesel,210,285,2967,,,4.0,automatic,,AWD,Kombi,5,5,Schwarz,,,,,dealer,Audi Zentrum Bad Homburg/Oberursel,DE-61440 Oberursel,DE,2,https://prod.pictures.autoscout24.net/listing-images/8fdce694-70a6-4251-a025-8d4744213823_59a979d9-c0cb-40fd-8ae4-2ddd45ffabeb.jpg/250x188.webp,2026-09-29T07:38:33.442541,0.28,3
d26a3818-637a-4d99-a4a1-050412bf986c,https://www.autoscout24.de/angebote/d26a3818-637a-4d99-a4a1-050412bf986c,de,BMW,320,,BMW 320i M Sport Pro DA ACC PA AHK Pano HuD H,37880,,True,2023,02-2023,30381,,used,petrol,135,183,1998,Euro 6d,,6.0,automatic,,Heck,Kombi,5,5,Grau,,,,,dealer,Procar Automobile Wuppertal GmbH & Co. KG,DE-42117 Wuppertal,DE,2,https://prod.pictures.autoscout24.net/listing-images/d26a3818-637a-4d99-a4a1-050412bf986c_30344715-80c9-4838-9ba8-65015c045843.jpg/250x188.webp,2026-09-29T07:38:33.442549,1.25,3
7e37a38e-004f-441b-b9aa-a648838806b2,https://www.autoscout24.de/angebote/7e37a38e-004f-441b-b9aa-a648838806b2,de,Volkswagen,t7 multivan,,"Volkswagen T7 Multivan1,5 l eHybrid OPF 4MOTION LR Edition",81322,,True,,new,89,,new,hybrid,130,176,,Euro 6d,65,2.8,automatic,,AWD,Van/Kleinbus,5,7,4 armlehnen beidseitig an z...,,,,,dealer,VW Roth | Feser-Graf,DE-91154 Roth,DE,2,https://prod.pictures.autoscout24.net/listing-images/7e37a38e-004f-441b-b9aa-a648838806b2_cd0cc0b9-6c82-4aa7-b6b6-25d1013c300a.jpg/250x188.webp,2026-09-29T07:38:33.442556,913.73,
5dff0abb-cda3-4cb9-b6e7-89603de3bad7,https://www.autoscout24.de/angebote/5dff0abb-cda3-4cb9-b6e7-89603de3bad7,de,Mercedes-Benz,c 300,,Mercedes-Benz C 300e Avantgarde MBUX Navi RFK Sitzhzg,29890,,True,2022,07-2022,60892,,used,petrol,230,312,1999,Euro 6d-TEMP,,6.0,automatic,,,Limousine,4,5,Grau,,,,,dealer,Autohaus Unterberger GmbH,DE-83707 Bad Wiessee,DE,2,https://prod.pictures.autoscout24.net/listing-images/5dff0abb-cda3-4cb9-b6e7-89603de3bad7_6b56785c-fe3e-49a0-bd40-c821db05c10c.jpg/250x188.webp,2026-09-29T07:38:33.442564,0.49,4
eaf0011d-880d-4031-b9e3-0d91a40f5808,https://www.autoscout24.de/angebote/eaf0011d-880d-4031-b9e3-0d91a40f5808,de,Mercedes-Benz,gle 350,,Mercedes-Benz GLE 350e 4M AMG+PANO-SHD+NIGHT+AMBIENTE+KAMERA,56870,,True,2022,07-2022,55742,,used,hybrid,155,210,1991,Euro 6,27,1.2,automatic,,AWD,SUV/Geländewagen/Pickup,5,5,Schwarz,,,,,dealer,STERNPARTNER SE & Co. KG,DE-25337 Elmshorn,DE,2,https://prod.pictures.autoscout24.net/listing-images/eaf0011d-880d-4031-b9e3-0d91a40f5808_15420735-17b8-4735-85b1-df3cccb5b3fc.jpg/250x188.webp,2026-09-29T07:38:33.442571,1.02,4
39be993b-7bc3-423a-b495-2560fef9772b,https://www.autoscout24.de/angebote/39be993b-7bc3-423a-b495-2560fef9772b,de,Audi,e-tron,,Audi e-tron55quattro 300,36660,,True,2023,03-2023,17006,,used,electric,300,408,0,,0,26.1,automatic,,AWD,SUV/Geländewagen/Pickup,5,5,Schwarz,,,,,dealer,Autohaus Jacob Fleischhauer GmbH & Co. KG,DE-53879 Euskirchen,DE,2,https://prod.pictures.autoscout24.net/listing-images/39be993b-7bc3-423a-b495-2560fef9772b_a007fcca-90bb-4c90-b2f1-3c8584db300e.jpg/250x188.webp,2026-09-29T07:38:33.442578,2.16,3
116e6b83-01b1-4738-b4c5-a1b782daf25b,https://www.autoscout24.de/angebote/116e6b83-01b1-4738-b4c5-a1b782daf25b,de,Volkswagen,t-roc,,Volkswagen T-RocR-Line 1.0 TSI 110PS 6-Gang,19990,,True,2023,11-2023,17509,,used,petrol,80,110,999,,135,5.9,manual,,Frontantrieb,SUV/Geländewagen/Pickup,4,5,Schwarz,,,,,dealer,Autohaus Staaf GmbH,DE-61130 Nidderau,DE,3,https://prod.pictures.autoscout24.net/listing-images/116e6b83-01b1-4738-b4c5-a1b782daf25b_42216bfc-ca9a-4972-ad1d-68afdb32fa1c.jpg/250x188.webp,2026-09-29T07:38:33.442587,1.14,3
b014447e-820b-469c-a8bb-245cdd981de9,https://www.autoscout24.de/angebote/b014447e-820b-469c-a8bb-245cdd981de9,de,BMW,i4,,BMW i4eDrive35 Gran Coupé M-Paket AHK+StHz+StKlima,39390,,True,2023,08-2023,59700,,used,electric,210,285,0,,0,576.0,automatic,,Heck,Coupé,5,5,Silber,,,,,dealer,Cloppenburg GmbH,DE-91522 Ansbach,DE,2,https://prod.pictures.autoscout24.net/listing-images/b014447e-820b-469c-a8bb-245cdd981de9_ad9e4938-065e-4b6b-b02c-e121fc432198.jpg/250x188.webp,2026-09-29T07:38:33.442599,0.66,3
a7531746-c4a2-4a7e-9934-342b43641708,https://www.autoscout24.de/angebote/a7531746-c4a2-4a7e-9934-342b43641708,de,Dacia,spring,,Dacia SpringELECTRIC COMFORT 27kWh CCS  RÜCKFAHRKAMERA,10490,,True,2021,08-2021,1510,,used,electric,27,36,,,0,13.9,automatic,,Frontantrieb,Kleinwagen,5,4,Silber,,,,,dealer,RENAULT RETAIL GROUP Deutschland GmbH,DE-53757 Sankt Augustin,DE,2,https://prod.pictures.autoscout24.net/listing-images/a7531746-c4a2-4a7e-9934-342b43641708_b0498dc5-b888-48b4-9cad-a9600215aaea.jpg/250x188.webp,2026-09-29T07:38:33.442607,6.95,5
0f83cf04-7bc1-459a-b566-55d1d49d36e5,https://www.autoscout24.de/angebote/0f83cf04-7bc1-459a-b566-55d1d49d36e5,de,Volkswagen,arteon,,Volkswagen ArteonTDI R-LINE LED NAVI KEYLESS,19980,,True,2019,01-2019,96879,,used,diesel,110,149,1968,Euro 6,,6.0,manual,,Frontantrieb,Limousine,5,5,Weiß,,,,,dealer,Tiemeyer automobile GmbH & Co. KG,DE-45894 Gelsenkirchen,DE,2,https://prod.pictures.autoscout24.net/listing-images/0f83cf04-7bc1-459a-b566-55d1d49d36e5_feaa320c-e56b-43d2-8442-f41078dcfa02.jpg/250x188.webp,2026-09-29T07:38:33.442614,0.21,7
f441ea59-6e61-4a1d-ae46-fd039a6ed591,https://www.autoscout24.de/angebote/f441ea59-6e61-4a1d-ae46-fd039a6ed591,de,Toyota,prius+,,Toyota Prius+1.8 Comfort Aut.,24390,,True,2020,10-2020,57622,,used,hybrid,100,136,1798,Euro 6,132,6.0,automatic,,Frontantrieb,Kombi,5,7,Schwarz,,,,,dealer,Autohero GmbH,DE-14059 Berlin,DE,2,https://prod.pictures.autoscout24.net/listing-images/f441ea59-6e61-4a1d-ae46-fd039a6ed591_e67e11c1-5f3e-435d-9c86-80d27d4de312.jpg/250x188.webp,2026-09-29T07:38:33.442621,0.42,6
b868e721-4271-444d-bbaf-3db9ebd697e1,https://www.autoscout24.de/angebote/b868e721-4271-444d-bbaf-3db9ebd697e1,de,Audi,q2,,Audi Q230 TFSI LED VIRTUAL CAR PLAY,21890,,True,2025,05-2025,5890,,used,petrol,85,115,999,Euro 6d,137,6.0,automatic,,Frontantrieb,SUV/Geländewagen/Pickup,5,5,Schwarz,,,,,dealer,Feser Joachim Automobil GmbH,DE-91154 Roth,DE,3,https://prod.pictures.autoscout24.net/listing-images/b868e721-4271-444d-bbaf-3db9ebd697e1_14b5151a-893e-4f08-9f53-b22d6007c5e7.jpg/250x188.webp,2026-09-29T07:38:33.442630,3.72,1
e1003abb-133a-4943-bdbe-31e1bc747fc5,https://www.autoscout24.de/angebote/e1003abb-133a-4943-bdbe-31e1bc747fc5,de,Audi,s3,,Audi S3TFSI S tro,38890,,True,2024,08-2024,59174,,used,petrol,245,333,1984,,,4.0,automatic,,AWD,Limousine,5,5,Grau,,,,,dealer,Göthling & Kaufmann Automobile GmbH,DE-65719 Hofheim,DE,2,https://prod.pictures.autoscout24.net/listing-images/e1003abb-133a-4943-bdbe-31e1bc747fc5_31fcc199-464e-4e6e-ab15-62ea7b9a9b21.jpg/250x188.webp,2026-09-29T07:38:33.442647,0.66,2
d077802d-ad49-4365-9ace-910abbcf743b,https://www.autoscout24.de/angebote/d077802d-ad49-4365-9ace-910abbcf743b,de,Maserati,levante,,Maserati LevanteG4,30700,,True,2019,04-2019,84900,,used,diesel,202,274,2987,Euro 6,220,6.0,automatic,,AWD,SUV/Geländewagen/Pickup,5,5,Schwarz,,,,,dealer,H&S Automobile Hamburg GmbH,DE-23795 Bad Segeberg ( bei Hamburg),DE,2,https://prod.pictures.autoscout24.net/listing-images/d077802d-ad49-4365-9ace-910abbcf743b_c4b26120-b074-4b35-b779-ebc9935560d3.jpg/250x188.webp,2026-09-29T07:38:33.442673,0.36,7
cd690563-9746-41c8-b795-a8eb839509d0,https://www.autoscout24.de/angebote/cd690563-9746-41c8-b795-a8eb839509d0,de,Seat,leon,,SEAT Leon1.0 TSI Limo Style Kamera,16990,,True,2024,04-2024,31764,,used,petrol,81,110,1000,Euro 6d,124,6.0,manual,,Frontantrieb,Limousine,5,5,Weiß,,,,,dealer,Nord-Automobile,DE-26180 Rastede/ Wahnbek,DE,2,https://prod.pictures.autoscout24.net/listing-images/cd690563-9746-41c8-b795-a8eb839509d0_413c810b-be21-4022-b075-8996acba993c.jpg/250x188.webp,2026-09-29T07:38:33.442745,0.53,2
caba417c-d853-4932-9a94-50f993d09556,https://www.autoscout24.de/angebote/caba417c-d853-4932-9a94-50f993d09556,de,Mercedes-Benz,v 250,,Mercedes-Benz V 250d EDITION 4M/ ACC,39300,,True,2019,10-2019,115000,,used,diesel,140,190,1950,Euro 6d-TEMP,172,6.0,automatic,,AWD,Van/Kleinbus,4,7,Rot,,,,,dealer,Autohaus Ahlsberg GmbH,DE-72793 Pfullingen,DE,2,https://prod.pictures.autoscout24.net/listing-images/caba417c-d853-4932-9a94-50f993d09556_9a4d429c-a05a-4ed9-a897-907922e27877.jpg/250x188.webp,2026-09-29T07:38:33.442761,0.34,7
878673fb-ab95-4a3a-864d-fbb9e7df3816,https://www.autoscout24.de/angebote/878673fb-ab95-4a3a-864d-fbb9e7df3816,de,Volkswagen,passat variant,,Volkswagen Passat Variant1.5 eTSI DSG neue Modell*Elegance,29980,,True,2024,06-2024,29894,,used,hybrid,110,149,1498,Euro 6d,,6.0,automatic,,Frontantrieb,Kombi,5,5,Schwarz,,,,,dealer,Automobile Dresden Weißig,DE-01328 Dresden/Weißig,DE,3,https://prod.pictures.autoscout24.net/listing-images/878673fb-ab95-4a3a-864d-fbb9e7df3816_9ab421a2-c205-49b7-961e-c23abbfcc4ad.jpg/250x188.webp,2026-09-29T07:38:33.442776,1.0,2
73d022f8-c5a2-44dc-b293-e5e6ab6ff1bd,https://www.autoscout24.de/angebote/73d022f8-c5a2-44dc-b293-e5e6ab6ff1bd,de,Land Rover,range rover,,Land Rover Range RoverSport HSE Dynamic,36900,,True,2021,06-2021,117684,,used,diesel,183,248,2997,Euro 6,199,8.3,automatic,,AWD,SUV/Geländewagen/Pickup,4,5,Schwarz,,,,,dealer,Yildirim Handels GmbH,DE-52477 Alsdorf,DE,3,https://prod.pictures.autoscout24.net/listing-images/73d022f8-c5a2-44dc-b293-e5e6ab6ff1bd_ffb2089c-e854-4c40-a058-00cbfd158485.jpg/250x188.webp,2026-09-29T07:38:33.442785,0.31,5
b7d20810-6b9f-4ed1-bf43-6ca4099c8ac6,https://www.autoscout24.de/angebote/b7d20810-6b9f-4ed1-bf43-6ca4099c8ac6,de,Toyota,corolla,,Toyota Corolla2.0 TS Hybrid Team D,19490,,True,2021,09-2021,108444,,used,hybrid,135,183,1987,Euro 6d,,6.0,automatic,,Frontantrieb,Kombi,5,5,Grau,,,,,dealer,Autohaus Lackmann GmbH,DE-40822 Mettmann,DE,2,https://prod.pictures.autoscout24.net/listing-images/b7d20810-6b9f-4ed1-bf43-6ca4099c8ac6_8063adaa-919e-4c57-a224-21d11395453b.jpg/250x188.webp,2026-09-29T07:38:33.442792,0.18,5
29f65919-a4dd-41e1-882d-1f6429f93735,https://www.autoscout24.de/angebote/29f65919-a4dd-41e1-882d-1f6429f93735,de,Mercedes-Benz,cla 200,,Mercedes-Benz CLA 200CLA 200d 4M SB-AMG BusiP AssiP HuD Beam,26690,,True,2023,06-2023,77786,,used,diesel,110,149,1950,,,4.0,automatic,,AWD,Kombi,5,5,Weiß,,,,,dealer,AutoExpo Deutsche Automarkt GmbH,DE-35463 Fernwald-Steinbach,DE,2,https://prod.pictures.autoscout24.net/listing-images/29f65919-a4dd-41e1-882d-1f6429f93735_b6a8723e-dcaa-4bb7-9396-a07144f6811e.jpg/250x188.webp,2026-09-29T07:38:33.442800,0.34,3
02c64521-a50a-44eb-bc15-424f1d1c2178,https://www.autoscout24.de/angebote/02c64521-a50a-44eb-bc15-424f1d1c2178,de,Volkswagen,t7 multivan,,Volkswagen T7 Multivan1.5 TSI eHybrid DSG 4M 7.Sitzer Edit,69570,,True,2026,07-2026,151,,used,hybrid,180,244,1498,,3,2.9,automatic,,AWD,Van/Kleinbus,5,7,Grau,,,,,dealer,Autohaus Kühl GmbH & Co. KG,DE-31137 Hildesheim,DE,2,https://prod.pictures.autoscout24.net/listing-images/02c64521-a50a-44eb-bc15-424f1d1c2178_ebc43130-0161-4e76-a373-aa9a0f1e6a9d.jpg/250x188.webp,2026-09-29T07:38:33.442807,460.73,0
7f160994-492d-4771-8394-ede8a93b3cff,https://www.autoscout24.de/angebote/7f160994-492d-4771-8394-ede8a93b3cff,de,BMW,118,,BMW 118i Hatch Advantage DAB LED WLAN Tempomat Shz,15990,,True,2021,04-2021,67334,,used,petrol,73,100,1499,Euro 6,,6.0,automatic,,,Limousine,5,5,Weiß,,,,,dealer,Autohaus Michael Schmidt GmbH,DE-82538 Geretsried - Gelting,DE,3,https://prod.pictures.autoscout24.net/listing-images/7f160994-492d-4771-8394-ede8a93b3cff_08d03f8d-14ed-4df8-9d08-a1e9b04c64c6.jpg/250x188.webp,2026-09-29T07:38:33.442815,0.24,5
414319d2-56ca-4cb4-99de-89e9454a88cf,https://www.autoscout24.de/angebote/414319d2-56ca-4cb4-99de-89e9454a88cf,de,Volkswagen,polo,,Volkswagen Polo1.0 Comfort NAVIGATION,11870,,True,2021,07-2021,36387,,used,petrol,59,80,999,Euro 6,,6.0,manual,,Frontantrieb,Limousine,5,5,Silber,,,,,dealer,Autohaus Klieber,DE-38112 Braunschweig,DE,3,https://prod.pictures.autoscout24.net/listing-images/414319d2-56ca-4cb4-99de-89e9454a88cf_0882adb5-5ee0-426a-837d-1c35d043c499.jpg/250x188.webp,2026-09-29T07:38:33.442823,0.33,5
b1ca5eff-f388-4270-803f-505a6a164f42,https://www.autoscout24.de/angebote/b1ca5eff-f388-4270-803f-505a6a164f42,de,Alfa Romeo,junior,,Alfa Romeo JuniorTi Ibrida 1.2 VGT Hybrid 145PS Navi,30470,,True,,new,0,,new,hybrid,106,145,1199,,110,4.8,automatic,,,SUV/Geländewagen/Pickup,5,5,Schwarz,,,,,dealer,KOHL automobile Vertriebs GmbH,DE-52078 Aachen,DE,2,https://prod.pictures.autoscout24.net/listing-images/b1ca5eff-f388-4270-803f-505a6a164f42_dba68add-edb4-4202-8d31-3ce4c8f02096.jpg/250x188.webp,2026-09-29T07:38:33.442831,,
4df8a60d-a95b-4698-a2bb-5def25ac0660,https://www.autoscout24.de/angebote/4df8a60d-a95b-4698-a2bb-5def25ac0660,de,Cupra,formentor,,CUPRA Formentor1.4 eHybrid MATT PANO KAMERA LM19 AHK,28790,,True,2024,05-2024,17812,,used,hybrid,150,204,1395,Euro 6d,,6.0,automatic,,Frontantrieb,SUV/Geländewagen/Pickup,5,5,Grau,,,,,dealer,Tiemeyer automobile GmbH & Co. KG,DE-45663 Recklinghausen,DE,2,https://prod.pictures.autoscout24.net/listing-images/4df8a60d-a95b-4698-a2bb-5def25ac0660_e27613a0-9068-45c3-9464-d1ff4362fc3a.jpg/250x188.webp,2026-09-29T07:38:33.442839,1.62,2
899e7fbc-b303-48eb-b72f-5e88b6f74723,https://www.autoscout24.de/angebote/899e7fbc-b303-48eb-b72f-5e88b6f74723,de,Honda,cr-v,,Honda CR-V2.0 HYBRID 4WD Executive Pano|HUD|LED,30980,,True,2022,09-2022,43400,,used,hybrid,135,183,1993,Euro 6,163,7.2,automatic,,AWD,SUV/Geländewagen/Pickup,5,5,Grau,,,,,dealer,Honda Center GmbH,DE-40233 Düsseldorf,DE,2,https://prod.pictures.autoscout24.net/listing-images/899e7fbc-b303-48eb-b72f-5e88b6f74723_463c2486-4457-4c14-b199-7abfcf87160b.jpg/250x188.webp,2026-09-29T07:38:33.442847,0.71,4
f37ed1a5-cb7d-49df-afa9-052706a1ca0a,https://www.autoscout24.de/angebote/f37ed1a5-cb7d-49df-afa9-052706a1ca0a,de,BMW,330,,"BMW 330e xDrive Touring*M Sport*19""*LC Prof.",34690,,True,2022,06-2022,47353,,used,hybrid,215,292,1998,Euro 6,,6.0,automatic,,AWD,Kombi,5,5,Grau,,,,,dealer,Autohaus Michael Schmidt GmbH,DE-82110 Germering,DE,3,https://prod.pictures.autoscout24.net/listing-images/f37ed1a5-cb7d-49df-afa9-052706a1ca0a_bb7399ae-3ca9-4ce5-8a91-1da678a16b9b.jpg/250x188.webp,2026-09-29T07:38:33.442854,0.73,4
b9a24430-b826-4d6c-997b-0b4008af77e9,https://www.autoscout24.de/angebote/b9a24430-b826-4d6c-997b-0b4008af77e9,de,Volkswagen,passat variant,,Volkswagen Passat Variant2.0 TDI Business,18749,,True,2022,06-2022,82450,,used,diesel,110,149,1968,Euro 6d,134,4.6,manual,,Frontantrieb,Kombi,5,5,Blau,,,,,dealer,Automobile Rabe - AuRa - GmbH,DE-26203 Wardenburg,DE,2,https://prod.pictures.autoscout24.net/listing-images/b9a24430-b826-4d6c-997b-0b4008af77e9_f77ad186-8f90-4a50-9b2a-0b7da902a856.jpg/250x188.webp,2026-09-29T07:38:33.442862,0.23,4
3f383819-ed29-402b-9690-f259eea8949a,https://www.autoscout24.de/angebote/3f383819-ed29-402b-9690-f259eea8949a,de,Audi,a6,,Audi A6S line 45 3.0 TDI quattro S-tronic,40930,,True,2024,07-2024,38263,,used,diesel,180,244,2967,,,4.0,automatic,,AWD,Kombi,5,5,Schwarz,,,,,dealer,DB Autohaus Schweinfurt Premium,DE-97424 Schweinfurt,DE,2,https://prod.pictures.autoscout24.net/listing-images/3f383819-ed29-402b-9690-f259eea8949a_890e87f3-9bea-43c6-8661-aef59d72530a.jpg/250x188.webp,2026-09-29T07:38:33.442869,1.07,2
505fc741-397f-4d89-b7b4-bb755c7b269b,https://www.autoscout24.de/angebote/505fc741-397f-4d89-b7b4-bb755c7b269b,de,Audi,q6 e-tron,,Audi Q6 e-tronS-LINE MATRIX+NAVI+HuD+B&O+AIR+PANO,60650,,True,2025,08-2025,10732,,used,electric,185,251,,,0,4.0,automatic,,Heck,SUV/Geländewagen/Pickup,5,5,Grau,,,,,dealer,Motor-Nützel Vertriebs-GmbH Bayreuth,DE-95448 Bayreuth,DE,2,https://prod.pictures.autoscout24.net/listing-images/505fc741-397f-4d89-b7b4-bb755c7b269b_ad35cec9-a268-48cd-ab0a-0e6008280687.jpg/250x188.webp,2026-09-29T07:38:33.442877,5.65,1
deb4ea6e-f8b2-4424-b4b3-f08db47a3f0c,https://www.autoscout24.de/angebote/deb4ea6e-f8b2-4424-b4b3-f08db47a3f0c,de,Volvo,xc60,,Volvo XC60XC 60 Plus Black Edition Recharge Plug-In Hybrid A,43990,,True,2024,09-2024,8500,,used,hybrid,246,335,1969,Euro 6d,30,1.3,automatic,,AWD,SUV/Geländewagen/Pickup,5,5,Schwarz,,,,,dealer,Autohaus München,DE-81825 München,DE,2,https://prod.pictures.autoscout24.net/listing-images/deb4ea6e-f8b2-4424-b4b3-f08db47a3f0c_ba4a2f6b-0266-4ba4-867b-19bc5bfb04ae.jpg/250x188.webp,2026-09-29T07:38:33.442884,5.18,2
4a5ee663-7cf3-4d34-9c77-1512dbe4108f,https://www.autoscout24.de/angebote/4a5ee663-7cf3-4d34-9c77-1512dbe4108f,de,Volkswagen,arteon,,"Volkswagen Arteon2.0 TDI DSG Elegance Business Pre., ZGV",26580,,True,2023,02-2023,65908,,used,diesel,110,149,1968,Euro 6d-TEMP,125,4.8,automatic,,Frontantrieb,Limousine,5,5,Grau,,,,,dealer,Volkswagen Zentrum Trier GW,DE-54292 Trier,DE,2,https://prod.pictures.autoscout24.net/listing-images/4a5ee663-7cf3-4d34-9c77-1512dbe4108f_489f4395-863f-4a3d-a5e2-04ff1f35103f.jpg/250x188.webp,2026-09-29T07:38:33.442892,0.4,3
ed34d3ef-3e5f-468f-a1f5-f47567ddd08b,https://www.autoscout24.de/angebote/ed34d3ef-3e5f-468f-a1f5-f47567ddd08b,de,Mercedes-Benz,cl,,Mercedes-Benz CL220d AMG Navi LED Pano Burmester STHZ ACC,29990,,True,2022,06-2022,121666,,used,diesel,140,190,1950,Euro 6d,128,4.9,automatic,,,Coupé,4,5,Grau,,,,,dealer,Auto Art GmbH,DE-53783 Eitorf,DE,2,https://prod.pictures.autoscout24.net/listing-images/ed34d3ef-3e5f-468f-a1f5-f47567ddd08b_e85e7a44-ccef-43ab-8b33-d9c42a925c24.jpg/250x188.webp,2026-09-29T07:38:33.442899,0.25,4
53b9bb4f-7c18-4789-a1d1-e5284dff3609,https://www.autoscout24.de/angebote/53b9bb4f-7c18-4789-a1d1-e5284dff3609,de,Mercedes-Benz,cla 200,,Mercedes-Benz CLA 200d Coupe AMG AMG+MBUX+Night+Navi+AUT+PTS,27515,,True,2020,01-2020,40928,,used,diesel,110,149,1950,Euro 6d,128,4.9,automatic,,,Coupé,4,5,Schwarz,,,,,dealer,Assenheimer + Mulfinger GmbH & Co. KG,DE-74731 Walldürn,DE,2,https://prod.pictures.autoscout24.net/listing-images/53b9bb4f-7c18-4789-a1d1-e5284dff3609_5855cd5a-a258-4763-83e8-87dc09c391a1.jpg/250x188.webp,2026-09-29T07:38:33.442907,0.67,6
53710410-09c9-445c-9503-8504fe3702bf,https://www.autoscout24.de/angebote/53710410-09c9-445c-9503-8504fe3702bf,de,Porsche,cayenne,,Porsche CayenneE-Hybrid Coupé,73500,,True,2022,07-2022,82000,,used,hybrid,249,340,2995,Euro 6e,73,6.0,automatic,,AWD,Coupé,5,5,Schwarz,,,,,dealer,RAMAX,DE-50354 Hürth (bei Köln),DE,2,https://prod.pictures.autoscout24.net/listing-images/53710410-09c9-445c-9503-8504fe3702bf_8c053280-c48c-4fb1-8e96-84316857c7f3.jpg/250x188.webp,2026-09-29T07:38:33.442913,0.9,4
72adf4e6-b1ae-4ed1-a97b-6467c134c7e5,https://www.autoscout24.de/angebote/72adf4e6-b1ae-4ed1-a97b-6467c134c7e5,de,Opel,grandland,,Opel Grandland1.2 Turbo Dynamic LED,12589,,True,2018,07-2018,82000,,used,petrol,96,130,1199,Euro 6,,6.0,automatic,,,SUV/Geländewagen/Pickup,5,5,Grau,,,,,dealer,Hermann GmbH,DE-99974 Mühlhausen,DE,2,https://prod.pictures.autoscout24.net/listing-images/72adf4e6-b1ae-4ed1-a97b-6467c134c7e5_0e7d0642-8aa5-41a9-8639-988252054b83.jpg/250x188.webp,2026-09-29T07:38:33.442925,0.15,8
4b6e3871-bd8a-4201-9c2b-9a0a4110e33a,https://www.autoscout24.de/angebote/4b6e3871-bd8a-4201-9c2b-9a0a4110e33a,de,Opel,grandland x,,Opel Grandland X1.2T ELEGANCE NAVI,16820,,True,2023,11-2023,21700,,used,petrol,96,130,1199,Euro 6d,,6.0,automatic,,Frontantrieb,SUV/Geländewagen/Pickup,4,5,Schwarz,,,,,dealer,Autohaus Thiede GmbH,DE-38364 Schöningen,DE,3,https://prod.pictures.autoscout24.net/listing-images/4b6e3871-bd8a-4201-9c2b-9a0a4110e33a_0af69260-8f4c-445a-a1d9-60f30260e328.jpg/250x188.webp,2026-09-29T07:38:33.442933,0.78,3
427bf56a-b67a-46ae-83f0-b49b3e4b6dfa,https://www.autoscout24.de/angebote/427bf56a-b67a-46ae-83f0-b49b3e4b6dfa,de,Mercedes-Benz,v 300,,Mercedes-Benz V 300V 300 d AMG-Line lang LED,49880,,True,2022,04-2022,68372,,used,diesel,174,236,1950,Euro 6,202,7.7,automatic,,,Van/Kleinbus,4,7,Weiß,,,,,dealer,STERNAUTO GmbH,DE-39130 Magdeburg,DE,2,https://prod.pictures.autoscout24.net/listing-images/427bf56a-b67a-46ae-83f0-b49b3e4b6dfa_2d175b7d-d58c-411c-9083-bc8af6ab633b.jpg/250x188.webp,2026-09-29T07:38:33.442940,0.73,4
45e3981f-1982-4b3b-b89a-230a547b3854,https://www.autoscout24.de/angebote/45e3981f-1982-4b3b-b89a-230a547b3854,de,Mercedes-Benz,e 220,,Mercedes-Benz E 220d EXCLUSIVE,53470,,True,2025,05-2025,6710,,used,diesel,145,197,1993,Euro 6,127,4.7,automatic,,Heck,Limousine,4,5,Grau,,,,,dealer,S&G Automobil AG,DE-76185 Karlsruhe,DE,2,https://prod.pictures.autoscout24.net/listing-images/45e3981f-1982-4b3b-b89a-230a547b3854_eb8402a5-1027-495c-96c5-3d200f48a5f9.jpg/250x188.webp,2026-09-29T07:38:33.442947,7.97,1
a90b9583-6543-4235-973c-521cef26db8b,https://www.autoscout24.de/angebote/a90b9583-6543-4235-973c-521cef26db8b,de,BMW,x1,,BMW X1xDrive20i xLine HEAD-UP PANO KAMERA LED,23700,,True,2021,07-2021,63000,,used,petrol,131,178,1998,Euro 6d-TEMP,167,7.3,automatic,,AWD,SUV/Geländewagen/Pickup,5,5,Schwarz,,,,,dealer,Autohaus Rheingau,DE-65366 Geisenheim,DE,3,https://prod.pictures.autoscout24.net/listing-images/a90b9583-6543-4235-973c-521cef26db8b_2e1bd449-4d3f-4f7c-8466-84728b5f44df.jpg/250x188.webp,2026-09-29T07:38:33.442955,0.38,5
07bd2435-44c2-4cb4-987f-911ee77ba83a,https://www.autoscout24.de/angebote/07bd2435-44c2-4cb4-987f-911ee77ba83a,de,Alfa Romeo,giulia,,Alfa Romeo GiuliaQuadrifoglio Rosso Competizione 1. Hand,48800,,True,2020,06-2020,86800,,used,petrol,375,510,2891,Euro 6d-TEMP,214,9.2,automatic,,Heck,Limousine,4,5,Rot,,,,,dealer,Automobile Maresch,DE-81829 München,DE,2,https://prod.pictures.autoscout24.net/listing-images/07bd2435-44c2-4cb4-987f-911ee77ba83a_ab9b9731-c64e-447b-ac48-f4dcf2755a0d.jpg/250x188.webp,2026-09-29T07:38:33.442962,0.56,6
55569f67-6694-4418-adf3-97d7ced2196a,https://www.autoscout24.de/angebote/55569f67-6694-4418-adf3-97d7ced2196a,de,BMW,ix1,,BMW iX1xDrive30 xLine Head-Up DAB LED Komfortzg.,34890,,True,2023,04-2023,37400,,used,electric,200,272,0,,0,433.0,automatic,,AWD,SUV/Geländewagen/Pickup,5,5,Weiß,,,,,dealer,Autohaus Michael Schmidt GmbH,DE-82538 Geretsried - Gelting,DE,3,https://prod.pictures.autoscout24.net/listing-images/55569f67-6694-4418-adf3-97d7ced2196a_c9997e1d-25b6-49d2-b602-c82e14510fb7.jpg/250x188.webp,2026-09-29T07:38:33.442969,0.93,3
9a45bcc2-7faf-4c3d-8f76-9a8eb8e66815,https://www.autoscout24.de/angebote/9a45bcc2-7faf-4c3d-8f76-9a8eb8e66815,de,Hyundai,ioniq,,Hyundai IONIQPrime LEDER|Navi|ACC|Kamera|Prime-Paket|PDC,17996,,True,2022,06-2022,36288,,used,hybrid,104,141,1580,Euro 6,,6.0,automatic,,Frontantrieb,Limousine,5,5,Weiß,,,,,dealer,MeinAuto.de Gebrauchtwagen,DE-41460 Neuss bei Düsseldorf,DE,2,https://prod.pictures.autoscout24.net/listing-images/9a45bcc2-7faf-4c3d-8f76-9a8eb8e66815_9ca9bedb-65aa-44cd-9f56-d17aea706202.jpg/250x188.webp,2026-09-29T07:38:33.442977,0.5,4
f51bb36d-82aa-46e9-9b33-ff00c94e6bbf,https://www.autoscout24.de/angebote/f51bb36d-82aa-46e9-9b33-ff00c94e6bbf,de,Mercedes-Benz,s 450,,Mercedes-Benz S 450S 450 d 4M L AMG Line Holz Offenporig,94900,,True,2025,11-2025,28552,,used,diesel,270,367,2989,Euro 6d,176,6.7,automatic,,AWD,Limousine,4,5,Schwarz,,,,,dealer,Paul Lüske GmbH,DE-49661 Cloppenburg,DE,3,https://prod.pictures.autoscout24.net/listing-images/f51bb36d-82aa-46e9-9b33-ff00c94e6bbf_bb1cc628-2ac6-4a68-8537-10ee4877ab18.jpg/250x188.webp,2026-09-29T07:38:33.442984,3.32,1
16561b49-3549-40d7-a920-377be21dbb6c,https://www.autoscout24.de/angebote/16561b49-3549-40d7-a920-377be21dbb6c,de,Audi,q5,,Audi Q5quattr S line 20,26980,,True,2023,04-2023,114258,,used,diesel,110,150,1968,Euro 6d,,6.0,automatic,,AWD,SUV/Geländewagen/Pickup,4,5,Grau,,,,,dealer,Automarkt Immelborn GmbH,DE-36456 Barchfeld Immelborn,DE,3,https://prod.pictures.autoscout24.net/listing-images/16561b49-3549-40d7-a920-377be21dbb6c_93dbdddc-4d20-4c0a-b827-d1bd2571b091.jpg/250x188.webp,2026-09-29T07:38:33.442997,0.24,3
ac183a0b-fa8b-4fa1-84b0-8e243ca6bf73,https://www.autoscout24.de/angebote/ac183a0b-fa8b-4fa1-84b0-8e243ca6bf73,de,Cupra,formentor,,CUPRA Formentor1.5 TSI DSG NAVI LM18 CUPRA-CONN KAMER,23790,,True,2024,05-2024,18841,,used,petrol,110,149,1498,Euro 6d,,6.0,automatic,,Frontantrieb,SUV/Geländewagen/Pickup,5,5,Schwarz,,,,,dealer,Tiemeyer automobile GmbH & Co. KG,DE-45663 Recklinghausen,DE,2,https://prod.pictures.autoscout24.net/listing-images/ac183a0b-fa8b-4fa1-84b0-8e243ca6bf73_819ac10b-8b03-423f-abec-999813dfe1f9.jpg/250x188.webp,2026-09-29T07:38:33.443004,1.26,2
1d4fc281-0f89-4a75-bd57-61170575fe11,https://www.autoscout24.de/angebote/1d4fc281-0f89-4a75-bd57-61170575fe11,de,Mercedes-Benz,a 250,,Mercedes-Benz A 250e Limousine AMG / NIGHT PAKET / LED,21990,,True,2020,08-2020,102102,,used,hybrid,160,217,1332,Euro 6d,31,6.0,automatic,,Frontantrieb,Limousine,4,5,Weiß,,,,,dealer,Steinfelder Autohaus,DE-49439 Steinfeld,DE,3,https://prod.pictures.autoscout24.net/listing-images/1d4fc281-0f89-4a75-bd57-61170575fe11_c2dc20fb-7147-4a59-9233-2e192cc428cd.jpg/250x188.webp,2026-09-29T07:38:33.443011,0.22,6
e0d90f03-4c00-4e5d-a2e5-1728a7b9f500,https://www.autoscout24.de/angebote/e0d90f03-4c00-4e5d-a2e5-1728a7b9f500,de,Ford,ranger,,"Ford RangerWildtrak 3,0d *V6* FOLIERT HÖHER LED T73 Stdhzg",77980,,True,2025,05-2025,390,,used,diesel,177,240,3000,Euro 6d-TEMP,266,10.2,automatic,,AWD,SUV/Geländewagen/Pickup,4,5,Grün,,,,,dealer,JWB.DE GmbH,DE-36124 Eichenzell- Rothemann,DE,3,https://prod.pictures.autoscout24.net/listing-images/e0d90f03-4c00-4e5d-a2e5-1728a7b9f500_e31b6eb1-5af0-41bc-9942-cfc9c340edcc.jpg/250x188.webp,2026-09-29T07:38:33.443017,199.95,1
a0ae76b4-c8c4-49a6-90f9-cc3c0b71005d,https://www.autoscout24.de/angebote/a0ae76b4-c8c4-49a6-90f9-cc3c0b71005d,de,Mercedes-Benz,s 350,,Mercedes-Benz S 350S350d AMG-Line,39990,,True,2019,12-2019,156000,,used,diesel,210,285,2925,Euro 6d-TEMP,150,5.7,automatic,,Heck,Limousine,4,5,Schwarz,,,,,dealer,Premium Cars Group GmbH,DE-88471 Laupheim,DE,2,https://prod.pictures.autoscout24.net/listing-images/a0ae76b4-c8c4-49a6-90f9-cc3c0b71005d_60ca994a-a40a-44cc-a16e-33deb88be6c9.jpg/250x188.webp,2026-09-29T07:38:33.443024,0.26,7
500c75a9-92ce-467f-856c-8b3d89e071a0,https://www.autoscout24.de/angebote/500c75a9-92ce-467f-856c-8b3d89e071a0,de,Mercedes-Benz,e 400,,Mercedes-Benz E 400d ALLRAD STHZG,24500,,True,2022,05-2022,185830,,used,diesel,243,330,2925,Euro 6d,,6.0,automatic,,AWD,Kombi,4,5,Schwarz,,,,,dealer,Automarkt Immelborn GmbH,DE-36456 Barchfeld Immelborn,DE,3,https://prod.pictures.autoscout24.net/listing-images/500c75a9-92ce-467f-856c-8b3d89e071a0_1033f24b-c2ae-4d33-b6ec-f735db4ef4fc.jpg/250x188.webp,2026-09-29T07:38:33.443031,0.13,4
8f1d2979-73a7-4d92-918d-fd087562744d,https://www.autoscout24.de/angebote/8f1d2979-73a7-4d92-918d-fd087562744d,de,Baic,bj30,,BAIC BJ30,26992,,True,2025,11-2025,10000,,used,hybrid,113,153,1498,,,4.0,automatic,,AWD,SUV/Geländewagen/Pickup,4,5,Grau,,,,,dealer,Löhr Automobile,DE-57462 Olpe,DE,2,https://prod.pictures.autoscout24.net/listing-images/8f1d2979-73a7-4d92-918d-fd087562744d_5dd42099-aba2-4b6b-bb1a-371cfe8225cb.jpg/250x188.webp,2026-09-29T07:38:33.443037,2.7,1
99381186-6232-4ee4-a9cd-5bdbf2eab46a,https://www.autoscout24.de/angebote/99381186-6232-4ee4-a9cd-5bdbf2eab46a,de,BMW,330,,BMW 330e Limousine xDrive M Sport,29900,,True,2021,10-2021,122100,,used,hybrid,158,215,1998,Euro 6,40,1.7,automatic,,AWD,Limousine,4,5,Schwarz,,,,,dealer,Autohaus Begemann GmbH & Co. KG,DE-32108 Bad Salzuflen,DE,2,https://prod.pictures.autoscout24.net/listing-images/99381186-6232-4ee4-a9cd-5bdbf2eab46a_6196d84c-fc07-40d5-b7a2-d64c8325a611.jpg/250x188.webp,2026-09-29T07:38:33.443045,0.24,5
3b077b8e-e5a2-40c9-94da-60a91e426bc0,https://www.autoscout24.de/angebote/3b077b8e-e5a2-40c9-94da-60a91e426bc0,de,Volkswagen,t7 multivan,,Volkswagen T7 Multivanlang e-Hybrid Style MATRIX+HuD+PANO,66400,,True,2025,12-2025,651,,used,hybrid,180,244,1498,,65,3.0,automatic,,AWD,Van/Kleinbus,5,7,Schwarz,,,,,dealer,Motor-Nützel Vertriebs-GmbH,DE-95448 Bayreuth,DE,2,https://prod.pictures.autoscout24.net/listing-images/3b077b8e-e5a2-40c9-94da-60a91e426bc0_aee4ee5e-3e22-4c21-8653-2e5a3ef5f700.jpg/250x188.webp,2026-09-29T07:38:33.443052,102.0,1
0751c4dd-ca4e-48fb-b6f7-7508086d8cde,https://www.autoscout24.de/angebote/0751c4dd-ca4e-48fb-b6f7-7508086d8cde,de,Mercedes-Benz,gle 400,,Mercedes-Benz GLE 400d Coupe *2x AMG Line+Night*,68990,,True,2022,12-2022,64050,,used,diesel,243,330,2925,Euro 6d,,6.0,automatic,,AWD,Coupé,5,5,Weiß,,,,,dealer,autonext GmbH,DE-41066 Mönchengladbach,DE,2,https://prod.pictures.autoscout24.net/listing-images/0751c4dd-ca4e-48fb-b6f7-7508086d8cde_37a36ab7-5715-4f78-96f1-4539ed922070.jpg/250x188.webp,2026-09-29T07:38:33.443059,1.08,4
7cb4b675-efa9-4196-962f-a794a845a392,https://www.autoscout24.de/angebote/7cb4b675-efa9-4196-962f-a794a845a392,de,Peugeot,2008,,Peugeot 20081.2 PureTech 130 Allure Pack,15390,,True,2023,02-2023,29856,,used,petrol,70,96,1199,Euro 6d,,6.0,automatic,,Frontantrieb,SUV/Geländewagen/Pickup,5,5,Weiß,,,,,dealer,Automobile Tiemeyer GmbH,DE-44575 Castrop-Rauxel,DE,2,https://prod.pictures.autoscout24.net/listing-images/7cb4b675-efa9-4196-962f-a794a845a392_d058a9d8-322b-4306-a307-35910d46986f.jpg/250x188.webp,2026-09-29T07:38:33.443067,0.52,3
e554d028-7285-4d9c-93e2-b8992bc1ca05,https://www.autoscout24.de/angebote/e554d028-7285-4d9c-93e2-b8992bc1ca05,de,Cupra,leon,,CUPRA Leon2.0 TSI DSG Basis LED,23780,,True,2023,08-2023,18960,,used,petrol,140,190,1984,Euro 6d,,6.0,automatic,,Frontantrieb,Limousine,5,5,Schwarz,,,,,dealer,Autohaus Kühl GmbH & Co. KG,DE-38518 Gifhorn,DE,2,https://prod.pictures.autoscout24.net/listing-images/e554d028-7285-4d9c-93e2-b8992bc1ca05_d9806999-8b83-4e44-b7a8-26b965ecb369.jpg/250x188.webp,2026-09-29T07:38:33.443074,1.25,3
c7ad5679-a0d5-4885-b5e5-7578329c7baa,https://www.autoscout24.de/angebote/c7ad5679-a0d5-4885-b5e5-7578329c7baa,de,Opel,astra,,Opel AstraAstra K Dynamic 1.4 110 kW 16V SIDI Turbo Komfort,11490,,True,2018,06-2018,94831,,used,petrol,110,149,1399,Euro 6,127,6.0,automatic,,Frontantrieb,Limousine,5,5,Grau,,,,,dealer,Star Automobile GmbH & Co. KG,DE-50739 Köln,DE,3,https://prod.pictures.autoscout24.net/listing-images/c7ad5679-a0d5-4885-b5e5-7578329c7baa_0064e92a-b178-4ac1-b414-306dc0e1e05d.jpg/250x188.webp,2026-09-29T07:38:33.443081,0.12,8
f1a53a3a-8cae-4e14-b1e3-1660d759b23a,https://www.autoscout24.de/angebote/f1a53a3a-8cae-4e14-b1e3-1660d759b23a,de,Nissan,x-trail,,Nissan X-Trail1.5 e-Power N-Connecta*HeadUp*ACC*360°,25980,,True,2024,09-2024,10297,,used,hybrid,150,204,1497,Euro 6d,161,7.1,automatic,,Frontantrieb,SUV/Geländewagen/Pickup,5,5,Blau,,,,,dealer,Automobile Dresden Weißig,DE-01328 Dresden/Weißig,DE,3,https://prod.pictures.autoscout24.net/listing-images/f1a53a3a-8cae-4e14-b1e3-1660d759b23a_d51346a4-ad93-433e-972c-09d6efcdd2ce.jpg/250x188.webp,2026-09-29T07:38:33.443088,2.52,2
22dfadc7-9274-4b3b-beee-1268eff5dda7,https://www.autoscout24.de/angebote/22dfadc7-9274-4b3b-beee-1268eff5dda7,de,Mercedes-Benz,e 450,,Mercedes-Benz E 4504Matic AMG Line Advanced+ Pano 360°21Zoll,70499,,True,2025,07-2025,9866,,used,diesel,270,367,2989,,,4.0,automatic,,AWD,Kombi,5,5,Grau,,,,,dealer,Autoland Celle GmbH & Co. KG,DE-29225 Celle,DE,2,https://prod.pictures.autoscout24.net/listing-images/22dfadc7-9274-4b3b-beee-1268eff5dda7_4330b28c-d0e4-4001-ba97-6398ef95d7c6.jpg/250x188.webp,2026-09-29T07:38:33.443096,7.15,1
0cb48436-20c5-48e3-9fd0-b82cb98e2880,https://www.autoscout24.de/angebote/0cb48436-20c5-48e3-9fd0-b82cb98e2880,de,Mercedes-Benz,a 220,,Mercedes-Benz A 220d Amg Line,29990,,True,2024,10-2024,37000,,used,diesel,140,190,1950,Euro 6e,,6.0,automatic,,Frontantrieb,Limousine,4,5,Grau,,,,,dealer,Automobile Trier,DE-54340 Bekond,DE,3,https://prod.pictures.autoscout24.net/listing-images/0cb48436-20c5-48e3-9fd0-b82cb98e2880_003d5667-5139-4b06-a559-97f70017b113.jpg/250x188.webp,2026-09-29T07:38:33.443103,0.81,2
f30bb9cc-98e3-4cfb-a494-14842ce7c324,https://www.autoscout24.de/angebote/f30bb9cc-98e3-4cfb-a494-14842ce7c324,de,Renault,kadjar,,Renault Kadjar1.5 dCi Business Edition / NAVI,10990,,True,2018,03-2018,133384,,used,diesel,81,110,1461,Euro 6,0,0.0,automatic,,Frontantrieb,SUV/Geländewagen/Pickup,4,5,Schwarz,,,,,dealer,Steinfelder Autohaus,DE-49439 Steinfeld,DE,3,https://prod.pictures.autoscout24.net/listing-images/f30bb9cc-98e3-4cfb-a494-14842ce7c324_06d16e94-1978-44f1-a77e-6222d6380b94.jpg/250x188.webp,2026-09-29T07:38:33.443110,0.08,8
1db37b64-792e-436d-ae5f-dd956a9b9e6b,https://www.autoscout24.de/angebote/1db37b64-792e-436d-ae5f-dd956a9b9e6b,de,Audi,a5,,"Audi A5Sportb. 40TDI Quattro S-Line Virtual~20""Rotor",27950,,True,2020,08-2020,136938,,used,diesel,140,190,1968,Euro 6,138,5.2,automatic,,AWD,Limousine,4,5,Grau,,,,,dealer,Auto Braininger GbR,DE-84032 Altdorf - Landshut,DE,2,https://prod.pictures.autoscout24.net/listing-images/1db37b64-792e-436d-ae5f-dd956a9b9e6b_c5e5f9c9-267e-4510-8e41-a2c769744c60.jpg/250x188.webp,2026-09-29T07:38:33.443117,0.2,6
ef3c50ba-8144-475f-b8be-95e3eb53a351,https://www.autoscout24.de/angebote/ef3c50ba-8144-475f-b8be-95e3eb53a351,de,Kia,sportage,,Kia Sportage1.6 T-GDI Vision Kamera,22490,,True,2025,07-2025,21847,,used,petrol,86,118,1598,Euro 6,162,7.1,manual,,Frontantrieb,SUV/Geländewagen/Pickup,5,5,Grau,,,,,dealer,Levy Motor Company Rheinland GmbH,DE-50968 Köln,DE,2,https://prod.pictures.autoscout24.net/listing-images/ef3c50ba-8144-475f-b8be-95e3eb53a351_1fb29006-912e-4a72-9ad4-a940c167b7ef.jpg/250x188.webp,2026-09-29T07:38:33.443125,1.03,1
ea22ed6d-8936-490d-a872-340ac21a6611,https://www.autoscout24.de/angebote/ea22ed6d-8936-490d-a872-340ac21a6611,de,BMW,x3,,BMW X3M Sport,31300,,True,2023,08-2023,143400,,used,diesel,140,190,1995,,0,0.0,automatic,,,SUV/Geländewagen/Pickup,5,5,Weiß,,,,,dealer,Autohaus Hofmann GmbH,DE-86690 Mertingen,DE,1,https://prod.pictures.autoscout24.net/listing-images/ea22ed6d-8936-490d-a872-340ac21a6611_9167b42c-50e7-4724-8d3b-37ecb5184edd.jpg/250x188.webp,2026-09-29T07:38:33.443133,0.22,3
dea76092-fa26-4b32-a945-208a85dfc563,https://www.autoscout24.de/angebote/dea76092-fa26-4b32-a945-208a85dfc563,de,Opel,crossland,,Opel CrosslandCrossland 1.2 EleganceP KomfP LED SHZ,13490,,True,2024,09-2024,14632,,used,petrol,81,110,1199,,,4.0,manual,,Frontantrieb,SUV/Geländewagen/Pickup,5,5,Rot,,,,,dealer,AutoExpo Deutsche Automarkt GmbH,DE-35463 Fernwald-Steinbach,DE,2,https://prod.pictures.autoscout24.net/listing-images/dea76092-fa26-4b32-a945-208a85dfc563_bfc37177-96e1-4e8d-8905-a74625498682.jpg/250x188.webp,2026-09-29T07:38:33.443140,0.92,2
91a9141b-4e05-4051-911e-d08c42b00ea6,https://www.autoscout24.de/angebote/91a9141b-4e05-4051-911e-d08c42b00ea6,de,Cupra,leon,,"CUPRA Leon1.4 TSI, e-Hybrid, +Winterräder +Garantie +Kamera",26000,,True,2023,10-2023,23000,,used,hybrid,110,150,1395,Euro 6d,27,1.2,automatic,,Frontantrieb,Kombi,5,5,Schwarz,,,,,dealer,Gebrauchtwagenhaus Wittlich OHG,DE-56269 Dierdorf,DE,2,https://prod.pictures.autoscout24.net/listing-images/91a9141b-4e05-4051-911e-d08c42b00ea6_f24eb58a-cbb5-42bf-8a1f-392a240ec714.jpg/250x188.webp,2026-09-29T07:38:33.443147,1.13,3
f92877f5-9070-4fa2-b8bd-4daa153b267d,https://www.autoscout24.de/angebote/f92877f5-9070-4fa2-b8bd-4daa153b267d,de,Toyota,yaris,,Toyota Yaris1.5 HYBRID COMFORT KLIMA RÜCKFAHRKAMERA,16445,,True,2022,12-2022,36285,,used,hybrid,85,115,1490,Euro 6d,64,4.0,automatic,,Frontantrieb,Kleinwagen,5,5,Weiß,,,,,dealer,BOB Automotive GmbH,DE-45894 Gelsenkirchen,DE,3,https://prod.pictures.autoscout24.net/listing-images/f92877f5-9070-4fa2-b8bd-4daa153b267d_04bbd49e-9be9-4272-8e56-c357f0f7e328.jpg/250x188.webp,2026-09-29T07:38:33.443154,0.45,4
c4daacf8-4d73-44bf-a8e3-3c6ab601d404,https://www.autoscout24.de/angebote/c4daacf8-4d73-44bf-a8e3-3c6ab601d404,de,Mercedes-Benz,c 180,,Mercedes-Benz C 180AMG-Sport,33420,,True,2025,08-2025,13930,,used,petrol,125,170,1496,Euro 6,142,6.2,automatic,,,Limousine,4,5,Grau,,,,,dealer,Jürgens GmbH,DE-58840 Plettenberg,DE,2,https://prod.pictures.autoscout24.net/listing-images/c4daacf8-4d73-44bf-a8e3-3c6ab601d404_ffa1e6d5-d4b9-4be7-bebf-761bbacc8ff0.jpg/250x188.webp,2026-09-29T07:38:33.443169,2.4,1
78bd195b-3125-4ede-8d2f-f383c91cfc2e,https://www.autoscout24.de/angebote/78bd195b-3125-4ede-8d2f-f383c91cfc2e,de,Nissan,townstar,,"Nissan Townstar2,2t DIG-T 130 L1 2,2t N-Connecta AHK PDC",14890,,True,2022,12-2022,63669,,used,petrol,96,130,1332,Euro 6,154,6.8,manual,,Frontantrieb,Van/Kleinbus,4,2,Grau,,,,,dealer,RRG Deutschland GmbH - GWZ Wendenstraße,DE-20537 Hamburg,DE,2,https://prod.pictures.autoscout24.net/listing-images/78bd195b-3125-4ede-8d2f-f383c91cfc2e_c21b6bb7-e576-4261-8adc-2657c9a094bc.jpg/250x188.webp,2026-09-29T07:38:33.443176,0.23,4
273a2347-23f6-4ad1-a4f7-da21b39436c8,https://www.autoscout24.de/angebote/273a2347-23f6-4ad1-a4f7-da21b39436c8,de,Kia,sportage,,Kia Sportage1.6 T 2WD Vision Komfort Paket,22480,,True,2025,07-2025,15492,,used,petrol,118,160,1598,Euro 6e,162,7.1,manual,,,SUV/Geländewagen/Pickup,5,5,Grau,,,,,dealer,Werner Automobile GmbH,DE-28357 Bremen,DE,2,https://prod.pictures.autoscout24.net/listing-images/273a2347-23f6-4ad1-a4f7-da21b39436c8_3d00a2a9-12d3-4e38-a7d3-2890da459f08.jpg/250x188.webp,2026-09-29T07:38:33.443183,1.45,1
c8481765-50fd-40db-9313-4f04e92e27a3,https://www.autoscout24.de/angebote/c8481765-50fd-40db-9313-4f04e92e27a3,de,BMW,ix,,BMW iXM Sport 360°HUD DAB H K Panorama 19Zoll,41499,,True,2024,10-2024,41343,,used,electric,150,204,,Euro 6d,0,6.0,automatic,,Frontantrieb,SUV/Geländewagen/Pickup,5,5,Grau,,,,,dealer,Autohaus Isernhagen GmbH & Co. KG,DE-30916 Isernhagen,DE,2,https://prod.pictures.autoscout24.net/listing-images/c8481765-50fd-40db-9313-4f04e92e27a3_f6b9af80-6f99-4fdd-9002-2e4ac37fbcd6.jpg/250x188.webp,2026-09-29T07:38:33.443190,1.0,2
d369c325-3c24-4ddb-9e11-6b89a31a5995,https://www.autoscout24.de/angebote/d369c325-3c24-4ddb-9e11-6b89a31a5995,de,Mercedes-Benz,e 450,,Mercedes-Benz E 450T d 4matic AMG AMG+MBUX+Night+Fahrassist,68269,,True,2025,07-2025,9835,,used,diesel,270,367,2989,Euro 6,165,6.3,automatic,,AWD,Kombi,5,5,Silber,,,,,dealer,Assenheimer + Mulfinger GmbH & Co. KG,DE-74889 Sinsheim-Rohrbach,DE,2,https://prod.pictures.autoscout24.net/listing-images/d369c325-3c24-4ddb-9e11-6b89a31a5995_68d9aa9c-0328-4c6f-9a9b-b34adef87a9d.jpg/250x188.webp,2026-09-29T07:38:33.443198,6.94,1
c2e6442f-5ce3-4e3a-84e9-49441230fa38,https://www.autoscout24.de/angebote/c2e6442f-5ce3-4e3a-84e9-49441230fa38,de,Land Rover,range rover evoque,,Land Rover Range Rover Evoque2.0 TD4 SE *GEWERBE* Bi-Xenon,14990,,True,2019,01-2019,105871,,used,diesel,132,179,1999,Euro 6,,6.0,automatic,,AWD,SUV/Geländewagen/Pickup,5,5,Schwarz,,,,,dealer,Autohaus Timmer GmbH,DE-48432 Rheine,DE,2,https://prod.pictures.autoscout24.net/listing-images/c2e6442f-5ce3-4e3a-84e9-49441230fa38_00a61d4a-6a11-4558-bdcc-8acaf357e34a.jpg/250x188.webp,2026-09-29T07:38:33.443205,0.14,7
5fd1af1f-455e-4756-b353-4e53815d082c,https://www.autoscout24.de/angebote/5fd1af1f-455e-4756-b353-4e53815d082c,de,Volkswagen,golf,,Volkswagen GolfGTI 2.0TSI DSG PDC LED Navi Sitzheizung ACC,24450,,True,2023,06-2023,24900,,used,petrol,180,244,1984,Euro 6d,166,7.3,automatic,,Frontantrieb,Limousine,4,5,Pure White,,,,,dealer,Auto Stock Gmbh & Co. KG,DE-85221 Dachau,DE,2,https://prod.pictures.autoscout24.net/listing-images/5fd1af1f-455e-4756-b353-4e53815d082c_6c4d81d2-eb05-42dc-9445-b96f480f8607.jpg/250x188.webp,2026-09-29T07:38:33.443212,0.98,3
e80475ed-1756-4f86-90d3-4e9bffc70063,https://www.autoscout24.de/angebote/e80475ed-1756-4f86-90d3-4e9bffc70063,de,Mercedes-Benz,c 180,,Mercedes-Benz C 180AMGx2|NIGHT|LED|MBUX|SPUR|RFK|SHZ|MB100,35555,,True,2023,09-2023,9505,,used,petrol,125,170,1496,Euro 6,,6.0,automatic,,Heck,Limousine,5,5,Silber,,,,,dealer,Autohaus Maushardt GmbH & Co. KG,DE-76646 Bruchsal,DE,3,https://prod.pictures.autoscout24.net/listing-images/e80475ed-1756-4f86-90d3-4e9bffc70063_57ef7fde-74d2-415d-b3dc-e21bb53e899f.jpg/250x188.webp,2026-09-29T07:38:33.443220,3.74,3
e33e748c-9c4e-4499-bb1c-cfa455c7a790,https://www.autoscout24.de/angebote/e33e748c-9c4e-4499-bb1c-cfa455c7a790,de,Audi,a4,,Audi A4Lim. 40 TDI quattro S line,27999,,True,2023,05-2023,62600,,used,diesel,150,204,1968,Euro 6d,,6.0,automatic,,AWD,Limousine,4,5,Schwarz,,,,,dealer,,DE-46284 Dorsten,DE,1,https://prod.pictures.autoscout24.net/listing-images/e33e748c-9c4e-4499-bb1c-cfa455c7a790_8f6933f6-6837-41c6-abe7-af9767238abc.jpg/250x188.webp,2026-09-29T07:38:33.443266,0.45,3
8d65bb50-a638-448b-ab43-f2a5e239b27c,https://www.autoscout24.de/angebote/8d65bb50-a638-448b-ab43-f2a5e239b27c,de,Citroen,grand c4 picasso,,Citroen Grand C4 Picasso,5500,,True,2019,04-2019,128342,,used,petrol,96,130,1199,Euro 6d-TEMP,143,5.2,manual,,Frontantrieb,Van/Kleinbus,4,5,Weiß,,,,,dealer,Autodeal24 / KFZ Vermittlungsagentur,DE-36043 Fulda,DE,2,https://prod.pictures.autoscout24.net/listing-images/8d65bb50-a638-448b-ab43-f2a5e239b27c_7f0cf824-96de-48b5-947c-477ee379eb4d.jpg/250x188.webp,2026-09-29T07:38:33.443274,0.04,7
61646e7c-02e7-4918-b7e8-95242796a5f2,https://www.autoscout24.de/angebote/61646e7c-02e7-4918-b7e8-95242796a5f2,de,Audi,a6,,"Audi A6S-Line TDI quattro S-tronic / Pano, AHK",49980,,True,2025,12-2025,17500,,used,diesel,150,204,1968,,,4.0,automatic,,AWD,Kombi,5,5,Blau,,,,,dealer,Autohaus Spindler Kitzingen GmbH & Co.KG,DE-97318 Kitzingen,DE,2,https://prod.pictures.autoscout24.net/listing-images/61646e7c-02e7-4918-b7e8-95242796a5f2_76c92501-87cd-434d-82e4-3a5a364d60ac.jpg/250x188.webp,2026-09-29T07:38:33.443282,2.86,1
dccee248-f387-495b-9cf2-e5f6ed0d4232,https://www.autoscout24.de/angebote/dccee248-f387-495b-9cf2-e5f6ed0d4232,de,Opel,astra,,Opel AstraST GS-Line 360°,18980,,True,2025,05-2025,6220,,used,petrol,96,130,1199,Euro 6,137,6.1,automatic,,,Kombi,5,5,Grau,,,,,dealer,Autohaus Stauner GmbH,DE-93333 Neustadt a. d. Donau,DE,2,https://prod.pictures.autoscout24.net/listing-images/dccee248-f387-495b-9cf2-e5f6ed0d4232_0b2d6919-5152-486f-9068-36a34d78fb18.jpg/250x188.webp,2026-09-29T07:38:33.443290,3.05,1
f7e41683-d13d-4431-872d-2d46c77b2559,https://www.autoscout24.de/angebote/f7e41683-d13d-4431-872d-2d46c77b2559,de,Mercedes-Benz,v 300,,Mercedes-Benz V 300d Exclusive Edition 4M lang*AMG-LINE*Pano,43999,,True,2019,09-2019,139750,,used,diesel,176,239,1950,Euro 6,172,6.5,automatic,,AWD,Van/Kleinbus,4,6,Weiß,,,,,dealer,Autohaus Mayer,"DE-86470 Thannhausen, Schwab",DE,2,https://prod.pictures.autoscout24.net/listing-images/f7e41683-d13d-4431-872d-2d46c77b2559_57b979b7-3050-4c88-b635-4247337689b8.jpg/250x188.webp,2026-09-29T07:38:33.443297,0.31,7
477f6133-85aa-4839-91cb-934a175d7f41,https://www.autoscout24.de/angebote/477f6133-85aa-4839-91cb-934a175d7f41,de,Mazda,2,,Mazda 2Hybrid 1.5L Hybrid VVT-i CENTRE-LINE,17950,,True,2025,02-2025,3584,,used,hybrid,85,115,1490,,87,3.8,automatic,,Frontantrieb,Kleinwagen,5,5,Silber,,,,,dealer,,DE-50181 Bedburg,DE,1,https://prod.pictures.autoscout24.net/listing-images/477f6133-85aa-4839-91cb-934a175d7f41_6c5d98d4-ebf1-48bb-9ad3-7725a26746b2.jpg/250x188.webp,2026-09-29T07:38:33.443304,5.01,1
e7d54dee-82e4-4f0f-a9e1-c532fc8e3954,https://www.autoscout24.de/angebote/e7d54dee-82e4-4f0f-a9e1-c532fc8e3954,de,Volkswagen,t7 multivan,,Volkswagen T7 MultivanHYBRID ALLRAD AHK ACC EASY-OPEN,52880,,True,2025,04-2025,20998,,used,hybrid,180,244,1498,,,4.0,automatic,,AWD,Van/Kleinbus,5,6,Grau,,,,,dealer,Tiemeyer automobile GmbH & Co. KG,DE-45663 Recklinghausen,DE,2,https://prod.pictures.autoscout24.net/listing-images/e7d54dee-82e4-4f0f-a9e1-c532fc8e3954_7a3da788-6552-4437-bb17-1720a8a0d6a4.jpg/250x188.webp,2026-09-29T07:38:33.443312,2.52,1
59caf97b-9bbf-445b-bffe-cdb52ab63f5a,https://www.autoscout24.de/angebote/59caf97b-9bbf-445b-bffe-cdb52ab63f5a,de,Volvo,c40,,Volvo C40Recharge Single Motor Plus LED AHK PANO,30890,,True,2023,01-2023,35888,,used,electric,124,170,,,0,4.0,automatic,,Frontantrieb,SUV/Geländewagen/Pickup,5,5,Schwarz,,,,,dealer,Autohaus Amelung Engelskirchen GmbH & Co. KG,DE-51766 Engelskirchen,DE,2,https://prod.pictures.autoscout24.net/listing-images/59caf97b-9bbf-445b-bffe-cdb52ab63f5a_4c39c607-0fc8-491a-a122-f579abd1704e.jpg/250x188.webp,2026-09-29T07:38:33.443318,0.86,3
3c933ef9-fb1c-4e81-8347-5b0d7d5db6e6,https://www.autoscout24.de/angebote/3c933ef9-fb1c-4e81-8347-5b0d7d5db6e6,de,Dacia,spring,,Dacia SpringElectric 45 Expression,14990,,True,2026,02-2026,2500,,used,electric,33,44,,,0,14.1,automatic,,Frontantrieb,Limousine,5,4,Grün,,,,,dealer,Autohaus Heddier GmbH,DE-46282 Dorsten,DE,2,https://prod.pictures.autoscout24.net/listing-images/3c933ef9-fb1c-4e81-8347-5b0d7d5db6e6_3864bc4c-1396-4a06-a36f-791a449ccd66.jpg/250x188.webp,2026-09-29T07:38:33.443326,6.0,0
c64723a0-7da0-43a2-947f-fa8c5a23ecd7,https://www.autoscout24.de/angebote/c64723a0-7da0-43a2-947f-fa8c5a23ecd7,de,Seat,ibiza,,SEAT IbizaFR / 2020 / Klimaautomatik / SHZ / 1. Hand,7890,,True,2020,04-2020,165454,,used,petrol,70,95,999,Euro 6,106,4.7,automatic,,Frontantrieb,Limousine,4,5,Weiß,,,,,dealer,Almasi Automobile,DE-78554 Aldingen,DE,2,https://prod.pictures.autoscout24.net/listing-images/c64723a0-7da0-43a2-947f-fa8c5a23ecd7_49d2d50f-017e-4375-9e40-4ed160ca7fbe.jpg/250x188.webp,2026-09-29T07:38:33.443333,0.05,6
430657dc-b86b-4025-8c86-b325f377c6ae,https://www.autoscout24.de/angebote/430657dc-b86b-4025-8c86-b325f377c6ae,de,Mercedes-Benz,cla 45 amg,,Mercedes-Benz CLA 45 AMGAMG CLA 45 4M+ Coupé,47990,,True,2021,12-2021,38829,,used,petrol,285,387,1991,Euro 6,200,8.8,automatic,,AWD,Coupé,4,5,Weiß,,,,,dealer,Hans Tesmer - Harburg -,DE-21079 Hamburg,DE,2,https://prod.pictures.autoscout24.net/listing-images/430657dc-b86b-4025-8c86-b325f377c6ae_34d8ffb2-acbf-4cef-92a1-604a1bb115fb.jpg/250x188.webp,2026-09-29T07:38:33.443340,1.24,5
ba82c898-fc98-4bb2-8527-7bf1c123dafc,https://www.autoscout24.de/angebote/ba82c898-fc98-4bb2-8527-7bf1c123dafc,de,Renault,megane e-tech,,Renault Megane E-TechEV60 Iconic,29890,,True,2024,01-2024,19193,,used,electric,117,160,,,0,15.7,automatic,,Frontantrieb,Limousine,5,5,Rot,,,,,dealer,RENAULT RETAIL GROUP Deutschland GmbH,DE-22763 Hamburg,DE,2,https://prod.pictures.autoscout24.net/listing-images/ba82c898-fc98-4bb2-8527-7bf1c123dafc_9a52a121-df11-43b5-8c25-95b5e67f8c55.jpg/250x188.webp,2026-09-29T07:38:33.443347,1.56,2
5f039a11-74ee-42de-bb64-806f4d957dc9,https://www.autoscout24.de/angebote/5f039a11-74ee-42de-bb64-806f4d957dc9,de,Mercedes-Benz,gle 450,,"Mercedes-Benz GLE 4504M AMG Line PANO~BURMESTER~360~AHK~22""",46900,,True,2020,02-2020,121000,,used,petrol,270,367,2999,Euro 6,190,8.3,automatic,,AWD,SUV/Geländewagen/Pickup,4,5,Grau,,,,,dealer,Autopark Nord GmbH,DE-81829 München,DE,2,https://prod.pictures.autoscout24.net/listing-images/5f039a11-74ee-42de-bb64-806f4d957dc9_6ecc26dc-0e5d-4163-9978-e4e40e47c970.jpg/250x188.webp,2026-09-29T07:38:33.443354,0.39,6
690eff0f-a1dd-477f-9663-37b6287d6803,https://www.autoscout24.de/angebote/690eff0f-a1dd-477f-9663-37b6287d6803,de,Skoda,karoq,,Skoda KaroqAmbition 1.5 TSI NAVI,19909,,True,2022,09-2022,59450,,used,petrol,110,149,1498,Euro 6d-TEMP,140,6.2,manual,,Frontantrieb,SUV/Geländewagen/Pickup,5,5,Weiß,,,,,dealer,Feser Lauf GmbH,DE-91207 Lauf an der Pegnitz,DE,2,https://prod.pictures.autoscout24.net/listing-images/690eff0f-a1dd-477f-9663-37b6287d6803_840dcebd-9b4c-4e7c-991b-5a0299e489de.jpg/250x188.webp,2026-09-29T07:38:33.443362,0.33,4
6d4e38de-a8a0-463a-b0fe-2889afaeaf6d,https://www.autoscout24.de/angebote/6d4e38de-a8a0-463a-b0fe-2889afaeaf6d,de,Audi,a4,,Audi A440 TDI QU S-LINE MATRIX+NAV+B&O+PDC+AHK,30630,,True,2023,06-2023,55707,,used,diesel,150,204,1968,,,4.0,automatic,,AWD,Kombi,5,5,Grau,,,,,dealer,Motor-Nützel Vertriebs-GmbH,DE-95326 Kulmbach,DE,2,https://prod.pictures.autoscout24.net/listing-images/6d4e38de-a8a0-463a-b0fe-2889afaeaf6d_7f617b06-e05d-4330-9d41-05fcd6014864.jpg/250x188.webp,2026-09-29T07:38:33.443370,0.55,3
8eeac395-187f-41e9-a0d6-e8cba5c4519b,https://www.autoscout24.de/angebote/8eeac395-187f-41e9-a0d6-e8cba5c4519b,de,Opel,astra,,Opel AstraL ST Business Edition AHK*LED*Navi+*Kamera,14880,,True,2023,08-2023,49596,,used,diesel,96,130,1499,Euro 6d,,6.0,manual,,Frontantrieb,Kombi,4,5,Weiß,,,,,dealer,Automarkt Immelborn GmbH,DE-36456 Barchfeld Immelborn,DE,3,https://prod.pictures.autoscout24.net/listing-images/8eeac395-187f-41e9-a0d6-e8cba5c4519b_79251747-97b5-4492-94f1-2352ab83cca7.jpg/250x188.webp,2026-09-29T07:38:33.443377,0.3,3
7d864e75-b585-42ee-9b6b-a3c8af853dc5,https://www.autoscout24.de/angebote/7d864e75-b585-42ee-9b6b-a3c8af853dc5,de,Ds Automobiles,n°8,,DS Automobiles N°8No8 N°8 Étoile Nappa Matrix 20Z Nav eHK,47927,,True,2026,08-2026,10,,new,electric,169,229,,,0,15.7,automatic,,Frontantrieb,Sonstige,5,5,Grau,,,,,dealer,AutoPark GmbH,DE-83104 Tuntenhausen,DE,2,https://prod.pictures.autoscout24.net/listing-images/7d864e75-b585-42ee-9b6b-a3c8af853dc5_9b851b86-3663-4c86-8c34-5f7a730c3eca.jpg/250x188.webp,2026-09-29T07:38:33.443384,4792.7,0
cf14814b-f13a-478d-ad5c-bbcd23fe1261,https://www.autoscout24.de/angebote/cf14814b-f13a-478d-ad5c-bbcd23fe1261,de,Porsche,taycan,,Porsche Taycan4 S,45990,,True,2020,08-2020,129623,,used,electric,286,390,,Euro 6d-TEMP,0,6.0,automatic,,AWD,Limousine,4,4,Schwarz,,,,,dealer,DMG GmbH,DE-50181 Bedburg,DE,2,https://prod.pictures.autoscout24.net/listing-images/cf14814b-f13a-478d-ad5c-bbcd23fe1261_39468bb6-c66b-457e-a383-1f799e7fd448.jpg/250x188.webp,2026-09-29T07:38:33.443391,0.35,6
b54d51e0-cfc4-43ca-8422-09e5796047c3,https://www.autoscout24.de/angebote/b54d51e0-cfc4-43ca-8422-09e5796047c3,de,Cupra,formentor,,CUPRA Formentor1.5 TSI DSG LED,23980,,True,2024,09-2024,19970,,used,petrol,110,149,1498,Euro 6,151,6.7,automatic,,Frontantrieb,SUV/Geländewagen/Pickup,5,5,Schwarz,,,,,dealer,Fischer Automobile GmbH,DE-92318 Neumarkt,DE,2,https://prod.pictures.autoscout24.net/listing-images/b54d51e0-cfc4-43ca-8422-09e5796047c3_7ef30c19-c2c4-45bf-9fd4-ba6794d17b99.jpg/250x188.webp,2026-09-29T07:38:33.443399,1.2,2
fafc801a-7c74-49ce-acf8-a2f53f66ed5c,https://www.autoscout24.de/angebote/fafc801a-7c74-49ce-acf8-a2f53f66ed5c,de,Volkswagen,tiguan,,Volkswagen TiguanLife eHybrid-NAV-LED-ACC-SHZ-HUD-VIRT.-,23400,,True,2022,12-2022,69900,,used,hybrid,180,244,1395,Euro 6d,,6.0,automatic,,Frontantrieb,SUV/Geländewagen/Pickup,4,5,Schwarz,,,,,dealer,AUTOMOBILE MAIER e.K,DE-36179 Bebra,DE,2,https://prod.pictures.autoscout24.net/listing-images/fafc801a-7c74-49ce-acf8-a2f53f66ed5c_9e124d52-5983-4a36-a4ee-1a124a7645d6.jpg/250x188.webp,2026-09-29T07:38:33.443406,0.33,4
a641be64-0831-4202-a526-a30929314a4a,https://www.autoscout24.de/angebote/a641be64-0831-4202-a526-a30929314a4a,de,Opel,corsa,,Opel CorsaEdition,10990,,True,2023,06-2023,17258,,used,petrol,55,74,1199,,,4.0,manual,,Frontantrieb,Limousine,5,5,Silber,,,,,dealer,Hoppmann Autohaus GmbH,DE-57072 Siegen,DE,3,https://prod.pictures.autoscout24.net/listing-images/a641be64-0831-4202-a526-a30929314a4a_60c26041-1b57-4662-acf0-22a9e63e7b05.jpg/250x188.webp,2026-09-29T07:38:33.443414,0.64,3
c4371992-d850-495d-a783-104b5d9c4901,https://www.autoscout24.de/angebote/c4371992-d850-495d-a783-104b5d9c4901,de,BMW,i5,,BMW i5eDrive40 Limousine M Sportpaket DAB LED AHK,48890,,True,2023,07-2023,39251,,used,electric,250,340,0,,0,544.0,automatic,,,Limousine,4,5,Grün,,,,,dealer,Autohaus Michael Schmidt GmbH,DE-82538 Geretsried - Gelting,DE,3,https://prod.pictures.autoscout24.net/listing-images/c4371992-d850-495d-a783-104b5d9c4901_09795341-31ba-4259-8f7f-535fea4c4149.jpg/250x188.webp,2026-09-29T07:38:33.443436,1.25,3
97789ab6-6959-4546-8546-70be5761bacd,https://www.autoscout24.de/angebote/97789ab6-6959-4546-8546-70be5761bacd,de,Mazda,cx-5,,Mazda CX-5SKYACTIV-G 194 FWD HOMURA Automatik,25480,,True,2022,01-2022,59860,,used,petrol,143,194,2488,Euro 6d,,6.0,automatic,,Frontantrieb,SUV/Geländewagen/Pickup,5,5,Grau,,,,,dealer,Auto Eder München,DE-85635 Höhenkirchen-Siegertsbrunn,DE,2,https://prod.pictures.autoscout24.net/listing-images/97789ab6-6959-4546-8546-70be5761bacd_6bbfa72d-e00e-4e5a-80c2-24f89e1c0852.jpg/250x188.webp,2026-09-29T07:38:33.443445,0.43,4
f06c2ceb-e6bf-4907-bec7-32cd49f89d8a,https://www.autoscout24.de/angebote/f06c2ceb-e6bf-4907-bec7-32cd49f89d8a,de,Mercedes-Benz,eqc 400,,Mercedes-Benz EQC 4004M SHD,34880,,True,2021,11-2021,44920,,used,electric,300,408,,,0,23.7,automatic,,AWD,SUV/Geländewagen/Pickup,5,5,Grau,,,,,dealer,BALD Automobile GmbH,DE-35683 Dillenburg,DE,2,https://prod.pictures.autoscout24.net/listing-images/f06c2ceb-e6bf-4907-bec7-32cd49f89d8a_e3d6439e-4d9d-40d1-ad73-ada0f4e54fdb.jpg/250x188.webp,2026-09-29T07:38:33.443453,0.78,5
0c424112-fe0a-4360-aa7c-5d475784b591,https://www.autoscout24.de/angebote/0c424112-fe0a-4360-aa7c-5d475784b591,de,Mercedes-Benz,v 250,,Mercedes-Benz V 250d EDITION lang,29450,,True,2018,11-2018,141405,,used,diesel,140,190,2143,Euro 6,,6.0,automatic,,Heck,Van/Kleinbus,4,7,Schwarz,,,,,dealer,Dickreich Automobile Fulda,DE-36151 Burghaun,DE,2,https://prod.pictures.autoscout24.net/listing-images/0c424112-fe0a-4360-aa7c-5d475784b591_1522496f-6648-4b92-88dd-3a175ad5c8c9.jpg/250x188.webp,2026-09-29T07:38:33.443460,0.21,8
2d98e709-4342-47e8-aa4b-f1fd9c47e621,https://www.autoscout24.de/angebote/2d98e709-4342-47e8-aa4b-f1fd9c47e621,de,Audi,a6,,Audi A62.0 TDI S Tronic*2 x S Line*Pano*KeyGo*Navi+,48980,,True,2026,02-2026,6888,,used,diesel,150,204,1968,Euro 6d-TEMP,130,5.0,automatic,,Frontantrieb,Kombi,5,5,Grau,,,,,dealer,Automobile Dresden Weißig,DE-01328 Dresden/Weißig,DE,3,https://prod.pictures.autoscout24.net/listing-images/2d98e709-4342-47e8-aa4b-f1fd9c47e621_138b19cc-39be-4984-8cc4-ad216883b51b.jpg/250x188.webp,2026-09-29T07:38:33.443467,7.11,0
77f41b93-1a6f-492d-a66f-8f07712bd229,https://www.autoscout24.de/angebote/77f41b93-1a6f-492d-a66f-8f07712bd229,de,Omoda,5,,Omoda 5Premium Leder elektr. Heckkl. Alu18 SHZ SOFORT,23880,,True,2025,12-2025,10,,new,petrol,108,146,1598,Euro 6d,170,6.9,automatic,,Frontantrieb,SUV/Geländewagen/Pickup,4,5,Grau,,,,,dealer,CC Automobile,DE-52349 Düren,DE,3,https://prod.pictures.autoscout24.net/listing-images/77f41b93-1a6f-492d-a66f-8f07712bd229_624c63b7-7d5f-47a5-a140-859c41d5a1b8.jpg/250x188.webp,2026-09-29T07:38:33.443474,2388.0,1
2caf03bb-92a9-44bc-afca-85650ef98c24,https://www.autoscout24.de/angebote/2caf03bb-92a9-44bc-afca-85650ef98c24,de,Audi,a5,,"Audi A5Sportback 40 TFSI qu S LINE 18Z MATRIX,KAMERA",30680,,True,2023,06-2023,58349,,used,petrol,150,204,1984,Euro 6d,,6.0,automatic,,AWD,Limousine,4,5,Silber,,,,,dealer,Autohaus Royal GmbH,DE-12103 Berlin,DE,2,https://prod.pictures.autoscout24.net/listing-images/2caf03bb-92a9-44bc-afca-85650ef98c24_e2162c3b-2e42-4198-89cf-070b604693f4.jpg/250x188.webp,2026-09-29T07:38:33.443481,0.53,3
be51cba6-ceae-4b3f-b532-69d68a596f41,https://www.autoscout24.de/angebote/be51cba6-ceae-4b3f-b532-69d68a596f41,de,Nio,et5,,NIO ET575 kWh BATTERIE INKL >PANO+MEMO+LED+360+AHK+,31950,,True,2023,08-2023,29781,,used,electric,75,102,,,0,4.0,automatic,,AWD,Limousine,4,5,Blau,,,,,dealer,Dick Automobile Dieburg GmbH,DE-64807 Dieburg,DE,2,https://prod.pictures.autoscout24.net/listing-images/be51cba6-ceae-4b3f-b532-69d68a596f41_66aacd3d-ca17-4f85-93be-0d77310b1ce6.jpg/250x188.webp,2026-09-29T07:38:33.443488,1.07,3
116de73a-e07d-4a16-8533-b8a2a753732c,https://www.autoscout24.de/angebote/116de73a-e07d-4a16-8533-b8a2a753732c,de,Volvo,xc60,,Volvo XC60B4 Geartronic Core+LED+NAVI+KAMERA+CARPLAY,24849,,True,2022,12-2022,92600,,used,diesel,145,197,1969,Euro 6d,176,5.6,automatic,,Frontantrieb,SUV/Geländewagen/Pickup,5,5,Weiß,,,,,dealer,Kamux Auto GmbH,DE-25337 Elmshorn,DE,2,https://prod.pictures.autoscout24.net/listing-images/116de73a-e07d-4a16-8533-b8a2a753732c_2c7588cc-83cd-4671-ab01-448837fde1b9.jpg/250x188.webp,2026-09-29T07:38:33.443503,0.27,4
bdb26604-0321-43f0-85a1-c9a817c2756a,https://www.autoscout24.de/angebote/bdb26604-0321-43f0-85a1-c9a817c2756a,de,Tesla,model 3,,Tesla Model 3Long Range Dual 75 kWh AWD|LED|Kamera,30970,,True,2022,03-2022,29035,,used,electric,75,102,,Euro 6,0,6.0,automatic,,AWD,Limousine,4,5,Weiß,,,,,dealer,autohaus24,DE-85386 Eching,DE,2,https://prod.pictures.autoscout24.net/listing-images/bdb26604-0321-43f0-85a1-c9a817c2756a_155d6a7f-3ba9-4672-aa22-f25007d5dfa5.jpg/250x188.webp,2026-09-29T07:38:33.443511,1.07,4
3f2f7bcb-4341-4c05-8b08-9b298c1cac9e,https://www.autoscout24.de/angebote/3f2f7bcb-4341-4c05-8b08-9b298c1cac9e,de,Renault,megane,,Renault MeganeGrandtour LIMITED Deluxe TCe 140 GPF SHZ BT,12990,,True,2020,06-2020,68885,,used,petrol,103,140,1333,Euro 6,150,6.5,automatic,,Frontantrieb,Kombi,5,5,Grau,,,,,dealer,RRG Deutschland GmbH - GWZ Wendenstraße,DE-20537 Hamburg,DE,2,https://prod.pictures.autoscout24.net/listing-images/3f2f7bcb-4341-4c05-8b08-9b298c1cac9e_57954cf5-3d94-4385-b4a5-438b765ebde4.jpg/250x188.webp,2026-09-29T07:38:33.443518,0.19,6
fbcc1f33-761b-4c3f-abf2-b0a657c0c667,https://www.autoscout24.de/angebote/fbcc1f33-761b-4c3f-abf2-b0a657c0c667,de,Volkswagen,amarok,,Volkswagen AmarokDark Label 3.0 TDI AHK Harman Kardon,60970,,True,,new,0,,new,diesel,177,240,2993,,276,10.5,automatic,,AWD,SUV/Geländewagen/Pickup,5,5,Schwarz,,,,,dealer,Autohaus Jacob Fleischhauer GmbH & Co. KG,DE-41238 Mönchengladbach,DE,2,https://prod.pictures.autoscout24.net/listing-images/fbcc1f33-761b-4c3f-abf2-b0a657c0c667_ed333f3f-ede3-4aea-aed6-ba1548b0934c.jpg/250x188.webp,2026-09-29T07:38:33.443525,,
c283e19d-fef3-46d5-a508-24df63cddeb4,https://www.autoscout24.de/angebote/c283e19d-fef3-46d5-a508-24df63cddeb4,de,Toyota,corolla,,Toyota Corolla1.8 Team D +Navigation+Kamera+PDC+SHZ+,18970,,True,2021,03-2021,52459,,used,hybrid,67,92,1798,Euro 6d,,6.0,automatic,,Frontantrieb,Limousine,5,5,Schwarz,,,,,dealer,Auto Levy GmbH,DE-50825 Köln,DE,3,https://prod.pictures.autoscout24.net/listing-images/c283e19d-fef3-46d5-a508-24df63cddeb4_0755b251-1e9e-47d5-a3fc-8cd06257122c.jpg/250x188.webp,2026-09-29T07:38:33.443533,0.36,5
20b9aad1-6be8-46db-917e-486a0f34e798,https://www.autoscout24.de/angebote/20b9aad1-6be8-46db-917e-486a0f34e798,de,Audi,a7,,Audi A745 TFSI S-TR ACC+LED+NAV+RFK+HuD+VC,37990,,True,2023,05-2023,18383,,used,petrol,195,265,1984,Euro 6d,,6.0,automatic,,Frontantrieb,Limousine,5,4,Schwarz,,,,,dealer,Motor-Nützel Vertriebs-GmbH,DE-95666 Mitterteich,DE,2,https://prod.pictures.autoscout24.net/listing-images/20b9aad1-6be8-46db-917e-486a0f34e798_e81aee91-25de-4246-af6c-7ebb175fc651.jpg/250x188.webp,2026-09-29T07:38:33.443541,2.07,3
d64d05b4-7b6e-40c7-9837-fa915de837b4,https://www.autoscout24.de/angebote/d64d05b4-7b6e-40c7-9837-fa915de837b4,de,Volkswagen,id.5,,Volkswagen ID.5128kw (82kWh) Pro MATRIX+NAVI+PANO+ACC+HuD,28242,,True,2022,10-2022,41867,,used,electric,128,174,,,0,4.0,automatic,,Heck,SUV/Geländewagen/Pickup,5,5,Grau,,,,,dealer,Motor-Nützel Vertriebs-GmbH,DE-95666 Mitterteich,DE,2,https://prod.pictures.autoscout24.net/listing-images/d64d05b4-7b6e-40c7-9837-fa915de837b4_79a009c0-58ee-452f-a00e-28ae154dddd4.jpg/250x188.webp,2026-09-29T07:38:33.443548,0.67,4
19a51943-9d4b-43bc-a604-a7279f8c82b2,https://www.autoscout24.de/angebote/19a51943-9d4b-43bc-a604-a7279f8c82b2,de,Mercedes-Benz,glc 43 amg,,Mercedes-Benz GLC 43 AMGAMG GLC 43 4M STANDH FAHR PAK PANO,78980,,True,2025,12-2025,21739,,used,petrol,310,421,1991,Euro 6,234,10.3,automatic,,AWD,Coupé,5,5,Grau,,,,,dealer,Kölbl-Automobile GmbH,DE-85716 Unterschleißheim,DE,2,https://prod.pictures.autoscout24.net/listing-images/19a51943-9d4b-43bc-a604-a7279f8c82b2_e497734b-ddb9-4c09-9bd9-6a275634450a.jpg/250x188.webp,2026-09-29T07:38:33.443556,3.63,1
60bf6762-d58d-41f3-b0b0-42fcfba6f64c,https://www.autoscout24.de/angebote/60bf6762-d58d-41f3-b0b0-42fcfba6f64c,de,Volkswagen,id.7,,Volkswagen ID.7PRO MATRIX+NAV+AHK+ACC+WäPu+HuD+360°,45730,,True,2025,12-2025,11444,,used,electric,210,285,,,0,4.0,automatic,,Heck,Kombi,5,5,Grau,,,,,dealer,Motor-Nützel Vertriebs-GmbH Bayreuth,DE-95448 Bayreuth,DE,3,https://prod.pictures.autoscout24.net/listing-images/60bf6762-d58d-41f3-b0b0-42fcfba6f64c_1ad33e03-599a-4a89-a12d-2224b8d57d9b.jpg/250x188.webp,2026-09-29T07:38:33.443563,4.0,1
c16e1afb-70aa-4f90-8eb1-0e8d836d6f59,https://www.autoscout24.de/angebote/c16e1afb-70aa-4f90-8eb1-0e8d836d6f59,de,Skoda,elroq,,"Skoda ElroqSelection 85 UPE 50.050 19"" AHK Wärmepumpe",46990,,True,2026,09-2026,4990,,used,electric,210,285,,Euro 6,0,15.7,automatic,,Heck,SUV/Geländewagen/Pickup,5,5,Schwarz,,,,,dealer,Autohaus Kempen GW,DE-53340 Meckenheim,DE,2,https://prod.pictures.autoscout24.net/listing-images/c16e1afb-70aa-4f90-8eb1-0e8d836d6f59_cea3e5e9-e964-4208-b2c4-bd1891ce5b55.jpg/250x188.webp,2026-09-29T07:38:33.443570,9.42,0
f94db5a0-5475-4019-9c96-a10b1625ac5c,https://www.autoscout24.de/angebote/f94db5a0-5475-4019-9c96-a10b1625ac5c,de,Dacia,jogger,,Dacia JoggerExtreme TCe 110 7-Sitzer SHZ,19480,,True,2025,06-2025,6113,,used,petrol,81,110,999,Euro 6,131,5.8,automatic,,Frontantrieb,Kombi,5,7,Schwarz,,,,,dealer,RENAULT RETAIL GROUP Deutschland GmbH,DE-60314 Frankfurt / Main,DE,2,https://prod.pictures.autoscout24.net/listing-images/f94db5a0-5475-4019-9c96-a10b1625ac5c_d35cbacb-002d-4efd-9daf-74d012452708.jpg/250x188.webp,2026-09-29T07:38:33.443578,3.19,1
676eaa67-6566-4e8e-81a2-9da5bf6dbe60,https://www.autoscout24.de/angebote/676eaa67-6566-4e8e-81a2-9da5bf6dbe60,de,Mercedes-Benz,cla 200,,Mercedes-Benz CLA 200Coupe AMG AMG+MBUX+Night+Pano+SHD+Wide,31459,,True,2023,10-2023,46551,,used,petrol,120,163,1332,Euro 6d,139,6.1,automatic,,,Coupé,4,5,Weiß,,,,,dealer,Assenheimer + Mulfinger GmbH & Co. KG,DE-74072 Heilbronn,DE,2,https://prod.pictures.autoscout24.net/listing-images/676eaa67-6566-4e8e-81a2-9da5bf6dbe60_5e3f36cd-338d-439f-bdf0-570b6132ce7c.jpg/250x188.webp,2026-09-29T07:38:33.443585,0.68,3
f47498e2-e27d-4a19-aecd-f6517972f871,https://www.autoscout24.de/angebote/f47498e2-e27d-4a19-aecd-f6517972f871,de,Ford,focus,,Ford FocusActive AHK,15590,,True,2023,09-2023,65557,,used,diesel,85,115,1499,Euro 6d,,6.0,automatic,,Frontantrieb,Kombi,4,5,Silber,,,,,dealer,Automarkt Immelborn GmbH,DE-36456 Barchfeld Immelborn,DE,3,https://prod.pictures.autoscout24.net/listing-images/f47498e2-e27d-4a19-aecd-f6517972f871_7e75db40-167a-4d7e-a609-b1615286259e.jpg/250x188.webp,2026-09-29T07:38:33.443592,0.24,3
d9071052-cb8f-4a0d-82db-7707b7c8ff58,https://www.autoscout24.de/angebote/d9071052-cb8f-4a0d-82db-7707b7c8ff58,de,Cupra,born,,CUPRA BornEdition Dynamic LED,29290,,True,2024,08-2024,22969,,used,electric,170,231,,,0,4.0,automatic,,Heck,Limousine,5,5,Blau,,,,,dealer,Hotz und Heitmann GmbH,DE-38440 Wolfsburg,DE,2,https://prod.pictures.autoscout24.net/listing-images/d9071052-cb8f-4a0d-82db-7707b7c8ff58_cace222d-d134-45a5-892a-2c1396f43ee2.jpg/250x188.webp,2026-09-29T07:38:33.443600,1.28,2
bbd9ee96-4672-401e-a6a0-8d32132c2d2d,https://www.autoscout24.de/angebote/bbd9ee96-4672-401e-a6a0-8d32132c2d2d,de,Nissan,qashqai,,Nissan QashqaiFacelift 1.3 DIG-T Tekna+,28980,,True,2025,04-2025,4693,,used,hybrid,116,157,1332,,144,6.4,automatic,,Frontantrieb,SUV/Geländewagen/Pickup,5,5,Grau,,,,,dealer,Automobile Dresden Weißig,DE-01328 Dresden/Weißig,DE,3,https://prod.pictures.autoscout24.net/listing-images/bbd9ee96-4672-401e-a6a0-8d32132c2d2d_d2e5f6ff-69fd-4921-9f41-77fd14a4cf39.jpg/250x188.webp,2026-09-29T07:38:33.443607,6.18,1
8870dca3-e06a-491d-a0c4-997fa65564e3,https://www.autoscout24.de/angebote/8870dca3-e06a-491d-a0c4-997fa65564e3,de,Skoda,elroq,,Skoda ElroqSelection 60 -,36990,,True,,new,10,,new,electric,140,190,,Euro 6,0,15.4,automatic,,Heck,SUV/Geländewagen/Pickup,5,5,Grau,,,,,dealer,Auto Hünn OHG,DE-93086 Wörth a. d. Donau,DE,2,https://prod.pictures.autoscout24.net/listing-images/8870dca3-e06a-491d-a0c4-997fa65564e3_af2c39d3-ba87-4e76-bbac-c9550fbdcc54.jpg/250x188.webp,2026-09-29T07:38:33.443614,3699.0,
bf1e243e-bdee-4f45-82ee-5efe40dec578,https://www.autoscout24.de/angebote/bf1e243e-bdee-4f45-82ee-5efe40dec578,de,Audi,a6 e-tron,,Audi A6 e-tron2xS line qu. 315 kW  Luftfwk. Hu,79900,,True,,new,10,,new,electric,315,428,,,0,17.2,automatic,,AWD,Kombi,,,Grau,,,,,dealer,Auto Bach GmbH,DE-65582 Diez,DE,2,https://prod.pictures.autoscout24.net/listing-images/bf1e243e-bdee-4f45-82ee-5efe40dec578_03e8b57c-17d6-44fd-be37-d8ad8764951b.jpg/250x188.webp,2026-09-29T07:38:33.443621,7990.0,
83fa40fa-2eef-4e8d-84b1-d98cd360c9f8,https://www.autoscout24.de/angebote/83fa40fa-2eef-4e8d-84b1-d98cd360c9f8,de,Volkswagen,golf,,Volkswagen Golf2.0 TSI DSG Style *18Zoll*KAMERA*IQ-Light,23890,,True,2022,12-2022,22000,,used,petrol,140,190,1984,Euro 6d,133,6.0,automatic,,Frontantrieb,Limousine,5,5,Grau,,,,,dealer,Kale Automobile GmbH,DE-38350 Helmstedt,DE,2,https://prod.pictures.autoscout24.net/listing-images/83fa40fa-2eef-4e8d-84b1-d98cd360c9f8_95b4108e-e152-4820-86c5-c9ffb856b6f9.jpg/250x188.webp,2026-09-29T07:38:33.443629,1.09,4
698b3ce8-88e9-4f81-8718-25602ab5e1da,https://www.autoscout24.de/angebote/698b3ce8-88e9-4f81-8718-25602ab5e1da,de,Seat,leon,,SEAT LeonFR 1.5 eTSI,22140,,True,2025,08-2025,13690,,used,hybrid,110,149,1498,Euro 6e,127,5.6,automatic,,Frontantrieb,Limousine,5,5,Schwarz,,,,,dealer,Autohaus Siebrecht GmbH,DE-37170 Uslar,DE,3,https://prod.pictures.autoscout24.net/listing-images/698b3ce8-88e9-4f81-8718-25602ab5e1da_2a264058-d34f-4d1a-97e5-c7fa231ac130.jpg/250x188.webp,2026-09-29T07:38:33.443637,1.62,1
985421ce-01df-4a7b-bf53-c647afae74cb,https://www.autoscout24.de/angebote/985421ce-01df-4a7b-bf53-c647afae74cb,de,Ford,kuga,,"Ford KugaST-Line 1,5 186PS Aut.5*J.Gar",29400,,True,2026,03-2026,5,,new,petrol,136,186,1496,Euro 6d,155,6.8,automatic,,Frontantrieb,SUV/Geländewagen/Pickup,5,5,Schwarz,,,,,dealer,Autohaus Meyer,DE-38173 Sickte,DE,2,https://prod.pictures.autoscout24.net/listing-images/985421ce-01df-4a7b-bf53-c647afae74cb_8e0cb6e2-6b49-45e8-a5a0-41625fb68a37.jpg/250x188.webp,2026-09-29T07:38:33.443644,5880.0,0
9aaa5d86-c390-42d8-8a25-297889149a2f,https://www.autoscout24.de/angebote/9aaa5d86-c390-42d8-8a25-297889149a2f,de,Renault,megane,,Renault MeganeIV GT Bose Autom,15980,,True,2018,03-2018,84215,,used,petrol,151,205,1618,Euro 6,134,6.0,automatic,,Frontantrieb,Limousine,4,5,Schwarz,,,,,dealer,Seibold Automobile GmbH,DE-10315 Berlin,DE,2,https://prod.pictures.autoscout24.net/listing-images/9aaa5d86-c390-42d8-8a25-297889149a2f_5efd96dc-ddc5-46e9-b419-f9e76eafe25c.jpg/250x188.webp,2026-09-29T07:38:33.443651,0.19,8
304ab5ef-614a-4c06-b167-3bc58c950db8,https://www.autoscout24.de/angebote/304ab5ef-614a-4c06-b167-3bc58c950db8,de,Volkswagen,tiguan,,Volkswagen Tiguan1.5 TSI DSG R-Line,32449,,True,2023,11-2023,14750,,used,petrol,110,149,1498,Euro 6d,145,6.4,automatic,,Frontantrieb,SUV/Geländewagen/Pickup,5,5,Schwarz,,,,,dealer,Automobile Rabe - AuRa - GmbH,DE-26203 Wardenburg,DE,2,https://prod.pictures.autoscout24.net/listing-images/304ab5ef-614a-4c06-b167-3bc58c950db8_ddd246a8-1739-4453-af63-41be520469ac.jpg/250x188.webp,2026-09-29T07:38:33.443658,2.2,3
de98dfd0-ff17-4dbb-937c-4404ee853118,https://www.autoscout24.de/angebote/de98dfd0-ff17-4dbb-937c-4404ee853118,de,Seat,tarraco,,SEAT Tarraco2.0 TDI SCR FR | 7-SITZER | ACC | AHK,17950,,True,2022,11-2022,197620,,used,diesel,110,149,1968,Euro 6,141,5.4,manual,,Frontantrieb,SUV/Geländewagen/Pickup,5,7,Weiß,,,,,dealer,Auto Osmann GmbH,DE-47805 Krefeld,DE,2,https://prod.pictures.autoscout24.net/listing-images/de98dfd0-ff17-4dbb-937c-4404ee853118_39404f99-2397-41fa-afc5-0f7a344c3d9d.jpg/250x188.webp,2026-09-29T07:38:33.443665,0.09,4
0dff586d-7c42-48ea-baea-0db9bcce0518,https://www.autoscout24.de/angebote/0dff586d-7c42-48ea-baea-0db9bcce0518,de,Hyundai,kona,,Hyundai KONA1.6 T-GDi DCT 4WD Premium,18490,,True,2020,03-2020,47700,,used,petrol,130,176,1598,Euro 6,,0.0,automatic,,AWD,SUV/Geländewagen/Pickup,4,5,Weiß,,,,,dealer,RP-Automobile GmbH,DE-99869 Schwabhausen,DE,3,https://prod.pictures.autoscout24.net/listing-images/0dff586d-7c42-48ea-baea-0db9bcce0518_50451b1e-e80f-438f-acaf-a1048ff75697.jpg/250x188.webp,2026-09-29T07:38:33.443673,0.39,6
f0c13c05-8d17-44cd-b1b7-c36fd4729dd6,https://www.autoscout24.de/angebote/f0c13c05-8d17-44cd-b1b7-c36fd4729dd6,de,Audi,q4 e-tron,,Audi Q4 e-tronSprtb 50 quattro S line,38930,,True,2023,09-2023,53070,,used,electric,220,299,0,,0,18.2,automatic,,AWD,SUV/Geländewagen/Pickup,5,5,Weiß,,,,,dealer,Autohaus Becher GmbH,DE-46485 Wesel,DE,2,https://prod.pictures.autoscout24.net/listing-images/f0c13c05-8d17-44cd-b1b7-c36fd4729dd6_42818df4-8a2d-4be2-af46-279071ef7d80.jpg/250x188.webp,2026-09-29T07:38:33.443680,0.73,3
b5826dac-e1c6-4a31-8b51-97ba69450d27,https://www.autoscout24.de/angebote/b5826dac-e1c6-4a31-8b51-97ba69450d27,de,Volvo,xc40,,Volvo XC40D3 Momentum Pro*1.HAND,18985,,True,2021,10-2021,116900,,used,diesel,110,149,1969,Euro 6d-TEMP,131,5.0,automatic,,Frontantrieb,SUV/Geländewagen/Pickup,4,5,Grau,,,,,dealer,Zeitgeist Automobile GmbH,DE-14480 Potsdam,DE,2,https://prod.pictures.autoscout24.net/listing-images/b5826dac-e1c6-4a31-8b51-97ba69450d27_f8a7357d-74e4-4736-ae2c-0ab3f85083a8.jpg/250x188.webp,2026-09-29T07:38:33.443688,0.16,5
643dd9d1-341b-4e01-ae9f-2f8489aa1f23,https://www.autoscout24.de/angebote/643dd9d1-341b-4e01-ae9f-2f8489aa1f23,de,Volkswagen,tiguan,,Volkswagen Tiguan2.0 TDI DSG R-Line RüKa Klima LED ACC,36480,,True,2025,03-2025,16800,,used,diesel,110,149,1968,Euro 6,,6.0,automatic,,Frontantrieb,SUV/Geländewagen/Pickup,5,5,Grau,,,,,dealer,Autohaus Glinicke GmbH & Co. Vertriebs KG,DE-99099 Erfurt,DE,2,https://prod.pictures.autoscout24.net/listing-images/643dd9d1-341b-4e01-ae9f-2f8489aa1f23_9bf39801-7629-4b11-b6e3-fce26fa80c34.jpg/250x188.webp,2026-09-29T07:38:33.443695,2.17,1
d801b805-7c2f-4557-95ea-76cf5ff00974,https://www.autoscout24.de/angebote/d801b805-7c2f-4557-95ea-76cf5ff00974,de,Volkswagen,up!,,Volkswagen up!GTI Kamera Tempomat SHZ 2*Hand unfallfrei,12440,,True,2021,11-2021,84697,,used,petrol,85,115,999,Euro 6,125,5.5,manual,,Frontantrieb,Limousine,4,4,Schwarz,,,,,dealer,Autohaus carmax24 GmbH,DE-90556 Cadolzburg,DE,3,https://prod.pictures.autoscout24.net/listing-images/d801b805-7c2f-4557-95ea-76cf5ff00974_89e1b671-bddc-476d-9748-51a24aab1677.jpg/250x188.webp,2026-09-29T07:38:33.443702,0.15,5
7955e2a1-c750-4c47-987a-6f15d9b4c963,https://www.autoscout24.de/angebote/7955e2a1-c750-4c47-987a-6f15d9b4c963,de,Audi,a4,,Audi A4Limousine 40 TDI qu KEYLESS,22880,,True,2021,09-2021,71778,,used,diesel,150,204,1968,Euro 6d,,6.0,automatic,,AWD,Limousine,4,5,Schwarz,,,,,dealer,Autohaus Royal GmbH,DE-12103 Berlin,DE,2,https://prod.pictures.autoscout24.net/listing-images/7955e2a1-c750-4c47-987a-6f15d9b4c963_52590e2a-6613-4066-bdbf-9cb2e9bc53c9.jpg/250x188.webp,2026-09-29T07:38:33.443710,0.32,5
dde6218c-7759-4446-a218-a1ff9bd44c22,https://www.autoscout24.de/angebote/dde6218c-7759-4446-a218-a1ff9bd44c22,de,Renault,rafale,,Renault Rafale300 E-Tech Hyper Hybrid 4x4 Esprit Alpine,38990,,True,2025,09-2025,21000,,used,hybrid,161,220,1199,Euro 6,,6.0,automatic,,AWD,SUV/Geländewagen/Pickup,5,5,Schwarz,,,,,dealer,Autopark Ost Fichtner GmbH,DE-04315 Leipzig,DE,2,https://prod.pictures.autoscout24.net/listing-images/dde6218c-7759-4446-a218-a1ff9bd44c22_170b9395-fcc1-4623-9b13-3de129525ff0.jpg/250x188.webp,2026-09-29T07:38:33.443717,1.86,1
77e8ff9d-5e7f-4ff0-bd86-153e1cb0bebd,https://www.autoscout24.de/angebote/77e8ff9d-5e7f-4ff0-bd86-153e1cb0bebd,de,BMW,320,,BMW 320d xDrive Limousine M Sportpaket Glasdach AHK DAB L,36450,,True,2023,09-2023,68946,,used,diesel,102,140,1995,Euro 6d,,6.0,automatic,,AWD,Limousine,4,5,Grau,,,,,dealer,Autohaus Unterberger GmbH,DE-83026 Rosenheim,DE,3,https://prod.pictures.autoscout24.net/listing-images/77e8ff9d-5e7f-4ff0-bd86-153e1cb0bebd_309b0139-62d6-48f3-bc5d-1aafaea9df68.jpg/250x188.webp,2026-09-29T07:38:33.443725,0.53,3
2a103620-c7b0-4d77-aad6-27409b8ab133,https://www.autoscout24.de/angebote/2a103620-c7b0-4d77-aad6-27409b8ab133,de,BMW,x3 m,,BMW X3 MKomfort HUD DAB Kamera Panorama 21Zoll,46999,,True,2021,04-2021,67597,,used,petrol,353,480,2993,Euro 6d,258,6.0,automatic,,AWD,SUV/Geländewagen/Pickup,5,5,Schwarz,,,,,dealer,Autohaus Isernhagen GmbH & Co. KG,DE-30916 Isernhagen,DE,2,https://prod.pictures.autoscout24.net/listing-images/2a103620-c7b0-4d77-aad6-27409b8ab133_371eeb5f-efcd-4b45-88b3-0a60abe858cc.jpg/250x188.webp,2026-09-29T07:38:33.443732,0.7,5
73f052c0-751a-414c-b1df-3ee402f15e4a,https://www.autoscout24.de/angebote/73f052c0-751a-414c-b1df-3ee402f15e4a,de,Audi,e-tron,,Audi e-tron55 Quattro 95 kWh ACC,25994,,True,2022,08-2022,139311,,used,electric,95,129,,,0,26.1,automatic,,AWD,SUV/Geländewagen/Pickup,5,5,Schwarz,,,,,dealer,auto mega store gmbh,DE-84030 Ergolding,DE,3,https://prod.pictures.autoscout24.net/listing-images/73f052c0-751a-414c-b1df-3ee402f15e4a_d60fec13-34c7-4943-9f41-c5f7200ba726.jpg/250x188.webp,2026-09-29T07:38:33.443739,0.19,4
60d656dc-12dc-4756-8a25-a8c0b6028b92,https://www.autoscout24.de/angebote/60d656dc-12dc-4756-8a25-a8c0b6028b92,de,Ford,focus,,Ford FocusTurnier 1.5 EcoBoost ST-Line X CAM,20999,,True,2021,01-2021,34200,,used,petrol,134,182,1496,Euro 6d-TEMP,,6.0,automatic,,,Kombi,5,5,Blau,,,,,dealer,Hermann GmbH,DE-37079 Göttingen,DE,2,https://prod.pictures.autoscout24.net/listing-images/60d656dc-12dc-4756-8a25-a8c0b6028b92_18399ccd-22a2-419c-966d-ac542c06fe64.jpg/250x188.webp,2026-09-29T07:38:33.443746,0.61,5
283bc133-a376-4724-9d70-61ff87c2c5e0,https://www.autoscout24.de/angebote/283bc133-a376-4724-9d70-61ff87c2c5e0,de,Volkswagen,golf,,Volkswagen Golf2.0 TDI Goal|IQ.LIGHT|NAV|360°|Sport-FW|AHK,25440,,True,2025,11-2025,15363,,used,diesel,110,149,1968,Euro 6,130,5.0,automatic,,,Kombi,5,,Schwarz,,,,,dealer,Sixt Car Sales,DE-85748 Garching,DE,3,https://prod.pictures.autoscout24.net/listing-images/283bc133-a376-4724-9d70-61ff87c2c5e0_b64495c2-9fad-4db5-bd9c-37ef630e7d1a.jpg/250x188.webp,2026-09-29T07:38:33.443792,1.66,1
3526cf01-5e9b-4eac-a330-8c1cc178aff2,https://www.autoscout24.de/angebote/3526cf01-5e9b-4eac-a330-8c1cc178aff2,de,Baic,beijing x75,,BAIC Beijing X75Panoramadach Assistenten,22590,,True,2025,03-2025,46500,,used,petrol,95,130,1498,Euro 6,,6.0,automatic,,,SUV/Geländewagen/Pickup,5,,Schwarz,,,,,dealer,,DE-16775 Nassenheide ( bei Berlin ),DE,1,https://prod.pictures.autoscout24.net/listing-images/3526cf01-5e9b-4eac-a330-8c1cc178aff2_b2ce54ba-a3e8-4f65-9f0f-3d0803387319.jpg/250x188.webp,2026-09-29T07:38:33.443800,0.49,1
74588371-4bd9-4d54-8f46-547a8d6dc57d,https://www.autoscout24.de/angebote/74588371-4bd9-4d54-8f46-547a8d6dc57d,de,Alfa Romeo,giulia,,Alfa Romeo GiuliaCompetizione Q4 Assistenzpaket LED Navi,35870,,True,2023,06-2023,28194,,used,petrol,206,280,1995,Euro 6d,190,8.4,automatic,,AWD,Limousine,4,5,Schwarz,,,,,dealer,Auto-Klaus GmbH & Co. KG,DE-56856 Zell / Mosel,DE,3,https://prod.pictures.autoscout24.net/listing-images/74588371-4bd9-4d54-8f46-547a8d6dc57d_c2d17d6b-c27f-4b71-9f86-5c60e7fa07cb.jpg/250x188.webp,2026-09-29T07:38:33.443807,1.27,3
01e9f4a7-b8b8-42cc-b527-9ab35065441f,https://www.autoscout24.de/angebote/01e9f4a7-b8b8-42cc-b527-9ab35065441f,de,Volkswagen,t-cross,,Volkswagen T-Cross1.5 TSI DSG Style R-LINE-EXTERIEUR,18950,,True,2020,02-2020,25992,,used,petrol,110,149,1498,Euro 6d-TEMP,146,6.4,automatic,,Frontantrieb,SUV/Geländewagen/Pickup,4,5,Grün,,,,,dealer,A.H.G. Auto-Handels-GmbH,DE-65205 Wiesbaden,DE,3,https://prod.pictures.autoscout24.net/listing-images/01e9f4a7-b8b8-42cc-b527-9ab35065441f_3b1af6c8-b9cb-4481-8422-2ea8b5cb6cc9.jpg/250x188.webp,2026-09-29T07:38:33.443814,0.73,6
48fc6f17-f9ce-42e8-8e86-2ed47ee47fa6,https://www.autoscout24.de/angebote/48fc6f17-f9ce-42e8-8e86-2ed47ee47fa6,de,Opel,corsa,,Opel CorsaLED+NAVI+SHZ+SPORTSITZE+PDCv+h,13190,,True,2023,09-2023,29597,,used,petrol,54,74,1199,,117,5.4,automatic,,Frontantrieb,Kleinwagen,5,5,Schwarz,,,,,dealer,Autohaus Jacob Fleischhauer GmbH & Co. KG,DE-52068 Aachen,DE,2,https://prod.pictures.autoscout24.net/listing-images/48fc6f17-f9ce-42e8-8e86-2ed47ee47fa6_a0932819-5ed8-4a3d-925e-de3e368a02eb.jpg/250x188.webp,2026-09-29T07:38:33.443821,0.45,3
f34f2aa7-82cf-4851-8982-73883cf36dd9,https://www.autoscout24.de/angebote/f34f2aa7-82cf-4851-8982-73883cf36dd9,de,Volkswagen,tiguan,,"Volkswagen TiguanElegance 2,0 TDI BusiPaket Navi RFK",26490,,True,2023,07-2023,28001,,used,diesel,110,149,1968,Euro 6,,6.0,automatic,,Frontantrieb,SUV/Geländewagen/Pickup,5,5,Blau,,,,,dealer,VHG Rittersbacher GmbH,DE-67663 Kaiserslautern,DE,3,https://prod.pictures.autoscout24.net/listing-images/f34f2aa7-82cf-4851-8982-73883cf36dd9_619c4fb0-7fab-47f2-8878-f912e3b91281.jpg/250x188.webp,2026-09-29T07:38:33.443828,0.95,3
d80907ed-39a4-468d-9230-f050f64d366e,https://www.autoscout24.de/angebote/d80907ed-39a4-468d-9230-f050f64d366e,de,Ds Automobiles,n°7,,DS Automobiles N°7ETOILE Panorama Massage Nachtsicht ACC,62845,,True,,new,0,,new,hybrid,78,107,1199,,120,5.3,automatic,,Frontantrieb,SUV/Geländewagen/Pickup,5,5,Grau,,,,,dealer,Autohaus Schmitz GmbH,DE-51145 Köln,DE,3,https://prod.pictures.autoscout24.net/listing-images/d80907ed-39a4-468d-9230-f050f64d366e_0967397b-bc4e-4c50-8be5-91ef9c9c8a8e.jpg/250x188.webp,2026-09-29T07:38:33.443836,,
5fdc01d4-7569-4c49-a026-2cd73cf6f3c9,https://www.autoscout24.de/angebote/5fdc01d4-7569-4c49-a026-2cd73cf6f3c9,de,Mercedes-Benz,glb 220,,Mercedes-Benz GLB 220GLB 220 d 4MATIC LED Klima SHZ 360,28900,,True,2020,12-2020,99595,,used,diesel,140,190,1950,Euro 6,135,6.0,automatic,,AWD,SUV/Geländewagen/Pickup,5,5,Grau,,,,,dealer,AVG Auto-Vertrieb-GmbH,DE-83064 Raubling,DE,2,https://prod.pictures.autoscout24.net/listing-images/5fdc01d4-7569-4c49-a026-2cd73cf6f3c9_2e6a153f-3090-4ba9-8a43-20ab0b70ce86.jpg/250x188.webp,2026-09-29T07:38:33.443843,0.29,6
d7402f97-9bbe-4764-a6ff-bdf927b94ef6,https://www.autoscout24.de/angebote/d7402f97-9bbe-4764-a6ff-bdf927b94ef6,de,Mazda,2,,Mazda 21.5 Aut. NAVI+TEMPO+KLIMA+CARPLAY,15550,,True,2022,05-2022,37106,,used,hybrid,85,115,1490,Euro 6d,92,4.0,automatic,,Frontantrieb,Kleinwagen,5,5,Rot,,,,,dealer,Kamux Auto GmbH,DE-22529 Hamburg,DE,3,https://prod.pictures.autoscout24.net/listing-images/d7402f97-9bbe-4764-a6ff-bdf927b94ef6_8c5a1916-253d-44c2-affd-37e35f5fa515.jpg/250x188.webp,2026-09-29T07:38:33.443851,0.42,4
971e5647-ded9-435d-a2e8-cdbe5068991d,https://www.autoscout24.de/angebote/971e5647-ded9-435d-a2e8-cdbe5068991d,de,Nissan,qashqai,,Nissan QashqaiN-Connecta 1.3 Dig-T LED ACC Navi Kamera,26890,,True,2026,07-2026,7,,new,hybrid,103,140,1332,Euro 6,145,6.4,manual,,,SUV/Geländewagen/Pickup,5,5,Grau,,,,,dealer,Autoland,DE-06122 Halle-Nietleben,DE,2,https://prod.pictures.autoscout24.net/listing-images/971e5647-ded9-435d-a2e8-cdbe5068991d_ddd72132-d372-4029-b493-276526785b18.jpg/250x188.webp,2026-09-29T07:38:33.443858,3841.43,0
3382b730-6f30-443c-af35-b59ce17d774e,https://www.autoscout24.de/angebote/3382b730-6f30-443c-af35-b59ce17d774e,de,Ford,focus,,Ford FocusCool&Connect+Kamera+BLIS+Winter-P.+Navi,12900,,True,2022,03-2022,60422,,used,petrol,74,100,998,,126,5.6,manual,,Frontantrieb,Limousine,5,5,Weiß,,,,,dealer,R & S Mobile GmbH & Co. KG,DE-50769 Köln,DE,2,https://prod.pictures.autoscout24.net/listing-images/3382b730-6f30-443c-af35-b59ce17d774e_dd1e7324-73dd-4f86-bc22-a2ee0938f7b2.jpg/250x188.webp,2026-09-29T07:38:33.443866,0.21,4
24d2a57d-000b-45e6-975a-43dffc63166a,https://www.autoscout24.de/angebote/24d2a57d-000b-45e6-975a-43dffc63166a,de,Audi,a3,,Audi A340 TFSI e S line,26488,,True,2022,09-2022,15400,,used,hybrid,150,204,1395,Euro 6,,6.0,automatic,,Frontantrieb,Limousine,5,5,Blau,,,,,dealer,Autohaus Best GmbH,DE-63165 Mühlheim a. Main,DE,2,https://prod.pictures.autoscout24.net/listing-images/24d2a57d-000b-45e6-975a-43dffc63166a_889be098-ec87-49e3-8cba-ffc2acf347b8.jpg/250x188.webp,2026-09-29T07:38:33.443873,1.72,4
b896839c-b3cf-476f-a878-59350a6dbf2c,https://www.autoscout24.de/angebote/b896839c-b3cf-476f-a878-59350a6dbf2c,de,Mazda,cx-30,,Mazda CX-30Exclusive-Line 2WD,24980,,True,2025,02-2025,3525,,used,petrol,110,149,1998,Euro 6d,144,6.4,automatic,,Frontantrieb,SUV/Geländewagen/Pickup,5,5,Beige,,,,,dealer,Autohaus Mommerskamp GmbH,DE-41061 Mönchengladbach,DE,2,https://prod.pictures.autoscout24.net/listing-images/b896839c-b3cf-476f-a878-59350a6dbf2c_44ec2f5f-b8ef-46e2-9909-0bfaf9518a81.jpg/250x188.webp,2026-09-29T07:38:33.443880,7.09,1
75917bde-53f3-4ea5-a3fd-0487eca0a87a,https://www.autoscout24.de/angebote/75917bde-53f3-4ea5-a3fd-0487eca0a87a,de,Audi,a6,,Audi A6sport 50 2.0 TFSI e quattro S-tronic,34640,,True,2024,01-2024,66545,,used,hybrid,220,299,1984,Euro 6d,,6.0,automatic,,AWD,Kombi,5,5,Schwarz,,,,,dealer,DB Autohaus Schweinfurt Premium,DE-97424 Schweinfurt,DE,2,https://prod.pictures.autoscout24.net/listing-images/75917bde-53f3-4ea5-a3fd-0487eca0a87a_c01567a1-e226-4b1b-aad4-7c23553fc1a8.jpg/250x188.webp,2026-09-29T07:38:33.443888,0.52,2
4ac0fedb-6199-4b91-bcc0-0c3576f5a25b,https://www.autoscout24.de/angebote/4ac0fedb-6199-4b91-bcc0-0c3576f5a25b,de,Cupra,ateca,,CUPRA Ateca2.0 TSI 4Drive DSG Beats Soundsystem,27688,,True,2023,04-2023,49696,,used,petrol,221,300,1984,Euro 6,211,9.3,automatic,,AWD,SUV/Geländewagen/Pickup,5,5,Schwarz,,,,,dealer,Autocenter Mothor GmbH,DE-39576 Stendal,DE,2,https://prod.pictures.autoscout24.net/listing-images/4ac0fedb-6199-4b91-bcc0-0c3576f5a25b_15eadb5a-b8ba-4245-82f1-0db20fd5f8fe.jpg/250x188.webp,2026-09-29T07:38:33.443895,0.56,3
3941c7e5-767b-43e3-8c4e-c1e1c368e86c,https://www.autoscout24.de/angebote/3941c7e5-767b-43e3-8c4e-c1e1c368e86c,de,BMW,x7,,BMW x7,89950,,True,2024,05-2024,48600,,used,petrol,390,530,4395,,278,12.3,automatic,,AWD,SUV/Geländewagen/Pickup,5,7,Grau,,,,,dealer,,DE-56812 Cochem,DE,1,https://prod.pictures.autoscout24.net/listing-images/3941c7e5-767b-43e3-8c4e-c1e1c368e86c_fd9183c2-0d4e-4ca7-8637-5b5a27cea37a.jpg/250x188.webp,2026-09-29T07:38:33.443903,1.85,2
0b65d6e7-9e96-4367-8bdc-93c61eb0d517,https://www.autoscout24.de/angebote/0b65d6e7-9e96-4367-8bdc-93c61eb0d517,de,Kia,sportage,,Kia Sportage1.6T-GDI 4WD Aut.GT-Line+LED+NAVI+TEMPO,28889,,True,2023,07-2023,58969,,used,hybrid,195,265,1598,Euro 6d,,6.0,automatic,,AWD,SUV/Geländewagen/Pickup,5,5,Schwarz,,,,,dealer,Kamux Auto GmbH,DE-52351 Düren,DE,2,https://prod.pictures.autoscout24.net/listing-images/0b65d6e7-9e96-4367-8bdc-93c61eb0d517_605c384d-8d66-47fa-8c5f-7c7084322712.jpg/250x188.webp,2026-09-29T07:38:33.443911,0.49,3
1da48548-be7a-40de-8841-4aeb400b7aba,https://www.autoscout24.de/angebote/1da48548-be7a-40de-8841-4aeb400b7aba,de,Audi,q5,,Audi Q5Sportback 50TFSI e quattro S line LED+DAB+AHK,27980,,True,2023,09-2023,103870,,used,hybrid,220,299,1984,Euro 6d,,6.0,automatic,,AWD,SUV/Geländewagen/Pickup,4,5,Grau,,,,,dealer,K-Automobile,DE-36456 Barchfeld OT Immelborn,DE,2,https://prod.pictures.autoscout24.net/listing-images/1da48548-be7a-40de-8841-4aeb400b7aba_f9c27a0e-8258-4ef3-9de6-888ce2f55863.jpg/250x188.webp,2026-09-29T07:38:33.443918,0.27,3
e3902a59-0630-4543-a241-9ab23cad04ad,https://www.autoscout24.de/angebote/e3902a59-0630-4543-a241-9ab23cad04ad,de,Ford,fiesta,,Ford FiestaFiesta 1.5i ST Edition limitiertes Sondermodell,24480,,True,2021,09-2021,24986,,used,petrol,147,199,1498,Euro 6d,,6.0,manual,,,Kleinwagen,3,5,Blau,,,,,dealer,Auto Eberl GmbH & Co. KG,DE-82402 Seeshaupt,DE,2,https://prod.pictures.autoscout24.net/listing-images/e3902a59-0630-4543-a241-9ab23cad04ad_0e3ba078-b49b-4630-9c2d-8568a25bf04a.jpg/250x188.webp,2026-09-29T07:38:33.443925,0.98,5
0e6e4d33-2341-431c-9e37-3803d3eecddc,https://www.autoscout24.de/angebote/0e6e4d33-2341-431c-9e37-3803d3eecddc,de,Audi,sq7,,Audi SQ74.0 TFSI Black-7SI.-MATRIX-HUD-LUFT-4xSHZ-,54900,,True,2021,04-2021,82700,,used,petrol,373,507,3996,Euro 6d,269,11.8,automatic,,AWD,SUV/Geländewagen/Pickup,5,7,Blau,,,,,dealer,AUTOMOBILE MAIER e.K,DE-36179 Bebra,DE,2,https://prod.pictures.autoscout24.net/listing-images/0e6e4d33-2341-431c-9e37-3803d3eecddc_72d8e2a0-1e03-4847-811c-1773df4478ec.jpg/250x188.webp,2026-09-29T07:38:33.443933,0.66,5
f9d67106-6783-412c-854f-bcae70f8a970,https://www.autoscout24.de/angebote/f9d67106-6783-412c-854f-bcae70f8a970,de,Kia,sportage,,Kia Sportage1.6 T-GDI AWD DCT 18*Alu,32400,,True,2026,07-2026,5,,new,petrol,132,179,1598,Euro 6d,172,7.6,automatic,,AWD,SUV/Geländewagen/Pickup,5,5,Grau,,,,,dealer,Autohaus Meyer,DE-39326 Hohenwarsleben,DE,2,https://prod.pictures.autoscout24.net/listing-images/f9d67106-6783-412c-854f-bcae70f8a970_01d16d54-4243-490b-bf07-28155df1461b.jpg/250x188.webp,2026-09-29T07:38:33.443940,6480.0,0
3e3a9f52-a543-463d-9a32-7bdace87187b,https://www.autoscout24.de/angebote/3e3a9f52-a543-463d-9a32-7bdace87187b,de,Volkswagen,tiguan,,Volkswagen TiguanHighli. 4M R-LINE MATRIX,21950,,True,2018,03-2018,75800,,used,petrol,162,220,1984,Euro 6,,6.0,automatic,,AWD,SUV/Geländewagen/Pickup,4,5,Schwarz,,,,,dealer,Dickreich Automobile Fulda,DE-36151 Burghaun,DE,2,https://prod.pictures.autoscout24.net/listing-images/3e3a9f52-a543-463d-9a32-7bdace87187b_454e1e42-631c-401b-8b18-a0da1293ad61.jpg/250x188.webp,2026-09-29T07:38:33.443947,0.29,8
8edb76e6-cae4-48c3-b230-e7085a64ac0b,https://www.autoscout24.de/angebote/8edb76e6-cae4-48c3-b230-e7085a64ac0b,de,Dacia,jogger,,Dacia JoggerEXTREME+ TCe 110 Extreme+,16390,,True,2022,09-2022,37830,,used,petrol,81,110,999,Euro 6,130,5.7,automatic,,Frontantrieb,Van/Kleinbus,5,7,Braun,,,,,dealer,Schneider Gruppe GmbH,DE-09120 Chemnitz,DE,2,https://prod.pictures.autoscout24.net/listing-images/8edb76e6-cae4-48c3-b230-e7085a64ac0b_11dd4fd1-784e-4a6b-a316-9d380165b383.jpg/250x188.webp,2026-09-29T07:38:33.443955,0.43,4
781e1c3d-9ac0-4432-bd24-a39124ff5fe8,https://www.autoscout24.de/angebote/781e1c3d-9ac0-4432-bd24-a39124ff5fe8,de,Dacia,sandero,,Dacia SanderoComfort,6500,,True,2019,06-2019,71948,,used,petrol,66,89,,Euro 6,120,6.0,automatic,,Frontantrieb,Kleinwagen,5,5,Schwarz,,,,,dealer,Auto-Striebel Inh. Michael Striebel,DE-89165 Dietenheim,DE,2,https://prod.pictures.autoscout24.net/listing-images/781e1c3d-9ac0-4432-bd24-a39124ff5fe8_c53c50e0-26dd-4273-8413-a412d4e74c96.jpg/250x188.webp,2026-09-29T07:38:33.443962,0.09,7
7d0f3f16-6082-41a8-aa22-7135b155a4e8,https://www.autoscout24.de/angebote/7d0f3f16-6082-41a8-aa22-7135b155a4e8,de,Audi,a6,,Audi A6Avant 45TDI Quattro S-LINE MATRIX Black Line,43950,,True,2025,06-2025,24797,,used,diesel,180,244,,Euro 6d-TEMP,179,6.2,automatic,,AWD,Kombi,5,5,Schwarz,,,,,dealer,AVG Struck Automobile,DE-32609 Hüllhorst,DE,3,https://prod.pictures.autoscout24.net/listing-images/7d0f3f16-6082-41a8-aa22-7135b155a4e8_5c55608d-b060-4c70-8512-9f834b0cd8e1.jpg/250x188.webp,2026-09-29T07:38:33.443970,1.77,1
93ab45b9-1293-4841-ba61-7ed69e82e7e2,https://www.autoscout24.de/angebote/93ab45b9-1293-4841-ba61-7ed69e82e7e2,de,Renault,austral,,"Renault AustralEvolution Mild Hybrid 150 1,99% ZINS",31977,,True,,new,20,,new,hybrid,110,149,1199,Euro 6,110,4.9,automatic,,Frontantrieb,SUV/Geländewagen/Pickup,5,5,Grau,,,,,dealer,Autohaus Kraus GmbH,DE-93413 Cham,DE,2,https://prod.pictures.autoscout24.net/listing-images/93ab45b9-1293-4841-ba61-7ed69e82e7e2_94d455e0-5065-4d1f-9195-dd4e7422c12b.jpg/250x188.webp,2026-09-29T07:38:33.443978,1598.85,
bedf9922-a07f-481d-89fe-614f548bee30,https://www.autoscout24.de/angebote/bedf9922-a07f-481d-89fe-614f548bee30,de,Volkswagen,golf,,Volkswagen GolfVII GTI Performance 2.0 TSI 7-DSG NAVI PANO,19950,,True,2019,09-2019,114300,,used,petrol,180,244,1984,Euro 6d-TEMP,168,7.4,automatic,,Frontantrieb,Limousine,4,5,Schwarz,,,,,dealer,Autohaus Feser GmbH,DE-91126 Schwabach,DE,2,https://prod.pictures.autoscout24.net/listing-images/bedf9922-a07f-481d-89fe-614f548bee30_e9afdbc0-164b-4098-a65c-6279e8b082af.jpg/250x188.webp,2026-09-29T07:38:33.443985,0.17,7
fe2c8358-1710-4781-9d2a-01c03bdadd68,https://www.autoscout24.de/angebote/fe2c8358-1710-4781-9d2a-01c03bdadd68,de,Audi,a5,,Audi A5Avant S line Tech plus ACC Matrix LED,39490,,True,2025,02-2025,35500,,used,diesel,110,150,1968,Euro 6,146,5.6,automatic,,Frontantrieb,Kombi,5,5,Schwarz,,,,,dealer,MUC Motors e.K.,DE-84030 Landshut,DE,3,https://prod.pictures.autoscout24.net/listing-images/fe2c8358-1710-4781-9d2a-01c03bdadd68_9575fb4f-ffbf-4a87-873f-7bc60b62f4d7.jpg/250x188.webp,2026-09-29T07:38:33.443993,1.11,1
2ea9ccac-7874-48ce-b200-0bc0db2f1cb9,https://www.autoscout24.de/angebote/2ea9ccac-7874-48ce-b200-0bc0db2f1cb9,de,Mg,mg3,,"MG MG3Comfort Navi,ACC,Climatr,Alu,PDC+Kamera",17950,,True,,new,10,,new,hybrid,143,194,1498,Euro 6e,100,4.4,automatic,,,SUV/Geländewagen/Pickup,5,5,Weiß,,,,,dealer,Hoffmann Automobile GmbH & Co. KG,DE-38444 Wolfsburg Heiligendorf,DE,2,https://prod.pictures.autoscout24.net/listing-images/2ea9ccac-7874-48ce-b200-0bc0db2f1cb9_0917035a-b496-478d-b4b0-7384ccdcbdfd.jpg/250x188.webp,2026-09-29T07:38:33.444000,1795.0,
2c30c9e6-a1fb-4b9c-a0b2-691678d63ac6,https://www.autoscout24.de/angebote/2c30c9e6-a1fb-4b9c-a0b2-691678d63ac6,de,BMW,ix1,,BMW iX1xDrive30 M Sportpaket Head-Up HK HiFi DAB,36750,,True,2023,03-2023,23996,,used,electric,200,272,0,,0,418.0,automatic,,AWD,SUV/Geländewagen/Pickup,5,5,Schwarz,,,,,dealer,Autohaus Michael Schmidt GmbH,DE-82538 Geretsried - Gelting,DE,3,https://prod.pictures.autoscout24.net/listing-images/2c30c9e6-a1fb-4b9c-a0b2-691678d63ac6_599b2705-d17e-464a-9bea-6b08ad2749b8.jpg/250x188.webp,2026-09-29T07:38:33.444007,1.53,3
883f59bb-be84-48e1-9007-cba95e3dbc01,https://www.autoscout24.de/angebote/883f59bb-be84-48e1-9007-cba95e3dbc01,de,BMW,x3 m,,BMW X3 MKamera Laser Panorama HUD DAB AHK 21Zoll,45999,,True,2023,01-2023,76987,,used,diesel,250,340,2993,,175,6.7,automatic,,AWD,SUV/Geländewagen/Pickup,5,5,Grau,,,,,dealer,Autoland Celle GmbH & Co. KG,DE-29225 Celle,DE,2,https://prod.pictures.autoscout24.net/listing-images/883f59bb-be84-48e1-9007-cba95e3dbc01_d10706c0-1fec-445d-b08a-2d0987a16b99.jpg/250x188.webp,2026-09-29T07:38:33.444015,0.6,3
82994b4e-5e83-46a0-b976-3abb66f0f69e,https://www.autoscout24.de/angebote/82994b4e-5e83-46a0-b976-3abb66f0f69e,de,Audi,a7,,Audi A745 2.0 TFSI S-tronic,38980,,True,2024,03-2024,61393,,used,petrol,195,265,1984,,,4.0,automatic,,Frontantrieb,Limousine,5,5,Grau,,,,,dealer,DB Autohaus Schweinfurt Premium,DE-97424 Schweinfurt,DE,2,https://prod.pictures.autoscout24.net/listing-images/82994b4e-5e83-46a0-b976-3abb66f0f69e_093bdd43-1799-4ac3-8c45-0c014cf6f984.jpg/250x188.webp,2026-09-29T07:38:33.444022,0.63,2
c51625c7-a485-4800-a068-98d2146306ce,https://www.autoscout24.de/angebote/c51625c7-a485-4800-a068-98d2146306ce,de,Mercedes-Benz,glc 220,,Mercedes-Benz GLC 220d 4Matic*AHK*360° Kamera,40690,,True,2023,04-2023,62019,,used,diesel,145,197,1993,Euro 6d,,6.0,automatic,,AWD,SUV/Geländewagen/Pickup,4,5,Schwarz,,,,,dealer,Auto Imperium GmbH & Co. KG,DE-92546 Schmidgaden,DE,2,https://prod.pictures.autoscout24.net/listing-images/c51625c7-a485-4800-a068-98d2146306ce_aa431662-351e-4dfe-907d-eccceeee398d.jpg/250x188.webp,2026-09-29T07:38:33.444030,0.66,3
86ec8898-ddaa-4794-9a26-9fcbd865958a,https://www.autoscout24.de/angebote/86ec8898-ddaa-4794-9a26-9fcbd865958a,de,Opel,crossland,,Opel CrosslandAutomatik ALLWETTER NAVI KAMERA SITZHEIZ,15479,,True,2024,08-2024,5117,,used,petrol,96,130,1199,,,4.0,automatic,,Heck,SUV/Geländewagen/Pickup,5,5,Weiß,,,,,dealer,Autohaus Schafstall GmbH,DE-50189 Elsdorf,DE,2,https://prod.pictures.autoscout24.net/listing-images/86ec8898-ddaa-4794-9a26-9fcbd865958a_9e1ddc2b-e91a-4971-8a6b-95070127a34f.jpg/250x188.webp,2026-09-29T07:38:33.444036,3.03,2
a9225848-56a2-40c7-a341-08b68d9dcfc8,https://www.autoscout24.de/angebote/a9225848-56a2-40c7-a341-08b68d9dcfc8,de,Kia,sportage,,Kia SportageVision Komfort-P,20850,,True,2024,07-2024,40752,,used,petrol,110,149,1598,Euro 6d,151,6.5,manual,,Frontantrieb,SUV/Geländewagen/Pickup,5,5,Schwarz,,,,,dealer,Kia Nürnberg | Feser-Graf,DE-90425 Nürnberg,DE,2,https://prod.pictures.autoscout24.net/listing-images/a9225848-56a2-40c7-a341-08b68d9dcfc8_77f27b88-1d4e-4411-a1c5-972fb85f7176.jpg/250x188.webp,2026-09-29T07:38:33.444043,0.51,2
5f547925-14b5-4d80-a696-adf02682d762,https://www.autoscout24.de/angebote/5f547925-14b5-4d80-a696-adf02682d762,de,Seat,arona,,SEAT AronaArona 1.0 DSG Style *LED* PDC* AppConnect,17490,,True,2025,03-2025,17457,,used,petrol,85,115,999,Euro 6e,128,5.6,automatic,,Frontantrieb,SUV/Geländewagen/Pickup,4,5,Blau,,,,,dealer,mcf Automobile Kramer & Kramer GbR,DE-99768 Harztor,DE,3,https://prod.pictures.autoscout24.net/listing-images/5f547925-14b5-4d80-a696-adf02682d762_a29045a6-13ca-450d-8b00-d68f4133a70d.jpg/250x188.webp,2026-09-29T07:38:33.444050,1.0,1
ec967a89-963f-43f7-b6e8-9e567d863c97,https://www.autoscout24.de/angebote/ec967a89-963f-43f7-b6e8-9e567d863c97,de,Mercedes-Benz,cla 200,,Mercedes-Benz CLA 200AMG,34790,,True,2023,08-2023,34530,,used,petrol,120,163,1332,Euro 6d,148,6.5,automatic,,,Coupé,4,5,Schwarz,,,,,dealer,S&G Automobil AG,DE-76185 Karlsruhe,DE,2,https://prod.pictures.autoscout24.net/listing-images/ec967a89-963f-43f7-b6e8-9e567d863c97_495b670c-cee5-47f0-bffb-7efa260314a0.jpg/250x188.webp,2026-09-29T07:38:33.444058,1.01,3
bd5e356e-b69a-4b09-b666-412ef538c7cd,https://www.autoscout24.de/angebote/bd5e356e-b69a-4b09-b666-412ef538c7cd,de,Citroen,c3,,Citroen C3Turbo 100 YOU Plus Paket,14595,,True,2025,04-2025,13500,,used,petrol,74,100,,Euro 6e,127,5.6,manual,,Frontantrieb,Kleinwagen,5,5,Schwarz,,,,,dealer,Klaus Schreier GmbH,DE-61231 Bad Nauheim,DE,3,https://prod.pictures.autoscout24.net/listing-images/bd5e356e-b69a-4b09-b666-412ef538c7cd_8e935f8d-6769-471d-8973-83c33fb420b5.jpg/250x188.webp,2026-09-29T07:38:33.444065,1.08,1
6d8ae7ea-9e4c-4a13-99a9-aba0cae67eeb,https://www.autoscout24.de/angebote/6d8ae7ea-9e4c-4a13-99a9-aba0cae67eeb,de,Volkswagen,tiguan,,Volkswagen TiguanLife 1.5 eTSI DSG APP*ACC*AHK*360°,33240,,True,2026,07-2026,20,,new,petrol,110,149,1498,Euro 6,138,6.0,automatic,,,SUV/Geländewagen/Pickup,5,5,Grau,,,,,dealer,Autohaus Küver GmbH,DE-27628 Hagen,DE,2,https://prod.pictures.autoscout24.net/listing-images/6d8ae7ea-9e4c-4a13-99a9-aba0cae67eeb_6c502adf-54da-43e8-9ff7-37ee4edb7b7d.jpg/250x188.webp,2026-09-29T07:38:33.444073,1662.0,0
121afc43-2081-496d-964f-e3546d35152b,https://www.autoscout24.de/angebote/121afc43-2081-496d-964f-e3546d35152b,de,Citroen,spacetourer,,"Citroen SpacetourerPlus Diesel 180 M EAT8 132 kW (179 PS),",32994,,True,,new,0,,new,diesel,132,179,2184,Euro 6e,178,6.8,automatic,,Frontantrieb,Van/Kleinbus,5,8,Wählbar (bei Metallic +),,,,,dealer,ReStart-AUTO,DE-72667 Schlaitdorf,DE,3,https://prod.pictures.autoscout24.net/listing-images/121afc43-2081-496d-964f-e3546d35152b_aeab6b43-c81a-4db5-85c9-dc8d073f934a.jpg/250x188.webp,2026-09-29T07:38:33.444080,,
d32ccb79-9894-4234-b46d-cd8a185f0a56,https://www.autoscout24.de/angebote/d32ccb79-9894-4234-b46d-cd8a185f0a56,de,Peugeot,3008,,Peugeot 3008Hybrid 225 GT Bluetooth Navi LED Klima,20850,,True,2022,12-2022,48401,,used,hybrid,165,224,1598,Euro 6d,30,1.3,automatic,,Frontantrieb,SUV/Geländewagen/Pickup,5,5,Schwarz,,,,,dealer,Auto Hartmann GmbH,DE-87435 Kempten,DE,2,https://prod.pictures.autoscout24.net/listing-images/d32ccb79-9894-4234-b46d-cd8a185f0a56_754a64a2-49e2-4841-903d-14d8aad79b3a.jpg/250x188.webp,2026-09-29T07:38:33.444087,0.43,4
186f3db0-fb8a-4580-8b37-c64f537ea361,https://www.autoscout24.de/angebote/186f3db0-fb8a-4580-8b37-c64f537ea361,de,Volkswagen,id. buzz,,Volkswagen ID. BuzzPro KR H,47490,,True,2025,09-2025,13900,,used,electric,210,285,,,0,4.0,automatic,,Heck,Van/Kleinbus,4,5,Schwarz,,,,,dealer,Autohaus Straußberger,DE-90574 Roßtal,DE,2,https://prod.pictures.autoscout24.net/listing-images/186f3db0-fb8a-4580-8b37-c64f537ea361_4af2ee4e-b1e0-478c-826f-d74a3c90b61a.jpg/250x188.webp,2026-09-29T07:38:33.444094,3.42,1
d4bc2cd0-1c6d-4531-9101-0b6fd725c580,https://www.autoscout24.de/angebote/d4bc2cd0-1c6d-4531-9101-0b6fd725c580,de,Volkswagen,golf variant,,Volkswagen Golf Variant1.5 eTSI Goal*Navi*LED Plus*Kamera,25980,,True,2025,09-2025,25708,,used,hybrid,110,149,1498,,125,5.5,automatic,,Frontantrieb,Kombi,5,5,Weiß,,,,,dealer,Automobile Dresden Weißig,DE-01328 Dresden/Weißig,DE,3,https://prod.pictures.autoscout24.net/listing-images/d4bc2cd0-1c6d-4531-9101-0b6fd725c580_d08f5025-f36d-4569-a739-ddadca18730e.jpg/250x188.webp,2026-09-29T07:38:33.444101,1.01,1
00f7dc33-f9c0-4e97-ac7a-6cde66dcdfe5,https://www.autoscout24.de/angebote/00f7dc33-f9c0-4e97-ac7a-6cde66dcdfe5,de,Mercedes-Benz,v 300,,Mercedes-Benz V 300V 300d AVANTGARDE Extralang,66770,,True,2025,11-2025,13419,,used,diesel,174,236,1950,Euro 6,204,7.8,automatic,,,Van/Kleinbus,5,8,Schwarz,,,,,dealer,F/G/M Mettchen Müller GmbH & Co. KG,DE-13156 Berlin,DE,2,https://prod.pictures.autoscout24.net/listing-images/00f7dc33-f9c0-4e97-ac7a-6cde66dcdfe5_fb58f33b-a42c-40f2-8ff1-c85895048de4.jpg/250x188.webp,2026-09-29T07:38:33.444108,4.98,1
571c60e3-fc07-4654-9eb8-d545aa0c11fe,https://www.autoscout24.de/angebote/571c60e3-fc07-4654-9eb8-d545aa0c11fe,de,Volkswagen,tiguan,,Volkswagen TiguanR-Line 1.5 eTSI DSG MATRIX,38634,,True,2026,09-2026,20,,new,petrol,110,149,1498,Euro 6,143,6.6,automatic,,,SUV/Geländewagen/Pickup,5,5,Silber,,,,,dealer,Autohaus Küver GmbH,DE-27628 Hagen,DE,2,https://prod.pictures.autoscout24.net/listing-images/571c60e3-fc07-4654-9eb8-d545aa0c11fe_c497979c-1a7a-4ff1-bf7e-dfdd04dcb141.jpg/250x188.webp,2026-09-29T07:38:33.444114,1931.7,0
7a104418-44b9-4837-a40b-21a0795575fb,https://www.autoscout24.de/angebote/7a104418-44b9-4837-a40b-21a0795575fb,de,Skoda,scala,,Skoda Scala1.5 TSI DSG Monte Carlo LED Navi Panorama,23990,,True,2022,03-2022,38419,,used,petrol,110,149,1498,Euro 6d-TEMP,0,6.0,automatic,,,Limousine,5,5,Schwarz,,,,,dealer,Autoland,DE-02625 Bautzen,DE,2,https://prod.pictures.autoscout24.net/listing-images/7a104418-44b9-4837-a40b-21a0795575fb_f9271f90-8287-4a15-8d7a-aa189aa30a1f.jpg/250x188.webp,2026-09-29T07:38:33.444121,0.62,4
d2cacc11-1b4f-46bf-97a2-98d2f0690663,https://www.autoscout24.de/angebote/d2cacc11-1b4f-46bf-97a2-98d2f0690663,de,Audi,q3,,Audi Q340 TDI quattro S tronic S line ACC,22990,,True,2020,07-2020,138000,,used,diesel,140,190,1968,Euro 6d-TEMP,184,6.0,automatic,,AWD,SUV/Geländewagen/Pickup,4,5,Schwarz,,,,,dealer,Autohaus Wenden GmbH,DE-38110 Braunschweig,DE,2,https://prod.pictures.autoscout24.net/listing-images/d2cacc11-1b4f-46bf-97a2-98d2f0690663_c24d20db-ccb4-4a1c-a940-a128b8540337.jpg/250x188.webp,2026-09-29T07:38:33.444128,0.17,6
ece22bcc-eaae-4819-8353-b31fe31dbe66,https://www.autoscout24.de/angebote/ece22bcc-eaae-4819-8353-b31fe31dbe66,de,BMW,x1,,BMW X120xd ACC AHK DAB 2ZK adpt.LED IQ PDC SHZ,33790,,True,2025,06-2025,18700,,used,diesel,120,163,1995,Euro 6e,,6.0,automatic,,AWD,SUV/Geländewagen/Pickup,4,5,Schwarz,,,,,dealer,Autohaus Straußberger,DE-90574 Roßtal,DE,2,https://prod.pictures.autoscout24.net/listing-images/ece22bcc-eaae-4819-8353-b31fe31dbe66_f8d04982-5f0e-4162-81c4-089cfb87b2b7.jpg/250x188.webp,2026-09-29T07:38:33.444136,1.81,1
29be6357-5482-40c8-a3f2-e24a26f0a859,https://www.autoscout24.de/angebote/29be6357-5482-40c8-a3f2-e24a26f0a859,de,Opel,mokka,,Opel MokkaGS 1.2 DI Turbo Aut. LED ACC Navi,16890,,True,2023,10-2023,22014,,used,petrol,96,130,1199,Euro 6,0,6.0,automatic,,,SUV/Geländewagen/Pickup,5,5,Blau,,,,,dealer,Autoland,DE-01069 Dresden,DE,2,https://prod.pictures.autoscout24.net/listing-images/29be6357-5482-40c8-a3f2-e24a26f0a859_a7e95090-adc7-47a9-8ea0-7c294a0c1605.jpg/250x188.webp,2026-09-29T07:38:33.444144,0.77,3
585bfce2-0505-400f-81ac-d743f9254837,https://www.autoscout24.de/angebote/585bfce2-0505-400f-81ac-d743f9254837,de,Mercedes-Benz,e 220,,"Mercedes-Benz E 220d AMG PANO+NIGHT+19""+LED+KAMERA+CARPLAY",47950,,True,2025,10-2025,27400,,used,diesel,145,197,1993,Euro 6,126,4.7,automatic,,Heck,Limousine,4,5,Weiß,,,,,dealer,S&G Automobil AG,DE-75179 Pforzheim,DE,2,https://prod.pictures.autoscout24.net/listing-images/585bfce2-0505-400f-81ac-d743f9254837_47415aa3-e6f6-4358-a78c-bbda38f50214.jpg/250x188.webp,2026-09-29T07:38:33.444151,1.75,1
5ab36b33-411a-4a45-ac78-7815ec63c496,https://www.autoscout24.de/angebote/5ab36b33-411a-4a45-ac78-7815ec63c496,de,Audi,q3,,Audi Q3TFSI quattro AHK,28950,,True,2023,08-2023,26400,,used,petrol,102,140,1984,Euro 6d,152,6.7,automatic,,AWD,SUV/Geländewagen/Pickup,4,5,Schwarz,,,,,dealer,Automarkt Immelborn GmbH,DE-36456 Barchfeld Immelborn,DE,3,https://prod.pictures.autoscout24.net/listing-images/5ab36b33-411a-4a45-ac78-7815ec63c496_55e807ae-b4dd-4f80-8177-1230925dbc8a.jpg/250x188.webp,2026-09-29T07:38:33.444158,1.1,3
524231db-41a7-4efe-b132-c56e38357b70,https://www.autoscout24.de/angebote/524231db-41a7-4efe-b132-c56e38357b70,de,Mercedes-Benz,c 200,,"Mercedes-Benz C 200d Avantgarde, Ambiente, LED, Schiebedach!",19990,,True,2020,09-2020,152769,,used,diesel,86,118,1598,Euro 6d,,6.0,automatic,,Heck,Limousine,4,5,Schwarz,,,,,dealer,Autohaus GEFFKEN GmbH,DE-28865 Lilienthal bei Bremen,DE,3,https://prod.pictures.autoscout24.net/listing-images/524231db-41a7-4efe-b132-c56e38357b70_82f0151c-8743-4222-8eed-99586129ce44.jpg/250x188.webp,2026-09-29T07:38:33.444166,0.13,6
9a40e8b6-58ce-4509-a018-5dcbf8142024,https://www.autoscout24.de/angebote/9a40e8b6-58ce-4509-a018-5dcbf8142024,de,Volvo,xc60,,Volvo XC60B5 B AWD RDESIGN PANO+B&W+HUD+360+MEMORY+,31870,,True,2021,09-2021,86878,,used,petrol,184,250,1969,Euro 6,179,7.9,automatic,,AWD,SUV/Geländewagen/Pickup,5,5,Schwarz,,,,,dealer,Autohaus Winterfell,DE-12351 Berlin,DE,2,https://prod.pictures.autoscout24.net/listing-images/9a40e8b6-58ce-4509-a018-5dcbf8142024_54361256-f99e-4e35-b313-f777ea799954.jpg/250x188.webp,2026-09-29T07:38:33.444173,0.37,5
2e97e13b-4784-488b-aaf0-64655e226bb5,https://www.autoscout24.de/angebote/2e97e13b-4784-488b-aaf0-64655e226bb5,de,Volkswagen,polo,,Volkswagen PoloPolo VI 1.0 TSI Life,16990,,True,2023,06-2023,17300,,used,petrol,70,95,999,Euro 6,125,6.0,automatic,,Frontantrieb,Limousine,5,5,Weiß,,,,,dealer,AUTOHELBIG GmbH,DE-97499 Donnersdorf,DE,3,https://prod.pictures.autoscout24.net/listing-images/2e97e13b-4784-488b-aaf0-64655e226bb5_5f6d9418-b4d9-4547-8d97-681afdb56e4c.jpg/250x188.webp,2026-09-29T07:38:33.444180,0.98,3
47371cf6-886f-4aab-b195-4b82102a6b3b,https://www.autoscout24.de/angebote/47371cf6-886f-4aab-b195-4b82102a6b3b,de,Skoda,enyaq,,Skoda EnyaqiV 50 LED KLIMAA. SHZ SPURH VICO,22980,,True,2023,02-2023,60092,,used,electric,80,109,,Euro 6,0,6.0,automatic,,,SUV/Geländewagen/Pickup,5,5,Schwarz,,,,,dealer,Autohaus Adelbert Moll GmbH & Co. KG,DE-40549 Düsseldorf,DE,2,https://prod.pictures.autoscout24.net/listing-images/47371cf6-886f-4aab-b195-4b82102a6b3b_1e32bd0c-b53a-4ba2-b683-84e862fb472d.jpg/250x188.webp,2026-09-29T07:38:33.444186,0.38,3
1c0c73cd-fab3-444f-80d3-ceb2623bda0f,https://www.autoscout24.de/angebote/1c0c73cd-fab3-444f-80d3-ceb2623bda0f,de,Volkswagen,golf gte,,"Volkswagen Golf GTEVIII GTE 1.4 eHybrid DSG / CarPlay, LED+",18980,,True,2021,02-2021,71500,,used,hybrid,180,244,1395,Euro 6d,,6.0,automatic,,Frontantrieb,Limousine,5,5,Weiß,,,,,dealer,Spindler GmbH & Co. KG,DE-97076 Würzburg,DE,2,https://prod.pictures.autoscout24.net/listing-images/1c0c73cd-fab3-444f-80d3-ceb2623bda0f_5b9b73f4-2cdb-4e08-8e3a-4276f39623d0.jpg/250x188.webp,2026-09-29T07:38:33.444193,0.27,5
9e295469-ace8-4ae4-913a-f952584a8b1a,https://www.autoscout24.de/angebote/9e295469-ace8-4ae4-913a-f952584a8b1a,de,Seat,leon,,SEAT LeonST 2.0 TDI DSG STYLE +BEATS +LED +TEMPO +NAVI +LM,16990,,True,2023,08-2023,92569,,used,diesel,110,149,1968,Euro 6d,121,4.6,automatic,,Frontantrieb,Kombi,4,5,Schwarz,,,,,dealer,Autohaus Timmer GmbH,DE-49716 Meppen,DE,2,https://prod.pictures.autoscout24.net/listing-images/9e295469-ace8-4ae4-913a-f952584a8b1a_f740f21e-6881-4f80-9ef8-87a5cdcb74d0.jpg/250x188.webp,2026-09-29T07:38:33.444200,0.18,3
f62ba081-82b4-43bf-a6ba-9429966658f8,https://www.autoscout24.de/angebote/f62ba081-82b4-43bf-a6ba-9429966658f8,de,Citroen,c4,,Citroen C4Lim. 1.2T PLUS EAT-8 NAVI,14990,,True,2024,08-2024,28250,,used,petrol,96,130,1199,Euro 6d,,6.0,automatic,,Frontantrieb,Limousine,4,5,Grau,,,,,dealer,Autohaus Thiede GmbH,DE-38364 Schöningen,DE,3,https://prod.pictures.autoscout24.net/listing-images/f62ba081-82b4-43bf-a6ba-9429966658f8_2e26a9c2-ec28-4da7-b823-125f2892b4db.jpg/250x188.webp,2026-09-29T07:38:33.444207,0.53,2
0a060021-7347-4d15-9e1c-0fa16b508b12,https://www.autoscout24.de/angebote/0a060021-7347-4d15-9e1c-0fa16b508b12,de,Mazda,3,,Mazda 32.5L e-SKYACTIV G 140ps 6AT HOMURA PLUS / MODELL 2027,27900,,True,2026,09-2026,10,,new,petrol,102,140,2488,Euro 6e,141,6.2,automatic,,Frontantrieb,Limousine,5,5,Grau,,,,,dealer,Autohaus Koschnick GmbH,DE-13088 Berlin,DE,2,https://prod.pictures.autoscout24.net/listing-images/0a060021-7347-4d15-9e1c-0fa16b508b12_e44c7bf5-edec-412c-9af9-8330abb66d07.jpg/250x188.webp,2026-09-29T07:38:33.444213,2790.0,0
58d65bd9-624c-498c-ad1c-e24edb39fcad,https://www.autoscout24.de/angebote/58d65bd9-624c-498c-ad1c-e24edb39fcad,de,Volvo,xc40,,Volvo XC40T5 Recharge R-Design *ACC*BLIS*Leder*SH*HK*e-Sitze,28890,,True,2021,01-2021,84000,,used,hybrid,141,192,1477,Euro 6d,50,2.2,automatic,,Frontantrieb,SUV/Geländewagen/Pickup,5,5,Schwarz,,,,,dealer,Martin Weber Automobile GmbH,DE-14165 Berlin,DE,2,https://prod.pictures.autoscout24.net/listing-images/58d65bd9-624c-498c-ad1c-e24edb39fcad_d20b9bc5-9d3d-4634-b44e-f10efb1a359b.jpg/250x188.webp,2026-09-29T07:38:33.444220,0.34,5
c8be1e23-a3d8-4aa6-b9c0-82959724ff2e,https://www.autoscout24.de/angebote/c8be1e23-a3d8-4aa6-b9c0-82959724ff2e,de,Mercedes-Benz,c 220,,Mercedes-Benz C 220d 9G-Tronic Distronic,24990,,True,2022,01-2022,140000,,used,diesel,147,199,1993,Euro 6d,135,5.2,automatic,,,Limousine,4,5,Silber,,,,,dealer,Autohaus Wenden GmbH,DE-38110 Braunschweig,DE,2,https://prod.pictures.autoscout24.net/listing-images/c8be1e23-a3d8-4aa6-b9c0-82959724ff2e_fa2f4b44-b320-45cb-b8cd-598175632b20.jpg/250x188.webp,2026-09-29T07:38:33.444226,0.18,4
9ceab664-928f-4c5e-b4e3-35059b83d4e2,https://www.autoscout24.de/angebote/9ceab664-928f-4c5e-b4e3-35059b83d4e2,de,Audi,q4 e-tron,,"Audi Q4 e-tronSportback 50 qu 2x S line AHK Pano 21""",39880,,True,2023,09-2023,51150,,used,electric,220,299,,Euro 6d,0,17.8,automatic,,AWD,Coupé,5,5,Grau,,,,,dealer,,DE-91301 Forchheim,DE,1,https://prod.pictures.autoscout24.net/listing-images/9ceab664-928f-4c5e-b4e3-35059b83d4e2_64fa7f09-630e-4bc6-95cc-8bdade495633.jpg/250x188.webp,2026-09-29T07:38:33.444233,0.78,3
