id,listing_url,country,make,model,variant,full_name,price_eur,price_original_eur,vat_deductible,year,first_registration,mileage_km,previous_owners,condition,fuel_type,power_kw,power_hp,engine_cc,emission_class,co2_emissions,consumption_combined,transmission,gears,drivetrain,body_type,doors,seats,color_exterior,color_interior,features,safety_features,comfort_features,seller_type,seller_name,seller_location,seller_country,image_count,thumbnail,scraped_at,price_per_km,age_years
a2cae613-2ad2-4ea6-b788-d0dbc2fd3f4e,https://www.autoscout24.it/annunci/a2cae613-2ad2-4ea6-b788-d0dbc2fd3f4e,it,Porsche,macan,,Porsche MacanS Tetto Panoramico Unicoproprietario,34900,,False,2018,12-2018,67000,1,used,petrol,183,250,2997,,207,,automatic,,AWD,SUV/Fuoristrada/Pick-up,5,5,Marrone,,,,,dealer,MS Automobili Srl,IT-10143 Torino - To,IT,2,https://prod.pictures.autoscout24.net/listing-images/a2cae613-2ad2-4ea6-b788-d0dbc2fd3f4e_3aa0edd6-716b-4e39-8eee-8f5acf809b51.jpg/250x188.webp,2026-10-10T08:07:51.458454,0.52,8
cc920a74-3a20-4d94-844a-499171d1309a,https://www.autoscout24.it/annunci/cc920a74-3a20-4d94-844a-499171d1309a,it,Audi,rs6,,"Audi RS6Avant 4.0 - Carboceramica, full opts - IVA esposta",82000,,False,2021,01-2021,59999,,used,hybrid,441,599,3996,,,,automatic,,AWD,Station wagon,5,5,Tipo di verniceAltro,,,,,dealer,SavioAuto Srl,IT-25104 Castenedolo - Brescia -BS,IT,2,https://prod.pictures.autoscout24.net/listing-images/cc920a74-3a20-4d94-844a-499171d1309a_ef106760-881e-420d-86b5-44f20937d822.jpg/250x188.webp,2026-10-10T08:07:51.458493,1.37,5
a9ef09ab-b35c-4e71-b1fa-4598abd3f157,https://www.autoscout24.it/annunci/a9ef09ab-b35c-4e71-b1fa-4598abd3f157,it,Audi,rs6,,Audi RS64.0 quattro tiptronic 600 cv,87890,,False,2023,11-2023,28541,,used,hybrid,441,600,3996,,278,,automatic,,AWD,Station wagon,5,5,Nero,,,,,dealer,Autostile  spa,IT-42019 Scandiano -  Reggio Emilia,IT,2,https://prod.pictures.autoscout24.net/listing-images/a9ef09ab-b35c-4e71-b1fa-4598abd3f157_5b8394a2-ca41-460c-9097-70a2a194dc28.jpg/250x188.webp,2026-10-10T08:07:51.458511,3.08,3
14f786b2-cb39-4625-a11e-a6d5d126b0fa,https://www.autoscout24.it/annunci/14f786b2-cb39-4625-a11e-a6d5d126b0fa,it,Audi,a3,,Audi A3A3 2021 Sedan 35 1.5 tfsi mhev S line edition,24850,,False,2021,02-2021,67000,,used,hybrid,110,149,1498,,,,automatic,,€ 0,Berlina,4,5,Tipo di verniceAltro,,,,,dealer,,IT-55045 Pietrasanta - Lucca- LU,IT,1,https://prod.pictures.autoscout24.net/listing-images/14f786b2-cb39-4625-a11e-a6d5d126b0fa_aa9b6e03-da26-4472-a53c-715a84bd8ce0.jpg/250x188.webp,2026-10-10T08:07:51.458525,0.37,5
7a94e1b5-f4b5-42b8-8ef4-5f0a2ae097c3,https://www.autoscout24.it/annunci/7a94e1b5-f4b5-42b8-8ef4-5f0a2ae097c3,it,Land Rover,range rover,,Land Rover Range RoverRange Rover 5.0 Supercharged SV,78000,,False,2020,10-2020,59460,1,used,petrol,305,415,4999,,100,,automatic,,AWD,SUV/Fuoristrada/Pick-up,5,5,Nero,,,,,dealer,Soluzione Spa Jaguar Land Rover,IT-28100 Novara  - NO,IT,3,https://prod.pictures.autoscout24.net/listing-images/7a94e1b5-f4b5-42b8-8ef4-5f0a2ae097c3_93926d89-e714-4f0f-91fb-319a4742c2a8.jpg/250x188.webp,2026-10-10T08:07:51.458537,1.31,6
5d1f92ac-cf49-434b-a8b6-34f1ef7b48a4,https://www.autoscout24.it/annunci/5d1f92ac-cf49-434b-a8b6-34f1ef7b48a4,it,Porsche,taycan,,Porsche taycan,91620,,False,2025,08-2025,23559,1,used,electric,119,163,,,0,,automatic,,AWD,Berlina,5,5,Nero,,,,,dealer,Essemme Automobili Srl,IT-10148 Torino - TO,IT,2,https://prod.pictures.autoscout24.net/listing-images/5d1f92ac-cf49-434b-a8b6-34f1ef7b48a4_c7241010-eba2-496b-af1f-3ffd0518dced.jpg/250x188.webp,2026-10-10T08:07:51.458554,3.89,1
925d1d3c-56cd-4c82-8b6e-8fa8599d2d28,https://www.autoscout24.it/annunci/925d1d3c-56cd-4c82-8b6e-8fa8599d2d28,it,Volkswagen,t-roc,,Volkswagen T-RocT-Roc I 2017 1.5 tsi Advanced dsg,14600,,False,2019,06-2019,76324,,used,petrol,110,149,1498,,,,semiautomatico,,€ 0,SUV/Fuoristrada/Pick-up,5,5,Bianco,,,,,dealer,Chioda Srl,IT-20066 Melzo - Milano - Mi,IT,2,https://prod.pictures.autoscout24.net/listing-images/925d1d3c-56cd-4c82-8b6e-8fa8599d2d28_70c79bb2-b5e4-4768-ad5a-a5ad8d1105ed.jpg/250x188.webp,2026-10-10T08:07:51.458562,0.19,7
68544e82-ee23-4657-964b-6435e3098bea,https://www.autoscout24.it/annunci/68544e82-ee23-4657-964b-6435e3098bea,it,Mercedes-Benz,cle 53 amg,,Mercedes-Benz CLE 53 AMGCLE 53 AMG Coupé 4Matic+ Premium,80000,,False,2025,05-2025,28500,1,used,hybrid,330,448,2999,,,,automatic,,AWD,Altro,2,4,Nero,,,,,dealer,Autocomevorrei srl,IT-46019 Viadana - Mantova - MN,IT,2,https://prod.pictures.autoscout24.net/listing-images/68544e82-ee23-4657-964b-6435e3098bea_379cd150-929b-4181-95d0-28cc7d169f05.jpg/250x188.webp,2026-10-10T08:07:51.459368,2.81,1
5d304470-6a1e-4340-9abb-75a22d9ea037,https://www.autoscout24.it/annunci/5d304470-6a1e-4340-9abb-75a22d9ea037,it,Cupra,formentor,,CUPRA FormentorFormentor 2020 2.0 tdi 4drive 150cv,22999,,False,2023,03-2023,40000,1,used,diesel,110,150,1968,,,,automatic,,AWD,SUV/Fuoristrada/Pick-up,5,5,Bianco,,,,,dealer,Cambio Auto FG,IT-20094 Corsico,IT,2,https://prod.pictures.autoscout24.net/listing-images/5d304470-6a1e-4340-9abb-75a22d9ea037_ad4fca0f-9b66-47ee-a77a-4394650ee34f.jpg/250x188.webp,2026-10-10T08:07:51.459378,0.57,3
75f0105a-b3c2-4980-8dcd-0ea3d6912f30,https://www.autoscout24.it/annunci/75f0105a-b3c2-4980-8dcd-0ea3d6912f30,it,Jeep,avenger,,Jeep Avengere-hybrid mhev SUMMIT-TETTO-LED-CAMERA-P.CONSEGNA,19890,,False,2024,08-2024,13000,1,used,hybrid,74,100,1199,,,,automatic,,FWD,SUV/Fuoristrada/Pick-up,5,5,Nero,,,,,dealer,Mekkano Srl,IT-00169 Roma - RM,IT,2,https://prod.pictures.autoscout24.net/listing-images/75f0105a-b3c2-4980-8dcd-0ea3d6912f30_7ef02234-9831-4615-bc3c-ddf4edf4e250.jpg/250x188.webp,2026-10-10T08:07:51.459387,1.53,2
b79b6fcf-92a1-418c-b276-bab00274fb3d,https://www.autoscout24.it/annunci/b79b6fcf-92a1-418c-b276-bab00274fb3d,it,Audi,rs3,,Audi RS3RS3 ABT-S COME NUOVA,54900,,False,2023,12-2023,19950,,used,petrol,294,399,2480,,,,automatic,,AWD,Berlina,5,5,Grigio,,,,,dealer,BDrive srl,IT-47893 Borgo Maggiore - San Marino - Rsm,IT,2,https://prod.pictures.autoscout24.net/listing-images/b79b6fcf-92a1-418c-b276-bab00274fb3d_b5656db1-9325-4e72-94a9-17d8fd978196.jpg/250x188.webp,2026-10-10T08:07:51.459396,2.75,3
23dd475c-06b1-4cdf-abbd-bfddd7819741,https://www.autoscout24.it/annunci/23dd475c-06b1-4cdf-abbd-bfddd7819741,it,Porsche,macan,,Porsche Macan2.0 TETTO 245cv pdk,35900,,False,2020,11-2020,155000,,used,petrol,180,245,1984,,,,automatic,,FWD,SUV/Fuoristrada/Pick-up,5,5,Nero,,,,,dealer,La Barca Automobili srl,IT-10036 Settimo Torinese - Torino - TO,IT,2,https://prod.pictures.autoscout24.net/listing-images/23dd475c-06b1-4cdf-abbd-bfddd7819741_067c57b8-4cb4-475d-95db-dbd8d90ffac8.jpg/250x188.webp,2026-10-10T08:07:51.459404,0.23,6
244e4f85-1310-4362-8347-79597f734a9a,https://www.autoscout24.it/annunci/244e4f85-1310-4362-8347-79597f734a9a,it,Porsche,718,,PORSCHE 718 Cayman 2.0 300cv PDK - SERVICE BOOK - CAR PLAY,54900,,False,2018,06-2018,64820,,used,petrol,220,300,1988,,,,automatic,,RWD,Coupé,2,2,Grigio,,,,,dealer,C.M. Garage srl,IT-20070 Vizzolo Predabissi  - MI,IT,2,https://prod.pictures.autoscout24.net/listing-images/244e4f85-1310-4362-8347-79597f734a9a_cc15b7e7-036a-4f5f-901e-02dee4aee524.jpg/250x188.webp,2026-10-10T08:07:51.459413,0.85,8
40a30dce-e7d2-4d20-8aa6-703038d0160a,https://www.autoscout24.it/annunci/40a30dce-e7d2-4d20-8aa6-703038d0160a,it,Audi,rs q8,,Audi RS Q8RSQ8 TFSI V8 QUATTRO TIPTRONIC TETTO PANORAMICO FU,52500,,False,2021,08-2021,189123,1,used,hybrid,441,599,4000,,304,,automatic,,AWD,SUV/Fuoristrada/Pick-up,5,5,Nero,,,,,dealer,,IT-50142 Firenze,IT,1,https://prod.pictures.autoscout24.net/listing-images/40a30dce-e7d2-4d20-8aa6-703038d0160a_888678d6-f9b7-4d8e-b489-714f43b05464.jpg/250x188.webp,2026-10-10T08:07:51.459421,0.28,5
f38b4e69-173e-4919-b90d-18966616e68a,https://www.autoscout24.it/annunci/f38b4e69-173e-4919-b90d-18966616e68a,it,Audi,s3,,Audi S3A3 IV 2020 Sportback Sportback 2.0 tfsi quattro,26500,,False,2021,03-2021,150000,,used,petrol,228,310,1984,,,,automatic,,AWD,Berlina,5,5,Blu/Azzurro,,,,,dealer,VM Car srls,IT-40010 Sala Bolognese - Bologna - BO,IT,2,https://prod.pictures.autoscout24.net/listing-images/f38b4e69-173e-4919-b90d-18966616e68a_89f79bd9-50a2-4441-bf1d-845798192446.jpg/250x188.webp,2026-10-10T08:07:51.459429,0.18,5
d6ab43d3-0d01-40a6-bc0a-5ab88152081d,https://www.autoscout24.it/annunci/d6ab43d3-0d01-40a6-bc0a-5ab88152081d,it,BMW,m2,,BMW M2Coupe 3.0 Competition 410cv dkg,48900,,False,2019,01-2019,63000,,used,petrol,301,410,2979,,,,semiautomatico,,RWD,Coupé,2,4,,,,,,dealer,Jn Automobili Srl,IT-38121 Trento - TN,IT,2,https://prod.pictures.autoscout24.net/listing-images/d6ab43d3-0d01-40a6-bc0a-5ab88152081d_cdc0549d-0833-4aca-ae04-edf7f8fa15fe.jpg/250x188.webp,2026-10-10T08:07:51.459437,0.78,7
fa29d0ab-5672-4902-a87b-b1de94563d80,https://www.autoscout24.it/annunci/fa29d0ab-5672-4902-a87b-b1de94563d80,it,Audi,tt,,Audi TTCoupé 45 TFSI quattro S tronic UNIPRO SERVICE,37900,,False,2021,06-2021,47300,1,used,petrol,180,244,1984,,160,,automatic,,AWD,Coupé,3,4,Nero,,,,,dealer,Automatica Garage S.r.l.,IT-25010 San Zeno Naviglio BS,IT,2,https://prod.pictures.autoscout24.net/listing-images/fa29d0ab-5672-4902-a87b-b1de94563d80_ac04c0b6-8566-4bfe-97cb-ae041cc98391.jpg/250x188.webp,2026-10-10T08:07:51.459445,0.8,5
a2cdcba1-ad7f-420e-ae6b-ff1c518ca8ea,https://www.autoscout24.it/annunci/a2cdcba1-ad7f-420e-ae6b-ff1c518ca8ea,it,Jeep,grand cherokee,,Jeep Grand CherokeeGrand Cherokee 3.0 V6 CRD 250 CV,27900,,False,2018,08-2018,11737,1,used,diesel,183,250,2987,,184,,automatic,,AWD,Station wagon,5,5,Grigio,,,,,dealer,,IT-50142 Firenze,IT,1,https://prod.pictures.autoscout24.net/listing-images/a2cdcba1-ad7f-420e-ae6b-ff1c518ca8ea_9b76a9f3-110f-4e2d-be52-7aa9c02354fb.jpg/250x188.webp,2026-10-10T08:07:51.459453,2.38,8
0f3c85cb-3a7a-4503-8642-30e1aa1aefba,https://www.autoscout24.it/annunci/0f3c85cb-3a7a-4503-8642-30e1aa1aefba,it,Mercedes-Benz,cle 53 amg,,Mercedes-Benz CLE 53 AMGCLE 53 AMG Coupé 4Matic Premium Plus,82000,,False,2024,08-2024,27200,,used,hybrid,330,448,2999,,207,,automatic,,AWD,Coupé,3,4,Grigio,,,,,dealer,Di Maiola Cars,IT-80014 Giugliano in Campania - Napoli - NA,IT,2,https://prod.pictures.autoscout24.net/listing-images/0f3c85cb-3a7a-4503-8642-30e1aa1aefba_e572b7e7-55aa-4957-96b2-01c374ae0759.jpg/250x188.webp,2026-10-10T08:07:51.459461,3.01,2
1f62cdb0-f18e-44a9-8843-8387bef12183,https://www.autoscout24.it/annunci/1f62cdb0-f18e-44a9-8843-8387bef12183,it,Audi,q5,,Audi Q540 TDI Sportback SPB Quattro S-Tronic S-Line Plus -,39750,,False,2023,06-2023,67000,1,used,diesel,150,204,1968,,167,,automatic,,AWD,SUV/Fuoristrada/Pick-up,5,5,Grigio,,,,,dealer,Mazza Group Service Srl,IT-40013 Castel Maggiore - Bologna - Bo,IT,2,https://prod.pictures.autoscout24.net/listing-images/1f62cdb0-f18e-44a9-8843-8387bef12183_bde2a817-b5df-47b8-8d68-96551f226aa6.jpg/250x188.webp,2026-10-10T08:07:51.459469,0.59,3
affa8d78-3fd6-4039-92c9-6d217b1f7573,https://www.autoscout24.it/annunci/affa8d78-3fd6-4039-92c9-6d217b1f7573,it,Audi,q2,,Audi Q235 TFSI S tronic S LINE EDITION,26990,,False,2024,05-2024,19092,,used,petrol,110,149,1498,,116,,automatic,,FWD,SUV/Fuoristrada/Pick-up,5,5,Grigio,,,,,dealer,Elicars & Cars Srl,IT-10148 Torino - To,IT,2,https://prod.pictures.autoscout24.net/listing-images/affa8d78-3fd6-4039-92c9-6d217b1f7573_c6e51b79-85dd-4dea-b006-75c70ee60890.jpg/250x188.webp,2026-10-10T08:07:51.459476,1.41,2
e38c5832-46f9-4cc8-b16d-720d715042eb,https://www.autoscout24.it/annunci/e38c5832-46f9-4cc8-b16d-720d715042eb,it,Alfa Romeo,stelvio,,Alfa Romeo StelvioVeloce Q4 2.2 210cv + Baule elettrico,35899,,False,2024,03-2024,32275,,used,diesel,154,210,2143,,1,,automatic,,AWD,SUV/Fuoristrada/Pick-up,5,5,Grigio,,,,,dealer,Autoviemme Olgiate S.r.l.,IT-22077 Olgiate Comasco - Como -  Co,IT,2,https://prod.pictures.autoscout24.net/listing-images/e38c5832-46f9-4cc8-b16d-720d715042eb_5de003ae-5b45-455c-ad13-3f5c12b61bdd.jpg/250x188.webp,2026-10-10T08:07:51.459484,1.11,2
e472051f-40a5-492e-95f5-e74a4c9c2667,https://www.autoscout24.it/annunci/e472051f-40a5-492e-95f5-e74a4c9c2667,it,Hyundai,tucson,,Hyundai TUCSON1.6 T-GDIX-TECH 150 CV,23750,,False,,new,10000,,used,petrol,110,150,1598,,,,manual,,FWD,SUV/Fuoristrada/Pick-up,5,5,Vari colori,,,,,dealer,Garage 33 srls,IT-20855 Lesmo - Monza e Brianza - MB,IT,1,https://prod.pictures.autoscout24.net/listing-images/e472051f-40a5-492e-95f5-e74a4c9c2667_3961306b-f00b-4092-80ac-21e96c6d4080.jpg/250x188.webp,2026-10-10T08:07:51.459507,2.38,
01ccd644-6fa1-45b0-bc06-8b5ba4842e02,https://www.autoscout24.it/annunci/01ccd644-6fa1-45b0-bc06-8b5ba4842e02,it,Cupra,formentor,,CUPRA Formentor1.4 e-Hybrid DSG - PREZZO REALE,24600,,False,2024,06-2024,23560,1,used,hybrid,110,149,1395,,24,,automatic,,FWD,SUV/Fuoristrada/Pick-up,5,5,Grigio,,,,,dealer,X Car Snc,IT-10148 Torino - To,IT,2,https://prod.pictures.autoscout24.net/listing-images/01ccd644-6fa1-45b0-bc06-8b5ba4842e02_ca48c6df-b907-41ec-9e83-72ab889dfb9f.jpg/250x188.webp,2026-10-10T08:07:51.459515,1.04,2
9e875d60-21f9-401e-a40d-74c747d2581f,https://www.autoscout24.it/annunci/9e875d60-21f9-401e-a40d-74c747d2581f,it,Jeep,compass,,"Jeep CompassS 1.5 turbo t4 mhev 2wd 130cv -CAMERA-LED-19""",17890,,False,2023,12-2023,34000,1,used,hybrid,95,130,1469,,,,automatic,,Keine Angabe,SUV/Fuoristrada/Pick-up,5,5,Nero,,,,,dealer,Mekkano Srl,IT-00169 Roma - RM,IT,2,https://prod.pictures.autoscout24.net/listing-images/9e875d60-21f9-401e-a40d-74c747d2581f_84d7e142-80bf-4d8b-864c-290181c69bb3.jpg/250x188.webp,2026-10-10T08:07:51.459530,0.53,3
d55035df-2f9d-4459-9383-ea22306dd3c9,https://www.autoscout24.it/annunci/d55035df-2f9d-4459-9383-ea22306dd3c9,it,Mercedes-Benz,cle 53 amg,,Mercedes-Benz CLE 53 AMGCoupè Premium Plus 4Matic UNICO,83499,,False,2025,02-2025,30000,1,used,hybrid,330,448,2999,,,,automatic,,AWD,Coupé,2,4,Grigio,,,,,dealer,Unica Motori srl,IT-80038 Pomigliano d'Arco - Napoli - NA,IT,2,https://prod.pictures.autoscout24.net/listing-images/d55035df-2f9d-4459-9383-ea22306dd3c9_f42c5411-2163-4434-8c92-6ac2042a49e8.jpg/250x188.webp,2026-10-10T08:07:51.459538,2.78,1
cd48f616-d353-44db-a26f-66d3cf19f9c3,https://www.autoscout24.it/annunci/cd48f616-d353-44db-a26f-66d3cf19f9c3,it,Jaecoo,j8,,Jaecoo J8Jaecoo 8 SHS-P 1.5 tgdi phev Exclusive awd auto da,43900,,False,,new,10000,,used,hybrid,105,142,1499,,47,,automatic,,AWD,SUV/Fuoristrada/Pick-up,5,7,Bianco,,,,,dealer,Autoservice srls,IT-10142 Torino,IT,2,https://prod.pictures.autoscout24.net/listing-images/cd48f616-d353-44db-a26f-66d3cf19f9c3_bcfe404b-e141-4c4a-b20a-a50929c1f82a.jpg/250x188.webp,2026-10-10T08:07:51.459546,4.39,
94d65dd6-500e-480e-8a23-f0cf2bbd3d0e,https://www.autoscout24.it/annunci/94d65dd6-500e-480e-8a23-f0cf2bbd3d0e,it,BMW,118,,BMW 118Serie 1 F70 118d MSport auto,29900,,False,2025,04-2025,39000,,used,diesel,110,149,1995,,,,automatic,,FWD,Berlina,5,5,Grigio,,,,,dealer,La Barca Automobili srl,IT-10036 Settimo Torinese - Torino - TO,IT,2,https://prod.pictures.autoscout24.net/listing-images/94d65dd6-500e-480e-8a23-f0cf2bbd3d0e_feefaccf-8db0-4e67-9a9c-e43d60884f8a.jpg/250x188.webp,2026-10-10T08:07:51.459554,0.77,1
d370a6c3-5c0a-4537-98b9-06b64e91b5ea,https://www.autoscout24.it/annunci/d370a6c3-5c0a-4537-98b9-06b64e91b5ea,it,Audi,a3,,Audi A3Sportback 35 2.0 tdi S line Edition s-tronic,21900,,False,2023,01-2023,69000,,used,diesel,110,149,1968,,118,,semiautomatico,,FWD,Berlina,5,5,,,,,,dealer,Dream Cars di Enrico Gasparato,IT-35010 Campo San Martino - Padova - PD,IT,1,https://prod.pictures.autoscout24.net/listing-images/d370a6c3-5c0a-4537-98b9-06b64e91b5ea_89ba7fee-58df-42f5-98f6-4b8ec61f6e7f.jpg/250x188.webp,2026-10-10T08:07:51.459561,0.32,3
7a8c6ed8-382f-406e-8c8f-1416e18f0055,https://www.autoscout24.it/annunci/7a8c6ed8-382f-406e-8c8f-1416e18f0055,it,Audi,a7,,Audi A740 TDI Sportback S-Tronic - PELLE,38750,,False,2022,12-2022,31000,1,used,diesel,110,150,1968,,141,,automatic,,FWD,Berlina,5,4,Bianco,,,,,dealer,Mazza Group Service Srl,IT-40013 Castel Maggiore - Bologna - Bo,IT,2,https://prod.pictures.autoscout24.net/listing-images/7a8c6ed8-382f-406e-8c8f-1416e18f0055_d5c55dc0-7c5f-4019-895a-a91b30a21a1d.jpg/250x188.webp,2026-10-10T08:07:51.459576,1.25,4
a3ed985d-c7c8-463c-b55a-ebc7e5f63805,https://www.autoscout24.it/annunci/a3ed985d-c7c8-463c-b55a-ebc7e5f63805,it,Omoda,7,,Omoda 7PURE 1.5 TGDi PHEV SUPER HYBRID,28900,,False,,new,10000,,used,petrol,108,146,1500,,,,automatic,,Keine Angabe,City car,,,Vari colori,,,,,dealer,Garage 33 srls,IT-20855 Lesmo - Monza e Brianza - MB,IT,1,https://prod.pictures.autoscout24.net/listing-images/a3ed985d-c7c8-463c-b55a-ebc7e5f63805_b8845dff-f3e2-423d-8e33-8c31d3947c56.jpg/250x188.webp,2026-10-10T08:07:51.459584,2.89,
df95d15d-fe81-44f3-a1d3-c165afa383ce,https://www.autoscout24.it/annunci/df95d15d-fe81-44f3-a1d3-c165afa383ce,it,BMW,118,,BMW 118i 5p. Msport,24900,,False,2024,04-2024,21500,1,used,petrol,100,136,1499,,129,,automatic,,FWD,Berlina,5,5,Grigio,,,,,dealer,Automobile Torino srl,IT-10034 Chivasso - Torino,IT,2,https://prod.pictures.autoscout24.net/listing-images/df95d15d-fe81-44f3-a1d3-c165afa383ce_753539c1-ac0b-4841-b528-264eb16b938c.jpg/250x188.webp,2026-10-10T08:07:51.459591,1.16,2
8730b6ad-21f2-47f5-81b8-b2a29bf03077,https://www.autoscout24.it/annunci/8730b6ad-21f2-47f5-81b8-b2a29bf03077,it,Mazda,3,,Mazda 33 5 PORTE 2.0 MHEV 150 CV C.MANUALE EXECUTIVE NAVI,16500,,False,2020,10-2020,49000,,used,hybrid,110,150,1998,,128,,manual,,FWD,Berlina,5,5,Blu/Azzurro,,,,,dealer,Victoria Srl,IT-25126 Brescia - BS,IT,2,https://prod.pictures.autoscout24.net/listing-images/8730b6ad-21f2-47f5-81b8-b2a29bf03077_c3807e24-f67a-4d00-acc1-f8cfdb1a78fe.jpg/250x188.webp,2026-10-10T08:07:51.459599,0.34,6
595c4ca4-e43e-4a3d-8aea-a0ffd24de17e,https://www.autoscout24.it/annunci/595c4ca4-e43e-4a3d-8aea-a0ffd24de17e,it,BMW,730,,BMW 730d xdrive Eccelsa auto,25600,,False,2018,06-2018,185581,,used,diesel,195,265,2993,,149,,automatic,,AWD,Berlina,4,5,Nero,,,,,dealer,CLD Auto Srl,IT-10147 Torino,IT,2,https://prod.pictures.autoscout24.net/listing-images/595c4ca4-e43e-4a3d-8aea-a0ffd24de17e_e2100250-eb36-4cbc-83de-92f16a1bfdc5.jpg/250x188.webp,2026-10-10T08:07:51.459606,0.14,8
a573cdc6-f104-4f3e-bae9-22757df9e6ee,https://www.autoscout24.it/annunci/a573cdc6-f104-4f3e-bae9-22757df9e6ee,it,Volkswagen,golf r,,Volkswagen Golf R2.0 tsi R 4motion 320cv dsg*FORMULA S,30900,,False,2022,06-2022,53000,2,used,petrol,235,320,1984,,176,,automatic,,AWD,Berlina,5,5,Bianco,,,,,dealer,The Seller di Maritano Matteo,IT-10093 Collegno - To,IT,2,https://prod.pictures.autoscout24.net/listing-images/a573cdc6-f104-4f3e-bae9-22757df9e6ee_978dbd7f-18fb-4159-84bf-eb9e273c370c.jpg/250x188.webp,2026-10-10T08:07:51.459614,0.58,4
3e292d8c-60f9-4ff2-8a1f-d1ad4b924166,https://www.autoscout24.it/annunci/3e292d8c-60f9-4ff2-8a1f-d1ad4b924166,it,Peugeot,208,,Peugeot 2081.2,12850,,False,2026,08-2026,7,,new,petrol,74,100,1199,,,,manual,,FWD,Berlina,5,5,Nero,,,,,dealer,Autobengasi Srl,IT-10126 Torino - TO,IT,2,https://prod.pictures.autoscout24.net/listing-images/3e292d8c-60f9-4ff2-8a1f-d1ad4b924166_69b9efe9-44cb-4a33-8017-3147cc65147e.jpg/250x188.webp,2026-10-10T08:07:51.459629,1835.71,0
76f7e09e-77c1-45cd-b0bc-04602ca9b682,https://www.autoscout24.it/annunci/76f7e09e-77c1-45cd-b0bc-04602ca9b682,it,Audi,q3,,Audi Q3Q3 35 1.5 tfsi Business Advanced,19800,,False,2019,08-2019,54000,,used,petrol,110,149,,,,,manual,,FWD,SUV/Fuoristrada/Pick-up,,,Nero,,,,,dealer,Team Beschi Auto Srl,IT-25017 Lonato del Garda  - Bs,IT,2,https://prod.pictures.autoscout24.net/listing-images/76f7e09e-77c1-45cd-b0bc-04602ca9b682_490c7a3a-82a4-4fdb-8c27-6774ec369027.jpg/250x188.webp,2026-10-10T08:07:51.459636,0.37,7
5ac32b60-8a53-43cd-8faf-28ff60932536,https://www.autoscout24.it/annunci/5ac32b60-8a53-43cd-8faf-28ff60932536,it,Volkswagen,golf gti,,Volkswagen Golf GTIVIII 8.2 Facelift 2.0 TSI OPF 265Cv,36900,,False,2025,07-2025,12100,1,used,petrol,194,265,1984,,162,,automatic,,FWD,Berlina,5,5,Nero,,,,,dealer,Auto Tscholl,IT-39100 Bolzano - Bz,IT,2,https://prod.pictures.autoscout24.net/listing-images/5ac32b60-8a53-43cd-8faf-28ff60932536_5afc17ad-37cd-4a76-92f4-62099f0b72df.jpg/250x188.webp,2026-10-10T08:07:51.459644,3.05,1
b381243f-e4ab-45fc-9642-1499cda43df7,https://www.autoscout24.it/annunci/b381243f-e4ab-45fc-9642-1499cda43df7,it,Audi,a5,,Audi A52.0 tdi mhev 204cv s-tronic NO VINCOLI,36950,,False,2025,05-2025,24000,1,used,diesel,150,204,1968,,135,,automatic,,FWD,Station wagon,5,5,Argento,,,,,dealer,Emme Motori,IT-15057 Tortona - Alessandria - Al,IT,2,https://prod.pictures.autoscout24.net/listing-images/b381243f-e4ab-45fc-9642-1499cda43df7_300fc035-0c72-4ba3-b437-23e0dac269d2.jpg/250x188.webp,2026-10-10T08:07:51.459661,1.54,1
3ff4c203-10e5-49b0-ac6d-e158dafed313,https://www.autoscout24.it/annunci/3ff4c203-10e5-49b0-ac6d-e158dafed313,it,Alfa Romeo,stelvio,,Alfa Romeo Stelvio2.2 t Business rwd 160cv auto,16790,,False,2020,11-2020,69980,,used,diesel,117,160,2143,,135,,automatic,,RWD,SUV/Fuoristrada/Pick-up,5,5,Nero,,,,,dealer,Performante Automotive Srl,IT-00148 Roma - RM,IT,2,https://prod.pictures.autoscout24.net/listing-images/3ff4c203-10e5-49b0-ac6d-e158dafed313_c75aff8e-3357-49cd-b9f9-9ecabe4c2c70.jpg/250x188.webp,2026-10-10T08:07:51.459669,0.24,6
eedd3874-ce44-40fd-93ff-508dbcd13c78,https://www.autoscout24.it/annunci/eedd3874-ce44-40fd-93ff-508dbcd13c78,it,Maserati,levante,,Maserati Levante3.0 V6 Gransport 250cv auto PANORAMICO SOFT,24500,,False,2018,05-2018,151000,1,used,diesel,183,250,2987,,189,,automatic,,AWD,SUV/Fuoristrada/Pick-up,5,5,Nero,,,,,dealer,Jp automobili,IT-31050 Vedelago,IT,2,https://prod.pictures.autoscout24.net/listing-images/eedd3874-ce44-40fd-93ff-508dbcd13c78_eab9eaa1-6587-4890-9939-27cd2bff0f63.jpg/250x188.webp,2026-10-10T08:07:51.459676,0.16,8
36ab2e8a-613b-4f02-9e84-b62b2f0755a2,https://www.autoscout24.it/annunci/36ab2e8a-613b-4f02-9e84-b62b2f0755a2,it,Porsche,panamera,,Porsche PanameraBerlina 2.9 4 e-hybrid auto 330 cv,49900,,False,2018,08-2018,164000,1,used,hybrid,242,330,2894,,121,,automatic,,AWD,Berlina,5,4,Grigio,,,,,dealer,F.S. Car Web di Frappietri Silvano,IT-74016 Massafra - Taranto,IT,2,https://prod.pictures.autoscout24.net/listing-images/36ab2e8a-613b-4f02-9e84-b62b2f0755a2_b8746a89-3088-4c1e-a220-47868ed0e20c.jpg/250x188.webp,2026-10-10T08:07:51.459684,0.3,8
e5c7853b-bc62-47cb-8f46-a70a9171e897,https://www.autoscout24.it/annunci/e5c7853b-bc62-47cb-8f46-a70a9171e897,it,Audi,a3,,Audi A330 SPB TDI S-LINE C.AUTOMATICO SEDILI SPORTIVI,23800,,False,2022,11-2022,97000,,used,diesel,85,115,1968,,127,,automatic,,FWD,Berlina,5,5,Bianco,,,,,dealer,Victoria Srl,IT-25126 Brescia - BS,IT,2,https://prod.pictures.autoscout24.net/listing-images/e5c7853b-bc62-47cb-8f46-a70a9171e897_1cebb90f-e231-4cea-bd8b-e51914734d17.jpg/250x188.webp,2026-10-10T08:07:51.459692,0.25,4
331f4c1b-a48b-4235-81ce-e90a93b6c9ad,https://www.autoscout24.it/annunci/331f4c1b-a48b-4235-81ce-e90a93b6c9ad,it,Ford,ranger raptor,,Ford Ranger Raptor3.0 ecoboost V6 7 Anni Di Garanzia O,52999,,False,2024,09-2024,29900,,used,petrol,215,292,2956,,315,,automatic,,AWD,SUV/Fuoristrada/Pick-up,4,5,,,,,,dealer,VP Cars,IT-42028 Poviglio - Reggio Emilia - RE,IT,2,https://prod.pictures.autoscout24.net/listing-images/331f4c1b-a48b-4235-81ce-e90a93b6c9ad_f6ac9148-bb57-4dd3-932c-da081e176845.jpg/250x188.webp,2026-10-10T08:07:51.459700,1.77,2
742c8f75-9942-4695-94c3-59b9b58acdda,https://www.autoscout24.it/annunci/742c8f75-9942-4695-94c3-59b9b58acdda,it,Mercedes-Benz,glc 43 amg,,Mercedes-Benz GLC 43 AMGGLC AMG 43 AMG 4matic auto,82900,,False,2025,07-2025,14000,1,used,hybrid,310,421,1991,,,,semiautomatico,,AWD,Coupé,5,5,Nero,,,,,dealer,W12 Automotive srl,IT-00156 Roma - RM,IT,2,https://prod.pictures.autoscout24.net/listing-images/742c8f75-9942-4695-94c3-59b9b58acdda_1fd91f45-85ee-4073-9343-9d7264fff688.jpg/250x188.webp,2026-10-10T08:07:51.459708,5.92,1
006c0bc0-3870-4bed-930e-a258d1a850d7,https://www.autoscout24.it/annunci/006c0bc0-3870-4bed-930e-a258d1a850d7,it,Audi,a5,,Audi A545 TFSI Quattro S-Tronic S-Line - MATRIX,32750,,False,2022,06-2022,37000,1,used,hybrid,195,265,1984,,162,,automatic,,AWD,Coupé,2,4,Nero,,,,,dealer,Mazza Group Service Srl,IT-40013 Castel Maggiore - Bologna - Bo,IT,2,https://prod.pictures.autoscout24.net/listing-images/006c0bc0-3870-4bed-930e-a258d1a850d7_b4be3095-0178-49e7-b7c3-b5e5d1b52b6e.jpg/250x188.webp,2026-10-10T08:07:51.459716,0.89,4
5d89de53-93c4-4126-8dfb-c47f938ffdcf,https://www.autoscout24.it/annunci/5d89de53-93c4-4126-8dfb-c47f938ffdcf,it,Audi,a8,,Audi A860 3.0 tfsi e quattro tiptronic 12.500KM UNICO PROPR,54900,,False,2021,12-2021,12500,1,used,hybrid,250,340,2995,,,,automatic,,AWD,Berlina,4,5,Nero,,,,,dealer,Impextrade Srl,IT-39012 Merano - BZ,IT,2,https://prod.pictures.autoscout24.net/listing-images/5d89de53-93c4-4126-8dfb-c47f938ffdcf_215c755b-1ea4-4616-b9f1-2a8a39c3ebf0.jpg/250x188.webp,2026-10-10T08:07:51.459724,4.39,5
cff6c422-47a1-4916-8fab-dfee44bbe628,https://www.autoscout24.it/annunci/cff6c422-47a1-4916-8fab-dfee44bbe628,it,Volkswagen,t-roc,,Volkswagen T-Roc1.5 eTSI ACT DSG Life,26990,,False,2026,02-2026,14349,,used,hybrid,85,115,1498,,109,,automatic,,FWD,SUV/Fuoristrada/Pick-up,5,5,Nero,,,,,dealer,Elitcar Srl,IT-20013 Magenta - Milano - Mi,IT,2,https://prod.pictures.autoscout24.net/listing-images/cff6c422-47a1-4916-8fab-dfee44bbe628_0d6fddee-f584-4c55-bcb0-9927df6d44bb.jpg/250x188.webp,2026-10-10T08:07:51.459732,1.88,0
167f119e-1da8-4774-af51-e29095fef47b,https://www.autoscout24.it/annunci/167f119e-1da8-4774-af51-e29095fef47b,it,Mercedes-Benz,a 35 amg,,Mercedes-Benz A 35 AMGAMG 35 4matic auto *PROMOZIONE!!,26999,,False,2020,05-2020,88000,1,used,petrol,225,306,1991,,170,,automatic,,AWD,Berlina,5,,Bianco,,,,,dealer,Cambio Auto FG,IT-20094 Corsico,IT,2,https://prod.pictures.autoscout24.net/listing-images/167f119e-1da8-4774-af51-e29095fef47b_26a0a765-190b-4ce3-ad70-130e946ff552.jpg/250x188.webp,2026-10-10T08:07:51.459740,0.31,6
af7bbf93-9494-4239-ba2f-8d2827d2d3a2,https://www.autoscout24.it/annunci/af7bbf93-9494-4239-ba2f-8d2827d2d3a2,it,Audi,a3,,Audi A3A3 Sedan 30 1.0 tfsi Admired 116cv VIRTUAL,14900,,False,2021,09-2021,77700,,used,petrol,85,116,999,,,,manual,,Keine Angabe,Berlina,5,5,Bianco,,,,,dealer,TF Auto di Tocco Simone Antonino,IT-20017 Rho - Milano - Mi,IT,2,https://prod.pictures.autoscout24.net/listing-images/af7bbf93-9494-4239-ba2f-8d2827d2d3a2_b9b3136a-0b57-4fa5-a3d4-20cfc777d515.jpg/250x188.webp,2026-10-10T08:07:51.459748,0.19,5
f323834e-d1e7-4b21-9bce-7cd2cec236f4,https://www.autoscout24.it/annunci/f323834e-d1e7-4b21-9bce-7cd2cec236f4,it,Mercedes-Benz,a 180,,Mercedes-Benz A 180Premium 7G-DCT AMG Line 136 CV Auto,22500,,False,2021,03-2021,52953,1,used,petrol,99,136,1332,,133,,automatic,,Keine Angabe,Berlina,4,5,Bianco,,,,,dealer,Pedroni Auto di Pedroni Angelo & c. sas,IT-25024 Leno  - Bs,IT,2,https://prod.pictures.autoscout24.net/listing-images/f323834e-d1e7-4b21-9bce-7cd2cec236f4_366191da-e077-43f4-a1c5-984e1d70a32b.jpg/250x188.webp,2026-10-10T08:07:51.459756,0.42,5
1afd188f-425f-4ad0-9e30-dc87951eb9f6,https://www.autoscout24.it/annunci/1afd188f-425f-4ad0-9e30-dc87951eb9f6,it,Byd,atto 2,,BYD Atto 2*PROMO!!!* Active DMi Super DM Technology eCVT,22900,,False,2026,05-2026,1,,new,hybrid,122,166,1498,,,,automatic,,FWD,SUV/Fuoristrada/Pick-up,5,5,Bianco,,,,,dealer,Car Outlet Milano srl,IT-20123 Cologno Monzese - Mi,IT,2,https://prod.pictures.autoscout24.net/listing-images/1afd188f-425f-4ad0-9e30-dc87951eb9f6_79b8218d-a0e6-49cb-bef6-c719aaf5771d.jpg/250x188.webp,2026-10-10T08:07:51.459765,22900.0,0
6a6ba448-1fe9-47b1-9356-924f0a727e5c,https://www.autoscout24.it/annunci/6a6ba448-1fe9-47b1-9356-924f0a727e5c,it,Volkswagen,golf r,,Volkswagen Golf R2.0 TSI DSG 4Motion - NO EXPORT,34990,,False,2024,03-2024,18719,1,used,petrol,235,319,1984,,161,,automatic,,AWD,Berlina,5,5,Nero,,,,,dealer,Dream Car Srl,IT-17100 Savona,IT,2,https://prod.pictures.autoscout24.net/listing-images/6a6ba448-1fe9-47b1-9356-924f0a727e5c_a8958504-a3e7-4afe-b6b3-4a587b491440.jpg/250x188.webp,2026-10-10T08:07:51.459773,1.87,2
ab8a29ec-788c-4093-8d5a-66f78af522ed,https://www.autoscout24.it/annunci/ab8a29ec-788c-4093-8d5a-66f78af522ed,it,Mini,cooper countryman,,MINI Cooper CountrymanMini 1.5 48V C Classic auto,29000,,False,2025,12-2025,28434,,used,hybrid,125,170,1499,,,,automatic,,FWD,SUV/Fuoristrada/Pick-up,5,5,Nero,,,,,dealer,BYmyCAR Milano,IT-20097 San Donato Milanese - Milano - MI,IT,2,https://prod.pictures.autoscout24.net/listing-images/ab8a29ec-788c-4093-8d5a-66f78af522ed_f91301e5-735f-482f-a954-01a6ccecba73.jpg/250x188.webp,2026-10-10T08:07:51.459780,1.02,1
f171f8b4-3c6c-43c8-87e4-d1ef068a4d2a,https://www.autoscout24.it/annunci/f171f8b4-3c6c-43c8-87e4-d1ef068a4d2a,it,BMW,x3,,BMW X3xdrive30e Business Advantage auto,24500,,False,2021,04-2021,89000,,used,hybrid,135,183,1998,,43,,automatic,,AWD,SUV/Fuoristrada/Pick-up,5,5,Nero,,,,,dealer,Bercar Srl,IT-37135 Cadidavid -Verona - VR,IT,2,https://prod.pictures.autoscout24.net/listing-images/f171f8b4-3c6c-43c8-87e4-d1ef068a4d2a_43081e27-034c-4556-9a54-2704e008b251.jpg/250x188.webp,2026-10-10T08:07:51.459788,0.28,5
85b66cd2-7339-4d53-9c34-7a60980091ea,https://www.autoscout24.it/annunci/85b66cd2-7339-4d53-9c34-7a60980091ea,it,Audi,q3,,Audi Q335 2.0 tdi S line s-line edition s-tronic,24899,,False,2022,07-2022,156803,1,used,diesel,110,149,1968,,110,,automatic,,FWD,SUV/Fuoristrada/Pick-up,5,5,Nero,,,,,dealer,Autocom srl,IT-47838 Riccione - Rn,IT,2,https://prod.pictures.autoscout24.net/listing-images/85b66cd2-7339-4d53-9c34-7a60980091ea_931ee2e9-3151-4b38-b931-0c4ab7e752b7.jpg/250x188.webp,2026-10-10T08:07:51.459796,0.16,4
c3d242f7-6d68-434b-9fc3-223e70655959,https://www.autoscout24.it/annunci/c3d242f7-6d68-434b-9fc3-223e70655959,it,Mercedes-Benz,a 180,,Mercedes-Benz A 180Classe A SEDAN,26690,,False,2022,02-2022,37900,1,used,petrol,100,136,1332,,,,automatic,,FWD,Berlina,4,5,Bianco,,,,,dealer,Broker Auto Srl,IT-27026 Garlasco - Pavia - PV,IT,2,https://prod.pictures.autoscout24.net/listing-images/c3d242f7-6d68-434b-9fc3-223e70655959_6944213b-87cd-45ed-9c7b-b52477491a4f.jpg/250x188.webp,2026-10-10T08:07:51.459804,0.7,4
43e71ad7-ebfa-4f90-a963-faab2e453da6,https://www.autoscout24.it/annunci/43e71ad7-ebfa-4f90-a963-faab2e453da6,it,Jeep,compass,,Jeep Compass1.6 225CV E-HYBRID PLUG-IN ALTITUDE EDCT7,34493,,False,,new,10000,,used,hybrid,165,225,1596,,,,automatic,,FWD,Altro,5,5,Grigio,,,,,dealer,Degiorgi la tua auto,IT-27058 Voghera - Pavia - Pv,IT,2,https://prod.pictures.autoscout24.net/listing-images/43e71ad7-ebfa-4f90-a963-faab2e453da6_fcc8fdfe-228c-4279-9976-16a1a3356cd9.jpg/250x188.webp,2026-10-10T08:07:51.459812,3.45,
a91b11d3-7169-4bc3-8452-f4da34cea88f,https://www.autoscout24.it/annunci/a91b11d3-7169-4bc3-8452-f4da34cea88f,it,Ford,fiesta,,Ford Fiesta5p 1.0 ecoboost h st-line 125cv,12620,,False,2023,10-2023,26761,1,used,hybrid,91,125,999,,114,,manual,,FWD,Berlina,5,5,Blu/Azzurro,,,,,dealer,Carpoint Spa,IT-00128 Roma - Rm,IT,3,https://prod.pictures.autoscout24.net/listing-images/a91b11d3-7169-4bc3-8452-f4da34cea88f_5faba5ec-4312-4417-9afd-c91dc634ccee.jpg/250x188.webp,2026-10-10T08:07:51.459820,0.47,3
e30346f3-9549-402e-b9d6-49095770903d,https://www.autoscout24.it/annunci/e30346f3-9549-402e-b9d6-49095770903d,it,BMW,m3,,BMW M3M3 G80 2019 Berlina 3.0 Competition auto,80900,,False,2022,07-2022,28000,1,used,petrol,375,510,2993,,,,semiautomatico,,RWD,Berlina,4,5,Grigio,,,,,dealer,Davide Car Milano di Omerovic Sajo,IT-20132 Milano - MI,IT,2,https://prod.pictures.autoscout24.net/listing-images/e30346f3-9549-402e-b9d6-49095770903d_7f8476d7-9c51-4bea-9a41-aa2730fd62f8.jpg/250x188.webp,2026-10-10T08:07:51.459828,2.89,4
9a16ed68-6893-4e9d-beb7-50014487f350,https://www.autoscout24.it/annunci/9a16ed68-6893-4e9d-beb7-50014487f350,it,BMW,730,,BMW 730d xdrive Luxury auto - RUOTE POSTERIORI STERZANTI,34900,,False,2018,08-2018,84732,1,used,diesel,195,265,2993,,,,automatic,,AWD,Berlina,4,5,Blu/Azzurro,,,,,dealer,Autocarrozzeria Giganti Gianluca,IT-62010 Treia - MC,IT,2,https://prod.pictures.autoscout24.net/listing-images/9a16ed68-6893-4e9d-beb7-50014487f350_7d55ddb2-572b-449d-a0ba-d7a24fc7c6c4.jpg/250x188.webp,2026-10-10T08:07:51.459836,0.41,8
132a4060-7597-4a78-9dbc-cd7ab9d7fcc4,https://www.autoscout24.it/annunci/132a4060-7597-4a78-9dbc-cd7ab9d7fcc4,it,Audi,q3,,Audi Q340 TDI quattro S tronic S Line Edition,30500,,False,2022,05-2022,56400,,used,diesel,147,199,1968,,173,,automatic,,AWD,SUV/Fuoristrada/Pick-up,5,5,Nero,,,,,dealer,De Rossi Srl,IT-31050 Vedelago – Tv,IT,2,https://prod.pictures.autoscout24.net/listing-images/132a4060-7597-4a78-9dbc-cd7ab9d7fcc4_1d7898f8-c0d1-45a7-bb0d-1885e8e342bd.jpg/250x188.webp,2026-10-10T08:07:51.459843,0.54,4
b98c92a9-2de5-423e-87ab-b9269c2353a1,https://www.autoscout24.it/annunci/b98c92a9-2de5-423e-87ab-b9269c2353a1,it,BMW,x1,,BMW X1X1 F48 2022  sdrive16d Sport auto FULL LED,15900,,False,2022,04-2022,139000,1,used,diesel,85,115,1496,,,,automatic,,FWD,SUV/Fuoristrada/Pick-up,5,5,Bianco,,,,,dealer,Az Auto Evolution,IT-83029 Solofra - AV,IT,2,https://prod.pictures.autoscout24.net/listing-images/b98c92a9-2de5-423e-87ab-b9269c2353a1_5d465b31-975e-481f-b7b3-770018a8594c.jpg/250x188.webp,2026-10-10T08:07:51.459859,0.11,4
7fbfcb48-9bde-4f16-a491-48ef8996c94c,https://www.autoscout24.it/annunci/7fbfcb48-9bde-4f16-a491-48ef8996c94c,it,Mercedes-Benz,a 180,,Mercedes-Benz A 180Automatic Progressive Advanced,24990,,False,2025,07-2025,10905,,used,hybrid,100,136,1332,,121,,automatic,,FWD,Berlina,4,5,Bianco,,,,,dealer,Elitcar Srl,IT-20013 Magenta - Milano - Mi,IT,2,https://prod.pictures.autoscout24.net/listing-images/7fbfcb48-9bde-4f16-a491-48ef8996c94c_1247ceed-424a-46e8-80a9-94133bf8bce9.jpg/250x188.webp,2026-10-10T08:07:51.459867,2.29,1
f20aa9bb-be9d-4bc6-a18f-02b383461ae2,https://www.autoscout24.it/annunci/f20aa9bb-be9d-4bc6-a18f-02b383461ae2,it,Volkswagen,transporter,,Volkswagen Transporter6ª '15-> 2.0 TDI 110CV PL FURGONE,26850,,False,2020,08-2020,97000,,used,diesel,80,110,1968,,164,,manual,,FWD,Monovolume,4,8,Grigio,,,,,dealer,Fioletti Spa,IT-25025 Manerbio Brescia,IT,2,https://prod.pictures.autoscout24.net/listing-images/f20aa9bb-be9d-4bc6-a18f-02b383461ae2_ad4d0ac4-5aaf-4773-afd2-02073cf29a13.jpg/250x188.webp,2026-10-10T08:07:51.459874,0.28,6
87c458a1-254a-45b0-87f3-b2c7a275571c,https://www.autoscout24.it/annunci/87c458a1-254a-45b0-87f3-b2c7a275571c,it,Audi,rs q8,,Audi RS Q84.0 MHEV,78900,,False,2022,08-2022,57495,,used,hybrid,441,599,3996,,276,,automatic,,AWD,SUV/Fuoristrada/Pick-up,5,5,Nero,,,,,dealer,2F Drive - Rossocorsa Milano Nord,IT-20092 Cinisello Balsamo - Milano,IT,2,https://prod.pictures.autoscout24.net/listing-images/87c458a1-254a-45b0-87f3-b2c7a275571c_66a5524f-c3ee-4083-bc7d-b233e6496484.jpg/250x188.webp,2026-10-10T08:07:51.459890,1.37,4
655b151d-1647-4d4b-925f-090a40919a96,https://www.autoscout24.it/annunci/655b151d-1647-4d4b-925f-090a40919a96,it,BMW,218,,"BMW 218d Gran Coupe Msport-LED-18""-Tetto-Carplay-Pack Luci",26900,,False,2021,05-2021,36000,1,used,diesel,110,149,1995,,,,manual,,FWD,Berlina,4,5,Nero,,,,,dealer,Paderno Motori Srl,IT-20037 Paderno Dugnano – Milano – Mi,IT,2,https://prod.pictures.autoscout24.net/listing-images/655b151d-1647-4d4b-925f-090a40919a96_507c1d6e-79ce-485b-ac5d-458f7c667c9d.jpg/250x188.webp,2026-10-10T08:07:51.459897,0.75,5
40f6a0f6-b93b-4fd7-8db4-1f01c6acc9bc,https://www.autoscout24.it/annunci/40f6a0f6-b93b-4fd7-8db4-1f01c6acc9bc,it,Jeep,avenger,,Jeep Avenger1.2 turbo Altitude fwd 100cv,15990,,False,2023,07-2023,27257,1,used,petrol,73,100,1199,,,,automatic,,FWD,SUV/Fuoristrada/Pick-up,5,5,Nero,,,,,dealer,Gencar,IT-10024 Moncalieri - Torino - To,IT,2,https://prod.pictures.autoscout24.net/listing-images/40f6a0f6-b93b-4fd7-8db4-1f01c6acc9bc_9456fa39-4b20-4c35-8e77-cd0a7f48e092.jpg/250x188.webp,2026-10-10T08:07:51.459971,0.59,3
083a1677-ad4f-4e13-b0a5-30af76e2d3bc,https://www.autoscout24.it/annunci/083a1677-ad4f-4e13-b0a5-30af76e2d3bc,it,Mini,cooper countryman,,MINI Cooper CountrymanMini 1.5 48V C Classic auto,29000,,False,2025,12-2025,27579,,used,hybrid,125,170,1499,,,,automatic,,FWD,SUV/Fuoristrada/Pick-up,5,5,Nero,,,,,dealer,BYmyCAR Milano,IT-20097 San Donato Milanese - Milano - MI,IT,2,https://prod.pictures.autoscout24.net/listing-images/083a1677-ad4f-4e13-b0a5-30af76e2d3bc_75e9d517-7c11-407c-be86-2fb45478f073.jpg/250x188.webp,2026-10-10T08:07:51.459979,1.05,1
48c52120-2dc5-4312-9698-95d6235f58c5,https://www.autoscout24.it/annunci/48c52120-2dc5-4312-9698-95d6235f58c5,it,BMW,118,,BMW 118i 5p. Business Advantage,17900,,False,2023,11-2023,23600,1,used,petrol,100,136,1499,,129,,manual,,FWD,Berlina,5,5,Grigio,,,,,dealer,Automobile Torino srl,IT-10034 Chivasso - Torino,IT,2,https://prod.pictures.autoscout24.net/listing-images/48c52120-2dc5-4312-9698-95d6235f58c5_7e5b8f40-c253-4dff-9a35-2260755c14e9.jpg/250x188.webp,2026-10-10T08:07:51.459986,0.76,3
333290a4-b727-44f9-adb2-de53458152c3,https://www.autoscout24.it/annunci/333290a4-b727-44f9-adb2-de53458152c3,it,Jeep,avenger,,Jeep AvengerAvenger 1.2 turbo Summit fwd 100cv,17950,,False,2025,04-2025,17565,,used,petrol,73,100,1199,,,,manual,,FWD,SUV/Fuoristrada/Pick-up,5,5,Beige,,,,,dealer,Autoarancio Gallarate di Car 4 World Srl,IT-21010 Cardano Al Campo - Varese - VA,IT,2,https://prod.pictures.autoscout24.net/listing-images/333290a4-b727-44f9-adb2-de53458152c3_d82a29dd-ba1d-461e-b614-c706ac377202.jpg/250x188.webp,2026-10-10T08:07:51.459994,1.02,1
ea3c87bf-b962-4094-8a56-f5b6142fb7e1,https://www.autoscout24.it/annunci/ea3c87bf-b962-4094-8a56-f5b6142fb7e1,it,Mercedes-Benz,a 180,,Mercedes-Benz A 180d Automatic Progressive Advanced Plus,24800,,False,2023,10-2023,27513,,used,diesel,85,115,1950,,115,,automatic,,FWD,Berlina,5,5,Nero,,,,,dealer,Stefauto Spa,IT-40128 Bologna - Bo,IT,3,https://prod.pictures.autoscout24.net/listing-images/ea3c87bf-b962-4094-8a56-f5b6142fb7e1_580a2fa8-57ee-4bec-b65d-736ea103f9fa.jpg/250x188.webp,2026-10-10T08:07:51.460018,0.9,3
da76d511-e9da-4f21-9307-d240d03be13e,https://www.autoscout24.it/annunci/da76d511-e9da-4f21-9307-d240d03be13e,it,Lepas,l8,,Lepas L8Lepas L8 PHEV 1.5 TGDi 279cv Elegance KM0,33900,,False,2026,09-2026,10,,new,hybrid,205,279,1499,,,,automatic,,FWD,SUV/Fuoristrada/Pick-up,5,5,Tipo di verniceAltroMaterialeAltro,,,,,dealer,Gruppo V.Auto,IT-13100 Vercelli - Vc,IT,2,https://prod.pictures.autoscout24.net/listing-images/da76d511-e9da-4f21-9307-d240d03be13e_0be6cad0-3d92-43ab-8410-6a8c93846d4b.jpg/250x188.webp,2026-10-10T08:07:51.460026,3390.0,0
abc2bb6c-9aa3-4fdd-a407-d1ab67a3d074,https://www.autoscout24.it/annunci/abc2bb6c-9aa3-4fdd-a407-d1ab67a3d074,it,Audi,a3,,Audi A3SPB 2.0 40 TDI 200Cv S-Tronic quattro S line LED,29900,,False,2021,04-2021,82900,1,used,diesel,147,200,1968,,152,,automatic,,AWD,City car,5,5,Nero,,,,,dealer,Auto Tscholl,IT-39100 Bolzano - Bz,IT,2,https://prod.pictures.autoscout24.net/listing-images/abc2bb6c-9aa3-4fdd-a407-d1ab67a3d074_8606e292-6c64-449b-9a5c-35dafb49d8e6.jpg/250x188.webp,2026-10-10T08:07:51.460033,0.36,5
9fd3045f-2366-41e2-8795-76d5d15dc8b2,https://www.autoscout24.it/annunci/9fd3045f-2366-41e2-8795-76d5d15dc8b2,it,Audi,a5,,Audi A540 TDI Sportback Quattro S-Tronic S-Line -,32750,,False,2023,06-2023,58000,1,used,diesel,150,204,1968,,136,,automatic,,AWD,Berlina,5,5,Nero,,,,,dealer,Mazza Group Service Srl,IT-40013 Castel Maggiore - Bologna - Bo,IT,2,https://prod.pictures.autoscout24.net/listing-images/9fd3045f-2366-41e2-8795-76d5d15dc8b2_8cf184c3-efaa-4316-b97b-5b767e03e75e.jpg/250x188.webp,2026-10-10T08:07:51.460041,0.56,3
1de3ec4f-19c3-4f3c-a6b9-e657199b9a2f,https://www.autoscout24.it/annunci/1de3ec4f-19c3-4f3c-a6b9-e657199b9a2f,it,Audi,q3,,Audi Q3Sportback 45 2.0 tfsi S line edition quattro s-tronic,35990,,False,2020,02-2020,79000,1,used,petrol,169,229,1984,,195,,semiautomatico,,AWD,SUV/Fuoristrada/Pick-up,5,5,Nero,,,,,dealer,Bonansone Automobili Di Bonansone Samuel,IT-10061 Cavour - Torino - TO,IT,2,https://prod.pictures.autoscout24.net/listing-images/1de3ec4f-19c3-4f3c-a6b9-e657199b9a2f_9b07c6e0-4b68-4b1c-ba80-65204e644979.jpg/250x188.webp,2026-10-10T08:07:51.460057,0.46,6
490123b4-24d9-4597-ba91-60ffeb27aa29,https://www.autoscout24.it/annunci/490123b4-24d9-4597-ba91-60ffeb27aa29,it,Renault,clio,,Renault ClioNUOVA CLIO 6 EVOLUTION 1.2 TCE 115CV,17990,,False,2026,10-2026,10,,new,petrol,84,115,1198,,,,automatic,,FWD,Berlina,,5,Rosso,,,,,dealer,Nuova Autoalpina Milano - Sede di Legnano,IT-11020 Legnano - Milano - MI,IT,2,https://prod.pictures.autoscout24.net/listing-images/490123b4-24d9-4597-ba91-60ffeb27aa29_201421cd-9a28-4f22-b7ac-848b861d1bd4.jpg/250x188.webp,2026-10-10T08:07:51.460064,1799.0,0
ea3dee39-dead-4e60-8091-28583d0406d7,https://www.autoscout24.it/annunci/ea3dee39-dead-4e60-8091-28583d0406d7,it,Citroen,c3,,Citroen C3C3,12950,,False,2026,06-2026,4,,new,petrol,74,100,1199,,100,,manual,,FWD,Berlina,5,5,Nero,,,,,dealer,Autobengasi Srl,IT-10126 Torino - TO,IT,2,https://prod.pictures.autoscout24.net/listing-images/ea3dee39-dead-4e60-8091-28583d0406d7_fe869a96-3924-403e-8977-ed8788ebe981.jpg/250x188.webp,2026-10-10T08:07:51.460072,3237.5,0
818ef0df-8852-4806-bc1b-1dfa23a9f30f,https://www.autoscout24.it/annunci/818ef0df-8852-4806-bc1b-1dfa23a9f30f,it,Audi,s8,,Audi S8mhev FULL OPT PREZZO PROMO FINO AL 15 OTTOBRE,82900,,False,2023,06-2023,49000,,used,hybrid,420,571,3996,,,,semiautomatico,,AWD,Berlina,4,5,Nero,,,,,dealer,Viesse Auto Srl,IT-20132 Milano - Mi,IT,2,https://prod.pictures.autoscout24.net/listing-images/818ef0df-8852-4806-bc1b-1dfa23a9f30f_8bc5fb0b-a4f2-4979-bd2a-f450e724de14.jpg/250x188.webp,2026-10-10T08:07:51.460079,1.69,3
938ac634-720f-4144-94b1-cea2a6f6fd95,https://www.autoscout24.it/annunci/938ac634-720f-4144-94b1-cea2a6f6fd95,it,Renault,kadjar,,Renault Kadjar1.5 blue dci Sport Edition2 115cv,11400,,False,2020,01-2020,75048,,used,diesel,84,115,1461,,112,,automatic,,FWD,SUV/Fuoristrada/Pick-up,5,5,Blu/Azzurro,,,,,dealer,Autostore Torino Srl - Corso Principe Oddone,IT-10154 Torino - TO,IT,2,https://prod.pictures.autoscout24.net/listing-images/938ac634-720f-4144-94b1-cea2a6f6fd95_41249aa6-e26d-4fd5-ba51-86bf98bb7576.jpg/250x188.webp,2026-10-10T08:07:51.460087,0.15,6
9415a00c-fd56-410e-bdc0-f489935c8dbe,https://www.autoscout24.it/annunci/9415a00c-fd56-410e-bdc0-f489935c8dbe,it,Jaecoo,j7,,Jaecoo J7Jaecoo 7 1.6 tgdi Pure 7dct,23900,,False,,new,10000,,used,petrol,108,146,1598,,80,,automatic,,FWD,SUV/Fuoristrada/Pick-up,5,5,Nero,,,,,dealer,Dielle Auto Srl,IT-10071 Borgaro Torinese,IT,2,https://prod.pictures.autoscout24.net/listing-images/9415a00c-fd56-410e-bdc0-f489935c8dbe_5f92fc11-64b2-47ce-a082-ecde8dd60530.jpg/250x188.webp,2026-10-10T08:07:51.460094,2.39,
02278410-f8f4-425a-b484-11d73715aeaa,https://www.autoscout24.it/annunci/02278410-f8f4-425a-b484-11d73715aeaa,it,Audi,a3,,Audi A3A3 SPB 35 TFSI S tronic S line edition,33900,,False,2025,05-2025,16400,1,used,hybrid,110,149,1498,,,,automatic,,FWD,Berlina,5,5,Nero,,,,,dealer,Panoramauto Torino srl,IT-10156 Torino - To,IT,2,https://prod.pictures.autoscout24.net/listing-images/02278410-f8f4-425a-b484-11d73715aeaa_a34b5a94-6c9d-4c75-a4e3-e9b9c501bfb0.jpg/250x188.webp,2026-10-10T08:07:51.460102,2.07,1
fcdebfc4-b89f-415b-afe0-eff17b4742af,https://www.autoscout24.it/annunci/fcdebfc4-b89f-415b-afe0-eff17b4742af,it,Land Rover,defender,,Land Rover DefenderDefender VII 2020 90 90 3.0 i6 mhev,49990,,False,2021,07-2021,79000,1,used,hybrid,294,400,2995,,,,automatic,,AWD,SUV/Fuoristrada/Pick-up,3,5,Nero,,,,,dealer,MarCar Srl,IT-10148 Torino - TO,IT,2,https://prod.pictures.autoscout24.net/listing-images/fcdebfc4-b89f-415b-afe0-eff17b4742af_04b9f220-59bd-419d-95dd-54d3ec5d9e85.jpg/250x188.webp,2026-10-10T08:07:51.460110,0.63,5
f5ab08b0-2713-49f9-a53c-2f9081bc8f62,https://www.autoscout24.it/annunci/f5ab08b0-2713-49f9-a53c-2f9081bc8f62,it,Lexus,rx 450h,,Lexus RX 450h3.5 Hybrid F-Sport cvt,34500,,False,2022,06-2022,127000,,used,hybrid,141,193,3456,,180,,automatic,,AWD,SUV/Fuoristrada/Pick-up,5,5,Grigio,,,,,dealer,Intermediauto srl,IT-25018 Montichiari - Brescia - BS,IT,2,https://prod.pictures.autoscout24.net/listing-images/f5ab08b0-2713-49f9-a53c-2f9081bc8f62_eab05f46-02b6-40d3-97ad-bf5adf517fd4.jpg/250x188.webp,2026-10-10T08:07:51.460118,0.27,4
07315516-6e6c-42e6-b2ea-85afc3e13fb2,https://www.autoscout24.it/annunci/07315516-6e6c-42e6-b2ea-85afc3e13fb2,it,BMW,118,,BMW 118i 5p. Business Advantage,18900,,False,2023,11-2023,20500,1,used,petrol,100,136,1499,,129,,automatic,,FWD,Berlina,5,5,Bianco,,,,,dealer,Automobile Torino srl,IT-10034 Chivasso - Torino,IT,2,https://prod.pictures.autoscout24.net/listing-images/07315516-6e6c-42e6-b2ea-85afc3e13fb2_7c476b51-1bb8-47c3-be88-92a67f73d4bc.jpg/250x188.webp,2026-10-10T08:07:51.460126,0.92,3
9bfd2fc9-266a-4dff-a1b5-f69be0c56064,https://www.autoscout24.it/annunci/9bfd2fc9-266a-4dff-a1b5-f69be0c56064,it,Citroen,c3,,Citroen C3Turbo 100 S&S You,12990,,False,,new,10000,,used,petrol,74,100,1199,,100,,manual,,FWD,Berlina,5,5,Grigio,,,,,dealer,QueenCar,IT-10044 Pianezza - Torino - To,IT,2,https://prod.pictures.autoscout24.net/listing-images/9bfd2fc9-266a-4dff-a1b5-f69be0c56064_0b2fc119-1364-4d0f-bb61-40b77231500a.jpg/250x188.webp,2026-10-10T08:07:51.460141,1.3,
a7044a45-a5c0-43d3-a3eb-5fe736b483b4,https://www.autoscout24.it/annunci/a7044a45-a5c0-43d3-a3eb-5fe736b483b4,it,Audi,q3,,Audi Q335 2.0 tdi Business s-tronic - IVA ESPOSTA,20900,,False,2019,07-2019,59000,,used,diesel,110,149,1968,,,,automatic,,FWD,SUV/Fuoristrada/Pick-up,5,5,Grigio,,,,,dealer,TM Wagen Pistoia Srl,IT-51100 Pistoia - Pt,IT,2,https://prod.pictures.autoscout24.net/listing-images/a7044a45-a5c0-43d3-a3eb-5fe736b483b4_94d768f0-dc51-4794-959e-c1a4a3e2ef59.jpg/250x188.webp,2026-10-10T08:07:51.460149,0.35,7
03581b48-7ed1-4de5-8e57-da5fb008f382,https://www.autoscout24.it/annunci/03581b48-7ed1-4de5-8e57-da5fb008f382,it,Porsche,718 cayman,,Porsche 718 Cayman718 Cayman 2.0 300cv PDK - SERVICE BOOK -,54900,,False,2018,06-2018,64820,,used,petrol,220,300,1988,,,,automatic,,Keine Angabe,Coupé,2,2,Grigio,,,,,dealer,C.M. Garage srl,IT-20070 Vizzolo Predabissi  - MI,IT,2,https://prod.pictures.autoscout24.net/listing-images/03581b48-7ed1-4de5-8e57-da5fb008f382_90f81332-8af0-4bda-9f09-1400e77c2f1d.jpg/250x188.webp,2026-10-10T08:07:51.460158,0.85,8
a26538ce-3489-407a-8405-c07ee444dc00,https://www.autoscout24.it/annunci/a26538ce-3489-407a-8405-c07ee444dc00,it,Renault,clio,,Renault Clio115CV,15900,,False,2026,08-2026,6,,new,petrol,84,115,1199,,,,manual,,FWD,Berlina,5,5,Grigio,,,,,dealer,Autobengasi Srl,IT-10126 Torino - TO,IT,2,https://prod.pictures.autoscout24.net/listing-images/a26538ce-3489-407a-8405-c07ee444dc00_11dc6eeb-313b-4787-b236-b143d822a377.jpg/250x188.webp,2026-10-10T08:07:51.460165,2650.0,0
e3390931-950a-44fb-90d2-c466e7a013c3,https://www.autoscout24.it/annunci/e3390931-950a-44fb-90d2-c466e7a013c3,it,BMW,x1,,BMW X1xdrive25e Business Advantage auto - IVA ESPOSTA,16900,,False,2021,04-2021,87000,,used,hybrid,92,125,1499,,,,automatic,,AWD,SUV/Fuoristrada/Pick-up,5,5,Nero,,,,,dealer,TM Wagen Pistoia Srl,IT-51100 Pistoia - Pt,IT,2,https://prod.pictures.autoscout24.net/listing-images/e3390931-950a-44fb-90d2-c466e7a013c3_63227186-d092-4240-a9ff-bf89e4c7e03f.jpg/250x188.webp,2026-10-10T08:07:51.460172,0.19,5
b37241ca-0896-4b41-a2c6-c9449e1bf65d,https://www.autoscout24.it/annunci/b37241ca-0896-4b41-a2c6-c9449e1bf65d,it,Mini,john cooper works,,MINI John Cooper Works2.0 jcw Twin Power Turbo*FORMULA S,22900,,False,2021,07-2021,56000,2,used,petrol,131,178,1998,,132,,automatic,,€ 0,Berlina,3,4,Nero,,,,,dealer,The Seller di Maritano Matteo,IT-10093 Collegno - To,IT,2,https://prod.pictures.autoscout24.net/listing-images/b37241ca-0896-4b41-a2c6-c9449e1bf65d_bddc8594-b238-4095-bc7a-4d9a3eaab968.jpg/250x188.webp,2026-10-10T08:07:51.460194,0.41,5
12ad0f13-1baf-42e9-9ab5-634e8481d02d,https://www.autoscout24.it/annunci/12ad0f13-1baf-42e9-9ab5-634e8481d02d,it,Fiat,grande panda,,Fiat Grande Panda1.2 Hybrid 110 CV S&S Pop,15850,,False,,new,5000,,used,hybrid,80,110,1199,,116,,automatic,,FWD,Berlina,5,5,Verde,,,,,dealer,QueenCar,IT-10044 Pianezza - Torino - To,IT,2,https://prod.pictures.autoscout24.net/listing-images/12ad0f13-1baf-42e9-9ab5-634e8481d02d_49edac46-5906-455d-9a57-7412f6c9d9eb.jpg/250x188.webp,2026-10-10T08:07:51.460202,3.17,
c996766f-965b-487b-a104-a7215b73f837,https://www.autoscout24.it/annunci/c996766f-965b-487b-a104-a7215b73f837,it,BMW,540,,BMW 540i 48V xDrive Touring Msport,34900,,False,2022,11-2022,74000,,used,hybrid,245,333,2998,,159,,automatic,,AWD,Station wagon,5,5,Grigio,,,,,dealer,Wh Srl,IT-43126 Parma - Pr,IT,2,https://prod.pictures.autoscout24.net/listing-images/c996766f-965b-487b-a104-a7215b73f837_ee86b18b-eec3-4564-926f-6ef7ae531a01.jpg/250x188.webp,2026-10-10T08:07:51.460210,0.47,4
5954d790-93d3-4b0a-a835-49935b4714dd,https://www.autoscout24.it/annunci/5954d790-93d3-4b0a-a835-49935b4714dd,it,Geely,starray em-i,,Geely Starray EM-iStarray EM-i 1.5 phev Launch Edition,29900,,False,2026,09-2026,1,,new,hybrid,141,193,1499,,,,automatic,,FWD,SUV/Fuoristrada/Pick-up,5,5,Nero,,,,,dealer,Car Outlet Milano srl,IT-20123 Cologno Monzese - Mi,IT,2,https://prod.pictures.autoscout24.net/listing-images/5954d790-93d3-4b0a-a835-49935b4714dd_5a5e7608-89b0-473e-85a0-da9a8480adf6.jpg/250x188.webp,2026-10-10T08:07:51.460217,29900.0,0
5b0f948a-4d42-4f9c-9924-4034e596adfe,https://www.autoscout24.it/annunci/5b0f948a-4d42-4f9c-9924-4034e596adfe,it,BMW,x2,,BMW X2sdrive 18i Msport 140cv,21999,,False,2019,01-2019,42000,1,used,petrol,102,140,1499,,125,,automatic,,Keine Angabe,SUV/Fuoristrada/Pick-up,5,5,Bianco,,,,,dealer,Motorhaus Group Sas,IT-35030 Selvazzano Dentro - PD,IT,2,https://prod.pictures.autoscout24.net/listing-images/5b0f948a-4d42-4f9c-9924-4034e596adfe_8fec8bc6-e3fa-4ef9-a6a7-b957d930ef39.jpg/250x188.webp,2026-10-10T08:07:51.460224,0.52,7
166f2942-782b-41d6-90fc-d599c8eabc82,https://www.autoscout24.it/annunci/166f2942-782b-41d6-90fc-d599c8eabc82,it,Porsche,macan,,Porsche MacanS 3.0 354cv pdk TETTO | CHRONO | PELLE | GOMME,40600,,False,2019,12-2019,123000,,used,petrol,260,354,2995,,251,,automatic,,AWD,SUV/Fuoristrada/Pick-up,5,5,,,,,,dealer,Officina Dei Motori Srl,IT-25082 Botticino - Brescia - BS,IT,2,https://prod.pictures.autoscout24.net/listing-images/166f2942-782b-41d6-90fc-d599c8eabc82_296e77f4-4f6e-487a-9f2e-e674c4c6c337.jpg/250x188.webp,2026-10-10T08:07:51.460232,0.33,7
39a7e079-f629-4fa5-bcf8-5dee6cafec0f,https://www.autoscout24.it/annunci/39a7e079-f629-4fa5-bcf8-5dee6cafec0f,it,BMW,x3,,BMW X3xdrive30e MSport auto,53000,,False,2025,05-2025,23098,,used,hybrid,220,299,1998,,,,automatic,,AWD,SUV/Fuoristrada/Pick-up,5,5,Grigio,,,,,dealer,BYmyCAR Milano,IT-20097 San Donato Milanese - Milano - MI,IT,2,https://prod.pictures.autoscout24.net/listing-images/39a7e079-f629-4fa5-bcf8-5dee6cafec0f_5cc3c8ee-ac13-40de-8db4-71d9499085a7.jpg/250x188.webp,2026-10-10T08:07:51.460252,2.29,1
8b7ca594-e435-46bd-bbed-ce81ae964356,https://www.autoscout24.it/annunci/8b7ca594-e435-46bd-bbed-ce81ae964356,it,Audi,q3,,"Audi Q340 TDI Quattro S-Tronic S-Line - CERCHI 20""",32750,,False,2022,05-2022,44000,1,used,diesel,108,147,1968,,164,,automatic,,AWD,SUV/Fuoristrada/Pick-up,5,5,Grigio,,,,,dealer,Mazza Group Service Srl,IT-40013 Castel Maggiore - Bologna - Bo,IT,2,https://prod.pictures.autoscout24.net/listing-images/8b7ca594-e435-46bd-bbed-ce81ae964356_d266d98c-cff3-4669-b87c-2789bc929d4b.jpg/250x188.webp,2026-10-10T08:07:51.460262,0.74,4
e30f15da-3414-40e3-b005-e122bd150ee6,https://www.autoscout24.it/annunci/e30f15da-3414-40e3-b005-e122bd150ee6,it,Audi,a3,,Audi A330 TFSI S tronic Business PROMO,18900,,False,2021,05-2021,49369,,used,petrol,81,110,999,,124,,automatic,,FWD,Berlina,5,5,Tipo di verniceMetallizzatoMaterialeAltro,,,,,dealer,Puntocar di Tarantino Andrea - Bricherasio,IT-10060 Bricherasio - Torino - TO,IT,2,https://prod.pictures.autoscout24.net/listing-images/e30f15da-3414-40e3-b005-e122bd150ee6_bed218d8-d98b-492b-9218-19f7397c6e9e.jpg/250x188.webp,2026-10-10T08:07:51.460270,0.38,5
a6cbff5f-a5e9-4a5d-a008-3327d9119a98,https://www.autoscout24.it/annunci/a6cbff5f-a5e9-4a5d-a008-3327d9119a98,it,Alfa Romeo,stelvio,,Alfa Romeo StelvioVeloce Q4 210 CV GRIGIO VESUVIO+TETTO,28400,,False,2021,05-2021,59500,1,used,diesel,154,210,2143,,,,automatic,,AWD,SUV/Fuoristrada/Pick-up,5,5,Grigio,,,,,dealer,RD Automobili di Dimora Rosario,IT-24040 Ciserano - Bergamo - BG,IT,2,https://prod.pictures.autoscout24.net/listing-images/a6cbff5f-a5e9-4a5d-a008-3327d9119a98_cc996af1-cb18-42fd-855a-a5e7e64410cd.jpg/250x188.webp,2026-10-10T08:07:51.460277,0.48,5
f371472a-8fe1-4519-9473-cc8d8fff2aa9,https://www.autoscout24.it/annunci/f371472a-8fe1-4519-9473-cc8d8fff2aa9,it,Jeep,avenger,,Jeep Avenger1.2 E-HYBRID 110CV LONGITUDE DCT,19090,,False,2026,09-2026,10000,,used,hybrid,80,110,1199,,0,,automatic,,FWD,SUV/Fuoristrada/Pick-up,5,5,Rosso,,,,,dealer,Degiorgi la tua auto,IT-27058 Voghera - Pavia - Pv,IT,2,https://prod.pictures.autoscout24.net/listing-images/f371472a-8fe1-4519-9473-cc8d8fff2aa9_f787bca7-c9f8-4c24-b53f-19bad3b0ea8f.png/250x188.webp,2026-10-10T08:07:51.460284,1.91,0
45443ff7-f594-4748-acd8-c909c66b2baa,https://www.autoscout24.it/annunci/45443ff7-f594-4748-acd8-c909c66b2baa,it,Toyota,c-hr,,Toyota C-HR2.0 HYBRID STYLE 184 CV,19500,,False,2021,09-2021,52000,1,used,hybrid,135,184,1987,,118,,automatic,,FWD,SUV/Fuoristrada/Pick-up,5,5,Grigio,,,,,dealer,Garage 2  di R. Cristian,IT-16161 Genova -  GE,IT,2,https://prod.pictures.autoscout24.net/listing-images/45443ff7-f594-4748-acd8-c909c66b2baa_d13bf1d6-70d6-462d-be1f-b779575a3d43.jpg/250x188.webp,2026-10-10T08:07:51.460292,0.38,5
eb10ddec-71cb-49de-bebb-7c34d55815d9,https://www.autoscout24.it/annunci/eb10ddec-71cb-49de-bebb-7c34d55815d9,it,Mercedes-Benz,c 220,,Mercedes-Benz C 220Mercedes C SW 220 d Premium auto,16500,,False,2019,07-2019,139000,1,used,diesel,125,170,1950,,119,,automatic,,RWD,Station wagon,5,5,Nero,,,,,dealer,MS Automobili Srl,IT-10143 Torino - To,IT,2,https://prod.pictures.autoscout24.net/listing-images/eb10ddec-71cb-49de-bebb-7c34d55815d9_cfd3735f-0146-4243-aec3-0fb824e64437.jpg/250x188.webp,2026-10-10T08:07:51.460299,0.12,7
1e2ea019-1c39-4620-b4e7-59312e860808,https://www.autoscout24.it/annunci/1e2ea019-1c39-4620-b4e7-59312e860808,it,Peugeot,3008,,Peugeot 30081.5 BlueHDi GT,19900,,False,2023,02-2023,49022,1,used,diesel,,,,,,,automatic,,FWD,SUV/Fuoristrada/Pick-up,5,5,Bianco,,,,,dealer,Campani Group | Reggio Emilia,IT-42124 Reggio Emilia - Re,IT,2,https://prod.pictures.autoscout24.net/listing-images/1e2ea019-1c39-4620-b4e7-59312e860808_7fe1cff5-f133-46f3-b620-866a6cb71be0.jpg/250x188.webp,2026-10-10T08:07:51.460306,0.41,3
97ba2076-8019-4b65-97ff-c796b31ea910,https://www.autoscout24.it/annunci/97ba2076-8019-4b65-97ff-c796b31ea910,it,Jeep,compass,,Jeep Compass1.3 Turbo T4 190 CV PHEV AT6 4xe 80°,18450,,False,2021,11-2021,38085,1,used,hybrid,139,190,1332,,44,,automatic,,AWD,SUV/Fuoristrada/Pick-up,5,5,Bianco,,,,,dealer,Treviglio Auto Srl,IT-20062 Cassano d' Adda - Milano - MI,IT,2,https://prod.pictures.autoscout24.net/listing-images/97ba2076-8019-4b65-97ff-c796b31ea910_cb6fabab-2293-431d-bc27-2907860bb1e2.jpg/250x188.webp,2026-10-10T08:07:51.460314,0.48,5
67b37876-168a-4393-8c59-f05a6e729c63,https://www.autoscout24.it/annunci/67b37876-168a-4393-8c59-f05a6e729c63,it,BMW,116,,BMW 116Shadow Black Line Msport automatica,19500,,False,2019,08-2019,43500,,used,diesel,85,115,1496,,119,,automatic,,FWD,Berlina,5,5,,,,,,dealer,Act Automobili,IT-36060 Romano d'Ezzelino - Vicenza - VI,IT,1,https://prod.pictures.autoscout24.net/listing-images/67b37876-168a-4393-8c59-f05a6e729c63_6c4d9e7a-881f-4177-9474-1084d94f98ba.jpg/250x188.webp,2026-10-10T08:07:51.460322,0.45,7
4da4d13c-457f-408e-842c-488ca456a65a,https://www.autoscout24.it/annunci/4da4d13c-457f-408e-842c-488ca456a65a,it,BMW,725,,BMW 725d Luxury - Luci Ambiente - PELLE BIANCA,24990,,False,2019,09-2019,170000,,used,diesel,195,265,2993,,138,,automatic,,RWD,Berlina,5,5,Blu/Azzurro,,,,,dealer,Dt Motori Srl,IT-23900 Lecco,IT,2,https://prod.pictures.autoscout24.net/listing-images/4da4d13c-457f-408e-842c-488ca456a65a_ebc9fca1-5d44-4948-9144-c5d63632115a.jpg/250x188.webp,2026-10-10T08:07:51.460330,0.15,7
6755c4cc-fdfd-4e40-892e-a9c8cc23c123,https://www.autoscout24.it/annunci/6755c4cc-fdfd-4e40-892e-a9c8cc23c123,it,Volkswagen,golf gti,,Volkswagen Golf GTIGolf 2.0 TSI DSG GTI,29900,,False,2023,12-2023,21300,1,used,petrol,180,244,1984,,166,,automatic,,FWD,Berlina,5,5,Nero,,,,,dealer,Automobile Torino srl,IT-10034 Chivasso - Torino,IT,2,https://prod.pictures.autoscout24.net/listing-images/6755c4cc-fdfd-4e40-892e-a9c8cc23c123_4ee56ef5-a8aa-4c2e-9e0f-d751e2457a79.jpg/250x188.webp,2026-10-10T08:07:51.460337,1.4,3
ee79b453-119e-46c6-8a09-56c2ff0aea3c,https://www.autoscout24.it/annunci/ee79b453-119e-46c6-8a09-56c2ff0aea3c,it,Volkswagen,golf gti,,Volkswagen Golf GTIGolf 2.0 tsi dsg GTI PERFORMANCE,23900,,False,2023,01-2023,37000,1,used,petrol,180,244,1984,,,,automatic,,FWD,Berlina,5,5,Bianco,,,,,dealer,AutoSeMa S.R.L.,IT-10098 Rivoli - Torino - TO,IT,2,https://prod.pictures.autoscout24.net/listing-images/ee79b453-119e-46c6-8a09-56c2ff0aea3c_d3a3697a-fa43-4a64-b411-fbb270652690.jpg/250x188.webp,2026-10-10T08:07:51.460345,0.65,3
d2acc005-ca44-4dfd-a1ee-6ebbbeb4235b,https://www.autoscout24.it/annunci/d2acc005-ca44-4dfd-a1ee-6ebbbeb4235b,it,Byd,seal 6,,BYD Seal 6DMi BOOST Super DM Technology e-CVT 184CV PROMO,26900,,False,2026,06-2026,1,,new,hybrid,135,184,,,,,automatic,,FWD,SUV/Fuoristrada/Pick-up,5,5,Bianco,,,,,dealer,Car Outlet Milano srl,IT-20123 Cologno Monzese - Mi,IT,2,https://prod.pictures.autoscout24.net/listing-images/d2acc005-ca44-4dfd-a1ee-6ebbbeb4235b_b9fa5786-4937-49ce-bea1-38b252a009c7.jpg/250x188.webp,2026-10-10T08:07:51.460353,26900.0,0
17c91a64-a986-4a56-91f8-66a96383b230,https://www.autoscout24.it/annunci/17c91a64-a986-4a56-91f8-66a96383b230,it,Mazda,cx-5,,Mazda CX-5CX-5 II 2022 2.0 mhev Homura Comfort awd 165cv,25900,,False,2023,06-2023,28983,1,used,hybrid,121,165,1998,,,,manual,,AWD,SUV/Fuoristrada/Pick-up,5,5,Blu/Azzurro,,,,,dealer,Gecar Spa,IT-16165 Genova - Ge,IT,2,https://prod.pictures.autoscout24.net/listing-images/17c91a64-a986-4a56-91f8-66a96383b230_54be269a-81f7-4df5-bfa8-3d74fcb9cc73.jpg/250x188.webp,2026-10-10T08:07:51.460361,0.89,3
42989377-0077-4b40-8f08-a3f6b051e996,https://www.autoscout24.it/annunci/42989377-0077-4b40-8f08-a3f6b051e996,it,Peugeot,408,,Peugeot 4081.2 hybrid GT 145cv e-dsc6 - PROMO,24990,,False,2025,09-2025,4,,new,hybrid,106,145,1199,,,,automatic,,FWD,Berlina,5,5,Nero,,,,,dealer,Locauto Due Srl,IT-10151 Torino - To,IT,2,https://prod.pictures.autoscout24.net/listing-images/42989377-0077-4b40-8f08-a3f6b051e996_4cada6dc-9b4b-4384-a9c2-953f3d8bbe77.jpg/250x188.webp,2026-10-10T08:07:51.460368,6247.5,1
a44201a9-31e0-4747-8bb2-17a738366e7b,https://www.autoscout24.it/annunci/a44201a9-31e0-4747-8bb2-17a738366e7b,it,Audi,a4 allroad,,Audi A4 allroad2.0 45 TFSI QUATTRO S TRONIC,31500,,False,2021,07-2021,31500,,used,hybrid,195,265,1984,,182,,automatic,,AWD,Station wagon,5,5,Nero,,,,,dealer,De Rossi Srl,IT-31050 Vedelago – Tv,IT,2,https://prod.pictures.autoscout24.net/listing-images/a44201a9-31e0-4747-8bb2-17a738366e7b_5acb9609-a1ad-4b0c-b1ea-15bd330214a9.jpg/250x188.webp,2026-10-10T08:07:51.460376,1.0,5
c0633957-a4c6-4831-8205-6dd9411d2f39,https://www.autoscout24.it/annunci/c0633957-a4c6-4831-8205-6dd9411d2f39,it,Mercedes-Benz,gla 180,,Mercedes-Benz GLA 180d Premium auto - PACCHETTO AMG -,29900,,False,2022,08-2022,29900,,used,diesel,62,85,1950,,,,automatic,,FWD,SUV/Fuoristrada/Pick-up,5,5,Nero,,,,,dealer,TM Wagen Pistoia Srl,IT-51100 Pistoia - Pt,IT,2,https://prod.pictures.autoscout24.net/listing-images/c0633957-a4c6-4831-8205-6dd9411d2f39_9a457ae9-15c2-4ef3-8fd7-b3c13cad8314.jpg/250x188.webp,2026-10-10T08:07:51.460384,1.0,4
3996dd40-a96c-42f9-9253-3be8eacf6ba8,https://www.autoscout24.it/annunci/3996dd40-a96c-42f9-9253-3be8eacf6ba8,it,BMW,118,,BMW 118d Msport M-SPORT Auto,25900,,False,2024,07-2024,34000,,used,diesel,110,149,1995,,114,,automatic,,FWD,Berlina,5,5,Bianco,,,,,dealer,La Barca Automobili srl,IT-10036 Settimo Torinese - Torino - TO,IT,2,https://prod.pictures.autoscout24.net/listing-images/3996dd40-a96c-42f9-9253-3be8eacf6ba8_b6da3718-f261-4c9c-85a2-247206fbed87.jpg/250x188.webp,2026-10-10T08:07:51.460392,0.76,2
c7acea12-facb-46af-8e03-b8cba41d48a5,https://www.autoscout24.it/annunci/c7acea12-facb-46af-8e03-b8cba41d48a5,it,BMW,125,,BMW 125d Msport 5p auto,24500,,False,2018,01-2018,81821,,used,diesel,165,224,1995,,126,,automatic,,RWD,Berlina,5,5,Grigio,,,,,dealer,Rolandi auto Spa,IT-15121 Alessandria - Al,IT,2,https://prod.pictures.autoscout24.net/listing-images/c7acea12-facb-46af-8e03-b8cba41d48a5_644826c4-21b0-4cff-ae0a-329b7d833349.jpg/250x188.webp,2026-10-10T08:07:51.460399,0.3,8
45d2266c-8a6b-4594-b8c2-64794d81564d,https://www.autoscout24.it/annunci/45d2266c-8a6b-4594-b8c2-64794d81564d,it,Hyundai,kona,,Hyundai KONA1.0 T-GDI Hybrid 48V iMT XLine+,15900,,False,2023,03-2023,32000,1,used,hybrid,88,119,998,,124,,manual,,FWD,SUV/Fuoristrada/Pick-up,5,5,Grigio,,,,,dealer,Pubblicauto Novara,IT-28100 Novara - NO,IT,2,https://prod.pictures.autoscout24.net/listing-images/45d2266c-8a6b-4594-b8c2-64794d81564d_4d21df27-7bf5-4f98-80ff-4a1d19297714.jpg/250x188.webp,2026-10-10T08:07:51.460407,0.5,3
f609e190-59e4-4a2e-b7bd-e38aec0ad01e,https://www.autoscout24.it/annunci/f609e190-59e4-4a2e-b7bd-e38aec0ad01e,it,Land Rover,range rover velar,,Land Rover Range Rover Velar2.0d i4 R DYNAMIC  240cv auto,18900,,False,2019,03-2019,177000,,used,diesel,176,240,1999,,,,automatic,,AWD,SUV/Fuoristrada/Pick-up,5,5,Grigio,,,,,dealer,Suv&City Car,IT-24040 Lallio - Bergamo - BG,IT,2,https://prod.pictures.autoscout24.net/listing-images/f609e190-59e4-4a2e-b7bd-e38aec0ad01e_406feeac-d650-4f32-95cf-6466a908ee68.jpg/250x188.webp,2026-10-10T08:07:51.460414,0.11,7
78ac11ee-6666-43a7-8edf-b7cd926afcf4,https://www.autoscout24.it/annunci/78ac11ee-6666-43a7-8edf-b7cd926afcf4,it,Mercedes-Benz,a 250,,Mercedes-Benz A 250Classe A - W177 2018 e phev (eq-power),23500,,False,2021,06-2021,70000,2,used,hybrid,118,160,1332,,25,,semiautomatico,,FWD,Berlina,5,5,Nero,,,,,dealer,Torko Drive srl,IT-20024 Garbagnate Milanese - Milano - MI,IT,2,https://prod.pictures.autoscout24.net/listing-images/78ac11ee-6666-43a7-8edf-b7cd926afcf4_f649f8f2-481a-4677-a9c9-57984b013f9c.jpg/250x188.webp,2026-10-10T08:07:51.460422,0.34,5
5b70bfc8-ebe0-49cb-87cb-fe430d7bdf12,https://www.autoscout24.it/annunci/5b70bfc8-ebe0-49cb-87cb-fe430d7bdf12,it,Land Rover,discovery sport,,Land Rover Discovery Sport2.0 td4 Pure Business edition awd,7999,,False,2018,04-2018,190000,,used,diesel,110,150,1999,,139,,automatic,,AWD,SUV/Fuoristrada/Pick-up,5,5,,,,,,dealer,Minto Mirano Auto,IT-30035 Mirano - Venezia - VE,IT,2,https://prod.pictures.autoscout24.net/listing-images/5b70bfc8-ebe0-49cb-87cb-fe430d7bdf12_9a550b44-16c6-43b1-af81-533e0fe6b033.jpg/250x188.webp,2026-10-10T08:07:51.460437,0.04,8
4cb9ad38-bbc0-4822-81c1-55232839c7e9,https://www.autoscout24.it/annunci/4cb9ad38-bbc0-4822-81c1-55232839c7e9,it,Cupra,formentor,,CUPRA Formentor1.5 Hybrid,32900,,False,2026,08-2026,5900,,used,hybrid,110,149,1498,,,6.0,automatic,,FWD,SUV/Fuoristrada/Pick-up,5,5,Nero,,,,,dealer,Lineablù Srl,IT-48124 Fornace Zarattini - Ravenna - Ra,IT,2,https://prod.pictures.autoscout24.net/listing-images/4cb9ad38-bbc0-4822-81c1-55232839c7e9_118a6fd5-e42a-4f55-b505-96558892d4db.jpg/250x188.webp,2026-10-10T08:07:51.460444,5.58,0
e9611243-b5ec-4c43-b4bc-c4b96da181d0,https://www.autoscout24.it/annunci/e9611243-b5ec-4c43-b4bc-c4b96da181d0,it,Audi,a5,,Audi A52.0 tdi mhev S line quattro 204cv s-tronic NO VINCOLI,41900,,False,2025,09-2025,35000,1,used,diesel,150,204,1968,,135,,automatic,,AWD,Station wagon,5,5,Nero,,,,,dealer,Emme Motori,IT-15057 Tortona - Alessandria - Al,IT,2,https://prod.pictures.autoscout24.net/listing-images/e9611243-b5ec-4c43-b4bc-c4b96da181d0_5ee17d63-4ae2-40b5-90d8-b1c067ab68e0.jpg/250x188.webp,2026-10-10T08:07:51.460452,1.2,1
7b739e07-8bdb-4aef-b2a8-ad2a3fe6007b,https://www.autoscout24.it/annunci/7b739e07-8bdb-4aef-b2a8-ad2a3fe6007b,it,Audi,q3,,Audi Q3Sportback 45 TFSI PHEV S tronic S line PLUG-IN SPB,29900,,False,2021,07-2021,60000,1,used,hybrid,180,245,1395,,33,,automatic,,Keine Angabe,SUV/Fuoristrada/Pick-up,5,5,Verde,,,,,dealer,Autolinkroma Srl,IT-00178 Roma - Rm,IT,2,https://prod.pictures.autoscout24.net/listing-images/7b739e07-8bdb-4aef-b2a8-ad2a3fe6007b_79b0df4f-cb35-4410-9cf5-dad8e560c7e3.jpg/250x188.webp,2026-10-10T08:07:51.460459,0.5,5
f097bcb0-0b3c-4f18-9f23-8fc643677a5e,https://www.autoscout24.it/annunci/f097bcb0-0b3c-4f18-9f23-8fc643677a5e,it,Volkswagen,golf,,Volkswagen Golf1.5 R-LINE VARI COLORI E ALLESTIMENTO,25500,,False,2024,02-2024,21800,,used,petrol,110,149,1984,,,,automatic,,FWD,Berlina,5,5,Bianco,,,,,dealer,Race Car Cremona srl,IT-26025 Pandino - CR,IT,2,https://prod.pictures.autoscout24.net/listing-images/f097bcb0-0b3c-4f18-9f23-8fc643677a5e_1fca5182-1d3f-4001-a7e5-6d8aaf917422.jpg/250x188.webp,2026-10-10T08:07:51.460466,1.17,2
62d9cbd3-d301-472e-ab5a-c587545fd342,https://www.autoscout24.it/annunci/62d9cbd3-d301-472e-ab5a-c587545fd342,it,Porsche,panamera,,Porsche Panamera4 E-Hybrid Sport Turismo 462 CV,56999,,False,2019,12-2019,86200,1,used,hybrid,339,462,2894,,56,,automatic,,AWD,Station wagon,5,5,Argento,,,,,dealer,Autosalmaso Srl,IT-35010 Vigodarzere - Padova - PD,IT,2,https://prod.pictures.autoscout24.net/listing-images/62d9cbd3-d301-472e-ab5a-c587545fd342_ddff259e-d3d3-42ea-b221-55b8f337cdf5.jpg/250x188.webp,2026-10-10T08:07:51.460473,0.66,7
c1e9182e-6b13-4fb5-9045-e3a1547f0bbc,https://www.autoscout24.it/annunci/c1e9182e-6b13-4fb5-9045-e3a1547f0bbc,it,Audi,q2,,Audi Q2Q2 30 2.0 tdi Identity Black s-tronic,18900,,False,2023,04-2023,95000,,used,diesel,85,115,1968,,,,semiautomatico,,€ 0,SUV/Fuoristrada/Pick-up,5,5,Tipo di verniceAltro,,,,,dealer,Autosconto SRLS,IT-10148 Torino,IT,2,https://prod.pictures.autoscout24.net/listing-images/c1e9182e-6b13-4fb5-9045-e3a1547f0bbc_ad3ed30a-6b8c-4110-94e4-e7a001b09c5b.jpg/250x188.webp,2026-10-10T08:07:51.460480,0.2,3
684eec7d-592d-45af-ae6a-5dce5c79663e,https://www.autoscout24.it/annunci/684eec7d-592d-45af-ae6a-5dce5c79663e,it,Land Rover,range rover evoque,,Land Rover Range Rover Evoque2.0d i4 S fwd 163cv - IVA,27900,,False,2024,04-2024,29900,,used,diesel,119,163,1998,,,,manual,,FWD,SUV/Fuoristrada/Pick-up,5,5,Bianco,,,,,dealer,TM Wagen Pistoia Srl,IT-51100 Pistoia - Pt,IT,2,https://prod.pictures.autoscout24.net/listing-images/684eec7d-592d-45af-ae6a-5dce5c79663e_f0a35b89-ee45-428f-84a2-a459309f3819.jpg/250x188.webp,2026-10-10T08:07:51.460488,0.93,2
35fea4e1-f1c9-48fd-9b68-c961fe84366f,https://www.autoscout24.it/annunci/35fea4e1-f1c9-48fd-9b68-c961fe84366f,it,Jeep,renegade,,Jeep RenegadeRenegade 2019 2.0 mjt Longitude 4wd 140cv,9500,,False,2021,01-2021,84000,1,used,diesel,102,140,1956,,,,automatic,,AWD,SUV/Fuoristrada/Pick-up,5,5,Blu/Azzurro,,,,,dealer,Centro Auto Trastevere di D'Onofrio Daniele Sas,IT-00152 Roma - RM,IT,2,https://prod.pictures.autoscout24.net/listing-images/35fea4e1-f1c9-48fd-9b68-c961fe84366f_397a0274-2cfa-4993-a5d4-84c69e3557d2.jpg/250x188.webp,2026-10-10T08:07:51.460495,0.11,5
8de753c5-c3bc-4f4f-9a78-e589ad6b238f,https://www.autoscout24.it/annunci/8de753c5-c3bc-4f4f-9a78-e589ad6b238f,it,Maserati,ghibli,,Maserati GhibliGhibli III 2013 3.0 V6 ds Granlusso 250cv,29900,,False,2019,03-2019,88400,2,used,diesel,183,250,2987,,213,,semiautomatico,,RWD,Berlina,4,5,Grigio,,,,,dealer,Autoservice srls,IT-10142 Torino,IT,2,https://prod.pictures.autoscout24.net/listing-images/8de753c5-c3bc-4f4f-9a78-e589ad6b238f_2b6d6a53-a406-441f-a27f-fa95ee10e234.jpg/250x188.webp,2026-10-10T08:07:51.460502,0.34,7
493025af-26cc-47ac-ae05-e23740dad383,https://www.autoscout24.it/annunci/493025af-26cc-47ac-ae05-e23740dad383,it,Alfa Romeo,tonale,,Alfa Romeo Tonale1.3 Phev Sprint Q4 280cv AT6 Pack Techno,27800,,False,2025,05-2025,10000,1,used,hybrid,205,280,1332,,,,automatic,,AWD,SUV/Fuoristrada/Pick-up,5,5,Verde,,,,,dealer,Jolly Auto  AP Trading Srl,IT-26010 Cremosano - Crema - Cr,IT,2,https://prod.pictures.autoscout24.net/listing-images/493025af-26cc-47ac-ae05-e23740dad383_2a113a72-1360-4c38-8bbf-1bccc6695d9f.jpg/250x188.webp,2026-10-10T08:07:51.460509,2.78,1
f9d4270b-aa65-4973-b26b-dbeb2bf4e71a,https://www.autoscout24.it/annunci/f9d4270b-aa65-4973-b26b-dbeb2bf4e71a,it,Peugeot,208,,Peugeot 2081.2 hybrid Style 110cv e-dcs 6,16990,,False,2026,03-2026,15000,,used,hybrid,80,110,1199,,,,automatic,,FWD,Berlina,5,5,Grigio,,,,,dealer,Dalma Srl,IT-20033 Solaro MI,IT,2,https://prod.pictures.autoscout24.net/listing-images/f9d4270b-aa65-4973-b26b-dbeb2bf4e71a_38989403-b59b-4661-b27d-f7242c10d827.jpg/250x188.webp,2026-10-10T08:07:51.460565,1.13,0
5e1e8011-8faa-4d46-bc76-d9ce918524e1,https://www.autoscout24.it/annunci/5e1e8011-8faa-4d46-bc76-d9ce918524e1,it,BMW,118,,BMW 118BMW 118 - NEOPATENTE - GARANZIA 3 ANNI TOP,11900,,False,2018,01-2018,112400,1,used,petrol,100,136,1496,,176,,manual,,RWD,Berlina,5,5,Nero,,,,,dealer,T-Cars Srl,IT-31050 Ponzano,IT,2,https://prod.pictures.autoscout24.net/listing-images/5e1e8011-8faa-4d46-bc76-d9ce918524e1_2b70c880-ac48-47dc-a28d-38c91b4e26a3.jpg/250x188.webp,2026-10-10T08:07:51.460579,0.11,8
53b9d322-8896-43d0-a8bd-03adb5394656,https://www.autoscout24.it/annunci/53b9d322-8896-43d0-a8bd-03adb5394656,it,Alfa Romeo,junior,,Alfa Romeo Junior- Junior 1.2 ibrida 145cv edct6,23490,,False,2026,10-2026,100,,new,petrol,106,145,1199,,,,automatic,,FWD,Berlina,5,5,Rosso,,,,,dealer,Nuova AutoAlpina Pinerolo,IT-10064 Pinerolo - Torino - TO,IT,2,https://prod.pictures.autoscout24.net/listing-images/53b9d322-8896-43d0-a8bd-03adb5394656_40b1ff55-0002-42cf-90e8-157a17ac074a.jpg/250x188.webp,2026-10-10T08:07:51.460586,234.9,0
d2fdc073-97fd-4575-b61a-33c80d8e2c99,https://www.autoscout24.it/annunci/d2fdc073-97fd-4575-b61a-33c80d8e2c99,it,Porsche,macan,,Porsche Macan4,79900,,False,2024,12-2024,37459,1,used,electric,106,145,,,,,automatic,,AWD,SUV/Fuoristrada/Pick-up,5,5,Verde,,,,,dealer,,IT-24124 Bergamo - Bg,IT,1,https://prod.pictures.autoscout24.net/listing-images/d2fdc073-97fd-4575-b61a-33c80d8e2c99_8e5aee3c-d0ab-4f87-8718-da47f22f0859.jpg/250x188.webp,2026-10-10T08:07:51.460593,2.13,2
00f60df4-0ff6-41e5-96ea-a5e06d6f14bf,https://www.autoscout24.it/annunci/00f60df4-0ff6-41e5-96ea-a5e06d6f14bf,it,Mercedes-Benz,c 200,,Mercedes-Benz C 200AMG Line TAGLIANDO OK MERCEDES SERVICE,34990,,False,2020,05-2020,29990,1,used,petrol,135,183,1497,,145,,automatic,,RWD,Cabrio,2,4,Nero,,,,,dealer,Auto4you srl,IT-20900 Monza Brianza - Mb,IT,2,https://prod.pictures.autoscout24.net/listing-images/00f60df4-0ff6-41e5-96ea-a5e06d6f14bf_f5670411-cfec-4f45-b5c9-17a36b3e7318.jpg/250x188.webp,2026-10-10T08:07:51.460601,1.17,6
f0f49cc2-3521-4f74-9955-25c4b98721db,https://www.autoscout24.it/annunci/f0f49cc2-3521-4f74-9955-25c4b98721db,it,Citroen,c3,,Citroen C3PureTech 83 S&S Shine *PREZZO REALE,9900,,False,2020,12-2020,53700,1,used,petrol,44,61,1199,,99,,manual,,FWD,Berlina,5,5,Bianco,,,,,dealer,Gruppo Auto srl,IT-20051 Cassina De' Pecchi,IT,2,https://prod.pictures.autoscout24.net/listing-images/f0f49cc2-3521-4f74-9955-25c4b98721db_38c7a66f-1975-489d-a362-70bfddb8ae41.jpg/250x188.webp,2026-10-10T08:07:51.460608,0.18,6
818997e5-4b33-41f0-be9b-a921e45cb536,https://www.autoscout24.it/annunci/818997e5-4b33-41f0-be9b-a921e45cb536,it,Lexus,nx 350h,,Lexus NX 350hNX 2024 350h 2.5 F-Sport 4wd 244cv e-cvt,45500,,False,2024,06-2024,29000,,used,hybrid,179,244,2487,,,,automatic,,AWD,SUV/Fuoristrada/Pick-up,5,5,Blu/Azzurro,,,,,dealer,Motors Monza Srl,IT-20900 Monza Brianza - Mb,IT,2,https://prod.pictures.autoscout24.net/listing-images/818997e5-4b33-41f0-be9b-a921e45cb536_a493e48a-d85d-4a7f-80b5-c910fb3a369b.jpg/250x188.webp,2026-10-10T08:07:51.460628,1.57,2
0d4e19c0-0673-467e-9277-2ec175e69ff6,https://www.autoscout24.it/annunci/0d4e19c0-0673-467e-9277-2ec175e69ff6,it,Mercedes-Benz,cla 180,,Mercedes-Benz CLA 180Coupe Advanced Plus auto,29900,,False,2023,10-2023,33197,1,used,hybrid,100,136,1332,,,,automatic,,FWD,Berlina,4,5,Nero,,,,,dealer,Autoverona Srl,IT-37135 Verona - VR,IT,2,https://prod.pictures.autoscout24.net/listing-images/0d4e19c0-0673-467e-9277-2ec175e69ff6_05776e12-8633-48a3-b52d-273f84f8b8ec.jpg/250x188.webp,2026-10-10T08:07:51.460634,0.9,3
7069725f-02b2-450d-8c79-6a14530f2538,https://www.autoscout24.it/annunci/7069725f-02b2-450d-8c79-6a14530f2538,it,BMW,x3,,BMW X3xDrive20i mhev 48V Msport Black pack-Pelle,41500,,False,2024,03-2024,37500,1,used,hybrid,135,183,1998,,172,,automatic,,AWD,SUV/Fuoristrada/Pick-up,5,5,Grigio,,,,,dealer,Automobili Parolin Srl,IT-31039 Riese Pio X - Treviso - Tv,IT,2,https://prod.pictures.autoscout24.net/listing-images/7069725f-02b2-450d-8c79-6a14530f2538_70d29871-1193-4892-afa9-4ceef9476058.jpg/250x188.webp,2026-10-10T08:07:51.460642,1.11,2
bb0cb9a6-4cc7-4291-857f-c1848990cc98,https://www.autoscout24.it/annunci/bb0cb9a6-4cc7-4291-857f-c1848990cc98,it,Cupra,leon,,CUPRA LeonLeon 2.0 tdi 150cv dsg 4 ANNI GARANZIA CUPRA,24700,,False,2025,05-2025,26764,1,used,diesel,110,150,1968,,126,,automatic,,FWD,Berlina,5,5,Nero,,,,,dealer,New Car Vercelli Snc,IT-13030 Caresanablot - Vercelli - Vc,IT,2,https://prod.pictures.autoscout24.net/listing-images/bb0cb9a6-4cc7-4291-857f-c1848990cc98_87f50f26-4844-42c5-974f-52378e873891.jpg/250x188.webp,2026-10-10T08:07:51.460649,0.92,1
aae68af7-e868-46df-913c-3ad9f8cb4a62,https://www.autoscout24.it/annunci/aae68af7-e868-46df-913c-3ad9f8cb4a62,it,Geely,starray em-i,,Geely Starray EM-i1.5 phev Launch Edition auto - PROMO,30990,,False,2026,09-2026,25,,new,hybrid,141,193,1499,,,,automatic,,FWD,SUV/Fuoristrada/Pick-up,5,5,Nero,,,,,dealer,Locauto Due Srl,IT-10151 Torino - To,IT,2,https://prod.pictures.autoscout24.net/listing-images/aae68af7-e868-46df-913c-3ad9f8cb4a62_7e0acf15-00f2-40a9-b5b9-36c1d69eff68.jpg/250x188.webp,2026-10-10T08:07:51.460657,1239.6,0
d93b2c80-8f48-44af-ac3a-285bd9f3e336,https://www.autoscout24.it/annunci/d93b2c80-8f48-44af-ac3a-285bd9f3e336,it,Land Rover,range rover sport,,Land Rover Range Rover SportRange Rover Sport 3.0 sdV6 HSE,35950,,False,2019,07-2019,114000,2,used,diesel,183,249,2993,,232,,automatic,,AWD,SUV/Fuoristrada/Pick-up,5,5,Nero,,,,,dealer,Soluzione Spa Jaguar Land Rover,IT-28100 Novara  - NO,IT,2,https://prod.pictures.autoscout24.net/listing-images/d93b2c80-8f48-44af-ac3a-285bd9f3e336_b477e8e0-6682-4c17-b013-e76fbbb31fbe.jpg/250x188.webp,2026-10-10T08:07:51.460665,0.32,7
3f473230-cb9f-46b5-a620-eb6909500e33,https://www.autoscout24.it/annunci/3f473230-cb9f-46b5-a620-eb6909500e33,it,BMW,x4,,BMW X4xDrive20i mhev 48V Msport Tetto-LED-21''-Black pack,46500,,False,2024,07-2024,27800,1,used,hybrid,135,183,1998,,170,,automatic,,AWD,Coupé,4,5,Nero,,,,,dealer,Automobili Parolin Srl,IT-31039 Riese Pio X - Treviso - Tv,IT,2,https://prod.pictures.autoscout24.net/listing-images/3f473230-cb9f-46b5-a620-eb6909500e33_14609012-21f7-41f4-832a-c456af8b89ef.jpg/250x188.webp,2026-10-10T08:07:51.460673,1.67,2
1be1c47c-ef44-49a4-9a0c-074f56a02214,https://www.autoscout24.it/annunci/1be1c47c-ef44-49a4-9a0c-074f56a02214,it,Volkswagen,golf,,Volkswagen Golf8.5 1.5 R-LINE VARI COLORI E ALLESTIMENTO,27900,,False,2025,12-2025,9100,,used,hybrid,110,149,1984,,,,automatic,,FWD,Berlina,5,5,Bianco,,,,,dealer,Race Car Cremona srl,IT-26025 Pandino - CR,IT,2,https://prod.pictures.autoscout24.net/listing-images/1be1c47c-ef44-49a4-9a0c-074f56a02214_816a6ee5-6d8f-4d1d-bdfe-7b30e23548c7.jpg/250x188.webp,2026-10-10T08:07:51.460681,3.07,1
f0d1c4b4-706f-4b30-93a4-691087b77d06,https://www.autoscout24.it/annunci/f0d1c4b4-706f-4b30-93a4-691087b77d06,it,Citroen,c5 x,,Citroen C5 X225 e-EAT8 Plug-in Hybrid SHINE,16950,,False,2025,01-2025,16000,,used,hybrid,132,179,1598,,36,,automatic,,FWD,SUV/Fuoristrada/Pick-up,5,5,Argento,,,,,dealer,,IT-47521 Cesena - Forlì Cesena - Fc,IT,1,https://prod.pictures.autoscout24.net/listing-images/f0d1c4b4-706f-4b30-93a4-691087b77d06_db9df1ec-e49f-4e25-8bc9-7cafc0432277.jpg/250x188.webp,2026-10-10T08:07:51.460696,1.06,1
35e196c9-1a72-49b8-9ed4-83fb2704e358,https://www.autoscout24.it/annunci/35e196c9-1a72-49b8-9ed4-83fb2704e358,it,Fiat,500,,Fiat 500hybrid,14950,,False,2026,08-2026,5,,new,hybrid,48,65,999,,,,automatic,,FWD,City car,4,4,Rosa,,,,,dealer,Autobengasi Srl,IT-10126 Torino - TO,IT,2,https://prod.pictures.autoscout24.net/listing-images/35e196c9-1a72-49b8-9ed4-83fb2704e358_03bb2728-4d1c-45ad-9e9f-e9e4373766da.jpg/250x188.webp,2026-10-10T08:07:51.460704,2990.0,0
f2cacca1-f930-460d-8dde-f8bfdf75714e,https://www.autoscout24.it/annunci/f2cacca1-f930-460d-8dde-f8bfdf75714e,it,Audi,q3,,Audi Q345 1.4 tfsi e Business s-tronic - IVA ESPOSTA,19900,,False,2023,04-2023,125000,,used,hybrid,110,149,1395,,,,automatic,,FWD,SUV/Fuoristrada/Pick-up,5,5,Nero,,,,,dealer,TM Wagen Pistoia Srl,IT-51100 Pistoia - Pt,IT,2,https://prod.pictures.autoscout24.net/listing-images/f2cacca1-f930-460d-8dde-f8bfdf75714e_fd5e0898-76bb-4a90-b91b-2336d8e46bcd.jpg/250x188.webp,2026-10-10T08:07:51.460711,0.16,3
88aba1a4-e733-466e-8282-3be66dcea1d9,https://www.autoscout24.it/annunci/88aba1a4-e733-466e-8282-3be66dcea1d9,it,Audi,a3,,Audi A3Sportback 30 2.0 tdi Business Advanced,13000,,False,2022,01-2022,198000,,used,diesel,85,115,1968,,112,,manual,,FWD,Berlina,5,5,,,,,,dealer,Lv Cars Srls,IT-03030 Castrocielo - Frosinone - FR,IT,2,https://prod.pictures.autoscout24.net/listing-images/88aba1a4-e733-466e-8282-3be66dcea1d9_f793f741-dd74-40fd-aba2-0eacd94598df.jpg/250x188.webp,2026-10-10T08:07:51.460719,0.07,4
e2c39e3e-cb26-4911-9b3b-b6dcb6b1c650,https://www.autoscout24.it/annunci/e2c39e3e-cb26-4911-9b3b-b6dcb6b1c650,it,Audi,rs e-tron gt,,Audi RS e-tron GTe-tron GT RS,72000,,False,2021,07-2021,49000,1,used,electric,475,646,,,0,,automatic,,AWD,Berlina,4,5,Grigio,,,,,dealer,F.lli Tallarini snc,IT-25030 Paratico - Brescia - Bs -,IT,2,https://prod.pictures.autoscout24.net/listing-images/e2c39e3e-cb26-4911-9b3b-b6dcb6b1c650_db94b6bc-2266-47bd-aa90-f9d3308f55aa.jpg/250x188.webp,2026-10-10T08:07:51.460743,1.47,5
b23fc901-a90f-4400-919f-42bc6d5ea9b2,https://www.autoscout24.it/annunci/b23fc901-a90f-4400-919f-42bc6d5ea9b2,it,Cupra,formentor,,CUPRA Formentor1.5 TSI,29800,,False,,new,10000,,used,petrol,110,149,1498,,,,manual,,FWD,SUV/Fuoristrada/Pick-up,5,5,Nero,,,,,dealer,Lineablù Srl,IT-48124 Fornace Zarattini - Ravenna - Ra,IT,2,https://prod.pictures.autoscout24.net/listing-images/b23fc901-a90f-4400-919f-42bc6d5ea9b2_59f3e082-3437-49e0-b97d-7a40268ae32e.jpg/250x188.webp,2026-10-10T08:07:51.460751,2.98,
3cc3f387-7dea-4543-8930-136d8f39ffa1,https://www.autoscout24.it/annunci/3cc3f387-7dea-4543-8930-136d8f39ffa1,it,Volvo,xc60,,Volvo XC60(2017-->) - XC60 T6 Recharge Plug-in Hybrid AWD In,28600,,False,2021,04-2021,50132,,used,hybrid,136,186,1969,,,2.0,automatic,,AWD,SUV/Fuoristrada/Pick-up,5,5,Argento,,,,,dealer,F.lli Cozzi Spa,IT-20025 Legnano - Milano - Mi,IT,2,https://prod.pictures.autoscout24.net/listing-images/3cc3f387-7dea-4543-8930-136d8f39ffa1_a26d7475-f96f-49bc-856a-9b2d252c785a.jpg/250x188.webp,2026-10-10T08:07:51.460759,0.57,5
b1bde930-5820-42d3-9fdd-f9bba6ed9c10,https://www.autoscout24.it/annunci/b1bde930-5820-42d3-9fdd-f9bba6ed9c10,it,Cupra,leon,,CUPRA LeonLeon 1.5 hybrid 150cv dsg VARI COLORE E,26900,,False,2025,08-2025,15900,,used,hybrid,110,150,1498,,,,automatic,,Keine Angabe,Berlina,5,5,Grigio,,,,,dealer,Race Car Cremona srl,IT-26025 Pandino - CR,IT,2,https://prod.pictures.autoscout24.net/listing-images/b1bde930-5820-42d3-9fdd-f9bba6ed9c10_661c8cc6-922b-415c-8389-d7b7636fa2f5.jpg/250x188.webp,2026-10-10T08:07:51.460767,1.69,1
997d4676-c5f9-48c7-948a-00a01c3202c8,https://www.autoscout24.it/annunci/997d4676-c5f9-48c7-948a-00a01c3202c8,it,Ford,puma,,Ford Puma1.0 ecoboost h ST-Line s&s 125cv,12990,,False,2022,08-2022,82000,1,used,hybrid,91,125,999,,124,,manual,,FWD,SUV/Fuoristrada/Pick-up,5,5,Nero,,,,,dealer,Gruppovis Spa,IT-21047 Saronno - Varese - Va,IT,2,https://prod.pictures.autoscout24.net/listing-images/997d4676-c5f9-48c7-948a-00a01c3202c8_37b9409b-cc2a-43b0-8060-7863f5d87bb8.jpg/250x188.webp,2026-10-10T08:07:51.460775,0.16,4
b6a88628-4ee9-4a41-8077-55c201f264dd,https://www.autoscout24.it/annunci/b6a88628-4ee9-4a41-8077-55c201f264dd,it,Mercedes-Benz,v 300,,Mercedes-Benz V 3007 POSTI PORTE ELETTRICHE NETTO IVA PELLE,35500,,False,2021,06-2021,185000,1,used,diesel,127,174,2143,,171,,automatic,,RWD,Monovolume,5,7,Blu/Azzurro,,,,,dealer,Autoelite 4x4,IT-22070 Rovello Porro - Como - CO,IT,2,https://prod.pictures.autoscout24.net/listing-images/b6a88628-4ee9-4a41-8077-55c201f264dd_7a00be20-876f-40f8-ba77-5c20a08565f2.jpg/250x188.webp,2026-10-10T08:07:51.460783,0.19,5
4fde1d55-7521-4d82-847f-85f922a9d910,https://www.autoscout24.it/annunci/4fde1d55-7521-4d82-847f-85f922a9d910,it,Porsche,taycan,,Porsche Taycangts 5p.ti,79900,,False,2023,09-2023,50000,,used,electric,104,142,,,,,automatic,,AWD,Berlina,4,5,Nero,,,,,dealer,Eurocar Tech Spa - Centro Porsche Trento,IT-38123 Trento - TN,IT,2,https://prod.pictures.autoscout24.net/listing-images/4fde1d55-7521-4d82-847f-85f922a9d910_99eed4ad-d731-4679-8bf1-8d5fcb9acfef.jpg/250x188.webp,2026-10-10T08:07:51.460791,1.6,3
ea8a6424-02c0-45d4-9bcc-6932bf17bfd5,https://www.autoscout24.it/annunci/ea8a6424-02c0-45d4-9bcc-6932bf17bfd5,it,Audi,a1,,Audi A1SPB 35 TFSI S tronic Admired Advanced,18900,,False,2020,07-2020,50825,,used,petrol,110,149,1498,,117,,automatic,,FWD,Berlina,5,5,Grigio,,,,,dealer,Elitcar Srl,IT-20013 Magenta - Milano - Mi,IT,2,https://prod.pictures.autoscout24.net/listing-images/ea8a6424-02c0-45d4-9bcc-6932bf17bfd5_98860b39-e347-4382-8d21-7d91cd97fa19.jpg/250x188.webp,2026-10-10T08:07:51.460799,0.37,6
f27dd59a-c294-47bd-baab-862b7a2769df,https://www.autoscout24.it/annunci/f27dd59a-c294-47bd-baab-862b7a2769df,it,Mercedes-Benz,a 250,,Mercedes-Benz A 250250 Automatic 4Matic Sedan Premium,28900,,False,2020,10-2020,48129,,used,petrol,165,224,1991,,149,,automatic,,AWD,Berlina,4,5,Nero,,,,,dealer,Merbag S.p.A.| Mercedes-Benz Vetture Monza Brianza,IT-20900 Monza - Monza Brianza - MB,IT,2,https://prod.pictures.autoscout24.net/listing-images/f27dd59a-c294-47bd-baab-862b7a2769df_e0d086a3-f706-4e1d-9268-cb43e567af65.jpg/250x188.webp,2026-10-10T08:07:51.460806,0.6,6
b7033a2d-23e3-4d4e-8f1f-01e799fe9fc3,https://www.autoscout24.it/annunci/b7033a2d-23e3-4d4e-8f1f-01e799fe9fc3,it,Ford,mustang,,Ford MustangFastback 2.3 ecoboost 317cv auto - SEDILI,29800,,False,2018,05-2018,49959,2,used,petrol,233,317,2261,,,,automatic,,RWD,Coupé,3,4,Blu/Azzurro,,,,,dealer,Essemme Automobili Srl,IT-10148 Torino - TO,IT,2,https://prod.pictures.autoscout24.net/listing-images/b7033a2d-23e3-4d4e-8f1f-01e799fe9fc3_e61d9832-30d3-45f4-a4da-1d09c0c532c4.jpg/250x188.webp,2026-10-10T08:07:51.460822,0.6,8
c1840d48-cbdf-4ffc-8b1c-15dc19f441ab,https://www.autoscout24.it/annunci/c1840d48-cbdf-4ffc-8b1c-15dc19f441ab,it,Tesla,model 3,,Tesla Model 3Long Range AWD,27300,,False,2021,08-2021,105643,,used,electric,324,440,,,0,,automatic,,AWD,Berlina,4,,Nero,,,,,dealer,Tesla Italy,IT-37135 Verona - VR,IT,2,https://prod.pictures.autoscout24.net/listing-images/c1840d48-cbdf-4ffc-8b1c-15dc19f441ab_1ae95e5f-6500-4627-8d24-dae9eda447e9.jpg/250x188.webp,2026-10-10T08:07:51.460830,0.26,5
4eac2856-e881-499e-ae15-d36fca168453,https://www.autoscout24.it/annunci/4eac2856-e881-499e-ae15-d36fca168453,it,Mercedes-Benz,s 350,,Mercedes-Benz S 350d 4MATIC Premium Plus - Manutenzioni,47000,,False,2021,05-2021,199000,,used,diesel,210,285,2925,,176,,semiautomatico,,AWD,Berlina,4,5,Nero,,,,,dealer,Intermediauto srl,IT-25018 Montichiari - Brescia - BS,IT,2,https://prod.pictures.autoscout24.net/listing-images/4eac2856-e881-499e-ae15-d36fca168453_061fa517-684c-4028-9b75-d323887689b9.jpg/250x188.webp,2026-10-10T08:07:51.460838,0.24,5
76bb8060-9f5f-43c6-882e-ffc02b218fc9,https://www.autoscout24.it/annunci/76bb8060-9f5f-43c6-882e-ffc02b218fc9,it,Audi,a3,,Audi A3A3 Sportback 30 1.0 tfsi Sport 116cv,14950,,False,2018,11-2018,81051,1,used,petrol,85,116,999,,114,,manual,,FWD,Berlina,5,5,Nero,,,,,dealer,Dielle Auto Srl,IT-10071 Borgaro Torinese,IT,2,https://prod.pictures.autoscout24.net/listing-images/76bb8060-9f5f-43c6-882e-ffc02b218fc9_0f9c687a-e8c3-4fc9-9cac-7dd18240dcc5.jpg/250x188.webp,2026-10-10T08:07:51.460845,0.18,8
6fc807a3-3412-4f9a-8242-1d172b8e2016,https://www.autoscout24.it/annunci/6fc807a3-3412-4f9a-8242-1d172b8e2016,it,Audi,a4 allroad,,Audi A4 allroadQuattro 40 2.0 tdi 190cv s tronic IVA ESPOSTA,20999,,False,2020,08-2020,107000,,used,diesel,139,190,1968,,,,automatic,,AWD,Station wagon,5,5,Bianco,,,,,dealer,Checcacci - TM Wagen,IT-59100 Prato – Po,IT,2,https://prod.pictures.autoscout24.net/listing-images/6fc807a3-3412-4f9a-8242-1d172b8e2016_1cf04c66-786f-4fd7-817a-721ad4aa8318.jpg/250x188.webp,2026-10-10T08:07:51.460852,0.2,6
e590f03b-e498-4af0-b331-01d5b65f0084,https://www.autoscout24.it/annunci/e590f03b-e498-4af0-b331-01d5b65f0084,it,Audi,a3,,Audi A340 1.4 tfsi e S line edition s-tronic,27999,,False,2023,01-2023,34000,,used,hybrid,110,149,1395,,24,,automatic,,Keine Angabe,Berlina,5,5,Nero,,,,,dealer,Prestige Motors Srl,IT-35031 Abano Terme - Padova - PD,IT,2,https://prod.pictures.autoscout24.net/listing-images/e590f03b-e498-4af0-b331-01d5b65f0084_a88fe6ae-5440-4a50-a900-cdaf1763447b.jpg/250x188.webp,2026-10-10T08:07:51.460860,0.82,3
6a08dc8b-8382-448b-9bbc-eb73b8e5d917,https://www.autoscout24.it/annunci/6a08dc8b-8382-448b-9bbc-eb73b8e5d917,it,Alfa Romeo,stelvio,,Alfa Romeo Stelvio2.2 t Business rwd 160cv auto,22499,,False,2022,11-2022,53000,,used,diesel,117,160,2143,,145,,automatic,,RWD,SUV/Fuoristrada/Pick-up,5,5,Grigio,,,,,dealer,Prestige Motors Srl,IT-35031 Abano Terme - Padova - PD,IT,2,https://prod.pictures.autoscout24.net/listing-images/6a08dc8b-8382-448b-9bbc-eb73b8e5d917_66cc057e-1846-47a8-b0f8-67a113d456e5.jpg/250x188.webp,2026-10-10T08:07:51.460868,0.42,4
4a11e615-506e-47c9-b00e-6b5f079c3104,https://www.autoscout24.it/annunci/4a11e615-506e-47c9-b00e-6b5f079c3104,it,Audi,a3,,Audi A31.5 tfsi mhev S line edition 150cv s-tronic Full,38000,,False,2025,02-2025,8990,1,used,hybrid,110,150,1498,,118,,automatic,,FWD,Berlina,5,5,Grigio,,,,,dealer,Mira Srl - Magnifica Automobili,IT-00191 Roma,IT,2,https://prod.pictures.autoscout24.net/listing-images/4a11e615-506e-47c9-b00e-6b5f079c3104_f6af030b-9abf-4e9d-a05d-9ab2cb8d091b.jpg/250x188.webp,2026-10-10T08:07:51.460883,4.23,1
2a974eda-8ed4-4ec0-b8a3-f679aa636759,https://www.autoscout24.it/annunci/2a974eda-8ed4-4ec0-b8a3-f679aa636759,it,Audi,a1,,Audi A1A1 Sportback 40 2.0 tfsi S Line competition 207cv,28890,,False,2022,11-2022,25325,1,used,petrol,152,207,1984,,,,automatic,,FWD,Berlina,5,5,Nero,,,,,dealer,Automotiva by Lunica Motors srl,IT-10072 Caselle Torinese - TO,IT,2,https://prod.pictures.autoscout24.net/listing-images/2a974eda-8ed4-4ec0-b8a3-f679aa636759_75be0b58-c5bd-48ad-8431-cc96ec92a21e.jpg/250x188.webp,2026-10-10T08:07:51.460897,1.14,4
dec73446-ff03-4f20-ab0b-cccaf8f094df,https://www.autoscout24.it/annunci/dec73446-ff03-4f20-ab0b-cccaf8f094df,it,Ford,focus,,Ford Focusactive 1.0t ecoboost h x 125cv,12220,,False,2022,08-2022,49564,1,used,hybrid,91,125,999,,123,,manual,,FWD,SUV/Fuoristrada/Pick-up,5,5,Blu/Azzurro,,,,,dealer,Carpoint Spa,IT-00128 Roma - Rm,IT,3,https://prod.pictures.autoscout24.net/listing-images/dec73446-ff03-4f20-ab0b-cccaf8f094df_d007ea62-998b-494b-9593-a866c433aece.jpg/250x188.webp,2026-10-10T08:07:51.460905,0.25,4
f4316ed1-9611-400e-9896-e57ad8309786,https://www.autoscout24.it/annunci/f4316ed1-9611-400e-9896-e57ad8309786,it,Renault,austral,,Renault Austral1.3 mild hybrid Techno 160cv auto,22999,,False,2025,01-2025,10000,1,used,hybrid,117,160,1333,,,,automatic,,FWD,SUV/Fuoristrada/Pick-up,5,,Grigio,,,,,dealer,Cambio Auto FG,IT-20094 Corsico,IT,2,https://prod.pictures.autoscout24.net/listing-images/f4316ed1-9611-400e-9896-e57ad8309786_32405fad-f236-44e2-9c89-8eaa76393153.jpg/250x188.webp,2026-10-10T08:07:51.460912,2.3,1
a5d545ef-5cbf-46a3-b3fb-65005def9028,https://www.autoscout24.it/annunci/a5d545ef-5cbf-46a3-b3fb-65005def9028,it,Volkswagen,touareg,,Volkswagen Touareg3.0 V6 tdi Advanced 231cv Tiptronic,39300,,False,2019,12-2019,60900,1,used,diesel,169,231,2967,,221,,semiautomatico,,AWD,SUV/Fuoristrada/Pick-up,5,5,Argento,,,,,dealer,Luna Srl,IT-25030 Coccaglio - Brescia -BS,IT,2,https://prod.pictures.autoscout24.net/listing-images/a5d545ef-5cbf-46a3-b3fb-65005def9028_ec4e2ebd-7a3a-4ad8-be9c-cbf3e28ad02b.jpg/250x188.webp,2026-10-10T08:07:51.460920,0.65,7
b61ced32-0465-4acb-b027-9599153d86ae,https://www.autoscout24.it/annunci/b61ced32-0465-4acb-b027-9599153d86ae,it,Volkswagen,tiguan,,Volkswagen Tiguan1.5 eTSI DSG GOAL 130CV *360+LED,30500,,False,2025,11-2025,26000,,used,hybrid,95,130,1498,,,,automatic,,FWD,SUV/Fuoristrada/Pick-up,5,5,Grigio,,,,,dealer,Car Outlet Milano srl,IT-20123 Cologno Monzese - Mi,IT,2,https://prod.pictures.autoscout24.net/listing-images/b61ced32-0465-4acb-b027-9599153d86ae_fd247de3-7d1e-4821-94a4-48de530352be.jpg/250x188.webp,2026-10-10T08:07:51.460927,1.17,1
eac98b72-4dbd-4105-8408-dacda6af730b,https://www.autoscout24.it/annunci/eac98b72-4dbd-4105-8408-dacda6af730b,it,Citroen,c5,,Citroen C5C5 X X 1.6 hybrid phev Shine Pack 225cv e-eat8,17400,,False,2023,05-2023,27717,1,used,hybrid,165,225,1598,,,,automatic,,FWD,Station wagon,5,5,Nero,,,,,dealer,Autoingros Torino,IT-10141 Torino - To,IT,2,https://prod.pictures.autoscout24.net/listing-images/eac98b72-4dbd-4105-8408-dacda6af730b_7232818c-bbb8-4415-b591-a1bc7ba0dc39.jpg/250x188.webp,2026-10-10T08:07:51.460934,0.63,3
acbf6cbe-5360-40c3-97a3-20580fcf6b13,https://www.autoscout24.it/annunci/acbf6cbe-5360-40c3-97a3-20580fcf6b13,it,Ford,fiesta,,Ford FiestaFiesta VII  5p 1.5 ST s,18990,,False,2019,06-2019,48000,1,used,petrol,151,205,1499,,1,,manual,,FWD,Berlina,5,5,Grigio,,,,,dealer,Am Motori Srl,IT-28046 Meina - NO,IT,2,https://prod.pictures.autoscout24.net/listing-images/acbf6cbe-5360-40c3-97a3-20580fcf6b13_02735e7b-9017-41f5-9b1a-7449d693581f.jpg/250x188.webp,2026-10-10T08:07:51.460942,0.4,7
cb0455a3-0c84-4ca6-b869-ef5508a47fc3,https://www.autoscout24.it/annunci/cb0455a3-0c84-4ca6-b869-ef5508a47fc3,it,Audi,a3,,Audi A330 2.0 tdi,16800,,False,2021,03-2021,129000,,used,diesel,85,115,1968,,111,,manual,,Keine Angabe,Berlina,5,5,Grigio,,,,,dealer,Bercar Srl,IT-37135 Cadidavid -Verona - VR,IT,2,https://prod.pictures.autoscout24.net/listing-images/cb0455a3-0c84-4ca6-b869-ef5508a47fc3_0b7e857e-2833-4a5d-9f68-82eba5e75a35.jpg/250x188.webp,2026-10-10T08:07:51.460949,0.13,5
b4289e52-b0da-41be-ae88-1188360b5af6,https://www.autoscout24.it/annunci/b4289e52-b0da-41be-ae88-1188360b5af6,it,Peugeot,208,,Peugeot 208Turbo benzina,12850,,False,2026,08-2026,5,,new,petrol,74,100,1199,,,,manual,,FWD,Berlina,5,5,Bianco,,,,,dealer,Autobengasi Srl,IT-10126 Torino - TO,IT,2,https://prod.pictures.autoscout24.net/listing-images/b4289e52-b0da-41be-ae88-1188360b5af6_d4a498e9-93f1-4f6b-8258-8c32fc5b4d00.jpg/250x188.webp,2026-10-10T08:07:51.460957,2570.0,0
7333dcda-0775-4288-af43-61d445f122a9,https://www.autoscout24.it/annunci/7333dcda-0775-4288-af43-61d445f122a9,it,Porsche,718 cayman,,Porsche 718 Cayman718 - 300cv PDK - 5800km - Ufficiale,86500,,False,2023,11-2023,5800,,used,petrol,220,300,1988,,,,automatic,,RWD,Coupé,2,2,Tipo di verniceMetallizzato,,,,,dealer,SavioAuto Srl,IT-25104 Castenedolo - Brescia -BS,IT,2,https://prod.pictures.autoscout24.net/listing-images/7333dcda-0775-4288-af43-61d445f122a9_38dc4ca6-199c-453e-b153-b478052badd5.jpg/250x188.webp,2026-10-10T08:07:51.460966,14.91,3
71a751f2-6e18-4abf-b633-396979421128,https://www.autoscout24.it/annunci/71a751f2-6e18-4abf-b633-396979421128,it,Renault,clio,,Renault ClioRenault Clio 1.0 sce Business 65cv my21,9500,,False,2021,09-2021,41000,1,used,petrol,47,65,999,,116,,manual,,FWD,Berlina,5,5,Rosso,,,,,dealer,MS Automobili Srl,IT-10143 Torino - To,IT,2,https://prod.pictures.autoscout24.net/listing-images/71a751f2-6e18-4abf-b633-396979421128_e763e218-f1b9-4174-8083-6e3252f53d60.jpg/250x188.webp,2026-10-10T08:07:51.460974,0.23,5
aa10f9d4-08d7-4599-aecc-e508b4724306,https://www.autoscout24.it/annunci/aa10f9d4-08d7-4599-aecc-e508b4724306,it,BMW,x1,,BMW X1xdrive25e Business Advantage auto - IVA ESPOSTA,18900,,False,2021,05-2021,49900,,used,hybrid,92,125,1499,,,,automatic,,AWD,SUV/Fuoristrada/Pick-up,5,5,Blu/Azzurro,,,,,dealer,TM Wagen Pistoia Srl,IT-51100 Pistoia - Pt,IT,2,https://prod.pictures.autoscout24.net/listing-images/aa10f9d4-08d7-4599-aecc-e508b4724306_44371ca4-1cc0-4444-9b1b-b95ae9ba50f1.jpg/250x188.webp,2026-10-10T08:07:51.460982,0.38,5
f938f0cf-eb14-4a25-935a-9a20d64c0deb,https://www.autoscout24.it/annunci/f938f0cf-eb14-4a25-935a-9a20d64c0deb,it,Peugeot,208,,Peugeot 208Style Turbo benzina 100,14950,,False,,new,5000,,used,petrol,74,100,1199,,116,,manual,,FWD,Berlina,5,5,Nero,,,,,dealer,Dea Car srl,IT-10043 Orbassano  - Torino - TO,IT,2,https://prod.pictures.autoscout24.net/listing-images/f938f0cf-eb14-4a25-935a-9a20d64c0deb_cc2ca693-d4a4-4e93-b989-79937465c798.jpg/250x188.webp,2026-10-10T08:07:51.460991,2.99,
b4c7cfee-81b4-4908-9ec4-3c2c3ce034a9,https://www.autoscout24.it/annunci/b4c7cfee-81b4-4908-9ec4-3c2c3ce034a9,it,Opel,mokka,,Opel Mokka3295556033*1.2*t*Edition*PREZZO REALE!,9499,,False,2023,01-2023,99999,1,used,petrol,74,100,1199,,,,manual,,FWD,SUV/Fuoristrada/Pick-up,5,5,Bianco,,,,,dealer,Fourwheels Srl,IT-20831 Seregno - Monza Brianza - Mb,IT,2,https://prod.pictures.autoscout24.net/listing-images/b4c7cfee-81b4-4908-9ec4-3c2c3ce034a9_a49e5346-56ea-4126-957f-b8a4e18fa90f.jpg/250x188.webp,2026-10-10T08:07:51.460999,0.09,3
390c6ca2-65b2-48fa-9fd6-f5fefc4eddf5,https://www.autoscout24.it/annunci/390c6ca2-65b2-48fa-9fd6-f5fefc4eddf5,it,Hyundai,i30,,Hyundai i301.0 T-GDI iMT 48V 5 porte Prime 2023 *BERLINA,12499,,False,2023,05-2023,93511,,used,hybrid,88,119,998,,,5.0,manual,,FWD,Berlina,5,5,Argento,,,,,dealer,TM Wagen Firenze srl,IT-50142 Firenze - FI,IT,2,https://prod.pictures.autoscout24.net/listing-images/390c6ca2-65b2-48fa-9fd6-f5fefc4eddf5_12e65a52-6e59-4984-9d3e-0e0a10d44099.jpg/250x188.webp,2026-10-10T08:07:51.461006,0.13,3
bf81011d-b7c0-4366-b348-28356c9cd363,https://www.autoscout24.it/annunci/bf81011d-b7c0-4366-b348-28356c9cd363,it,Toyota,yaris,,Toyota Yaris1.6 Circuit *PROMOZIONE!!,31999,,False,2022,11-2022,33000,,used,petrol,192,261,1618,,184,,automatic,,AWD,Berlina,3,,Bianco,,,,,dealer,Cambio Auto FG,IT-20094 Corsico,IT,2,https://prod.pictures.autoscout24.net/listing-images/bf81011d-b7c0-4366-b348-28356c9cd363_6637503f-9372-4253-8607-e701837ea6eb.jpg/250x188.webp,2026-10-10T08:07:51.461022,0.97,4
af5cbbf5-8859-4c2b-8c52-1dde97d4f4a2,https://www.autoscout24.it/annunci/af5cbbf5-8859-4c2b-8c52-1dde97d4f4a2,it,Mazda,cx-5,,Mazda CX-52.2L Skyactiv-D 150 CV 2WD Homura,17850,,False,2021,09-2021,81249,,used,diesel,110,150,2191,,,,automatic,,FWD,SUV/Fuoristrada/Pick-up,5,5,Blu/Azzurro,,,,,dealer,Pastorello Srl,IT-38123 Trento - Tn,IT,2,https://prod.pictures.autoscout24.net/listing-images/af5cbbf5-8859-4c2b-8c52-1dde97d4f4a2_855dd53f-1f85-4294-925b-165fa29ce619.jpg/250x188.webp,2026-10-10T08:07:51.461030,0.22,5
46571d98-7e6e-41f0-9844-e7e1dc9deacd,https://www.autoscout24.it/annunci/46571d98-7e6e-41f0-9844-e7e1dc9deacd,it,Audi,q3,,Audi Q335 TDI 150CV S-TRONIC BUSINESS PLUS,26800,,False,2020,07-2020,118686,,used,diesel,110,150,,,,,automatic,,FWD,SUV/Fuoristrada/Pick-up,,,Rosso,,,,,dealer,Team Beschi Auto Srl,IT-25017 Lonato del Garda  - Bs,IT,2,https://prod.pictures.autoscout24.net/listing-images/46571d98-7e6e-41f0-9844-e7e1dc9deacd_1b924db9-0d93-4a81-b233-6e2f3d014145.jpg/250x188.webp,2026-10-10T08:07:51.461038,0.23,6
61699d07-ea46-4c04-9517-65b7c1cbcd42,https://www.autoscout24.it/annunci/61699d07-ea46-4c04-9517-65b7c1cbcd42,it,Fiat,tipo,,Fiat TipoTipo 1.4 Neopatentati Euro 6,6950,,False,2018,09-2018,56000,,used,petrol,70,95,1368,,151,,manual,,FWD,Berlina,5,5,Grigio,,,,,dealer,AM Solution,IT-20158 Milano - MI,IT,2,https://prod.pictures.autoscout24.net/listing-images/61699d07-ea46-4c04-9517-65b7c1cbcd42_e38b1dea-b0f1-4ce0-9552-38d6f18d559f.jpg/250x188.webp,2026-10-10T08:07:51.461053,0.12,8
3d8a762e-b676-42d0-994d-1511d870d0fc,https://www.autoscout24.it/annunci/3d8a762e-b676-42d0-994d-1511d870d0fc,it,Jeep,compass,,Jeep CompassNUOVA COMPASS E-HYBRID ALTITUDE 1.2 145CV DCT,30900,,False,2026,10-2026,10,,new,hybrid,106,145,1198,,,,automatic,,FWD,SUV/Fuoristrada/Pick-up,,5,Marrone,,,,,dealer,Nuova AutoAlpina Torino,IT-10155 Torino-TO,IT,2,https://prod.pictures.autoscout24.net/listing-images/3d8a762e-b676-42d0-994d-1511d870d0fc_3b330c37-7aac-4089-89f8-445b075c5ca2.jpg/250x188.webp,2026-10-10T08:07:51.461061,3090.0,0
e97fa22e-b71d-4979-86a0-b01576f42d32,https://www.autoscout24.it/annunci/e97fa22e-b71d-4979-86a0-b01576f42d32,it,Alfa Romeo,stelvio,,Alfa Romeo StelvioStelvio 2020 2.2 t Veloce Q4 210cv auto,28900,,False,2021,09-2021,58000,1,used,diesel,154,210,2143,,,,automatic,,AWD,SUV/Fuoristrada/Pick-up,5,5,Blu/Azzurro,,,,,dealer,Tnc Autoveicoli di Brita sas di D'Amato Davide & C,IT-22066 Cascina La Valle - Como - CO,IT,2,https://prod.pictures.autoscout24.net/listing-images/e97fa22e-b71d-4979-86a0-b01576f42d32_c9f59884-7093-43d6-a0c7-b5634944a5f7.jpg/250x188.webp,2026-10-10T08:07:51.461068,0.5,5
8a1f397f-46ef-445c-ba2f-8219919a001a,https://www.autoscout24.it/annunci/8a1f397f-46ef-445c-ba2f-8219919a001a,it,Peugeot,2008,,Peugeot 20082008 1.5 bluehdi GT s&s 130cv eat8 autocarro N1,14890,,False,2023,02-2023,46073,,used,diesel,95,130,1499,,126,,automatic,,FWD,SUV/Fuoristrada/Pick-up,5,5,Grigio,,,,,dealer,Autostile  spa,IT-42019 Scandiano -  Reggio Emilia,IT,2,https://prod.pictures.autoscout24.net/listing-images/8a1f397f-46ef-445c-ba2f-8219919a001a_1384e485-9a61-42bf-a7a6-5fe0b594ab96.jpg/250x188.webp,2026-10-10T08:07:51.461076,0.32,3
e5e7fa8d-a439-4c46-8f49-50356f9ca81d,https://www.autoscout24.it/annunci/e5e7fa8d-a439-4c46-8f49-50356f9ca81d,it,Cupra,terramar,,CUPRA Terramar1.5 e-hybrid 204cv dsg,30900,,False,2025,01-2025,30915,1,used,hybrid,150,204,1498,,10,,automatic,,FWD,SUV/Fuoristrada/Pick-up,5,5,Blu/Azzurro,,,,,dealer,Autostar Flaminia Spa,IT-00138 Roma - RM,IT,2,https://prod.pictures.autoscout24.net/listing-images/e5e7fa8d-a439-4c46-8f49-50356f9ca81d_0bc86808-a77a-480d-8e05-8180f73f062b.jpg/250x188.webp,2026-10-10T08:07:51.461084,1.0,1
9189d02c-dd2f-488d-8618-471fcf1fa601,https://www.autoscout24.it/annunci/9189d02c-dd2f-488d-8618-471fcf1fa601,it,Jeep,compass,,Jeep Compass1.3 Turbo T4 190 CV PHEV AT6 4xe Limited,16450,,False,2021,08-2021,60186,1,used,hybrid,139,190,1332,,44,,automatic,,AWD,SUV/Fuoristrada/Pick-up,5,5,Blu/Azzurro,,,,,dealer,Treviglio Auto Srl,IT-20062 Cassano d' Adda - Milano - MI,IT,2,https://prod.pictures.autoscout24.net/listing-images/9189d02c-dd2f-488d-8618-471fcf1fa601_dd56dc1e-184b-4f55-8495-8d27e12dd8a7.jpg/250x188.webp,2026-10-10T08:07:51.461148,0.27,5
d0ea1bb9-9e47-4006-907f-19aaae7a73f9,https://www.autoscout24.it/annunci/d0ea1bb9-9e47-4006-907f-19aaae7a73f9,it,Volkswagen,t6 multivan,,Volkswagen T6 MultivanT6.1 2.0 TDI 4MOTION 150cv GANCIO,48750,,False,2021,06-2021,78000,,used,diesel,110,150,1968,,,,manual,,AWD,Monovolume,4,7,Rosso,,,,,dealer,Genesis Srl,IT-36051 Creazzo - Vicenza - Vi,IT,2,https://prod.pictures.autoscout24.net/listing-images/d0ea1bb9-9e47-4006-907f-19aaae7a73f9_8b6052ad-dc50-4070-9f39-35f9dc415db5.jpg/250x188.webp,2026-10-10T08:07:51.461156,0.62,5
6e832392-50c3-4ab9-9eb4-3fa196d2d503,https://www.autoscout24.it/annunci/6e832392-50c3-4ab9-9eb4-3fa196d2d503,it,Geely,starray em-i,,Geely Starray EM-i1.5 phev Launch Edition auto,29500,,False,2026,07-2026,1,,new,hybrid,53,73,1499,,,,automatic,,FWD,SUV/Fuoristrada/Pick-up,5,5,Grigio,,,,,dealer,Boxautomobili di Dalan Alberto,IT-35011 Campodarsego - Padova - Pd,IT,2,https://prod.pictures.autoscout24.net/listing-images/6e832392-50c3-4ab9-9eb4-3fa196d2d503_70e1eba9-b9f3-4419-99fd-dd372fa087d8.jpg/250x188.webp,2026-10-10T08:07:51.461164,29500.0,0
50e41e45-6f11-422d-a730-9e9c25061bba,https://www.autoscout24.it/annunci/50e41e45-6f11-422d-a730-9e9c25061bba,it,BMW,218,,BMW 218d Gran Coupe Msport Exterior,26800,,False,2021,10-2021,77000,1,used,diesel,110,149,1995,,,,automatic,,FWD,Coupé,4,5,Nero,,,,,dealer,Centroauto di  Analini Iris,IT-46010 Curtatone - Mantova - Mn,IT,2,https://prod.pictures.autoscout24.net/listing-images/50e41e45-6f11-422d-a730-9e9c25061bba_0211aab3-d7b1-4fb6-a099-1628fc041b42.jpg/250x188.webp,2026-10-10T08:07:51.461179,0.35,5
bd64f9ca-3942-4232-aa5b-c482f2474aa9,https://www.autoscout24.it/annunci/bd64f9ca-3942-4232-aa5b-c482f2474aa9,it,Skoda,fabia,,Skoda Fabia1.0 TSI EVO DSG 115 CV Monte Carlo,17500,,False,2026,05-2026,9500,1,used,petrol,84,115,999,,118,,semiautomatico,,FWD,Berlina,5,5,Nero,,,,,dealer,Pubblicauto Verbania,IT-28922 Verbania,IT,2,https://prod.pictures.autoscout24.net/listing-images/bd64f9ca-3942-4232-aa5b-c482f2474aa9_53a3542e-df05-4410-99e2-b713aff6228e.jpg/250x188.webp,2026-10-10T08:07:51.461187,1.84,0
f55e342a-c6a9-43ac-a7d7-588b1a984790,https://www.autoscout24.it/annunci/f55e342a-c6a9-43ac-a7d7-588b1a984790,it,Alfa Romeo,stelvio,,Alfa Romeo Stelvio2.2 t Business 160cv auto N1 - STORICO,12900,,False,2022,03-2022,170000,1,used,diesel,117,160,2143,,,,automatic,,€ 0,SUV/Fuoristrada/Pick-up,5,5,Grigio,,,,,dealer,LA Motors Srls,IT-00151 Roma,IT,2,https://prod.pictures.autoscout24.net/listing-images/f55e342a-c6a9-43ac-a7d7-588b1a984790_a6a9fca3-ff79-4102-9497-8305c0a0d3a6.jpg/250x188.webp,2026-10-10T08:07:51.461195,0.08,4
e937a666-b091-4527-877d-db5fd3ecc29d,https://www.autoscout24.it/annunci/e937a666-b091-4527-877d-db5fd3ecc29d,it,Cupra,formentor,,CUPRA Formentor- Formentor 2.0 TSI DSG VZ,26800,,False,2023,01-2023,40592,,used,petrol,180,244,1984,,,,automatic,,FWD,SUV/Fuoristrada/Pick-up,5,5,Nero,,,,,dealer,F.lli Cozzi Spa,IT-20025 Legnano - Milano - Mi,IT,2,https://prod.pictures.autoscout24.net/listing-images/e937a666-b091-4527-877d-db5fd3ecc29d_1b177c86-0e34-422f-b80a-719fb2b57e83.jpg/250x188.webp,2026-10-10T08:07:51.461202,0.66,3
3ff25e0b-e359-461d-ae61-5f8202918b2b,https://www.autoscout24.it/annunci/3ff25e0b-e359-461d-ae61-5f8202918b2b,it,Cupra,formentor,,CUPRA FormentorFormentor 1.5 hybrid 150cv dsg VARI COLORE E,29900,,False,2025,12-2025,12900,,used,hybrid,110,150,1498,,,,automatic,,€ 0,SUV/Fuoristrada/Pick-up,5,5,Grigio,,,,,dealer,Race Car Cremona srl,IT-26025 Pandino - CR,IT,2,https://prod.pictures.autoscout24.net/listing-images/3ff25e0b-e359-461d-ae61-5f8202918b2b_f3f366c8-da09-4772-9d79-bbbc0f1cf191.jpg/250x188.webp,2026-10-10T08:07:51.461210,2.32,1
316a48e0-0e28-465e-92c5-97d9590425ae,https://www.autoscout24.it/annunci/316a48e0-0e28-465e-92c5-97d9590425ae,it,Mg,zs,,MG ZSZS 1.5 Classic Luxury,13900,,False,2025,03-2025,23074,1,used,petrol,78,106,1498,,156,,manual,,FWD,SUV/Fuoristrada/Pick-up,5,5,Nero,,,,,dealer,CLD Auto Srl,IT-10147 Torino,IT,2,https://prod.pictures.autoscout24.net/listing-images/316a48e0-0e28-465e-92c5-97d9590425ae_e58bfdcc-4ea0-45a7-99a5-b02a721758b6.jpg/250x188.webp,2026-10-10T08:07:51.461217,0.6,1
165c6ff5-2cfd-4f72-b355-cc28f1e3765d,https://www.autoscout24.it/annunci/165c6ff5-2cfd-4f72-b355-cc28f1e3765d,it,Renault,clio,,Renault ClioClio 1.8 full hybrid E-Tech Esprit Alpine 160cv,23600,,False,2026,07-2026,2063,1,used,hybrid,117,160,1789,,,,automatic,,FWD,Berlina,5,5,Bianco,,,,,dealer,Perconti Auto srl,IT-00169 Roma-Rm,IT,2,https://prod.pictures.autoscout24.net/listing-images/165c6ff5-2cfd-4f72-b355-cc28f1e3765d_319d18c1-9dfe-463c-8d58-6509e0cddbf0.jpg/250x188.webp,2026-10-10T08:07:51.461225,11.44,0
f2d89365-d717-419e-a8cb-0ad7a423ef76,https://www.autoscout24.it/annunci/f2d89365-d717-419e-a8cb-0ad7a423ef76,it,Volkswagen,t-roc,,Volkswagen T-Roc1.5 tsi r-line dsg,23400,,False,2024,05-2024,45200,,used,petrol,110,149,1498,,138,,automatic,,FWD,SUV/Fuoristrada/Pick-up,5,5,Grigio,,,,,dealer,Scarabel Spa,IT-35129 Padova - Pd,IT,3,https://prod.pictures.autoscout24.net/listing-images/f2d89365-d717-419e-a8cb-0ad7a423ef76_cec66742-317f-40a2-bd57-9eb5500e8099.jpg/250x188.webp,2026-10-10T08:07:51.461252,0.52,2
8154e890-2a4a-43c6-ac64-5cd1bb41a0f1,https://www.autoscout24.it/annunci/8154e890-2a4a-43c6-ac64-5cd1bb41a0f1,it,BMW,118,,BMW 118i 5p. Business Advantage,18900,,False,2023,12-2023,21500,1,used,petrol,100,136,1499,,129,,automatic,,FWD,Berlina,5,5,Nero,,,,,dealer,Automobile Torino srl,IT-10034 Chivasso - Torino,IT,2,https://prod.pictures.autoscout24.net/listing-images/8154e890-2a4a-43c6-ac64-5cd1bb41a0f1_471a2936-168f-422b-98a3-1a60ba725d13.jpg/250x188.webp,2026-10-10T08:07:51.461261,0.88,3
d49a1afa-3b0c-43b6-b2e3-fdd814ef38f2,https://www.autoscout24.it/annunci/d49a1afa-3b0c-43b6-b2e3-fdd814ef38f2,it,Porsche,cayman,,Porsche Cayman718 - 300cv PDK - 5800km - Ufficiale italiana,86500,,False,2023,11-2023,5800,,used,petrol,220,300,1988,,,,automatic,,RWD,Coupé,2,2,Tipo di verniceMetallizzato,,,,,dealer,SavioAuto Srl,IT-25104 Castenedolo - Brescia -BS,IT,2,https://prod.pictures.autoscout24.net/listing-images/d49a1afa-3b0c-43b6-b2e3-fdd814ef38f2_db0cb277-7348-47e3-981f-73ad81d5c950.jpg/250x188.webp,2026-10-10T08:07:51.461277,14.91,3
324c933a-9750-4918-ad62-75e15ba9b783,https://www.autoscout24.it/annunci/324c933a-9750-4918-ad62-75e15ba9b783,it,Mini,john cooper works countryman,,MINI John Cooper Works Countryman2.0 JCW JCW auto,26000,,False,2022,08-2022,44746,,used,petrol,225,306,1998,,,,automatic,,AWD,SUV/Fuoristrada/Pick-up,5,5,Nero,,,,,dealer,BYmyCAR Milano,IT-20097 San Donato Milanese - Milano - MI,IT,2,https://prod.pictures.autoscout24.net/listing-images/324c933a-9750-4918-ad62-75e15ba9b783_708ed2f0-ece7-4e30-a1ad-b7b8cd9c0c33.jpg/250x188.webp,2026-10-10T08:07:51.461284,0.58,4
1843ae2e-4c53-4a97-a5d8-aa4dfe687655,https://www.autoscout24.it/annunci/1843ae2e-4c53-4a97-a5d8-aa4dfe687655,it,BMW,220,,BMW 220 48V MSport auto CERCHI 19 - LED - NAVI,32900,,False,2025,04-2025,18850,,used,hybrid,91,125,1499,,,,automatic,,FWD,Berlina,4,5,Nero,,,,,dealer,Gruppo Carmeli SpA,IT-24124 Bergamo - BG,IT,2,https://prod.pictures.autoscout24.net/listing-images/1843ae2e-4c53-4a97-a5d8-aa4dfe687655_2f808dd2-3db1-4363-8b60-5d999419d842.jpg/250x188.webp,2026-10-10T08:07:51.461292,1.75,1
9ef1537d-88da-48a9-912d-a9036e2e5bf2,https://www.autoscout24.it/annunci/9ef1537d-88da-48a9-912d-a9036e2e5bf2,it,BMW,x6 m,,BMW X6 MX6 M F86 4.4 auto,57500,,False,2019,06-2019,34000,,used,petrol,423,575,4395,,,,semiautomatico,,€ 190,SUV/Fuoristrada/Pick-up,5,5,Tipo di verniceAltro,,,,,dealer,Center Auto srls,IT-13030 Caresanablot - Vercelli - VC,IT,2,https://prod.pictures.autoscout24.net/listing-images/9ef1537d-88da-48a9-912d-a9036e2e5bf2_f9339dff-1697-4f58-958e-3e3a2d21867e.jpg/250x188.webp,2026-10-10T08:07:51.461300,1.69,7
2142993e-16fe-44aa-be8b-6025d1b80f9c,https://www.autoscout24.it/annunci/2142993e-16fe-44aa-be8b-6025d1b80f9c,it,Peugeot,308,,PEUGEOT 308 III 2021 1.2 puretech t Allure s *PROMOZIONE!,12999,,False,2023,02-2023,67000,1,used,petrol,70,96,1199,,,,manual,,FWD,Berlina,5,5,Grigio,,,,,dealer,Cambio Auto FG,IT-20094 Corsico,IT,2,https://prod.pictures.autoscout24.net/listing-images/2142993e-16fe-44aa-be8b-6025d1b80f9c_bd58a96e-be93-441f-b184-03ad2c321b75.jpg/250x188.webp,2026-10-10T08:07:51.461307,0.19,3
07097b9a-28ac-46b0-ae6a-fb1cd6fcf9b1,https://www.autoscout24.it/annunci/07097b9a-28ac-46b0-ae6a-fb1cd6fcf9b1,it,Volkswagen,golf gti,,Volkswagen Golf GTIGolf VIII 2021 2.0 tsi 245cv dsg PREZZO,24500,,False,2021,06-2021,89000,,used,petrol,180,245,1984,,,,automatic,,FWD,Berlina,5,5,Bianco,,,,,dealer,Wrc Auto Srl,IT-22070 Bulgarograsso,IT,2,https://prod.pictures.autoscout24.net/listing-images/07097b9a-28ac-46b0-ae6a-fb1cd6fcf9b1_eb9bb1ad-8b38-464e-945d-131b2760bc88.jpg/250x188.webp,2026-10-10T08:07:51.461315,0.28,5
fa927876-8f5f-4425-bc4a-0273eb3b6370,https://www.autoscout24.it/annunci/fa927876-8f5f-4425-bc4a-0273eb3b6370,it,BMW,118,,BMW 118i 1.5 136CV MSport 5p,17864,,False,2019,02-2019,93558,,used,petrol,99,136,1499,,131,,automatic,,RWD,Berlina,5,5,Nero,,,,,dealer,Rattix Srl - Ratti Auto,IT-23890 Barzago - Lecco - Lc,IT,2,https://prod.pictures.autoscout24.net/listing-images/fa927876-8f5f-4425-bc4a-0273eb3b6370_6a63910d-4452-4c16-a013-4833fa02c1b9.jpg/250x188.webp,2026-10-10T08:07:51.461324,0.19,7
ed0ab4ed-2852-4426-ba6f-142366f6bce5,https://www.autoscout24.it/annunci/ed0ab4ed-2852-4426-ba6f-142366f6bce5,it,BMW,x2,,BMW X2X2 xdrive25e Business X auto,22500,,False,2023,02-2023,46483,,used,hybrid,92,125,1499,,,,automatic,,AWD,SUV/Fuoristrada/Pick-up,5,5,Bianco,,,,,dealer,Gruppo Veloccia S.R.L.,IT-00128 Roma - RM,IT,2,https://prod.pictures.autoscout24.net/listing-images/ed0ab4ed-2852-4426-ba6f-142366f6bce5_de600f48-1f4e-4d4c-9cb8-2c14e1d4a9f5.jpg/250x188.webp,2026-10-10T08:07:51.461331,0.48,3
00e89172-76b5-4415-9ac3-abc1c8365dc0,https://www.autoscout24.it/annunci/00e89172-76b5-4415-9ac3-abc1c8365dc0,it,Audi,q3,,Audi Q3SPB Sportback 35 TDI S tronic S line edition,38899,,False,2025,06-2025,33578,1,used,diesel,110,149,1968,,124,,automatic,,FWD,SUV/Fuoristrada/Pick-up,5,5,Grigio,,,,,dealer,Auto Simeone Srl,IT-72012 Carovigno - Brindisi - Br,IT,2,https://prod.pictures.autoscout24.net/listing-images/00e89172-76b5-4415-9ac3-abc1c8365dc0_2ba87814-f323-45e9-b130-7d77f1ef528f.jpg/250x188.webp,2026-10-10T08:07:51.461339,1.16,1
9fe16811-041f-411b-8864-40e7455712bc,https://www.autoscout24.it/annunci/9fe16811-041f-411b-8864-40e7455712bc,it,Jaguar,f-pace,,Jaguar F-Pace2.0d i4 Prestige awd 180cv auto my18,9500,,False,2018,03-2018,132000,,used,diesel,132,180,1999,,139,,automatic,,AWD,SUV/Fuoristrada/Pick-up,5,5,,,,,,dealer,Bercar Srl,IT-37135 Cadidavid -Verona - VR,IT,2,https://prod.pictures.autoscout24.net/listing-images/9fe16811-041f-411b-8864-40e7455712bc_97911b4f-8c1c-4c96-b04b-dae25d0830d4.jpg/250x188.webp,2026-10-10T08:07:51.461347,0.07,8
bc6e92d2-41e8-4c60-8fd0-ad1cc38f639f,https://www.autoscout24.it/annunci/bc6e92d2-41e8-4c60-8fd0-ad1cc38f639f,it,Renault,clio,,Renault Clio1.6 E-Tech hybrid Zen 140cv auto my21,11400,,False,2021,06-2021,69900,,used,hybrid,102,140,1598,,,,automatic,,FWD,Berlina,5,5,Nero,,,,,dealer,TM Wagen Pistoia Srl,IT-51100 Pistoia - Pt,IT,2,https://prod.pictures.autoscout24.net/listing-images/bc6e92d2-41e8-4c60-8fd0-ad1cc38f639f_cfd5fed9-1428-4938-93d1-bade6a152951.jpg/250x188.webp,2026-10-10T08:07:51.461355,0.16,5
dfa1cf6c-6f3e-4274-9555-f1b39a25e717,https://www.autoscout24.it/annunci/dfa1cf6c-6f3e-4274-9555-f1b39a25e717,it,Peugeot,3008,,Peugeot 3008BlueHDi 130 S&S EAT8 GT,14900,,False,2023,02-2023,142130,,used,diesel,96,130,1499,,104,,automatic,,FWD,SUV/Fuoristrada/Pick-up,5,5,Grigio,,,,,dealer,QueenCar,IT-10044 Pianezza - Torino - To,IT,2,https://prod.pictures.autoscout24.net/listing-images/dfa1cf6c-6f3e-4274-9555-f1b39a25e717_10fc47e9-31a2-42d7-994a-229ee7d76163.jpg/250x188.webp,2026-10-10T08:07:51.461363,0.1,3
595c3888-2118-416d-80da-f65ca1c00fe5,https://www.autoscout24.it/annunci/595c3888-2118-416d-80da-f65ca1c00fe5,it,Peugeot,rifter,,Peugeot RifterRifter 1.5 bluehdi GT Line Long s&s 130cv,13700,,False,2019,04-2019,107000,,used,diesel,95,130,1499,,115,,automatic,,€ 0,Station wagon,5,7,Blu/Azzurro,,,,,dealer,Misiani Motors Srl,IT-45100 Rovigo - RO,IT,2,https://prod.pictures.autoscout24.net/listing-images/595c3888-2118-416d-80da-f65ca1c00fe5_9912ca34-4967-4c4f-9ac4-cc0fe274d428.jpg/250x188.webp,2026-10-10T08:07:51.461371,0.13,7
1df87bb5-f518-4a57-8181-e9f5bbdd47c9,https://www.autoscout24.it/annunci/1df87bb5-f518-4a57-8181-e9f5bbdd47c9,it,Skoda,kodiaq,,Skoda Kodiaq1.5 TSI ACT 7 posti Ambition,21300,,False,2022,05-2022,80000,,used,petrol,110,149,1498,,129,,manual,,FWD,SUV/Fuoristrada/Pick-up,5,7,Grigio,,,,,dealer,F.L.S. Srl (Foltran Auto),IT-30174 Zelarino – Venezia – Ve,IT,2,https://prod.pictures.autoscout24.net/listing-images/1df87bb5-f518-4a57-8181-e9f5bbdd47c9_a0297e88-910a-46ba-832c-e3f1556a9611.jpg/250x188.webp,2026-10-10T08:07:51.461379,0.27,4
25554eb3-c3af-4d22-ac86-8c65f2af1b43,https://www.autoscout24.it/annunci/25554eb3-c3af-4d22-ac86-8c65f2af1b43,it,Audi,a3,,Audi A3A3 SPB TDI 110 kW S tronic S line edition,31900,,False,2025,05-2025,17500,1,used,diesel,110,149,1968,,,,automatic,,FWD,Berlina,5,5,Grigio,,,,,dealer,Panoramauto Torino srl,IT-10156 Torino - To,IT,2,https://prod.pictures.autoscout24.net/listing-images/25554eb3-c3af-4d22-ac86-8c65f2af1b43_38df5f8b-72fc-4c40-b7dd-23e5ebb31373.jpg/250x188.webp,2026-10-10T08:07:51.461387,1.82,1
1cccbb7b-864e-450a-a1fc-e220f4f31c19,https://www.autoscout24.it/annunci/1cccbb7b-864e-450a-a1fc-e220f4f31c19,it,Opel,corsa,,Opel Corsa5 Porte 1.2  Edition,8100,,False,2023,03-2023,45840,1,used,petrol,55,74,1199,,,,manual,,FWD,Berlina,5,5,Argento,,,,,dealer,Romana Auto - Gruppo IVA Spa,IT-00146 Roma – RM,IT,2,https://prod.pictures.autoscout24.net/listing-images/1cccbb7b-864e-450a-a1fc-e220f4f31c19_fed24e84-4fc6-4f58-bb56-9afb4cc49493.jpg/250x188.webp,2026-10-10T08:07:51.461395,0.18,3
8f601035-3b85-4857-8b39-74fb75e89c89,https://www.autoscout24.it/annunci/8f601035-3b85-4857-8b39-74fb75e89c89,it,Jeep,avenger,,Jeep Avenger1.2 turbo Longitude fwd 100cv,18490,,False,2026,09-2026,10,,new,petrol,73,100,1199,,,,automatic,,FWD,SUV/Fuoristrada/Pick-up,5,5,Bianco,,,,,dealer,Nuova AutoAlpina Rivarolo Canavese,IT-20025 Rivarolo Canavese - Torino - TO,IT,2,https://prod.pictures.autoscout24.net/listing-images/8f601035-3b85-4857-8b39-74fb75e89c89_5836503c-aa9d-47f2-b9de-74821fd94bd3.jpg/250x188.webp,2026-10-10T08:07:51.461403,1849.0,0
6b822228-76f5-4df5-b54a-89c1bd6f5d3b,https://www.autoscout24.it/annunci/6b822228-76f5-4df5-b54a-89c1bd6f5d3b,it,Audi,q3,,Audi Q3Sportback 35 2.0 tdi Identity Black s-tronic -,42400,,False,2025,03-2025,29300,1,used,diesel,110,149,1968,,,,automatic,,FWD,SUV/Fuoristrada/Pick-up,5,5,Grigio,,,,,dealer,"Gatti Sas di Gatti Giuseppina, Meroni L. & C.",IT-20831 Seregno - Monza Brianza - Mb,IT,2,https://prod.pictures.autoscout24.net/listing-images/6b822228-76f5-4df5-b54a-89c1bd6f5d3b_6e62b754-f1d6-4af8-9cbb-3811fbf7ade0.jpg/250x188.webp,2026-10-10T08:07:51.461410,1.45,1
f6a3bbb3-d040-475a-9343-2df16d092d82,https://www.autoscout24.it/annunci/f6a3bbb3-d040-475a-9343-2df16d092d82,it,Audi,a6 allroad,,Audi A6 allroadA6 Allroad 45 3.0 tdi mhev 48V quattro 231cv,32900,,False,2019,09-2019,70000,,used,diesel,169,231,2967,,198,,automatic,,AWD,Station wagon,5,5,Tipo di verniceAltro,,,,,dealer,Progetto Auto Srl,IT-47838 Riccione- RN,IT,2,https://prod.pictures.autoscout24.net/listing-images/f6a3bbb3-d040-475a-9343-2df16d092d82_e75fd14e-af90-49f6-9a50-ae9b7e474348.jpg/250x188.webp,2026-10-10T08:07:51.461418,0.47,7
10cb1ed4-eb8e-45d2-8e6e-83e62ddaa517,https://www.autoscout24.it/annunci/10cb1ed4-eb8e-45d2-8e6e-83e62ddaa517,it,Audi,a4,,Audi A4A4 Allroad 2.0 tdi Business Evolution 190cv,15500,,False,2018,12-2018,167000,1,used,diesel,139,190,1968,,130,,automatic,,AWD,Station wagon,5,5,Nero,,,,,dealer,MS Automobili Srl,IT-10143 Torino - To,IT,2,https://prod.pictures.autoscout24.net/listing-images/10cb1ed4-eb8e-45d2-8e6e-83e62ddaa517_e7f569a4-88ae-4bf3-8d3a-1dc23bc98bc2.jpg/250x188.webp,2026-10-10T08:07:51.461426,0.09,8
d1db78e9-9dda-44e4-8df8-33437aac8690,https://www.autoscout24.it/annunci/d1db78e9-9dda-44e4-8df8-33437aac8690,it,Land Rover,discovery sport,,Land Rover Discovery Sport1.5 I3 PHEV 309 CV AWD Auto,24900,,False,2023,02-2023,100000,1,used,hybrid,227,309,1497,,,2.0,automatic,,AWD,SUV/Fuoristrada/Pick-up,5,5,Grigio,,,,,dealer,,IT-37135 Verona - VR,IT,1,https://prod.pictures.autoscout24.net/listing-images/d1db78e9-9dda-44e4-8df8-33437aac8690_eae38661-7506-461a-b899-ec47be2874f6.jpg/250x188.webp,2026-10-10T08:07:51.461434,0.25,3
c70e356b-76bc-482e-becc-1c8597e4e1b2,https://www.autoscout24.it/annunci/c70e356b-76bc-482e-becc-1c8597e4e1b2,it,Alfa Romeo,stelvio,,Alfa Romeo Stelvio2.2 t Super Business Q4 190cv - UNIPRO -,13900,,False,2022,12-2022,150000,1,used,diesel,139,190,2143,,,,automatic,,Enthalten,SUV/Fuoristrada/Pick-up,5,5,Grigio,,,,,dealer,LA Motors Srls,IT-00151 Roma,IT,2,https://prod.pictures.autoscout24.net/listing-images/c70e356b-76bc-482e-becc-1c8597e4e1b2_c1896770-5f20-42ca-b000-4d19eb1c118b.jpg/250x188.webp,2026-10-10T08:07:51.461442,0.09,4
9d7449aa-86e2-41fc-bc85-2febbf643317,https://www.autoscout24.it/annunci/9d7449aa-86e2-41fc-bc85-2febbf643317,it,Toyota,gt86,,"Toyota GT862.0 Racing Edition my19 SCARICO SPORTIVO ,",28900,,False,2018,06-2018,70000,,used,petrol,108,147,1998,,,,manual,,RWD,Coupé,2,4,Blu/Azzurro,,,,,dealer,AutoDoc di Simone D'Oca,IT-29121 Piacenza - PC,IT,2,https://prod.pictures.autoscout24.net/listing-images/9d7449aa-86e2-41fc-bc85-2febbf643317_4d42e132-23a8-4cdb-9046-af09d683064c.jpg/250x188.webp,2026-10-10T08:07:51.461450,0.41,8
8e7d0a46-0cdf-4c8f-8e6e-1f1ca44c22e5,https://www.autoscout24.it/annunci/8e7d0a46-0cdf-4c8f-8e6e-1f1ca44c22e5,it,Peugeot,308,,Peugeot 3081.2 hybrid GT 145cv e-dcs 6 - PROMO,26990,,False,2026,01-2026,6970,,used,hybrid,106,145,1199,,,,automatic,,FWD,Berlina,5,5,Blu/Azzurro,,,,,dealer,Locauto Due Srl,IT-10151 Torino - To,IT,2,https://prod.pictures.autoscout24.net/listing-images/8e7d0a46-0cdf-4c8f-8e6e-1f1ca44c22e5_dca25607-43ca-4e73-8b91-0fe6fc97e528.jpg/250x188.webp,2026-10-10T08:07:51.461458,3.87,0
ed1ef5a3-45b3-43a4-8c7c-58d7357a037b,https://www.autoscout24.it/annunci/ed1ef5a3-45b3-43a4-8c7c-58d7357a037b,it,Omoda,7,,Omoda 7SHS-P 1.5 tgdi phev Premium *PROMO PERMUTA O,33890,,False,2026,09-2026,1,,new,hybrid,205,278,1499,,,,automatic,,Keine Angabe,SUV/Fuoristrada/Pick-up,5,5,Tipo di verniceMetallizzato,,,,,dealer,Cromus Car Group Srl,IT-20123 Cormano - Milano - MI,IT,2,https://prod.pictures.autoscout24.net/listing-images/ed1ef5a3-45b3-43a4-8c7c-58d7357a037b_c2b02c1b-52ab-4226-bcad-24f0cb927694.jpg/250x188.webp,2026-10-10T08:07:51.461466,33890.0,0
2d64cd3a-9e97-4344-b761-6c27c6a89768,https://www.autoscout24.it/annunci/2d64cd3a-9e97-4344-b761-6c27c6a89768,it,Volkswagen,tiguan,,Volkswagen Tiguan2.0 tdi Advanced 4motion 150cv dsg FARI,12900,,False,2018,04-2018,219000,1,used,diesel,110,150,1968,,,,automatic,,AWD,SUV/Fuoristrada/Pick-up,5,5,Nero,,,,,dealer,AutoDoc di Simone D'Oca,IT-29121 Piacenza - PC,IT,2,https://prod.pictures.autoscout24.net/listing-images/2d64cd3a-9e97-4344-b761-6c27c6a89768_db412123-a96f-47de-9cee-c25e62a3b07d.jpg/250x188.webp,2026-10-10T08:07:51.461474,0.06,8
bfe9ad92-9f77-4123-834d-1a89c7e6dc09,https://www.autoscout24.it/annunci/bfe9ad92-9f77-4123-834d-1a89c7e6dc09,it,Mercedes-Benz,cla 250,,Mercedes-Benz CLA 250Coupe e phev AMG Line Premium auto,32500,,False,2024,03-2024,43200,,used,hybrid,160,217,1332,,,,automatic,,FWD,Berlina,4,5,Altro,,,,,dealer,Autoabruzzo srl,IT-66020 San Giovanni Teatino - Sambuceto - Chieti - Ch,IT,2,https://prod.pictures.autoscout24.net/listing-images/bfe9ad92-9f77-4123-834d-1a89c7e6dc09_1392e529-cd40-4f8a-b781-7c87a9981eac.jpg/250x188.webp,2026-10-10T08:07:51.461482,0.75,2
f905b76c-275d-4ef5-894e-9820123376cd,https://www.autoscout24.it/annunci/f905b76c-275d-4ef5-894e-9820123376cd,it,Volvo,xc40,,Volvo XC402.0 d3 R-design,19900,,False,2020,01-2020,84670,1,used,diesel,110,149,1969,,,,manual,,FWD,SUV/Fuoristrada/Pick-up,5,5,Tipo di verniceAltroMaterialePelle scamosciata,,,,,dealer,NM Auto srl,IT-35143 Padova - PD,IT,2,https://prod.pictures.autoscout24.net/listing-images/f905b76c-275d-4ef5-894e-9820123376cd_49b6cb8f-9de6-49ab-a236-c0fae7199283.jpg/250x188.webp,2026-10-10T08:07:51.461489,0.24,6
96334b0c-8520-4acb-99d0-20ad00327cac,https://www.autoscout24.it/annunci/96334b0c-8520-4acb-99d0-20ad00327cac,it,Porsche,panamera,,Porsche Panamerasport turismo 2.9 4 e-hybrid auto,75800,,False,2022,01-2022,44860,,used,hybrid,249,340,2894,,49,,automatic,,AWD,Berlina,2,5,Nero,,,,,dealer,,IT-24124 Bergamo - Bg,IT,1,https://prod.pictures.autoscout24.net/listing-images/96334b0c-8520-4acb-99d0-20ad00327cac_61629229-9a8c-4cae-9a30-93f1ea0dde09.jpg/250x188.webp,2026-10-10T08:07:51.461497,1.69,4
d5b4dd0f-9ee5-4f9e-aa3d-940e3207eddb,https://www.autoscout24.it/annunci/d5b4dd0f-9ee5-4f9e-aa3d-940e3207eddb,it,Volkswagen,t-roc,,Volkswagen T-Roc1.5 eTSI DSG LIFE 116CV,28500,,False,2026,03-2026,1,1,new,hybrid,85,116,1498,,,,automatic,,FWD,SUV/Fuoristrada/Pick-up,5,5,Bianco,,,,,dealer,Car Outlet Milano srl,IT-20123 Cologno Monzese - Mi,IT,2,https://prod.pictures.autoscout24.net/listing-images/d5b4dd0f-9ee5-4f9e-aa3d-940e3207eddb_442abc8e-eba5-459b-a843-a21c52514d14.jpg/250x188.webp,2026-10-10T08:07:51.461514,28500.0,0
8587089f-3f14-4204-ae98-c2c7dbca1e45,https://www.autoscout24.it/annunci/8587089f-3f14-4204-ae98-c2c7dbca1e45,it,Audi,a4,,Audi A4Avant 40 2.0TFSI MHEV Business Advanced QUATTRO,23900,,False,2022,11-2022,92689,1,used,hybrid,150,204,1984,,141,,automatic,,AWD,Station wagon,5,5,Bianco,,,,,dealer,Autofriuli  srl,IT-33100 Udine - UD,IT,2,https://prod.pictures.autoscout24.net/listing-images/8587089f-3f14-4204-ae98-c2c7dbca1e45_35aa2854-f244-4c62-ba55-775eb6ef8893.jpg/250x188.webp,2026-10-10T08:07:51.461522,0.26,4
425d5a6b-b2e3-4b78-9061-b510b1f8ef3f,https://www.autoscout24.it/annunci/425d5a6b-b2e3-4b78-9061-b510b1f8ef3f,it,Volkswagen,golf,,Volkswagen GolfVIII 2021 1.0 tsi evo Life 110cv *IVA ESPOSTA,14999,,False,2021,03-2021,77000,,used,petrol,80,110,999,,,,manual,,FWD,Berlina,5,5,Blu/Azzurro,,,,,dealer,Checcacci - TM Wagen,IT-59100 Prato – Po,IT,2,https://prod.pictures.autoscout24.net/listing-images/425d5a6b-b2e3-4b78-9061-b510b1f8ef3f_859d0313-a924-4c40-adaf-d10711ef0899.jpg/250x188.webp,2026-10-10T08:07:51.461529,0.19,5
8251b231-a44c-4adc-a26e-7e25385bfe32,https://www.autoscout24.it/annunci/8251b231-a44c-4adc-a26e-7e25385bfe32,it,Mazda,3,,Mazda 33 IV 5 porte 5p 2.0 m-hybrid Exclusive 180cv 6at,19300,,False,2019,11-2019,74065,,used,hybrid,132,180,1998,,,,automatic,,FWD,Berlina,5,5,Grigio,,,,,dealer,Carozza Srl,IT-20060 Liscate - Mi,IT,2,https://prod.pictures.autoscout24.net/listing-images/8251b231-a44c-4adc-a26e-7e25385bfe32_a1eb1a4b-32dc-4d26-9aca-12d9fc8b7615.jpg/250x188.webp,2026-10-10T08:07:51.461537,0.26,7
de439b9d-424c-4668-a16c-cd03411563c4,https://www.autoscout24.it/annunci/de439b9d-424c-4668-a16c-cd03411563c4,it,Peugeot,508,,Peugeot 508sw 1.5 bluehdi gt s&s 130cv eat8,23900,,False,2024,02-2024,27945,1,used,diesel,95,130,1499,,135,,automatic,,FWD,Station wagon,5,5,Grigio,,,,,dealer,Blubay Spa,IT-57121 Livorno - LI,IT,2,https://prod.pictures.autoscout24.net/listing-images/de439b9d-424c-4668-a16c-cd03411563c4_9d9f8c1a-719e-46fa-9668-0988e73f484f.jpg/250x188.webp,2026-10-10T08:07:51.461553,0.86,2
11e2e9b0-ea9a-431b-9240-3b85c13b92ed,https://www.autoscout24.it/annunci/11e2e9b0-ea9a-431b-9240-3b85c13b92ed,it,Cupra,formentor,,CUPRA Formentor1.4 e-hybrid 204CV DSG,22990,,False,2023,03-2023,35000,1,used,hybrid,150,204,1395,,26,,automatic,,FWD,SUV/Fuoristrada/Pick-up,5,5,Bianco,,,,,dealer,Ultu Selection srl,IT-25035 Ospitaletto -  BS,IT,2,https://prod.pictures.autoscout24.net/listing-images/11e2e9b0-ea9a-431b-9240-3b85c13b92ed_94a569e5-c395-453f-b4a0-9b4ba3881d22.jpg/250x188.webp,2026-10-10T08:07:51.461561,0.66,3
2e76f203-9997-4cad-9ec1-e6f31b64cad0,https://www.autoscout24.it/annunci/2e76f203-9997-4cad-9ec1-e6f31b64cad0,it,Volkswagen,t-roc,,Volkswagen T-Roc1.0 TSI Business BlueMotion Technology,16900,,False,2021,09-2021,56160,,used,petrol,59,81,999,,119,,manual,,FWD,SUV/Fuoristrada/Pick-up,5,5,Bianco,,,,,dealer,Lor Cars srls,IT-35043 Monselice - Pd,IT,2,https://prod.pictures.autoscout24.net/listing-images/2e76f203-9997-4cad-9ec1-e6f31b64cad0_318e1c7d-df19-4ab7-9955-3f9bccb5199c.jpg/250x188.webp,2026-10-10T08:07:51.461570,0.3,5
607edeee-0e21-4d52-a97a-fc34792638d1,https://www.autoscout24.it/annunci/607edeee-0e21-4d52-a97a-fc34792638d1,it,Ford,tourneo custom,,Ford Tourneo Custom320 L1H1 2.0  170cv Auto Titanium AWD,38900,,False,2024,07-2024,50900,,used,diesel,124,170,1995,,210,,automatic,,AWD,Monovolume,4,8,Tipo di verniceAltroMaterialeAltro,,,,,dealer,Rossomandi Auto Srl,IT-37060 Sona - Verona - VR,IT,2,https://prod.pictures.autoscout24.net/listing-images/607edeee-0e21-4d52-a97a-fc34792638d1_2d5ff4e3-b019-4d40-8bfc-b7ec95dd1b63.png/250x188.webp,2026-10-10T08:07:51.461577,0.76,2
2836e4fa-0b40-4260-9b10-0f119f2796d1,https://www.autoscout24.it/annunci/2836e4fa-0b40-4260-9b10-0f119f2796d1,it,Audi,a4,,Audi A4Avant 40 2.0TDI Business Advanced QUATTRO 190CV,19400,,False,2019,10-2019,133283,1,used,diesel,139,190,1968,,154,,automatic,,AWD,Station wagon,5,5,Bianco,,,,,dealer,Autofriuli  srl,IT-33100 Udine - UD,IT,2,https://prod.pictures.autoscout24.net/listing-images/2836e4fa-0b40-4260-9b10-0f119f2796d1_57e165f5-9bb8-4764-b05c-28981bed9b6c.jpg/250x188.webp,2026-10-10T08:07:51.461585,0.15,7
11011b3a-1565-4d2f-a805-e5d29ffb9564,https://www.autoscout24.it/annunci/11011b3a-1565-4d2f-a805-e5d29ffb9564,it,Mg,mg3,,MG MG31.5 Hybrid+ 195CV COMFORT KM0,16500,,False,2026,07-2026,1,1,new,hybrid,143,195,1498,,100,,automatic,,FWD,Berlina,5,5,Nero,,,,,dealer,M.f. Motors Srl,IT-20141 Milano,IT,2,https://prod.pictures.autoscout24.net/listing-images/11011b3a-1565-4d2f-a805-e5d29ffb9564_2dd489fa-de22-4d12-8950-d36e0e46fbc5.jpg/250x188.webp,2026-10-10T08:07:51.461594,16500.0,0
5a904d5c-bb7c-444f-a3a1-66de0ba7cd79,https://www.autoscout24.it/annunci/5a904d5c-bb7c-444f-a3a1-66de0ba7cd79,it,Mini,cooper,,MINI Cooper1.5 TwinPower Turbo Cooper,17000,,False,2023,09-2023,28807,,used,petrol,100,136,1499,,,,automatic,,FWD,Berlina,3,4,Nero,,,,,dealer,BYmyCAR Milano,IT-20097 San Donato Milanese - Milano - MI,IT,2,https://prod.pictures.autoscout24.net/listing-images/5a904d5c-bb7c-444f-a3a1-66de0ba7cd79_185d44fc-af00-406b-a701-25d484ae4552.jpg/250x188.webp,2026-10-10T08:07:51.461601,0.59,3
36fafeeb-4caf-4be2-a7b0-323018ac689b,https://www.autoscout24.it/annunci/36fafeeb-4caf-4be2-a7b0-323018ac689b,it,Volkswagen,t-roc,,Volkswagen T-Roc1.5 eTSI DSG 7 marce,28700,,False,2026,01-2026,4500,1,used,petrol,85,115,1500,,138,,automatic,,FWD,Station wagon,5,5,Nero,,,,,dealer,Autodoc s.r.l.,IT-24060 Villongo - Bergamo,IT,2,https://prod.pictures.autoscout24.net/listing-images/36fafeeb-4caf-4be2-a7b0-323018ac689b_ce16d8d1-187c-482f-9e77-914d88701cd4.jpg/250x188.webp,2026-10-10T08:07:51.461617,6.38,0
6b83e908-50f9-4076-9bec-d6b8e8c5cea2,https://www.autoscout24.it/annunci/6b83e908-50f9-4076-9bec-d6b8e8c5cea2,it,Mini,cooper countryman,,MINI Cooper CountrymanCooper S E ALL4 4WD automatica,20900,,False,2022,03-2022,76400,,used,hybrid,162,220,1499,,40,,automatic,,Keine Angabe,Altro,5,5,Nero,,,,,dealer,A27 Srl,IT-31020 Villorba - Treviso - Tv,IT,2,https://prod.pictures.autoscout24.net/listing-images/6b83e908-50f9-4076-9bec-d6b8e8c5cea2_be03d042-ac2c-4771-ae30-1fd49689c669.jpg/250x188.webp,2026-10-10T08:07:51.461624,0.27,4
af0cea75-eb4d-4938-9caa-c0af480405c2,https://www.autoscout24.it/annunci/af0cea75-eb4d-4938-9caa-c0af480405c2,it,Tesla,model 3,,Tesla Model 3Standard rwd Plus,34990,,False,2024,06-2024,27000,,used,electric,88,119,,,0,,automatic,,RWD,Berlina,5,5,,,,,,dealer,Giofra Srl,IT-22070 Senna Comasco - Como - Co,IT,2,https://prod.pictures.autoscout24.net/listing-images/af0cea75-eb4d-4938-9caa-c0af480405c2_90221195-6ed9-495d-a9bf-26d70016db69.jpg/250x188.webp,2026-10-10T08:07:51.461632,1.3,2
368382f4-5790-493e-9c26-09f6d1752016,https://www.autoscout24.it/annunci/368382f4-5790-493e-9c26-09f6d1752016,it,Jaguar,e-pace,,Jaguar E-Pace2.0D 150 CV AWD aut. R-Dynamic S,14900,,False,2020,06-2020,145000,,used,diesel,110,150,1999,,158,,automatic,,AWD,SUV/Fuoristrada/Pick-up,5,5,Nero,,,,,dealer,Tieffe srl,IT-40138 Bologna,IT,2,https://prod.pictures.autoscout24.net/listing-images/368382f4-5790-493e-9c26-09f6d1752016_375d2a45-846a-41f9-94f4-511a962b30ed.jpg/250x188.webp,2026-10-10T08:07:51.461639,0.1,6
70c82c22-d4d0-4c96-a711-72f78d085169,https://www.autoscout24.it/annunci/70c82c22-d4d0-4c96-a711-72f78d085169,it,Ford,focus,,Ford FocusFocus V 2018 1.5 ecoblue ST-Line s,13000,,False,2021,09-2021,78413,1,used,diesel,88,119,1499,,,,manual,,FWD,Berlina,5,5,Blu/Azzurro,,,,,dealer,GT Motor Spa,IT-16165 Genova - Ge,IT,2,https://prod.pictures.autoscout24.net/listing-images/70c82c22-d4d0-4c96-a711-72f78d085169_bfffab82-fbb9-4d1f-b529-db8bf8d52a5e.jpg/250x188.webp,2026-10-10T08:07:51.461647,0.17,5
f844bbdf-e942-42a3-8111-0f867ea8b18d,https://www.autoscout24.it/annunci/f844bbdf-e942-42a3-8111-0f867ea8b18d,it,Hyundai,kona,,Hyundai KONAHEV 1.6 DCT XPRIME,14500,,False,2020,09-2020,64577,2,used,hybrid,77,104,1580,,114,,automatic,,FWD,SUV/Fuoristrada/Pick-up,5,5,Grigio,,,,,dealer,Barchetti Auto D’Occasione_Lombardia,IT-25124 Brescia,IT,2,https://prod.pictures.autoscout24.net/listing-images/f844bbdf-e942-42a3-8111-0f867ea8b18d_806ef769-7931-4feb-8204-c8685c134254.jpg/250x188.webp,2026-10-10T08:07:51.461655,0.22,6
b2432af9-e659-459f-b7bf-a0a1b1d33f72,https://www.autoscout24.it/annunci/b2432af9-e659-459f-b7bf-a0a1b1d33f72,it,Audi,a3,,Audi A3A3 Sportback 1.5 tfsi mhev S line edition 150cv,37890,,False,2026,06-2026,7788,1,used,hybrid,110,150,1498,,,,automatic,,FWD,Berlina,5,5,Nero,,,,,dealer,Automotiva by Lunica Motors srl,IT-10072 Caselle Torinese - TO,IT,2,https://prod.pictures.autoscout24.net/listing-images/b2432af9-e659-459f-b7bf-a0a1b1d33f72_abc1f344-ffca-48a4-8685-4521cc1468d0.jpg/250x188.webp,2026-10-10T08:07:51.461663,4.87,0
f8fa60f3-309e-42f5-94c3-971640232af0,https://www.autoscout24.it/annunci/f8fa60f3-309e-42f5-94c3-971640232af0,it,Lancia,ypsilon,,Lancia Ypsilon1.2 Turbo 100 100cv,15900,,False,2026,10-2026,1000,,used,petrol,73,100,1199,,,,manual,,FWD,Berlina,5,5,Blu/Azzurro,,,,,dealer,Nuova AutoAlpina Torino,IT-10155 Torino-TO,IT,2,https://prod.pictures.autoscout24.net/listing-images/f8fa60f3-309e-42f5-94c3-971640232af0_1456f4f2-b5de-45e5-afaf-6d42c18940a0.jpg/250x188.webp,2026-10-10T08:07:51.461671,15.9,0
52e851bc-8e6f-402f-aa69-79ea8525896d,https://www.autoscout24.it/annunci/52e851bc-8e6f-402f-aa69-79ea8525896d,it,Volvo,xc40,,Volvo XC40T5 Recharge Plug-in Hybrid automatico Core,23900,,False,2023,01-2023,50000,,used,hybrid,97,132,1477,,41,,automatic,,FWD,SUV/Fuoristrada/Pick-up,5,5,Grigio,,,,,dealer,Alfa Car,IT-24035 Curno - Bergamo - Bg,IT,2,https://prod.pictures.autoscout24.net/listing-images/52e851bc-8e6f-402f-aa69-79ea8525896d_46f8be55-5b64-4563-b2ed-78a376a204b7.jpg/250x188.webp,2026-10-10T08:07:51.461679,0.48,3
25abc8c7-adc8-4d54-8c60-57dfb21fdba9,https://www.autoscout24.it/annunci/25abc8c7-adc8-4d54-8c60-57dfb21fdba9,it,Porsche,cayenne,,Porsche CayenneCayenne Coupe 2023 Coupe 3.0 5p.ti tiptronic,84600,,False,2023,10-2023,77000,,used,petrol,191,260,2995,,,,automatic,,AWD,SUV/Fuoristrada/Pick-up,5,5,Nero,,,,,dealer,Pwp srl,IT-66020 San Giovanni Teatino,IT,2,https://prod.pictures.autoscout24.net/listing-images/25abc8c7-adc8-4d54-8c60-57dfb21fdba9_0f8165e8-5cf4-46b2-a812-bf7239d5caa8.jpg/250x188.webp,2026-10-10T08:07:51.461741,1.1,3
756091f7-fd1f-423d-bdde-9b5b65586056,https://www.autoscout24.it/annunci/756091f7-fd1f-423d-bdde-9b5b65586056,it,Volkswagen,taigo,,Volkswagen Taigo- Taigo 1.0 TSI 110 CV DSG R-Line,18500,,False,2022,05-2022,14586,,used,petrol,80,110,999,,,,automatic,,FWD,SUV/Fuoristrada/Pick-up,5,5,Nero,,,,,dealer,F.lli Cozzi Spa,IT-20025 Legnano - Milano - Mi,IT,2,https://prod.pictures.autoscout24.net/listing-images/756091f7-fd1f-423d-bdde-9b5b65586056_6466bf98-b2e8-498b-96fb-9eb83332bb92.jpg/250x188.webp,2026-10-10T08:07:51.461749,1.27,4
59b845c3-8da4-46de-a62a-0f51b7971c69,https://www.autoscout24.it/annunci/59b845c3-8da4-46de-a62a-0f51b7971c69,it,Fiat,500x,,Fiat 500X1.6 mjt Business 4x2 120cv con garanzia 12-48 M,10990,,False,2020,05-2020,96000,2,used,diesel,88,120,1598,,,,manual,,FWD,Station wagon,5,5,Blu/Azzurro,,,,,dealer,M-M Motors Brescia Est di LMI Solution Srl,IT-25081 Bedizzole - Brescia - BS,IT,2,https://prod.pictures.autoscout24.net/listing-images/59b845c3-8da4-46de-a62a-0f51b7971c69_66ac98fb-4913-4ac8-8d88-a664dc9eefff.jpg/250x188.webp,2026-10-10T08:07:51.461756,0.11,6
b65596ce-36ce-4c7b-a332-f33371629602,https://www.autoscout24.it/annunci/b65596ce-36ce-4c7b-a332-f33371629602,it,Ford,tourneo custom,,Ford Tourneo Custom320 2.0 EcoBlue 136CV PL 9POSTI Titanium,32800,,False,2024,05-2024,600,,used,diesel,99,136,,,,,manual,,FWD,Monovolume,4,9,Bianco,,,,,dealer,Autovignolese Srl,IT-41058 Vignola - Modena - Mo,IT,2,https://prod.pictures.autoscout24.net/listing-images/b65596ce-36ce-4c7b-a332-f33371629602_e2dd46e7-285e-4879-b6ed-d20f078cea3f.jpg/250x188.webp,2026-10-10T08:07:51.461764,54.67,2
57616e82-fab8-45ad-8fda-51e815014d2d,https://www.autoscout24.it/annunci/57616e82-fab8-45ad-8fda-51e815014d2d,it,Toyota,yaris,,Toyota YarisIVA ESPOSTA TOTAL BLACK CIRCUIT IN SEDE,29900,,False,2021,10-2021,73900,,used,petrol,192,261,1618,,184,,manual,,AWD,City car,3,4,Nero,,,,,dealer,Gotti Auto Srl,IT-24069 San Paolo D'Argon - Bergamo,IT,2,https://prod.pictures.autoscout24.net/listing-images/57616e82-fab8-45ad-8fda-51e815014d2d_f1836851-efa5-4b33-8655-ab82d583d12b.jpg/250x188.webp,2026-10-10T08:07:51.461771,0.4,5
539b64ab-6407-4bb6-802e-cf3bc4072a0a,https://www.autoscout24.it/annunci/539b64ab-6407-4bb6-802e-cf3bc4072a0a,it,Audi,q3,,Audi Q340 2.0 TDI 200Cv quattro S line Plus S-Tronic ACC,32900,,False,2022,04-2022,99980,1,used,diesel,147,200,1968,,175,,automatic,,AWD,SUV/Fuoristrada/Pick-up,5,5,Nero,,,,,dealer,Auto Tscholl,IT-39100 Bolzano - Bz,IT,2,https://prod.pictures.autoscout24.net/listing-images/539b64ab-6407-4bb6-802e-cf3bc4072a0a_11066c28-7c86-476d-abb5-9fb1e7edbd7c.jpg/250x188.webp,2026-10-10T08:07:51.461778,0.33,4
48d0bb7a-9d71-44e2-b46f-7959fbc210e3,https://www.autoscout24.it/annunci/48d0bb7a-9d71-44e2-b46f-7959fbc210e3,it,Jeep,renegade,,Jeep Renegade1.6 M-Jet 120cv My19 S,15900,,False,2022,10-2022,43000,,used,diesel,88,120,,,,,manual,,FWD,SUV/Fuoristrada/Pick-up,,5,Nero,,,,,dealer,Nuova AutoAlpina Torino,IT-10155 Torino-TO,IT,2,https://prod.pictures.autoscout24.net/listing-images/48d0bb7a-9d71-44e2-b46f-7959fbc210e3_8a20b8e0-db37-469e-9a53-341cac7b16c3.jpg/250x188.webp,2026-10-10T08:07:51.461792,0.37,4
15a1ff63-16a4-4714-a33a-9ad319376db5,https://www.autoscout24.it/annunci/15a1ff63-16a4-4714-a33a-9ad319376db5,it,Audi,q2,,Audi Q2- Q2 35 TFSI S tronic Identity Black,34900,,False,2026,02-2026,10,,new,petrol,110,149,1498,,,,automatic,,FWD,SUV/Fuoristrada/Pick-up,5,5,Grigio,,,,,dealer,F.lli Cozzi Spa,IT-20025 Legnano - Milano - Mi,IT,2,https://prod.pictures.autoscout24.net/listing-images/15a1ff63-16a4-4714-a33a-9ad319376db5_28b2b943-ae43-4408-bd68-9185184ac1b3.jpg/250x188.webp,2026-10-10T08:07:51.461801,3490.0,0
cd156221-882d-4a20-bea2-748aa84de18c,https://www.autoscout24.it/annunci/cd156221-882d-4a20-bea2-748aa84de18c,it,Renault,clio,,Renault ClioClio 1.0 tce Techno 90cv PROMO FLEX,12900,,False,2025,05-2025,25510,,used,petrol,66,90,999,,118,,manual,,FWD,Berlina,5,5,Nero,,,,,dealer,PuntoCar  Automobili,IT-10060 Frossasco - To,IT,2,https://prod.pictures.autoscout24.net/listing-images/cd156221-882d-4a20-bea2-748aa84de18c_71e7b28a-00eb-4b55-8422-9f1de8d5d0af.jpg/250x188.webp,2026-10-10T08:07:51.461817,0.51,1
0de4525f-f14f-453c-ab69-a6e428494134,https://www.autoscout24.it/annunci/0de4525f-f14f-453c-ab69-a6e428494134,it,BMW,118,,BMW 118Serie 1 F40 118i Msport 136cv auto,21900,,False,2021,12-2021,94000,,used,petrol,99,136,1499,,,,automatic,,RWD,Berlina,5,5,Nero,,,,,dealer,Az Veicoli Group Srl,IT-24127 Bergamo - Bg,IT,2,https://prod.pictures.autoscout24.net/listing-images/0de4525f-f14f-453c-ab69-a6e428494134_cbcb5722-3bf0-4eb6-90cd-f10c3af10c2f.jpg/250x188.webp,2026-10-10T08:07:51.461825,0.23,5
094703ad-701c-4b8e-bb20-1ff302398146,https://www.autoscout24.it/annunci/094703ad-701c-4b8e-bb20-1ff302398146,it,Mercedes-Benz,gla 35 amg,,Mercedes-Benz GLA 35 AMGAMG 35 4matic auto,29999,,False,2021,04-2021,105000,,used,petrol,225,306,1991,,170,,automatic,,AWD,SUV/Fuoristrada/Pick-up,5,,Bianco,,,,,dealer,Cambio Auto FG,IT-20094 Corsico,IT,2,https://prod.pictures.autoscout24.net/listing-images/094703ad-701c-4b8e-bb20-1ff302398146_222a0d28-9e45-4925-9341-791ef4748ab0.jpg/250x188.webp,2026-10-10T08:07:51.461832,0.29,5
380334b3-a925-4f64-b43e-cd07ee930b20,https://www.autoscout24.it/annunci/380334b3-a925-4f64-b43e-cd07ee930b20,it,Mercedes-Benz,glc 220,,Mercedes-Benz GLC 220d Premium 4matic auto,30500,,False,2021,09-2021,115000,1,used,diesel,143,194,1951,,153,,semiautomatico,,AWD,SUV/Fuoristrada/Pick-up,5,5,Grigio,,,,,dealer,Autolago sas,IT-25080 Manerba del Garda - Brescia - Bs,IT,2,https://prod.pictures.autoscout24.net/listing-images/380334b3-a925-4f64-b43e-cd07ee930b20_7e07b402-3c57-49bd-81a5-4c623b6cf214.jpg/250x188.webp,2026-10-10T08:07:51.461840,0.27,5
97f3e256-8086-4adb-9e1f-4cca358eedc6,https://www.autoscout24.it/annunci/97f3e256-8086-4adb-9e1f-4cca358eedc6,it,Peugeot,2008,,Peugeot 20082008 1.2 puretech t Allure s&s 110cv eat6 *,7900,,False,2018,02-2018,122000,1,used,petrol,80,110,1199,,,,automatic,,Keine Angabe,Station wagon,5,5,Nero,,,,,dealer,Auto MGV Srl,IT-10040 La Loggia- Torino,IT,2,https://prod.pictures.autoscout24.net/listing-images/97f3e256-8086-4adb-9e1f-4cca358eedc6_416663a0-ebb4-4563-a87e-ce8e3662b4c2.jpg/250x188.webp,2026-10-10T08:07:51.461848,0.06,8
bcb7391b-db04-43ba-a66c-5e2acce3f47c,https://www.autoscout24.it/annunci/bcb7391b-db04-43ba-a66c-5e2acce3f47c,it,BMW,x1,,BMW X1xdrive25e Business Advantage auto,16280,,False,2021,02-2021,98000,1,used,hybrid,92,125,1499,,,,automatic,,AWD,SUV/Fuoristrada/Pick-up,5,5,Blu/Azzurro,,,,,dealer,DM Auto Srl,IT-64014 Martinsicuro - Teramo - TE,IT,2,https://prod.pictures.autoscout24.net/listing-images/bcb7391b-db04-43ba-a66c-5e2acce3f47c_028d02d0-5b25-4065-b899-742b090d6c1d.jpg/250x188.webp,2026-10-10T08:07:51.461855,0.17,5
433b1888-28fe-4900-8a1e-3973e383c0d0,https://www.autoscout24.it/annunci/433b1888-28fe-4900-8a1e-3973e383c0d0,it,Jeep,compass,,Jeep CompassCompass 1.5 turbo t4 mhev Summit 2wd 130cv dct,23300,,False,2025,03-2025,19580,1,used,petrol,95,130,1469,,127,,automatic,,FWD,SUV/Fuoristrada/Pick-up,5,5,Grigio,,,,,dealer,Dielle Auto Srl,IT-10071 Borgaro Torinese,IT,2,https://prod.pictures.autoscout24.net/listing-images/433b1888-28fe-4900-8a1e-3973e383c0d0_866a60ef-d949-420c-9773-794dbdf6c458.jpg/250x188.webp,2026-10-10T08:07:51.461862,1.19,1
8200938c-3778-4f9e-8fa0-e383f6fd9a4a,https://www.autoscout24.it/annunci/8200938c-3778-4f9e-8fa0-e383f6fd9a4a,it,Audi,q5,,Audi Q5Q5  Sportback 50 2.0 tfsi e S line Plus quattro,49900,,False,2024,10-2024,24944,1,used,hybrid,195,265,1984,,,,automatic,,AWD,SUV/Fuoristrada/Pick-up,5,5,Grigio,,,,,dealer,Irmesi srl,IT-20851 Muggio  - Monza Brianza,IT,2,https://prod.pictures.autoscout24.net/listing-images/8200938c-3778-4f9e-8fa0-e383f6fd9a4a_3d9801cb-1ff5-4655-89e0-e9e4b8801d18.jpg/250x188.webp,2026-10-10T08:07:51.461870,2.0,2
999e9df0-2293-4c87-be4a-d32bd1f8f33c,https://www.autoscout24.it/annunci/999e9df0-2293-4c87-be4a-d32bd1f8f33c,it,Mercedes-Benz,a 45 amg,,Mercedes-Benz A 45 AMGS Edition1 4matic  auto,46700,,False,2020,10-2020,52000,,used,petrol,310,421,1991,,,,automatic,,AWD,Berlina,5,5,Grigio,,,,,dealer,Viesse Auto Srl,IT-20132 Milano - Mi,IT,2,https://prod.pictures.autoscout24.net/listing-images/999e9df0-2293-4c87-be4a-d32bd1f8f33c_ec30ad35-d0af-4fa9-9c4e-986a1c07d78d.jpg/250x188.webp,2026-10-10T08:07:51.461877,0.9,6
d291d551-2ea1-4f90-8c52-43e437f066f7,https://www.autoscout24.it/annunci/d291d551-2ea1-4f90-8c52-43e437f066f7,it,Peugeot,2008,,Peugeot 2008Style 110cv,16990,,False,,new,10000,,used,petrol,80,110,1199,,111,,manual,,FWD,SUV/Fuoristrada/Pick-up,5,5,Blu/Azzurro,,,,,dealer,Dea Car srl,IT-10043 Orbassano  - Torino - TO,IT,2,https://prod.pictures.autoscout24.net/listing-images/d291d551-2ea1-4f90-8c52-43e437f066f7_814d5819-a59c-4f4a-a551-977fbba31a4f.jpg/250x188.webp,2026-10-10T08:07:51.461885,1.7,
1647984f-58fd-4c38-938c-52fe9f4d1e82,https://www.autoscout24.it/annunci/1647984f-58fd-4c38-938c-52fe9f4d1e82,it,Peugeot,508,,PEUGEOT 508 BlueHDi 130 Stop&Start SW Business,15600,,False,2020,10-2020,44500,1,used,diesel,96,130,1499,,94,,manual,,FWD,Station wagon,5,5,Nero,,,,,dealer,Alusolution car srl,IT-25038 Rovato - Brescia - BS,IT,2,https://prod.pictures.autoscout24.net/listing-images/1647984f-58fd-4c38-938c-52fe9f4d1e82_cdb2d91d-29fe-43e0-89b5-25d4a26f0dab.jpg/250x188.webp,2026-10-10T08:07:51.461892,0.35,6
20f11bd9-ca05-4b75-91a2-20bd6b218089,https://www.autoscout24.it/annunci/20f11bd9-ca05-4b75-91a2-20bd6b218089,it,Cupra,terramar,,CUPRA Terramarmild Hybrid 150cv + Edge Pack + Baule,34899,,False,2026,05-2026,19,,new,hybrid,110,150,1498,,1,,automatic,,FWD,SUV/Fuoristrada/Pick-up,5,5,Nero,,,,,dealer,Autoviemme Olgiate S.r.l.,IT-22077 Olgiate Comasco - Como -  Co,IT,2,https://prod.pictures.autoscout24.net/listing-images/20f11bd9-ca05-4b75-91a2-20bd6b218089_3b6a74dd-27a4-445c-a9dd-09ae15c81737.jpg/250x188.webp,2026-10-10T08:07:51.461899,1836.79,0
79db0f9f-1c34-4fbe-bef7-b8fce4816f7e,https://www.autoscout24.it/annunci/79db0f9f-1c34-4fbe-bef7-b8fce4816f7e,it,Omoda,9,,Omoda 9SHS-P 1.5 tgdi phev Premium i-awd 536CV *PROMO,43500,,False,2026,09-2026,1,,new,hybrid,394,536,1499,,,,automatic,,€ 0,SUV/Fuoristrada/Pick-up,5,5,Tipo di verniceAltro,,,,,dealer,Cromus Car Group Srl,IT-20123 Cormano - Milano - MI,IT,2,https://prod.pictures.autoscout24.net/listing-images/79db0f9f-1c34-4fbe-bef7-b8fce4816f7e_28ff8848-7a92-45be-91fd-df0c08705740.jpg/250x188.webp,2026-10-10T08:07:51.461907,43500.0,0
1f6cadb5-8b6b-43a8-b556-65bdf0313d63,https://www.autoscout24.it/annunci/1f6cadb5-8b6b-43a8-b556-65bdf0313d63,it,Lexus,ux 250h,,Lexus UX 250h2.0 HYBRID LUXURY 4 WD 184CV,23500,,False,2021,08-2021,39000,1,used,hybrid,135,184,1987,,135,,automatic,,AWD,SUV/Fuoristrada/Pick-up,5,5,Grigio,,,,,dealer,Garage 2  di R. Cristian,IT-16161 Genova -  GE,IT,2,https://prod.pictures.autoscout24.net/listing-images/1f6cadb5-8b6b-43a8-b556-65bdf0313d63_48bcb555-b464-416a-8212-d3da62427233.jpg/250x188.webp,2026-10-10T08:07:51.461915,0.6,5
6856c21a-a1ce-4094-975f-19bba8c8bf8a,https://www.autoscout24.it/annunci/6856c21a-a1ce-4094-975f-19bba8c8bf8a,it,Volkswagen,golf gti,,Volkswagen Golf GTI2.0 TSI DSG TETTO-LED-CERCHI 18''.,30899,,False,2024,04-2024,18371,1,used,petrol,132,180,1984,,149,,automatic,,FWD,Berlina,5,5,Grigio,,,,,dealer,Auto Simeone Srl,IT-72012 Carovigno - Brindisi - Br,IT,2,https://prod.pictures.autoscout24.net/listing-images/6856c21a-a1ce-4094-975f-19bba8c8bf8a_428e642e-30c4-4913-aadd-f6cb7925f875.jpg/250x188.webp,2026-10-10T08:07:51.461922,1.68,2
1540f8de-7c5d-4d3e-88a2-4cc4eeae2534,https://www.autoscout24.it/annunci/1540f8de-7c5d-4d3e-88a2-4cc4eeae2534,it,Mercedes-Benz,a 200,,Mercedes-Benz A 200A 200 Automatic AMG Line Premium,28900,,False,2024,11-2024,18300,1,used,hybrid,120,163,1332,,131,,automatic,,FWD,Berlina,5,5,Bianco,,,,,dealer,Automobile Torino srl,IT-10034 Chivasso - Torino,IT,2,https://prod.pictures.autoscout24.net/listing-images/1540f8de-7c5d-4d3e-88a2-4cc4eeae2534_dfa2ffd8-b714-4bc1-a02c-421a0de6bf5b.jpg/250x188.webp,2026-10-10T08:07:51.461929,1.58,2
fa8d7259-ab8f-46fb-b4eb-3eefadb227dd,https://www.autoscout24.it/annunci/fa8d7259-ab8f-46fb-b4eb-3eefadb227dd,it,Hyundai,tucson,,Hyundai TUCSON1.6 hev Exellence 2wd auto,26900,,False,2024,06-2024,32456,1,used,hybrid,169,229,1598,,,,automatic,,FWD,SUV/Fuoristrada/Pick-up,5,5,Nero,,,,,dealer,Ayvens Verona,IT-37135 Verona - VR,IT,2,https://prod.pictures.autoscout24.net/listing-images/fa8d7259-ab8f-46fb-b4eb-3eefadb227dd_01da9185-3170-421d-90a1-9cdfed473897.jpg/250x188.webp,2026-10-10T08:07:51.461936,0.83,2
7a722ba3-9849-4cc5-8af2-10862e625436,https://www.autoscout24.it/annunci/7a722ba3-9849-4cc5-8af2-10862e625436,it,Ford,puma,,Ford Puma1.0 ecoboost h titanium s&s 125cv,11920,,False,2021,03-2021,58093,1,used,hybrid,91,125,999,,124,,manual,,FWD,SUV/Fuoristrada/Pick-up,5,5,Bianco,,,,,dealer,Carpoint Spa,IT-00128 Roma - Rm,IT,2,https://prod.pictures.autoscout24.net/listing-images/7a722ba3-9849-4cc5-8af2-10862e625436_5163fc9e-e443-4ab3-911d-0541cefa0ae6.jpg/250x188.webp,2026-10-10T08:07:51.461943,0.21,5
c5470bad-b7b3-410a-a591-2d12ddaa6f5e,https://www.autoscout24.it/annunci/c5470bad-b7b3-410a-a591-2d12ddaa6f5e,it,Renault,clio,,Renault Clio1.2 tce Evolution 115cv,18900,,False,2026,02-2026,10,,new,petrol,84,115,1199,,,,automatic,,FWD,Berlina,5,5,Grigio,,,,,dealer,Gruppo Carmeli SpA,IT-24124 Bergamo - BG,IT,2,https://prod.pictures.autoscout24.net/listing-images/c5470bad-b7b3-410a-a591-2d12ddaa6f5e_40159984-c6a6-4e3f-8040-b55b870a3ad3.jpg/250x188.webp,2026-10-10T08:07:51.461950,1890.0,0
e3e6b8b6-0a6f-419c-ac28-2039c791dad8,https://www.autoscout24.it/annunci/e3e6b8b6-0a6f-419c-ac28-2039c791dad8,it,Jeep,avenger,,Jeep Avenger1.2 turbo Summit fwd 100cv - KMZERO UFFICIALE,16550,,False,2025,04-2025,25000,,used,petrol,73,100,1199,,,,manual,,FWD,SUV/Fuoristrada/Pick-up,5,5,Oro,,,,,dealer,Essemme Automobili Srl,IT-10148 Torino - TO,IT,2,https://prod.pictures.autoscout24.net/listing-images/e3e6b8b6-0a6f-419c-ac28-2039c791dad8_543515ce-551f-44b0-ac59-3667e9fa43fb.jpg/250x188.webp,2026-10-10T08:07:51.461966,0.66,1
4e2bf256-bc0d-437f-80bf-b08a0056ea2e,https://www.autoscout24.it/annunci/4e2bf256-bc0d-437f-80bf-b08a0056ea2e,it,BMW,x1,,BMW X1sdrive20i mhev 48V auto,31000,,False,2023,09-2023,79384,,used,hybrid,125,170,1499,,,,automatic,,FWD,SUV/Fuoristrada/Pick-up,5,5,Bianco,,,,,dealer,BYmyCAR Milano,IT-20097 San Donato Milanese - Milano - MI,IT,2,https://prod.pictures.autoscout24.net/listing-images/4e2bf256-bc0d-437f-80bf-b08a0056ea2e_475ce535-7f0f-4540-9033-c1687684ad1e.jpg/250x188.webp,2026-10-10T08:07:51.461972,0.39,3
2e8874d6-0e32-45fa-b5e5-5d78ad98fb14,https://www.autoscout24.it/annunci/2e8874d6-0e32-45fa-b5e5-5d78ad98fb14,it,Volkswagen,golf,,Volkswagen Golf2.0 tdi Life 115cv * 81 000 KM,16900,,False,2023,05-2023,81000,,used,diesel,84,115,1968,,,,manual,,FWD,Berlina,5,5,Bianco,,,,,dealer,Checcacci Srl,IT-59100 Prato - PO,IT,2,https://prod.pictures.autoscout24.net/listing-images/2e8874d6-0e32-45fa-b5e5-5d78ad98fb14_c5a71c93-8f0c-4ec8-922a-1e11f7a8eceb.jpg/250x188.webp,2026-10-10T08:07:51.461987,0.21,3
4bcb287f-dc0a-4bbf-9306-cf7e28f321c0,https://www.autoscout24.it/annunci/4bcb287f-dc0a-4bbf-9306-cf7e28f321c0,it,Audi,q3,,Audi Q335 2.0 tdi Identity Black s-tronic,37500,,False,2023,05-2023,22165,,used,diesel,110,149,1968,,119,,automatic,,FWD,SUV/Fuoristrada/Pick-up,5,5,Grigio,,,,,dealer,Audi Zentrum Varese,IT-21100 Varese - Va,IT,2,https://prod.pictures.autoscout24.net/listing-images/4bcb287f-dc0a-4bbf-9306-cf7e28f321c0_0bf12180-cc94-426d-8d25-08c43999d9f9.jpg/250x188.webp,2026-10-10T08:07:51.461994,1.69,3
dab2200e-fbe5-4376-8677-c3c026cf6eb8,https://www.autoscout24.it/annunci/dab2200e-fbe5-4376-8677-c3c026cf6eb8,it,Toyota,yaris cross,,Toyota Yaris Cross1.5 Active cvt *PROMO FINANZIARIA* IVA,15900,,False,2023,07-2023,83740,1,used,petrol,67,92,1490,,,,automatic,,Keine Angabe,SUV/Fuoristrada/Pick-up,5,5,Tipo di verniceAltro,,,,,dealer,Cromus Car Group Srl,IT-20123 Cormano - Milano - MI,IT,2,https://prod.pictures.autoscout24.net/listing-images/dab2200e-fbe5-4376-8677-c3c026cf6eb8_e4622054-cd57-4254-ae20-db4f67208593.jpg/250x188.webp,2026-10-10T08:07:51.462001,0.19,3
3943cb1f-e9a5-435d-b079-7ff6fd7633b5,https://www.autoscout24.it/annunci/3943cb1f-e9a5-435d-b079-7ff6fd7633b5,it,Ds Automobiles,ds 3 crossback,,DS Automobiles DS 3 CrossbackDS 3 PureTech 100 Bastille,16990,,False,2024,10-2024,10600,1,used,petrol,54,74,1199,,129,,manual,,FWD,SUV/Fuoristrada/Pick-up,5,5,Nero,,,,,dealer,International G.C. Motors Srl,IT-63071 Castel di Sangro - AQ,IT,2,https://prod.pictures.autoscout24.net/listing-images/3943cb1f-e9a5-435d-b079-7ff6fd7633b5_47305ec2-9f48-445d-a3f3-0d00f3fe68ff.jpg/250x188.webp,2026-10-10T08:07:51.462008,1.6,2
017d4a59-4098-4175-b503-cbc256b3db6b,https://www.autoscout24.it/annunci/017d4a59-4098-4175-b503-cbc256b3db6b,it,Ford,kuga,,Ford KugaKuga 2.5 full hybrid ST-Line 2wd 180cv auto,24900,,False,2025,03-2025,25700,,used,hybrid,132,180,2488,,122,,automatic,,FWD,SUV/Fuoristrada/Pick-up,5,5,Grigio,,,,,dealer,Auto Spinea Spa,IT-30038 Spinea - Venezia - Ve,IT,2,https://prod.pictures.autoscout24.net/listing-images/017d4a59-4098-4175-b503-cbc256b3db6b_e350a55e-25c8-4e2a-a282-96b60b76e861.jpg/250x188.webp,2026-10-10T08:07:51.462016,0.97,1
3d426af0-e452-4f7f-9924-db1882a7b482,https://www.autoscout24.it/annunci/3d426af0-e452-4f7f-9924-db1882a7b482,it,Audi,a4,,Audi A4RS 4 Avant,42999,,False,2019,12-2019,125000,1,used,petrol,331,450,2894,,220,,automatic,,AWD,Station wagon,5,5,Grigio,,,,,dealer,Bryan Motor srl,IT-42043 Case Ponte Enza - Reggio Emilia - RE,IT,2,https://prod.pictures.autoscout24.net/listing-images/3d426af0-e452-4f7f-9924-db1882a7b482_747b80d1-79a8-4a28-9e08-adfc6999e269.jpg/250x188.webp,2026-10-10T08:07:51.462024,0.34,7
16391502-a7ca-4e80-a3f1-0d44ece4da0e,https://www.autoscout24.it/annunci/16391502-a7ca-4e80-a3f1-0d44ece4da0e,it,Nissan,qashqai,,Nissan QashqaiQashqai MHEV 140 CV Acenta,21800,,False,2025,07-2025,14050,1,used,hybrid,102,140,1332,,,,manual,,FWD,SUV/Fuoristrada/Pick-up,5,5,Nero,,,,,dealer,Daniele Automobili Srl,IT-10156 Torino,IT,2,https://prod.pictures.autoscout24.net/listing-images/16391502-a7ca-4e80-a3f1-0d44ece4da0e_6a517d25-530b-499e-8a94-27b940415438.jpg/250x188.webp,2026-10-10T08:07:51.462031,1.55,1
e74dc7fd-5491-4cf1-a5ca-bdda155baeb3,https://www.autoscout24.it/annunci/e74dc7fd-5491-4cf1-a5ca-bdda155baeb3,it,Alfa Romeo,giulietta,,Alfa Romeo GiuliettaGiulietta 1.4 t. Sport 120cv my18,12990,,False,2018,10-2018,48000,,used,petrol,88,120,1368,,,,automatic,,Keine Angabe,Berlina,5,5,Blu/Azzurro,,,,,dealer,4Boar Srls,IT-00133 Roma - RM,IT,2,https://prod.pictures.autoscout24.net/listing-images/e74dc7fd-5491-4cf1-a5ca-bdda155baeb3_1ddf1313-c2a6-493d-9338-6fe22eacbbbb.jpg/250x188.webp,2026-10-10T08:07:51.462037,0.27,8
2d08c6a4-c2a1-446f-abf7-0ef68ba5a151,https://www.autoscout24.it/annunci/2d08c6a4-c2a1-446f-abf7-0ef68ba5a151,it,Ford,kuga,,Ford Kuga1.5 EcoBoost 150 CV 2WD Titanium X,8900,,False,2020,07-2020,183000,,used,petrol,110,150,1496,,125,,manual,,FWD,SUV/Fuoristrada/Pick-up,5,5,Nero,,,,,dealer,Liminauto srl,IT-20882 Bellusco - MB,IT,2,https://prod.pictures.autoscout24.net/listing-images/2d08c6a4-c2a1-446f-abf7-0ef68ba5a151_d2f712ba-4151-4242-bc17-b15b874a6117.jpg/250x188.webp,2026-10-10T08:07:51.462052,0.05,6
d7ab1a26-82c2-4dc3-a6ac-03c0d89baeac,https://www.autoscout24.it/annunci/d7ab1a26-82c2-4dc3-a6ac-03c0d89baeac,it,Jeep,compass,,Jeep Compass1.2 turbo e-hybrid mhev First Edition fwd 145cv,34900,,False,2026,04-2026,17,,new,hybrid,106,145,1199,,1,,automatic,,FWD,SUV/Fuoristrada/Pick-up,5,5,Grigio,,,,,dealer,Achille Car srl,IT-20215 Milano,IT,2,https://prod.pictures.autoscout24.net/listing-images/d7ab1a26-82c2-4dc3-a6ac-03c0d89baeac_0c09d185-d8ff-435d-9afe-630b9ff6e0c4.jpg/250x188.webp,2026-10-10T08:07:51.462067,2052.94,0
34cf5f27-dd09-4b46-9519-fa6727753bda,https://www.autoscout24.it/annunci/34cf5f27-dd09-4b46-9519-fa6727753bda,it,Citroen,c5 aircross,,Citroen C5 AircrossC5 Aircross Hybrid 180 e-EAT8 Feel,20990,,False,2024,07-2024,13547,,used,hybrid,132,179,1598,,1,,automatic,,FWD,SUV/Fuoristrada/Pick-up,5,5,Grigio,,,,,dealer,B2car Spa,IT-10148 Torino - TO,IT,2,https://prod.pictures.autoscout24.net/listing-images/34cf5f27-dd09-4b46-9519-fa6727753bda_017af101-5c0d-42a6-8439-75a5b7ccbd0f.jpg/250x188.webp,2026-10-10T08:07:51.462074,1.55,2
4a2aa56e-470b-49c8-9f4c-b2d350003f18,https://www.autoscout24.it/annunci/4a2aa56e-470b-49c8-9f4c-b2d350003f18,it,BMW,118,,BMW 118i Msport 5p *FULL SERVICE BMW,18990,,False,2019,09-2019,99900,1,used,petrol,100,136,1499,,,,manual,,RWD,Berlina,5,5,Grigio,,,,,dealer,Store98 Srl,IT-36025 Noventa Vicentina - Vicenza - VI,IT,2,https://prod.pictures.autoscout24.net/listing-images/4a2aa56e-470b-49c8-9f4c-b2d350003f18_8ca010d4-4a90-4542-afcd-80c44ed1bea9.jpg/250x188.webp,2026-10-10T08:07:51.462081,0.19,7
b89ac3c2-4580-46e3-ab67-ebe479439c7d,https://www.autoscout24.it/annunci/b89ac3c2-4580-46e3-ab67-ebe479439c7d,it,Peugeot,508,,PEUGEOT 508 SW 1.5 bluehdi GT Line s,10899,,False,2020,09-2020,166000,,used,diesel,96,130,1499,,,,manual,,FWD,Station wagon,5,5,Grigio,,,,,dealer,,IT-20007 Cornaredo - MI - Milano,IT,1,https://prod.pictures.autoscout24.net/listing-images/b89ac3c2-4580-46e3-ab67-ebe479439c7d_d094ee28-e1f4-4724-b5ab-9605756ee773.jpg/250x188.webp,2026-10-10T08:07:51.462104,0.07,6
6e15e0e2-9453-4630-b821-d5bc67f914dd,https://www.autoscout24.it/annunci/6e15e0e2-9453-4630-b821-d5bc67f914dd,it,BMW,120,,BMW 120 48V MSport Pro,30900,,False,2025,02-2025,34800,,used,hybrid,115,156,1499,,121,,automatic,,FWD,Berlina,5,5,Bianco,,,,,dealer,Auto Treviso Srl,IT-31024 Ormelle - Treviso - TV,IT,2,https://prod.pictures.autoscout24.net/listing-images/6e15e0e2-9453-4630-b821-d5bc67f914dd_c01e57c1-9f1d-4588-ab87-8fbad6481ef3.jpg/250x188.webp,2026-10-10T08:07:51.462111,0.89,1
88876819-93a0-4c89-be3a-fe5bccc7c712,https://www.autoscout24.it/annunci/88876819-93a0-4c89-be3a-fe5bccc7c712,it,Toyota,yaris,,Toyota Yaris1.5 Hybrid Active,15900,,False,2023,05-2023,20000,,used,hybrid,68,92,1490,,,,automatic,,FWD,Berlina,5,5,Rosso,,,,,dealer,La Barca Automobili srl,IT-10036 Settimo Torinese - Torino - TO,IT,2,https://prod.pictures.autoscout24.net/listing-images/88876819-93a0-4c89-be3a-fe5bccc7c712_a6696ab8-4054-44f1-a4b4-0836dfe81d7f.jpg/250x188.webp,2026-10-10T08:07:51.462119,0.8,3
8beb32c1-8fe3-44ac-8443-3252eee96864,https://www.autoscout24.it/annunci/8beb32c1-8fe3-44ac-8443-3252eee96864,it,Cupra,formentor,,CUPRA Formentor1.4 e-hybrid VZ 245cv dsg,24900,,False,2021,06-2021,58000,1,used,hybrid,180,245,1395,,,,automatic,,FWD,SUV/Fuoristrada/Pick-up,5,5,Blu/Azzurro,,,,,dealer,Motorsfashion di Moreno Cordella,IT-10095 Grugliasco,IT,2,https://prod.pictures.autoscout24.net/listing-images/8beb32c1-8fe3-44ac-8443-3252eee96864_f6bc2517-178d-484a-95ba-29fb3baa023d.jpg/250x188.webp,2026-10-10T08:07:51.462127,0.43,5
16ce8960-d95c-4d69-b99c-ac3b2154e950,https://www.autoscout24.it/annunci/16ce8960-d95c-4d69-b99c-ac3b2154e950,it,Audi,rs3,,Audi RS3sportback 2.5 tfsi quattro s tronic,76900,,False,,new,10000,,used,petrol,294,399,2480,,211,,semiautomatico,,AWD,Berlina,5,5,Nero,,,,,dealer,Motorclass Srl,IT-30174 Venezia,IT,2,https://prod.pictures.autoscout24.net/listing-images/16ce8960-d95c-4d69-b99c-ac3b2154e950_8744fa32-ec57-489d-99da-e96d9564c01f.jpg/250x188.webp,2026-10-10T08:07:51.462134,7.69,
d46d2b1c-5259-43ae-82ab-75e94de5296c,https://www.autoscout24.it/annunci/d46d2b1c-5259-43ae-82ab-75e94de5296c,it,Renault,captur,,Renault Captur1.6 E-Tech hybrid Business 145cv auto **,11290,,False,2022,06-2022,99000,1,used,hybrid,106,145,1598,,,,automatic,,FWD,SUV/Fuoristrada/Pick-up,5,5,Grigio,,,,,dealer,DC Auto,IT-20900 Monza,IT,2,https://prod.pictures.autoscout24.net/listing-images/d46d2b1c-5259-43ae-82ab-75e94de5296c_3fa14ca5-669d-4959-b416-ba3875217588.jpg/250x188.webp,2026-10-10T08:07:51.462148,0.11,4
19a865e7-600c-40ae-ae5d-aa7db15bb53c,https://www.autoscout24.it/annunci/19a865e7-600c-40ae-ae5d-aa7db15bb53c,it,Land Rover,range rover velar,,Land Rover Range Rover Velar2.0 Si4 250 CV R-Dynamic HSE,27500,,False,2019,10-2019,96000,,used,petrol,183,250,1999,,,,automatic,,AWD,Berlina,5,5,Nero,,,,,dealer,Autosalone Amico,IT-72018 San Michele Salentino - Brindisi - Br,IT,2,https://prod.pictures.autoscout24.net/listing-images/19a865e7-600c-40ae-ae5d-aa7db15bb53c_219da758-de1c-43b7-b618-600de90f31fc.jpg/250x188.webp,2026-10-10T08:07:51.462156,0.29,7
3b63a7ea-3075-452c-97bf-225945c2c3b7,https://www.autoscout24.it/annunci/3b63a7ea-3075-452c-97bf-225945c2c3b7,it,Mercedes-Benz,a 200,,Mercedes-Benz A 200Classe A 200 d Sport Auto CL18 *Promo SD,18900,,False,2020,09-2020,152500,2,used,diesel,110,149,1950,,,,automatic,,FWD,Berlina,5,5,Nero,,,,,dealer,SD Motors,IT-00139 Roma - Rm,IT,2,https://prod.pictures.autoscout24.net/listing-images/3b63a7ea-3075-452c-97bf-225945c2c3b7_73402a00-b0eb-44d9-b5fc-d24a2d38384a.jpg/250x188.webp,2026-10-10T08:07:51.462164,0.12,6
6196239c-f80f-48d1-9eb0-1a186058165b,https://www.autoscout24.it/annunci/6196239c-f80f-48d1-9eb0-1a186058165b,it,BMW,120,,BMW 120Serie 1 F,17390,,False,2018,01-2018,113524,1,used,diesel,139,190,1995,,,,manual,,RWD,Berlina,5,5,Bianco,,,,,dealer,Gencar,IT-10024 Moncalieri - Torino - To,IT,2,https://prod.pictures.autoscout24.net/listing-images/6196239c-f80f-48d1-9eb0-1a186058165b_28246a0f-7571-4e22-968f-84a91819746d.jpg/250x188.webp,2026-10-10T08:07:51.462172,0.15,8
d244cccf-3d8e-47ab-b201-503d413a5dc4,https://www.autoscout24.it/annunci/d244cccf-3d8e-47ab-b201-503d413a5dc4,it,Peugeot,3008,,Peugeot 30083008 1.6 Hybrid4 PHEV Allure Pack  E-eat8,16950,,False,2023,06-2023,85700,,used,hybrid,147,199,1598,,,,automatic,,AWD,SUV/Fuoristrada/Pick-up,5,5,Nero,,,,,dealer,Carliveroo,IT-20835 Muggiò - Monza e Brianza - MB,IT,2,https://prod.pictures.autoscout24.net/listing-images/d244cccf-3d8e-47ab-b201-503d413a5dc4_d65c41b8-9df2-4693-92b4-a1d145043dde.jpg/250x188.webp,2026-10-10T08:07:51.462178,0.2,3
a01de1fb-dd5e-4b68-ac9f-8e6a8ee1d78a,https://www.autoscout24.it/annunci/a01de1fb-dd5e-4b68-ac9f-8e6a8ee1d78a,it,Volkswagen,t6.1 multivan,,Volkswagen T6.1 Multivan2.0 TDI 4MOTION 150cv GANCIO,48750,,False,2021,06-2021,78000,,used,diesel,110,150,1968,,,,manual,,AWD,Monovolume,4,7,Rosso,,,,,dealer,Genesis Srl,IT-36051 Creazzo - Vicenza - Vi,IT,2,https://prod.pictures.autoscout24.net/listing-images/a01de1fb-dd5e-4b68-ac9f-8e6a8ee1d78a_3b74455c-25b9-4ef2-ba12-3f3edd1843ba.jpg/250x188.webp,2026-10-10T08:07:51.462194,0.62,5
5947cba9-236d-423e-a6a8-e9caf52ca08c,https://www.autoscout24.it/annunci/5947cba9-236d-423e-a6a8-e9caf52ca08c,it,Mercedes-Benz,b 180,,Mercedes-Benz B 180Classe B - W247 B 180 d Executive * PROMO,15500,,False,2022,08-2022,58000,1,used,diesel,85,115,1950,,,,manual,,Keine Angabe,Monovolume,5,5,Nero,,,,,dealer,Auto MGV Srl,IT-10040 La Loggia- Torino,IT,2,https://prod.pictures.autoscout24.net/listing-images/5947cba9-236d-423e-a6a8-e9caf52ca08c_7518defb-d9ee-4d3b-bc4b-61cd5ad5a48d.jpg/250x188.webp,2026-10-10T08:07:51.462258,0.27,4
e6bf93bb-8b05-4ab3-a8ba-7b5bf8041594,https://www.autoscout24.it/annunci/e6bf93bb-8b05-4ab3-a8ba-7b5bf8041594,it,Jaecoo,j7,,Jaecoo J71.6 TGDI 7DCT Premium 2WD #tettoapribile #pelle,25900,,False,2025,12-2025,1,,new,petrol,108,146,1598,,159,,automatic,,FWD,SUV/Fuoristrada/Pick-up,5,5,Grigio,,,,,dealer,Auto Spinea Spa,IT-30038 Spinea - Venezia - Ve,IT,2,https://prod.pictures.autoscout24.net/listing-images/e6bf93bb-8b05-4ab3-a8ba-7b5bf8041594_e4d55f20-4a73-483e-8105-41ccb8667685.jpg/250x188.webp,2026-10-10T08:07:51.462268,25900.0,1
29f641b6-0957-4a25-85f7-09cae7969444,https://www.autoscout24.it/annunci/29f641b6-0957-4a25-85f7-09cae7969444,it,Peugeot,308,,Peugeot 308SW Allure -NESSUN OBBLIGO DI FINANZIAMENTO,16690,,False,2024,02-2024,39000,1,used,petrol,96,130,1199,,100,,manual,,FWD,Station wagon,5,5,Nero,,,,,dealer,Fiorenzo Auto Roma by AMG,IT-00156 Roma - RM,IT,2,https://prod.pictures.autoscout24.net/listing-images/29f641b6-0957-4a25-85f7-09cae7969444_f574bec7-aba6-4431-94b1-ae070055c709.jpg/250x188.webp,2026-10-10T08:07:51.462283,0.43,2
a301ddc0-8082-4f8e-ac95-4f30ba90745f,https://www.autoscout24.it/annunci/a301ddc0-8082-4f8e-ac95-4f30ba90745f,it,Jeep,renegade,,Jeep RenegadeRenegade 1.3 t4 Limited 2wd 150cv ddct,14490,,False,2021,06-2021,55000,1,used,petrol,110,150,1332,,66,,automatic,,FWD,SUV/Fuoristrada/Pick-up,5,5,Grigio,,,,,dealer,W12 Automotive srl,IT-00156 Roma - RM,IT,2,https://prod.pictures.autoscout24.net/listing-images/a301ddc0-8082-4f8e-ac95-4f30ba90745f_37efed52-b35a-4d59-ad6e-3e7bf1982d4a.jpg/250x188.webp,2026-10-10T08:07:51.462298,0.26,5
36991b28-516c-4b37-ac33-dfe9627af1ca,https://www.autoscout24.it/annunci/36991b28-516c-4b37-ac33-dfe9627af1ca,it,Suzuki,vitara,,Suzuki VitaraVitara 1.4h Cool  2wd 129cv,19200,,False,2026,03-2026,6000,,used,hybrid,94,129,1373,,,,automatic,,Keine Angabe,SUV/Fuoristrada/Pick-up,5,5,Tipo di verniceAltro,,,,,dealer,Autosconto SRLS,IT-10148 Torino,IT,2,https://prod.pictures.autoscout24.net/listing-images/36991b28-516c-4b37-ac33-dfe9627af1ca_257677cb-2f3c-464d-8252-24709f12cab8.jpg/250x188.webp,2026-10-10T08:07:51.462305,3.2,0
768a9220-28dc-47aa-b79a-06e52d469a9f,https://www.autoscout24.it/annunci/768a9220-28dc-47aa-b79a-06e52d469a9f,it,Audi,a3,,Audi A330 2.0 tdi S line edition s-tronic,23901,,False,2022,08-2022,55600,,used,diesel,85,115,1968,,120,,automatic,,Keine Angabe,Berlina,5,5,Nero,,,,,dealer,Gm Auto Srl,IT-30033 Noale - Ve,IT,2,https://prod.pictures.autoscout24.net/listing-images/768a9220-28dc-47aa-b79a-06e52d469a9f_add4f406-0cda-4f5d-8e2e-b68278545aef.jpg/250x188.webp,2026-10-10T08:07:51.462313,0.43,4
63581c98-a200-44dd-9b58-f75b0ede248e,https://www.autoscout24.it/annunci/63581c98-a200-44dd-9b58-f75b0ede248e,it,Lancia,ypsilon,,Lancia YpsilonYpsilon 1.2 mhev 110cv e-dct,15900,,False,2024,08-2024,10,,new,hybrid,80,110,1199,,,,automatic,,FWD,Berlina,5,5,Verde,,,,,dealer,F.lli Cozzi Spa,IT-20025 Legnano - Milano - Mi,IT,2,https://prod.pictures.autoscout24.net/listing-images/63581c98-a200-44dd-9b58-f75b0ede248e_40bcad41-fd5a-4ec6-ab44-5f15a41c9e03.jpg/250x188.webp,2026-10-10T08:07:51.462328,1590.0,2
69b768c2-5c67-4e41-bf37-1b2e3b3665ff,https://www.autoscout24.it/annunci/69b768c2-5c67-4e41-bf37-1b2e3b3665ff,it,Jeep,compass,,Jeep Compass1.3 Turbo T4 240 CV PHEV AT6 4xe North Star,26450,,False,2025,07-2025,19901,1,used,hybrid,176,240,1332,,48,,automatic,,AWD,SUV/Fuoristrada/Pick-up,5,5,Nero,,,,,dealer,Treviglio Auto Srl,IT-20062 Cassano d' Adda - Milano - MI,IT,2,https://prod.pictures.autoscout24.net/listing-images/69b768c2-5c67-4e41-bf37-1b2e3b3665ff_8b79abb3-4d00-41ae-8a9d-b3b6e2cc2049.jpg/250x188.webp,2026-10-10T08:07:51.462335,1.33,1
7ac89f34-159b-4c60-b362-feaf9d67980d,https://www.autoscout24.it/annunci/7ac89f34-159b-4c60-b362-feaf9d67980d,it,Fiat,ulysse,,Fiat Ulysse2.2 Multijet 180 CV S&S AT8 L2 Combi - 9 POSTI,34400,,False,2026,08-2026,1,,new,diesel,132,180,1998,,,,automatic,,FWD,Monovolume,5,9,Grigio,,,,,dealer,Auto Spinea Spa,IT-30038 Spinea - Venezia - Ve,IT,2,https://prod.pictures.autoscout24.net/listing-images/7ac89f34-159b-4c60-b362-feaf9d67980d_1bb68326-95fa-46e2-b0af-d0756c6b7e9d.jpg/250x188.webp,2026-10-10T08:07:51.462343,34400.0,0
e60faf22-e911-4718-a40f-24634ea681af,https://www.autoscout24.it/annunci/e60faf22-e911-4718-a40f-24634ea681af,it,BMW,118,,BMW 118d MSport auto,30950,,False,2026,03-2026,11291,,used,diesel,110,149,1995,,,,automatic,,FWD,Berlina,5,5,Grigio,,,,,dealer,Autoarancio Gallarate di Car 4 World Srl,IT-21010 Cardano Al Campo - Varese - VA,IT,2,https://prod.pictures.autoscout24.net/listing-images/e60faf22-e911-4718-a40f-24634ea681af_d4005aed-4dfb-48cc-baa5-11e9898553e8.jpg/250x188.webp,2026-10-10T08:07:51.462350,2.74,0
275e5c8a-474c-4fa9-9d6a-92b6bb3f6ea2,https://www.autoscout24.it/annunci/275e5c8a-474c-4fa9-9d6a-92b6bb3f6ea2,it,Audi,a3,,Audi A3Sportback 2.0 tdi S line edition 150cv s-tronic,37900,,False,2026,06-2026,1,,new,diesel,110,150,1968,,,,semiautomatico,,Enthalten,Berlina,5,5,Tipo di verniceAltro,,,,,dealer,Essemme Automobili Srl,IT-10148 Torino - TO,IT,2,https://prod.pictures.autoscout24.net/listing-images/275e5c8a-474c-4fa9-9d6a-92b6bb3f6ea2_b8637b44-4eb8-4783-b21e-5865adfa5e54.jpg/250x188.webp,2026-10-10T08:07:51.462365,37900.0,0
8b6b4a6f-fbf9-42ab-a0ab-9f66dfb25e03,https://www.autoscout24.it/annunci/8b6b4a6f-fbf9-42ab-a0ab-9f66dfb25e03,it,Toyota,yaris,,"Toyota Yaris1.5h Trend 116cv - MODELLO RESTYLING, MONITOR",18790,,False,2025,02-2025,12015,1,used,hybrid,85,116,1490,,,,automatic,,FWD,Berlina,5,5,Rosso,,,,,dealer,Essemme Automobili Srl,IT-10148 Torino - TO,IT,2,https://prod.pictures.autoscout24.net/listing-images/8b6b4a6f-fbf9-42ab-a0ab-9f66dfb25e03_f3b49d4e-6ce4-4190-92c1-ff7bb41ae05a.jpg/250x188.webp,2026-10-10T08:07:51.462372,1.56,1
424e0fab-869c-49a8-acdf-df9dd3e93f23,https://www.autoscout24.it/annunci/424e0fab-869c-49a8-acdf-df9dd3e93f23,it,Mazda,cx-6e,,Mazda cx-6e,47000,,False,,new,10000,,used,electric,78,106,,,0,,automatic,,RWD,SUV/Fuoristrada/Pick-up,5,5,Grigio,,,,,dealer,Arauto srl,IT-61121 Pesaro - Pesaro Urbino - PU,IT,2,https://prod.pictures.autoscout24.net/listing-images/424e0fab-869c-49a8-acdf-df9dd3e93f23_d232f9e7-3db3-427d-a79a-161e6cb47f9d.jpg/250x188.webp,2026-10-10T08:07:51.462379,4.7,
2af34588-6619-4324-828c-fc6c81b90da7,https://www.autoscout24.it/annunci/2af34588-6619-4324-828c-fc6c81b90da7,it,Audi,a5,,Audi A5A5 Avant 2.0 tfsi S line edition  Black Line 204cv,48800,,False,2025,07-2025,12447,1,used,hybrid,150,204,1984,,121,,automatic,,FWD,Station wagon,5,5,Grigio,,,,,dealer,Ke Auto Srl - Sede di Mozzo - Bergamo,IT-24030 Mozzo - Bergamo,IT,2,https://prod.pictures.autoscout24.net/listing-images/2af34588-6619-4324-828c-fc6c81b90da7_7d3987f2-e469-4624-904d-cdced310096a.jpg/250x188.webp,2026-10-10T08:07:51.462387,3.92,1
0325b263-ba52-4aef-a991-1f178bf938bd,https://www.autoscout24.it/annunci/0325b263-ba52-4aef-a991-1f178bf938bd,it,Byd,seal u,,BYD Seal UBOOST - COMFORT - DESIGN,34900,,False,2026,09-2026,40,,new,hybrid,238,323,1498,,70,,automatic,,FWD,SUV/Fuoristrada/Pick-up,5,5,Grigio,,,,,dealer,Autostep,IT-44124 Ferrara - FE,IT,2,https://prod.pictures.autoscout24.net/listing-images/0325b263-ba52-4aef-a991-1f178bf938bd_37df4ba4-518c-4f8e-921e-56f9e79efb06.jpg/250x188.webp,2026-10-10T08:07:51.462394,872.5,0
c2b95829-1292-4d8c-a524-0149bfb98a69,https://www.autoscout24.it/annunci/c2b95829-1292-4d8c-a524-0149bfb98a69,it,Alfa Romeo,stelvio,,Alfa Romeo Stelvio2.2 Turbodiesel 210 CV AT8 Q4 Sprint,27900,,False,2023,05-2023,44256,1,used,diesel,154,210,2143,,144,,automatic,,AWD,SUV/Fuoristrada/Pick-up,5,5,Grigio,,,,,dealer,X Car Snc,IT-10148 Torino - To,IT,2,https://prod.pictures.autoscout24.net/listing-images/c2b95829-1292-4d8c-a524-0149bfb98a69_46b57a6e-60c2-4915-9d68-ba66c42ffbb1.jpg/250x188.webp,2026-10-10T08:07:51.462409,0.63,3
ba7f1e43-dba3-4680-bbb4-2488b38f5f70,https://www.autoscout24.it/annunci/ba7f1e43-dba3-4680-bbb4-2488b38f5f70,it,Opel,corsa,,Opel Corsa1.2 Edition NAVI,9800,,False,2022,08-2022,60900,,used,petrol,74,100,1199,,115,,manual,,FWD,Berlina,5,5,Argento,,,,,dealer,Auto & Auto Varese Srl,IT-21100 Varese - Va,IT,2,https://prod.pictures.autoscout24.net/listing-images/ba7f1e43-dba3-4680-bbb4-2488b38f5f70_ab610b29-742e-4ea5-82b4-77671a36d07d.jpg/250x188.webp,2026-10-10T08:07:51.462416,0.16,4
2246d649-cf6b-4e53-a8c8-02ae2b162b7f,https://www.autoscout24.it/annunci/2246d649-cf6b-4e53-a8c8-02ae2b162b7f,it,Subaru,outback,,Subaru OUTBACKOutback VI 2.5i Premium lineartronic,28900,,False,2021,05-2021,63073,1,used,petrol,124,168,2498,,,,automatic,,AWD,Station wagon,5,5,Bianco,,,,,dealer,B.Auto Srl,IT-28053 Castelletto sopra Ticino NO,IT,2,https://prod.pictures.autoscout24.net/listing-images/2246d649-cf6b-4e53-a8c8-02ae2b162b7f_25c4c92f-cdb5-4f70-a2d7-8968ca8a8366.jpg/250x188.webp,2026-10-10T08:07:51.462423,0.46,5
9c864e8d-556e-464d-a848-bfe28421e0ff,https://www.autoscout24.it/annunci/9c864e8d-556e-464d-a848-bfe28421e0ff,it,Volkswagen,golf,,Volkswagen Golf1.5 TSI HIGHLINE 130CV FULL,15990,,False,2018,06-2018,100000,,used,petrol,95,130,1498,,,,semiautomatico,,FWD,Berlina,5,5,,,,,,dealer,Auto Passion Srls,IT-20099 Sesto San Giovanni (MI),IT,2,https://prod.pictures.autoscout24.net/listing-images/9c864e8d-556e-464d-a848-bfe28421e0ff_4aa8c177-fc0f-4a64-8f5a-df4741b2de1b.jpg/250x188.webp,2026-10-10T08:07:51.462431,0.16,8
f04e3026-af82-46d1-993d-52aef0ef466a,https://www.autoscout24.it/annunci/f04e3026-af82-46d1-993d-52aef0ef466a,it,Fiat,500x,,Fiat 500X500 X 2018 1.0 T3 Cross 120cv,8600,,False,2019,08-2019,120000,1,used,petrol,88,120,999,,,,manual,,FWD,City car,5,5,Beige,,,,,dealer,Corradocar Srls,IT-80145 Napoli - NA,IT,2,https://prod.pictures.autoscout24.net/listing-images/f04e3026-af82-46d1-993d-52aef0ef466a_2290bebd-3ba8-4f7c-bd83-dc558869da95.jpg/250x188.webp,2026-10-10T08:07:51.462438,0.07,7
51aa5fe2-aa16-4789-9f28-3bd69746ce94,https://www.autoscout24.it/annunci/51aa5fe2-aa16-4789-9f28-3bd69746ce94,it,Peugeot,208,,PEUGEOT 208 1.2 turbo Business 100cv,15900,,False,2026,10-2026,5,,new,petrol,73,100,1199,,116,,manual,,FWD,Berlina,5,5,Grigio,,,,,dealer,Fast Car srl,IT-45030 Occhiobello - Rovigo - RO,IT,2,https://prod.pictures.autoscout24.net/listing-images/51aa5fe2-aa16-4789-9f28-3bd69746ce94_abab9180-96a9-4d8a-bbe3-34aa240dbe28.jpg/250x188.webp,2026-10-10T08:07:51.462446,3180.0,0
13893367-14d4-4648-8a3c-b634ae768f0c,https://www.autoscout24.it/annunci/13893367-14d4-4648-8a3c-b634ae768f0c,it,Geely,starray em-i,,Geely Starray EM-i1.5 phev Launch Edition auto - PROMO,30990,,False,2026,09-2026,22,,new,hybrid,141,193,1499,,,,automatic,,FWD,SUV/Fuoristrada/Pick-up,5,5,Grigio,,,,,dealer,Locauto Due Srl,IT-10151 Torino - To,IT,2,https://prod.pictures.autoscout24.net/listing-images/13893367-14d4-4648-8a3c-b634ae768f0c_ccef7346-709c-4497-a8b4-338a66dbee4f.jpg/250x188.webp,2026-10-10T08:07:51.462453,1408.64,0
56603b95-4e16-4038-b06b-dcd6a555b275,https://www.autoscout24.it/annunci/56603b95-4e16-4038-b06b-dcd6a555b275,it,Hyundai,kona,,Hyundai KONAKona 1.6 gdi hev Xtech 2wd 141cv dct,16900,,False,2023,06-2023,12500,,used,hybrid,103,141,1580,,114,,automatic,,FWD,SUV/Fuoristrada/Pick-up,5,5,Bianco,,,,,dealer,Nuova Assauto Spa,IT-13894 Gaglianico - Biella - Bi,IT,2,https://prod.pictures.autoscout24.net/listing-images/56603b95-4e16-4038-b06b-dcd6a555b275_4b0cd2e5-ee13-4c5e-ae2f-46d31d66ba4d.jpg/250x188.webp,2026-10-10T08:07:51.462461,1.35,3
76f6edf2-bffe-462b-880b-5f0db1fb9dc5,https://www.autoscout24.it/annunci/76f6edf2-bffe-462b-880b-5f0db1fb9dc5,it,Mercedes-Benz,a 45 amg,,Mercedes-Benz A 45 AMGClasse A - W177 2018 S  4matic  auto,39700,,False,2020,09-2020,59000,,used,petrol,310,421,1991,,,,automatic,,Keine Angabe,Berlina,5,5,,,,,,dealer,Center Auto srls,IT-13030 Caresanablot - Vercelli - VC,IT,2,https://prod.pictures.autoscout24.net/listing-images/76f6edf2-bffe-462b-880b-5f0db1fb9dc5_85a7d46b-601f-4c9d-a2cc-4c9aa3da7f4e.jpg/250x188.webp,2026-10-10T08:07:51.462468,0.67,6
8d701443-0d00-4735-b8cd-12db87fe6af7,https://www.autoscout24.it/annunci/8d701443-0d00-4735-b8cd-12db87fe6af7,it,Peugeot,208,,Peugeot 2081.2 puretech Style s&s 100cv,15491,,False,2026,02-2026,10000,,used,petrol,73,100,1199,,117,,automatic,,Keine Angabe,Berlina,5,5,Nero,,,,,dealer,Gm Auto Srl,IT-30033 Noale - Ve,IT,2,https://prod.pictures.autoscout24.net/listing-images/8d701443-0d00-4735-b8cd-12db87fe6af7_b04bfe0f-a30f-45d9-a758-8a82edd0e941.jpg/250x188.webp,2026-10-10T08:07:51.462475,1.55,0
7cfe77e7-9739-4ece-86c3-cde5cd266d41,https://www.autoscout24.it/annunci/7cfe77e7-9739-4ece-86c3-cde5cd266d41,it,Ford,focus,,Ford Focus1.5 ecoblue ST-Line s&s 120cv my20.75,14500,,False,2021,05-2021,58570,,used,diesel,88,120,1499,,98,,manual,,FWD,Station wagon,5,5,Nero,,,,,dealer,Enrico Giovanzana Srl,IT-26041 Casalmaggiore,IT,2,https://prod.pictures.autoscout24.net/listing-images/7cfe77e7-9739-4ece-86c3-cde5cd266d41_8759aa44-e8c7-4936-8b0e-f6f333a5db86.jpg/250x188.webp,2026-10-10T08:07:51.462482,0.25,5
6535c311-4e84-47e3-ade9-fe094fa5bad0,https://www.autoscout24.it/annunci/6535c311-4e84-47e3-ade9-fe094fa5bad0,it,Renault,captur,,Renault CapturTCe 130 CV EDC FAP Intens,11900,,False,2020,12-2020,99595,,used,petrol,95,130,1333,,,,semiautomatico,,FWD,SUV/Fuoristrada/Pick-up,5,5,Bianco,,,,,dealer,Borsoi,IT-30170 Mestre - Venezia - Ve,IT,2,https://prod.pictures.autoscout24.net/listing-images/6535c311-4e84-47e3-ade9-fe094fa5bad0_190266ac-5b3e-4871-8bd1-1fe795c9d177.jpg/250x188.webp,2026-10-10T08:07:51.462490,0.12,6
9b5fa2d8-de0a-4960-9fdb-cb0773509530,https://www.autoscout24.it/annunci/9b5fa2d8-de0a-4960-9fdb-cb0773509530,it,Hyundai,tucson,,Hyundai TUCSON1.6 HEV aut. N Line,32300,,False,2026,01-2026,6327,,used,hybrid,132,179,1598,,0,0.0,automatic,,FWD,SUV/Fuoristrada/Pick-up,5,5,Nero,,,,,dealer,Frattin Group Srl,IT-36022 Cassola - Vi,IT,2,https://prod.pictures.autoscout24.net/listing-images/9b5fa2d8-de0a-4960-9fdb-cb0773509530_a56f081d-a307-42ff-ba42-fb07fd4c1c05.jpg/250x188.webp,2026-10-10T08:07:51.462497,5.11,0
cab4cf88-fbc7-41b1-8050-5f9a4cb44ee4,https://www.autoscout24.it/annunci/cab4cf88-fbc7-41b1-8050-5f9a4cb44ee4,it,Opel,insignia,,Opel InsigniaInsignia II 2017 Grand Sport Grand Sport 1.6,10300,,False,2019,02-2019,152876,2,used,diesel,81,110,1598,,130,,manual,,FWD,Berlina,4,5,Blu/Azzurro,,,,,dealer,Wundercar Srl,IT-24047 Treviglio - Bergamo - BG,IT,2,https://prod.pictures.autoscout24.net/listing-images/cab4cf88-fbc7-41b1-8050-5f9a4cb44ee4_e2a2bd81-0c39-473a-9f62-ac5c760796be.jpg/250x188.webp,2026-10-10T08:07:51.462505,0.07,7
3beaa4cc-157e-4b00-9a6b-eaeb4ad09cc4,https://www.autoscout24.it/annunci/3beaa4cc-157e-4b00-9a6b-eaeb4ad09cc4,it,Mg,zs,,MG ZSZS 1.5 hybrid+ Standard MY26 auto,19500,,False,2026,07-2026,10,,new,hybrid,145,197,1498,,115,,automatic,,FWD,SUV/Fuoristrada/Pick-up,5,5,Verde,,,,,dealer,Sironi Auto Srl,IT-23884 Castello di Brianza - Lecco -   Lc,IT,2,https://prod.pictures.autoscout24.net/listing-images/3beaa4cc-157e-4b00-9a6b-eaeb4ad09cc4_a3a6cbd5-29d1-4184-95f5-c30c3cc36d2b.jpg/250x188.webp,2026-10-10T08:07:51.462512,1950.0,0
c3173bf0-603c-42c7-b509-5c825ddd2877,https://www.autoscout24.it/annunci/c3173bf0-603c-42c7-b509-5c825ddd2877,it,Volkswagen,golf gti,,Volkswagen Golf GTIGolf 2.0 TSI GTI,30900,,False,2023,11-2023,17000,1,used,petrol,180,244,1984,,168,,manual,,FWD,Berlina,5,5,Nero,,,,,dealer,Automobile Torino srl,IT-10034 Chivasso - Torino,IT,2,https://prod.pictures.autoscout24.net/listing-images/c3173bf0-603c-42c7-b509-5c825ddd2877_cd86838b-4ae6-4e00-b470-baa726a83826.jpg/250x188.webp,2026-10-10T08:07:51.462520,1.82,3
cbc47bec-0974-4cd2-80dc-df7add64cf92,https://www.autoscout24.it/annunci/cbc47bec-0974-4cd2-80dc-df7add64cf92,it,Mg,hs,,MG HS1.5 t-gdi Luxury,13900,,False,2023,07-2023,39422,1,used,petrol,119,161,1492,,168,,manual,,FWD,SUV/Fuoristrada/Pick-up,5,5,Nero,,,,,dealer,Autostar Flaminia Spa,IT-00138 Roma - RM,IT,2,https://prod.pictures.autoscout24.net/listing-images/cbc47bec-0974-4cd2-80dc-df7add64cf92_adaff9c2-8ae0-4383-a619-4ac2313ea153.jpg/250x188.webp,2026-10-10T08:07:51.462528,0.35,3
17b87c72-0398-4bac-8af1-31b04d26a9bb,https://www.autoscout24.it/annunci/17b87c72-0398-4bac-8af1-31b04d26a9bb,it,Opel,corsa,,Opel CorsaYes Benzina 10,14400,,False,2026,08-2026,10,,new,petrol,74,100,1199,,,,manual,,FWD,Berlina,5,5,Verde,,,,,dealer,Cisa 2000 Srl,IT-40013 Castel Maggiore - Bologna - BO,IT,2,https://prod.pictures.autoscout24.net/listing-images/17b87c72-0398-4bac-8af1-31b04d26a9bb_3ff123f4-e44c-41a2-81bf-1834d4c4d24a.jpg/250x188.webp,2026-10-10T08:07:51.462543,1440.0,0
1997155c-ce54-4dc9-be10-14618031cc2f,https://www.autoscout24.it/annunci/1997155c-ce54-4dc9-be10-14618031cc2f,it,Volkswagen,golf,,Volkswagen Golf8.5 R-LINE AUTOMATICA VARI COLORI,28900,,False,2025,05-2025,12000,1,used,hybrid,110,149,1498,,122,,automatic,,FWD,Berlina,5,5,Bianco,,,,,dealer,Race Car Srl,IT-37040 Z.a.i. - Verona - VR,IT,2,https://prod.pictures.autoscout24.net/listing-images/1997155c-ce54-4dc9-be10-14618031cc2f_ade59f33-5158-4108-aa28-9bb9d4abc044.jpg/250x188.webp,2026-10-10T08:07:51.462551,2.41,1
79e3d2b2-0fc4-45cd-a60a-fbb63df79320,https://www.autoscout24.it/annunci/79e3d2b2-0fc4-45cd-a60a-fbb63df79320,it,BMW,116,,BMW 116d 5p. Msport,16900,,False,2021,02-2021,150000,,used,diesel,85,115,1496,,,,automatic,,FWD,Berlina,5,5,Grigio,,,,,dealer,RDluxury,IT-51039 Quarrata,IT,2,https://prod.pictures.autoscout24.net/listing-images/79e3d2b2-0fc4-45cd-a60a-fbb63df79320_0454ba6a-9a3f-468e-adb3-5ae1ca7bfbd1.jpg/250x188.webp,2026-10-10T08:07:51.462558,0.11,5
67f6996e-d1de-495e-a0d7-1567865e9cf9,https://www.autoscout24.it/annunci/67f6996e-d1de-495e-a0d7-1567865e9cf9,it,Lancia,ypsilon,,Lancia YpsilonIbrida My24 Nuova Ypsilon 1.2 100cv Ibrida,18900,,False,2026,03-2026,10,,new,hybrid,73,100,,,,,automatic,,€ 0,Altro,,5,Verde,,,,,dealer,Portomotori spa,IT-30027 San Donà di Piave - Venezia - VE,IT,2,https://prod.pictures.autoscout24.net/listing-images/67f6996e-d1de-495e-a0d7-1567865e9cf9_ac85f3ff-aa01-4189-b364-ec43bc6cda7f.jpg/250x188.webp,2026-10-10T08:07:51.462566,1890.0,0
d99a7555-0320-45a5-b5f0-f059cb6783f5,https://www.autoscout24.it/annunci/d99a7555-0320-45a5-b5f0-f059cb6783f5,it,Jaecoo,j5,,Jaecoo J5SHS-H HEV 1.5TGDI,24890,,False,2026,10-2026,2,,new,petrol,105,142,,,,,manual,,Keine Angabe,Altro,,,Nero,,,,,dealer,Fratelli Leone Srl,IT-10024 Moncalieri - Torino - To,IT,2,https://prod.pictures.autoscout24.net/listing-images/d99a7555-0320-45a5-b5f0-f059cb6783f5_d00fcb74-6ce2-492f-a257-553acf9de2f8.png/250x188.webp,2026-10-10T08:07:51.462574,12445.0,0
55b19316-ec73-4207-86d7-d8f83cac06aa,https://www.autoscout24.it/annunci/55b19316-ec73-4207-86d7-d8f83cac06aa,it,Alfa Romeo,stelvio,,Alfa Romeo Stelvio2.2 t Veloce Q4 210cv auto - TETTO,25990,,False,2022,09-2022,78373,1,used,diesel,154,210,2143,,,,automatic,,AWD,SUV/Fuoristrada/Pick-up,5,5,Grigio,,,,,dealer,Essemme Automobili Srl,IT-10148 Torino - TO,IT,2,https://prod.pictures.autoscout24.net/listing-images/55b19316-ec73-4207-86d7-d8f83cac06aa_7da1059f-dbc4-4849-8552-ddcd4d42aebf.jpg/250x188.webp,2026-10-10T08:07:51.462582,0.33,4
35c5fe08-c2a0-472d-90fd-c382fa33c76e,https://www.autoscout24.it/annunci/35c5fe08-c2a0-472d-90fd-c382fa33c76e,it,Omoda,7,,Omoda 7SHS-P 1.5 tgdi phev Premium *IVA ESPOSTA* AZIENDALE,35499,,False,2026,02-2026,17000,,used,hybrid,105,142,1499,,,,automatic,,€ 0,SUV/Fuoristrada/Pick-up,5,5,Tipo di verniceAltro,,,,,dealer,Checcacci - TM Wagen,IT-59100 Prato – Po,IT,2,https://prod.pictures.autoscout24.net/listing-images/35c5fe08-c2a0-472d-90fd-c382fa33c76e_3db34677-250d-45ee-a522-0ed606557f85.jpg/250x188.webp,2026-10-10T08:07:51.462598,2.09,0
8dc43338-b2ff-4c99-8f09-edcd970b57a5,https://www.autoscout24.it/annunci/8dc43338-b2ff-4c99-8f09-edcd970b57a5,it,Jeep,renegade,,Jeep Renegade1.0 T3 Limited,11500,,False,2019,12-2019,88000,,used,petrol,88,119,999,,132,,manual,,FWD,SUV/Fuoristrada/Pick-up,5,5,Grigio,,,,,dealer,,IT-00169 Roma,IT,1,https://prod.pictures.autoscout24.net/listing-images/8dc43338-b2ff-4c99-8f09-edcd970b57a5_22cbde8d-3c54-46e3-801f-a1afb90acd13.jpg/250x188.webp,2026-10-10T08:07:51.462606,0.13,7
4392a2c8-7506-4abd-b8be-0e2d6c688edc,https://www.autoscout24.it/annunci/4392a2c8-7506-4abd-b8be-0e2d6c688edc,it,Land Rover,discovery sport,,Land Rover Discovery Sport2.0 eD4 D150 S 2WD | 36 Mesi di,14500,,False,2020,12-2020,138862,1,used,diesel,110,149,1999,,140,,manual,,FWD,SUV/Fuoristrada/Pick-up,5,5,Nero,,,,,dealer,Gidauto Srl,IT-31050 Villorba - Treviso - Tv,IT,3,https://prod.pictures.autoscout24.net/listing-images/4392a2c8-7506-4abd-b8be-0e2d6c688edc_55ef7352-e0b3-4883-9766-f1e0feeb2368.jpg/250x188.webp,2026-10-10T08:07:51.462613,0.1,6
0ac55c48-5834-4df2-ac4b-8cf34fa79d71,https://www.autoscout24.it/annunci/0ac55c48-5834-4df2-ac4b-8cf34fa79d71,it,Renault,rafale,,Renault Rafale1.2 e-Tech full hybrid Techno 4CONTROL,33500,,False,2025,06-2025,24000,1,used,hybrid,70,96,1199,,,,automatic,,€ 0,SUV/Fuoristrada/Pick-up,5,5,Nero,,,,,dealer,Autolinkroma Srl,IT-00178 Roma - Rm,IT,2,https://prod.pictures.autoscout24.net/listing-images/0ac55c48-5834-4df2-ac4b-8cf34fa79d71_35bd9300-2021-4205-a8ec-1be2e0fae11e.jpg/250x188.webp,2026-10-10T08:07:51.462620,1.4,1
1da62a9d-86cd-4078-b289-1d72c9e4c8e5,https://www.autoscout24.it/annunci/1da62a9d-86cd-4078-b289-1d72c9e4c8e5,it,BMW,118,,BMW 118i Msport 136cv auto,19490,,False,2021,01-2021,86000,2,used,petrol,99,136,1499,,114,,automatic,,€ 239,Berlina,5,5,Bianco,,,,,dealer,M-M Motors Treviglio - Personeni Federico,IT-24047 Treviglio - Bergamo - BG,IT,2,https://prod.pictures.autoscout24.net/listing-images/1da62a9d-86cd-4078-b289-1d72c9e4c8e5_ca9cc292-4e1d-4955-9791-edd9984de950.jpg/250x188.webp,2026-10-10T08:07:51.462628,0.23,5
f7b9aef5-f1db-4600-a1aa-2d45d11d650e,https://www.autoscout24.it/annunci/f7b9aef5-f1db-4600-a1aa-2d45d11d650e,it,Opel,mokka,,Opel Mokka1.2 Turbo 130 CV aut. Ultimate,15450,,False,2024,03-2024,44566,1,used,petrol,95,130,1199,,111,,automatic,,FWD,SUV/Fuoristrada/Pick-up,5,5,Blu/Azzurro,,,,,dealer,Treviglio Auto Srl,IT-20062 Cassano d' Adda - Milano - MI,IT,2,https://prod.pictures.autoscout24.net/listing-images/f7b9aef5-f1db-4600-a1aa-2d45d11d650e_f6227eb4-5b48-4ce9-9e8f-ef417f65e4e9.jpg/250x188.webp,2026-10-10T08:07:51.462635,0.35,2
407784d6-d616-4992-b0a0-35de4ffcc6bb,https://www.autoscout24.it/annunci/407784d6-d616-4992-b0a0-35de4ffcc6bb,it,Volkswagen,t-cross,,Volkswagen T-Cross1.0 tsi LIFE 95cv UFFICIALE VOLKSWAGEN,14500,,False,2023,07-2023,56000,1,used,petrol,69,95,999,,,,manual,,FWD,SUV/Fuoristrada/Pick-up,5,5,Argento,,,,,dealer,Autoservice srls,IT-10142 Torino,IT,2,https://prod.pictures.autoscout24.net/listing-images/407784d6-d616-4992-b0a0-35de4ffcc6bb_1dbd29e7-4b2a-49f7-9edb-aa174fa115b1.png/250x188.webp,2026-10-10T08:07:51.462643,0.26,3
90fbac03-8dfa-4b7a-bebf-96c53e026ee8,https://www.autoscout24.it/annunci/90fbac03-8dfa-4b7a-bebf-96c53e026ee8,it,Audi,q8,,Audi Q8SUV 50 TDI 286 CV quattro tiptronic S line edition,77500,,False,2025,03-2025,25218,,used,diesel,210,286,2967,,,7.0,automatic,,AWD,SUV/Fuoristrada/Pick-up,5,5,Nero,,,,,dealer,Commauto,IT-31055 Quinto Di Treviso - Treviso - Tv,IT,2,https://prod.pictures.autoscout24.net/listing-images/90fbac03-8dfa-4b7a-bebf-96c53e026ee8_8abd0dea-6727-450a-b10c-31c90c78ba85.jpg/250x188.webp,2026-10-10T08:07:51.462650,3.07,1
e66590d4-4f1e-4682-88ae-efb5207d4059,https://www.autoscout24.it/annunci/e66590d4-4f1e-4682-88ae-efb5207d4059,it,Fiat,tipo,,Fiat TipoTipo 5 porte II 5p 1.3 mjt Mirror s&s 95cv * PROMO,7800,,False,2020,06-2020,100000,1,used,diesel,69,95,1248,,,,manual,,Keine Angabe,Berlina,5,5,Grigio,,,,,dealer,Auto MGV Srl,IT-10040 La Loggia- Torino,IT,2,https://prod.pictures.autoscout24.net/listing-images/e66590d4-4f1e-4682-88ae-efb5207d4059_1c7b65d3-4d17-48fa-84d6-aa842473d7df.jpg/250x188.webp,2026-10-10T08:07:51.462657,0.08,6
07a64945-6e7d-4bd2-8d60-8426937f3317,https://www.autoscout24.it/annunci/07a64945-6e7d-4bd2-8d60-8426937f3317,it,Mercedes-Benz,a 180,,Mercedes-Benz A 180d Premium Night edition,25900,,False,2021,06-2021,79277,,used,diesel,85,115,1950,,126,,automatic,,FWD,Berlina,5,5,Bianco,,,,,dealer,Merbag S.p.A. | Mercedes-Benz Vetture Milano,IT-20151 Milano -  Mi,IT,2,https://prod.pictures.autoscout24.net/listing-images/07a64945-6e7d-4bd2-8d60-8426937f3317_ab8cd43f-9456-4824-a8d3-d21717977186.jpg/250x188.webp,2026-10-10T08:07:51.462673,0.33,5
f9f1ce19-f96a-490d-b069-f5dbe50e2a13,https://www.autoscout24.it/annunci/f9f1ce19-f96a-490d-b069-f5dbe50e2a13,it,Audi,a3,,Audi A3A3 Sportback Sportback 30 1.0 tfsi Design 116cv,16900,,False,2019,02-2019,71000,1,used,petrol,85,116,999,,132,,automatic,,FWD,Berlina,5,5,Nero,,,,,dealer,Ke Auto Srl - Sede di Mozzo - Bergamo,IT-24030 Mozzo - Bergamo,IT,2,https://prod.pictures.autoscout24.net/listing-images/f9f1ce19-f96a-490d-b069-f5dbe50e2a13_27c1025b-c5ac-4851-98a5-141edbc91560.jpg/250x188.webp,2026-10-10T08:07:51.462680,0.24,7
481dbd2e-02c6-4159-8f62-ac571b14ba6d,https://www.autoscout24.it/annunci/481dbd2e-02c6-4159-8f62-ac571b14ba6d,it,Mini,one d countryman,,MINI One D CountrymanMini Countryman F60 2017 1.5 Baker,12900,,False,2018,12-2018,123000,,used,diesel,85,115,1496,,,,manual,,FWD,SUV/Fuoristrada/Pick-up,5,5,Verde,,,,,dealer,Checcacci Srl,IT-59100 Prato - PO,IT,2,https://prod.pictures.autoscout24.net/listing-images/481dbd2e-02c6-4159-8f62-ac571b14ba6d_a440cb64-0653-46b8-b505-e7a65f2bdbf0.jpg/250x188.webp,2026-10-10T08:07:51.462688,0.1,8
d19b836c-d98a-44e9-a4ae-5a5798d957aa,https://www.autoscout24.it/annunci/d19b836c-d98a-44e9-a4ae-5a5798d957aa,it,Peugeot,508,,Peugeot 5081.6 hybrid phev Allure 225cv e-eat8,18990,,False,2020,11-2020,50056,,used,hybrid,165,225,1598,,33,,automatic,,FWD,Station wagon,5,5,Grigio,,,,,dealer,Dalma Srl,IT-20033 Solaro MI,IT,2,https://prod.pictures.autoscout24.net/listing-images/d19b836c-d98a-44e9-a4ae-5a5798d957aa_122a486b-ff6b-4c59-994f-fab66b97d266.jpg/250x188.webp,2026-10-10T08:07:51.462696,0.38,6
667eed3b-8249-4542-a1f5-e046b6389844,https://www.autoscout24.it/annunci/667eed3b-8249-4542-a1f5-e046b6389844,it,BMW,x2,,BMW X2sdrive18d auto - TAGLIANDI BMW,19900,,False,2022,08-2022,57000,,used,diesel,110,149,1995,,,,automatic,,FWD,SUV/Fuoristrada/Pick-up,5,5,Bianco,,,,,dealer,TM Wagen Pistoia Srl,IT-51100 Pistoia - Pt,IT,2,https://prod.pictures.autoscout24.net/listing-images/667eed3b-8249-4542-a1f5-e046b6389844_0b6b3fb3-4812-4041-b2b7-399d606e0042.jpg/250x188.webp,2026-10-10T08:07:51.462711,0.35,4
fb57b7ce-423a-4717-938f-1c282eba98ef,https://www.autoscout24.it/annunci/fb57b7ce-423a-4717-938f-1c282eba98ef,it,Volkswagen,golf gti,,Volkswagen Golf GTIGOLF 8.5 GTI CLUBSPORT,43900,,False,2025,12-2025,15000,1,used,petrol,221,300,,,,,automatic,,AWD,Berlina,5,5,Grigio,,,,,dealer,Automobile Torino srl,IT-10034 Chivasso - Torino,IT,2,https://prod.pictures.autoscout24.net/listing-images/fb57b7ce-423a-4717-938f-1c282eba98ef_30941535-e2a1-4387-a968-76e56251936d.jpg/250x188.webp,2026-10-10T08:07:51.462719,2.93,1
c4b0b7c0-7eb0-4de4-a369-2ad87ac138d5,https://www.autoscout24.it/annunci/c4b0b7c0-7eb0-4de4-a369-2ad87ac138d5,it,Volkswagen,golf gtd,,Volkswagen Golf GTDGTD 200CV DSG VARI COLORI E ALLESTIMENTI,29500,,False,2023,12-2023,18900,,used,diesel,147,200,,,,,automatic,,FWD,Berlina,5,5,Grigio,,,,,dealer,Race Car Cremona srl,IT-26025 Pandino - CR,IT,2,https://prod.pictures.autoscout24.net/listing-images/c4b0b7c0-7eb0-4de4-a369-2ad87ac138d5_ca12544a-dd28-4bcc-9e3f-07559034d1cd.jpg/250x188.webp,2026-10-10T08:07:51.462727,1.56,3
a5574f2d-9522-47ab-b6a8-84a949f5586f,https://www.autoscout24.it/annunci/a5574f2d-9522-47ab-b6a8-84a949f5586f,it,Mercedes-Benz,a 220,,Mercedes-Benz A 220220 premium auto,25000,,False,2019,11-2019,32024,2,used,petrol,140,190,1991,,139,,automatic,,FWD,Berlina,5,5,Bianco,,,,,dealer,Trivellato Spa,IT-36040 Torri di Quartesolo - Vicenza,IT,2,https://prod.pictures.autoscout24.net/listing-images/a5574f2d-9522-47ab-b6a8-84a949f5586f_222d4bac-c159-42b7-ab8e-91d6d0fae11d.jpg/250x188.webp,2026-10-10T08:07:51.462735,0.78,7
a28d1072-d5e1-4429-920e-1c9ef9723759,https://www.autoscout24.it/annunci/a28d1072-d5e1-4429-920e-1c9ef9723759,it,Honda,hr-v,,Honda HR-V1.5 hev Advance ecvt,25900,,False,2023,09-2023,36601,,used,hybrid,70,96,1498,,,,automatic,,FWD,SUV/Fuoristrada/Pick-up,5,5,Nero,,,,,dealer,Zerocento spa,IT-00169 Roma - Rm,IT,2,https://prod.pictures.autoscout24.net/listing-images/a28d1072-d5e1-4429-920e-1c9ef9723759_b4ffb595-b1a5-4812-8798-4b1de33d3b66.jpg/250x188.webp,2026-10-10T08:07:51.462794,0.71,3
f3c9897d-f71a-4d9e-8ab9-6049ec00da44,https://www.autoscout24.it/annunci/f3c9897d-f71a-4d9e-8ab9-6049ec00da44,it,Audi,q3,,Audi Q3Q3 I 2019 Sportback Sportback 40 2.0 tfsi S line,33990,,False,2020,12-2020,49500,1,used,petrol,140,190,1984,,,,semiautomatico,,€ 0,SUV/Fuoristrada/Pick-up,5,5,Argento,,,,,dealer,Santi srl,IT-41126 Modena - MO,IT,1,https://prod.pictures.autoscout24.net/listing-images/f3c9897d-f71a-4d9e-8ab9-6049ec00da44_2cfa2502-9506-45cf-bdb6-eb3a8d5f70de.jpg/250x188.webp,2026-10-10T08:07:51.462810,0.69,6
e3f005e7-c151-43ad-b11b-b3750478104c,https://www.autoscout24.it/annunci/e3f005e7-c151-43ad-b11b-b3750478104c,it,Renault,clio,,Renault ClioClio 1.8 full hybrid E-Tech Techno 160cv auto,22990,,False,2025,11-2025,8491,1,used,hybrid,117,160,1789,,,,automatic,,FWD,City car,5,5,Argento,,,,,dealer,Dielle Auto Srl,IT-10071 Borgaro Torinese,IT,2,https://prod.pictures.autoscout24.net/listing-images/e3f005e7-c151-43ad-b11b-b3750478104c_d709150f-6139-43bf-a1b9-6a5cb4d827df.jpg/250x188.webp,2026-10-10T08:07:51.462818,2.71,1
7354daa2-bc27-4371-8bef-b770bf3607ef,https://www.autoscout24.it/annunci/7354daa2-bc27-4371-8bef-b770bf3607ef,it,Volkswagen,golf gti,,Volkswagen Golf GTI- Golf 2.0 TSI DSG GTI,32900,,False,2024,08-2024,21390,,used,petrol,195,265,1984,,,,automatic,,FWD,Berlina,5,5,Nero,,,,,dealer,F.lli Cozzi Spa,IT-20025 Legnano - Milano - Mi,IT,2,https://prod.pictures.autoscout24.net/listing-images/7354daa2-bc27-4371-8bef-b770bf3607ef_d94a9d5e-dd83-4d70-9c2e-e022748dbc94.jpg/250x188.webp,2026-10-10T08:07:51.462825,1.54,2
f02a0997-a8d6-4db4-bc79-8ae8e2ba9d2e,https://www.autoscout24.it/annunci/f02a0997-a8d6-4db4-bc79-8ae8e2ba9d2e,it,Audi,rs3,,Audi RS3A3 IV 2025 Sportback 2.5 tfsi quattro s-tronic,59900,,False,2025,01-2025,19000,1,used,petrol,294,399,2480,,,,semiautomatico,,Keine Angabe,Berlina,5,5,Verde,,,,,dealer,Aquila Motors di Edoardo Aquilano,IT-20844 Triuggio  - MB,IT,2,https://prod.pictures.autoscout24.net/listing-images/f02a0997-a8d6-4db4-bc79-8ae8e2ba9d2e_2d1dc0de-4be8-4cf4-a7ff-076c15b1b30c.jpg/250x188.webp,2026-10-10T08:07:51.462833,3.15,1
add47bb8-3c4f-471e-a615-f538cb210616,https://www.autoscout24.it/annunci/add47bb8-3c4f-471e-a615-f538cb210616,it,Porsche,cayenne,,Porsche CayenneCoupé 3.0 V6 E-Hybrid,89980,,False,2024,01-2024,70000,1,used,hybrid,164,224,3000,,,4.0,automatic,,AWD,SUV/Fuoristrada/Pick-up,5,4,Grigio,,,,,dealer,Roma Car Trade srl,IT-00128 Roma - RM,IT,2,https://prod.pictures.autoscout24.net/listing-images/add47bb8-3c4f-471e-a615-f538cb210616_6e1833b8-de50-42cd-b9bb-2f60384fd85a.jpg/250x188.webp,2026-10-10T08:07:51.462840,1.29,2
b3ed0071-e82d-4b5b-b644-034a3727f750,https://www.autoscout24.it/annunci/b3ed0071-e82d-4b5b-b644-034a3727f750,it,Ford,focus,,Ford Focus1.5 ecoblue ST-Line 120cv auto,14900,,False,2022,06-2022,47601,,used,diesel,88,120,1499,,,,automatic,,Keine Angabe,Berlina,,5,Grigio,,,,,dealer,Gruppo Farina,IT-81025 Marcianise - Caserta,IT,2,https://prod.pictures.autoscout24.net/listing-images/b3ed0071-e82d-4b5b-b644-034a3727f750_0fb82ee9-1491-4006-900e-3fffe34b286e.jpg/250x188.webp,2026-10-10T08:07:51.462848,0.31,4
e7a1715d-c12a-4e6b-a95d-28543fe50df1,https://www.autoscout24.it/annunci/e7a1715d-c12a-4e6b-a95d-28543fe50df1,it,Ford,puma,,Ford Puma1.0 ecoboost h titanium 125cv auto,17520,,False,2024,08-2024,16265,1,used,hybrid,91,125,999,,129,,automatic,,FWD,SUV/Fuoristrada/Pick-up,5,5,Grigio,,,,,dealer,Carpoint Spa,IT-00128 Roma - Rm,IT,3,https://prod.pictures.autoscout24.net/listing-images/e7a1715d-c12a-4e6b-a95d-28543fe50df1_b14d5601-e4c5-499d-bc59-b624e605af73.jpg/250x188.webp,2026-10-10T08:07:51.462855,1.08,2
503341b7-ad86-404d-a964-d38b3135c4da,https://www.autoscout24.it/annunci/503341b7-ad86-404d-a964-d38b3135c4da,it,Audi,a3,,Audi A3A3 Sedan 30 1.0 tfsi mhev Business Advanced s-tronic,24900,,False,2023,06-2023,18000,1,used,hybrid,81,110,999,,,,semiautomatico,,FWD,Berlina,4,5,Grigio,,,,,dealer,Parioli Car Center srl,IT-00191 Roma,IT,2,https://prod.pictures.autoscout24.net/listing-images/503341b7-ad86-404d-a964-d38b3135c4da_9f86d623-2155-47b8-9198-073763676a1c.jpg/250x188.webp,2026-10-10T08:07:51.462862,1.38,3
b7cdb443-4b01-422c-b885-ed377da6d381,https://www.autoscout24.it/annunci/b7cdb443-4b01-422c-b885-ed377da6d381,it,Seat,leon,,SEAT LeonSportstourer 2.0 TDI Style 115CV,14500,,False,2023,09-2023,60926,1,used,diesel,84,115,1968,,100,,manual,,FWD,Berlina,5,5,Grigio,,,,,dealer,X Car Snc,IT-10148 Torino - To,IT,2,https://prod.pictures.autoscout24.net/listing-images/b7cdb443-4b01-422c-b885-ed377da6d381_47e1b3d3-f2d5-41ee-b226-878e8595cfd6.jpg/250x188.webp,2026-10-10T08:07:51.462870,0.24,3
3c3e7a83-7547-460b-8487-92270db9caea,https://www.autoscout24.it/annunci/3c3e7a83-7547-460b-8487-92270db9caea,it,Mg,zs,,MG ZS1.5 Standard PROMO FLEX,14490,,False,2026,08-2026,15,,new,petrol,85,115,1495,,145,,manual,,FWD,SUV/Fuoristrada/Pick-up,5,5,Grigio,,,,,dealer,Puntocar di Tarantino Andrea - Sede di Orbassano,IT-10043 Orbassano - Torino - TO,IT,2,https://prod.pictures.autoscout24.net/listing-images/3c3e7a83-7547-460b-8487-92270db9caea_0691d987-3beb-413e-8d10-47a8e37e688f.jpg/250x188.webp,2026-10-10T08:07:51.462877,966.0,0
21d92a57-8cd4-43a1-94db-421581214c02,https://www.autoscout24.it/annunci/21d92a57-8cd4-43a1-94db-421581214c02,it,Peugeot,2008,,Peugeot 20081.2 puretech Allure,5500,,False,2018,11-2018,141000,1,used,petrol,44,61,1199,,,,05/2023,0,FWD,Station wagon,5,5,Marrone,,,,,dealer,S.S Motors Srls,IT-26010 Ripalta Cremasca - CR,IT,2,https://prod.pictures.autoscout24.net/listing-images/21d92a57-8cd4-43a1-94db-421581214c02_f3a14b9f-cf41-4f73-8127-1b9d9a2060e8.jpg/250x188.webp,2026-10-10T08:07:51.462884,0.04,8
33a2205c-2911-4d41-b07e-1419e59bd87c,https://www.autoscout24.it/annunci/33a2205c-2911-4d41-b07e-1419e59bd87c,it,Maserati,quattroporte,,Maserati Quattroporte3.8 V8 Trofeo 580cv rwd auto,80500,,False,2021,07-2021,27326,,used,petrol,426,580,3799,,,,automatic,,RWD,Berlina,4,5,Grigio,,,,,dealer,Aston Martin Milano,IT-20123 Milano - Mi,IT,2,https://prod.pictures.autoscout24.net/listing-images/33a2205c-2911-4d41-b07e-1419e59bd87c_0636f250-06d1-4747-b294-7f4219f4f8c1.jpg/250x188.webp,2026-10-10T08:07:51.462891,2.95,5
3e4291d4-665a-4e7d-8420-4a887d8f09d9,https://www.autoscout24.it/annunci/3e4291d4-665a-4e7d-8420-4a887d8f09d9,it,Jaecoo,j7,,Jaecoo J7SHS-H PURE,27400,,False,,new,5000,,used,hybrid,165,224,1500,,64,,automatic,,FWD,SUV/Fuoristrada/Pick-up,5,5,Bianco,,,,,dealer,Gualdi Paolo Srl,IT-41037 Mirandola - Modena - Mo,IT,2,https://prod.pictures.autoscout24.net/listing-images/3e4291d4-665a-4e7d-8420-4a887d8f09d9_812c6c1b-a07a-44f1-96c5-fa4f43449430.jpg/250x188.webp,2026-10-10T08:07:51.462899,5.48,
0f7fb9c5-5f06-47d8-8ed7-67945836e4c0,https://www.autoscout24.it/annunci/0f7fb9c5-5f06-47d8-8ed7-67945836e4c0,it,Volkswagen,t-roc,,Volkswagen T-Roc1.5 tsi Style *PROMOZIONE!!,22999,,False,2022,04-2022,25000,1,used,petrol,110,149,1498,,,,automatic,,FWD,SUV/Fuoristrada/Pick-up,2,,Grigio,,,,,dealer,Cambio Auto FG,IT-20094 Corsico,IT,2,https://prod.pictures.autoscout24.net/listing-images/0f7fb9c5-5f06-47d8-8ed7-67945836e4c0_bd536266-063c-4640-96fc-b09d27f20363.jpg/250x188.webp,2026-10-10T08:07:51.462914,0.92,4
aa75fc36-cc12-4733-9c05-eb752467a276,https://www.autoscout24.it/annunci/aa75fc36-cc12-4733-9c05-eb752467a276,it,Mg,zs,,MG ZS1.5 Luxury,13400,,False,2024,03-2024,27356,1,used,petrol,78,106,1498,,149,,manual,,FWD,SUV/Fuoristrada/Pick-up,5,5,Arancione,,,,,dealer,Lupi Auto Spa,IT-51100 Stradario 01117 - Pistoia,IT,2,https://prod.pictures.autoscout24.net/listing-images/aa75fc36-cc12-4733-9c05-eb752467a276_70b602fb-fdff-4758-a109-41ec577505b7.jpg/250x188.webp,2026-10-10T08:07:51.462921,0.49,2
ce042f66-779f-434c-98b3-ca35d3d8e062,https://www.autoscout24.it/annunci/ce042f66-779f-434c-98b3-ca35d3d8e062,it,Volkswagen,polo,,Volkswagen Polo1.0 TSI 5p. Highline BlueMotion Technology,11900,,False,2018,09-2018,72395,,used,petrol,51,70,999,,104,,manual,,FWD,Berlina,5,5,Grigio,,,,,dealer,Elitcar Srl,IT-20013 Magenta - Milano - Mi,IT,2,https://prod.pictures.autoscout24.net/listing-images/ce042f66-779f-434c-98b3-ca35d3d8e062_99156a71-1790-418e-b7be-26a1241400d2.jpg/250x188.webp,2026-10-10T08:07:51.462928,0.16,8
905d5f45-7f91-46a0-9077-e61a694f4d26,https://www.autoscout24.it/annunci/905d5f45-7f91-46a0-9077-e61a694f4d26,it,Cupra,formentor,,CUPRA FormentorFormentor 1.4 e-hybrid 204cv dsg  UFFICIALE,24900,,False,2024,06-2024,31100,1,used,hybrid,150,204,1395,,29,,automatic,,FWD,SUV/Fuoristrada/Pick-up,5,5,Bianco,,,,,dealer,Autoservice srls,IT-10142 Torino,IT,2,https://prod.pictures.autoscout24.net/listing-images/905d5f45-7f91-46a0-9077-e61a694f4d26_b52d41f7-6c84-46b3-8a3e-d2ab7f889da4.jpg/250x188.webp,2026-10-10T08:07:51.462936,0.8,2
aafdf031-9228-4d7f-bfb8-c39c79296de3,https://www.autoscout24.it/annunci/aafdf031-9228-4d7f-bfb8-c39c79296de3,it,Ford,fiesta,,Ford Fiesta5p 1.1 Titanium 75cv,10900,,False,2023,04-2023,31900,,used,petrol,55,75,1084,,,,automatic,,FWD,Berlina,5,5,Grigio,,,,,dealer,La Barca Automobili srl,IT-10036 Settimo Torinese - Torino - TO,IT,2,https://prod.pictures.autoscout24.net/listing-images/aafdf031-9228-4d7f-bfb8-c39c79296de3_a2644508-23bc-4231-a20e-e18d2d3cae08.jpg/250x188.webp,2026-10-10T08:07:51.462950,0.34,3
9b9723e3-19cb-4295-a0e1-e649978b64c4,https://www.autoscout24.it/annunci/9b9723e3-19cb-4295-a0e1-e649978b64c4,it,Byd,seal u,,BYD Seal UDM-i 1.5 phev BOOST 2wd *PROMO,29890,,False,2026,09-2026,1,,new,hybrid,160,217,1498,,,,automatic,,Keine Angabe,SUV/Fuoristrada/Pick-up,5,5,Tipo di verniceAltro,,,,,dealer,Bryan Auto Srl,IT-13100 Vercelli,IT,2,https://prod.pictures.autoscout24.net/listing-images/9b9723e3-19cb-4295-a0e1-e649978b64c4_4421b3ea-f89d-4904-ba85-92bff63b2697.jpg/250x188.webp,2026-10-10T08:07:51.462958,29890.0,0
26b18409-ba1f-4d9e-a895-f13cdd4fe6b0,https://www.autoscout24.it/annunci/26b18409-ba1f-4d9e-a895-f13cdd4fe6b0,it,Mercedes-Benz,a 200,,Mercedes-Benz A 200PREMIUM RESTYLING VARI COLORI E,30900,,False,2025,10-2025,12500,,used,petrol,120,163,,,,,automatic,,FWD,Berlina,5,5,Grigio,,,,,dealer,Race Car Cremona srl,IT-26025 Pandino - CR,IT,2,https://prod.pictures.autoscout24.net/listing-images/26b18409-ba1f-4d9e-a895-f13cdd4fe6b0_5570ed7c-edaf-492f-b867-e77b25e56b4d.jpg/250x188.webp,2026-10-10T08:07:51.462965,2.47,1
f7601cad-b08e-493d-9fd8-f4cfdcaea2be,https://www.autoscout24.it/annunci/f7601cad-b08e-493d-9fd8-f4cfdcaea2be,it,Alfa Romeo,tonale,,Alfa Romeo Tonale1.6 Sprint 130cv tct6,17900,,False,2023,05-2023,75000,,used,diesel,95,130,1598,,,,automatic,,FWD,SUV/Fuoristrada/Pick-up,5,5,Grigio,,,,,dealer,La Barca Automobili srl,IT-10036 Settimo Torinese - Torino - TO,IT,2,https://prod.pictures.autoscout24.net/listing-images/f7601cad-b08e-493d-9fd8-f4cfdcaea2be_2ebd39fe-d153-44cf-a366-a908a64b8fe6.jpg/250x188.webp,2026-10-10T08:07:51.462973,0.24,3
2b701ca9-f43a-4f91-aa66-ca10c0c83b62,https://www.autoscout24.it/annunci/2b701ca9-f43a-4f91-aa66-ca10c0c83b62,it,Ford,focus,,Ford Focus1.0t ecoboost h st-line x 125cv,16420,,False,2023,03-2023,21793,1,used,hybrid,91,125,999,,120,,manual,,FWD,Berlina,5,5,Blu/Azzurro,,,,,dealer,Carpoint Spa,IT-00128 Roma - Rm,IT,3,https://prod.pictures.autoscout24.net/listing-images/2b701ca9-f43a-4f91-aa66-ca10c0c83b62_d22bb61e-81de-4fe8-a498-fe05af3ec0b0.jpg/250x188.webp,2026-10-10T08:07:51.462980,0.75,3
d94a78c1-93d9-4971-a410-019f7bc72c5c,https://www.autoscout24.it/annunci/d94a78c1-93d9-4971-a410-019f7bc72c5c,it,Volkswagen,polo gti,,Volkswagen Polo GTIPolo 2.0 tsi GTI dsg,23890,,False,2025,06-2025,24684,,used,petrol,152,206,1984,,,,automatic,,FWD,Berlina,5,5,Grigio,,,,,dealer,Automotiva by Lunica Motors srl,IT-10072 Caselle Torinese - TO,IT,2,https://prod.pictures.autoscout24.net/listing-images/d94a78c1-93d9-4971-a410-019f7bc72c5c_77b0e358-f120-477a-b9e3-f5630e1b2734.jpg/250x188.webp,2026-10-10T08:07:51.463002,0.97,1
0717d546-d977-4ef5-9dff-baae96df6503,https://www.autoscout24.it/annunci/0717d546-d977-4ef5-9dff-baae96df6503,it,Fiat,ulysse,,Fiat UlysseL3H2 RUNNER 8+1 ( PEDANA POSTERIORE ) 2.0 HDI,31800,,False,2025,12-2025,2300,1,used,diesel,132,180,1997,,,,automatic,,FWD,Monovolume,5,9,Bianco,,,,,dealer,Jolly Auto  AP Trading Srl,IT-26010 Cremosano - Crema - Cr,IT,2,https://prod.pictures.autoscout24.net/listing-images/0717d546-d977-4ef5-9dff-baae96df6503_8877c71c-3248-470e-90ed-7f6cbdf0d3e1.jpg/250x188.webp,2026-10-10T08:07:51.463009,13.83,1
f99e5932-4f9d-4c6c-aadb-a0070755c4ff,https://www.autoscout24.it/annunci/f99e5932-4f9d-4c6c-aadb-a0070755c4ff,it,Jeep,compass,,Jeep CompassCompass 1.6 mjt Business 2wd 120cv,12500,,False,2020,06-2020,101500,,used,diesel,88,120,1598,,128,,manual,,FWD,SUV/Fuoristrada/Pick-up,5,5,Bianco,,,,,dealer,Car Srl,IT-40131 Bologna - Bo,IT,2,https://prod.pictures.autoscout24.net/listing-images/f99e5932-4f9d-4c6c-aadb-a0070755c4ff_31dfcfc6-360f-4b60-bad8-106c37cf94b5.jpg/250x188.webp,2026-10-10T08:07:51.463016,0.12,6
a9a55990-912d-4970-af2d-aa5d9a5067f5,https://www.autoscout24.it/annunci/a9a55990-912d-4970-af2d-aa5d9a5067f5,it,Skoda,octavia,,Skoda OctaviaIV Wagon 2.0 tdi Executive 150cv dsg,26900,,False,2025,03-2025,18000,1,used,diesel,110,150,1968,,120,,automatic,,FWD,Station wagon,5,5,Nero,,,,,dealer,Ghiraldo & Autoin Srl,IT-35129 Padova - PD,IT,2,https://prod.pictures.autoscout24.net/listing-images/a9a55990-912d-4970-af2d-aa5d9a5067f5_48835508-6694-4c94-9996-c6ce4a2ff1c6.jpg/250x188.webp,2026-10-10T08:07:51.463023,1.49,1
83353994-89b4-4c65-85d6-cfc23dea3cd5,https://www.autoscout24.it/annunci/83353994-89b4-4c65-85d6-cfc23dea3cd5,it,Audi,q2,,Audi Q2ADVANCED 1.0 30 TFSI 81KW,17890,,False,2023,06-2023,72000,1,used,petrol,81,110,999,,,,manual,,Keine Angabe,SUV/Fuoristrada/Pick-up,,,Blu/Azzurro,,,,,dealer,Auto Lazeta Srl,IT-29012 Caorso – Piacenza - Pc,IT,2,https://prod.pictures.autoscout24.net/listing-images/83353994-89b4-4c65-85d6-cfc23dea3cd5_0581e24c-2a8d-445c-8561-91592de5cee7.jpg/250x188.webp,2026-10-10T08:07:51.463030,0.25,3
64371327-b656-41c4-a1bb-9f03da0cb999,https://www.autoscout24.it/annunci/64371327-b656-41c4-a1bb-9f03da0cb999,it,Mercedes-Benz,a 180,,Mercedes-Benz A 180Classe A - W177 2018 d Executive auto,16990,,False,2019,01-2019,236000,,used,diesel,85,115,1461,,,,automatic,,FWD,Berlina,5,5,Bianco,,,,,dealer,Romano Auto Srls,IT-24058 Romano di Lombardia - BG,IT,2,https://prod.pictures.autoscout24.net/listing-images/64371327-b656-41c4-a1bb-9f03da0cb999_c7bf4ab3-3b1c-4126-81c0-5a2a65da35c2.jpg/250x188.webp,2026-10-10T08:07:51.463038,0.07,7
dadf416d-0e9c-4f22-a7e5-c03361742f3e,https://www.autoscout24.it/annunci/dadf416d-0e9c-4f22-a7e5-c03361742f3e,it,Mercedes-Benz,glc 300,,Mercedes-Benz GLC 300GLC 300 d 4Matic Coupé Premium Plus,26900,,False,2020,05-2020,215888,1,used,diesel,180,244,1950,,167,,automatic,,AWD,Coupé,5,5,Grigio,,,,,dealer,,IT-50142 Firenze,IT,1,https://prod.pictures.autoscout24.net/listing-images/dadf416d-0e9c-4f22-a7e5-c03361742f3e_de96f9ac-9a6a-4eef-b96b-4f5e1dc0b9f4.jpg/250x188.webp,2026-10-10T08:07:51.463046,0.12,6
7863c1ed-e750-4fd7-b952-ee39f7abf4ec,https://www.autoscout24.it/annunci/7863c1ed-e750-4fd7-b952-ee39f7abf4ec,it,Dacia,duster,,Dacia DusterDuster 1.5 blue dci Techroad 4x2 115cv,8200,,False,2020,08-2020,193346,,used,diesel,84,115,1461,,,,automatic,,FWD,SUV/Fuoristrada/Pick-up,5,5,Grigio,,,,,dealer,Center Motors Srl,IT-20010 Boffalora Sopra Ticino - Milano - MI,IT,2,https://prod.pictures.autoscout24.net/listing-images/7863c1ed-e750-4fd7-b952-ee39f7abf4ec_90fae22b-9638-489e-9eb9-f11abcbfd49f.jpg/250x188.webp,2026-10-10T08:07:51.463054,0.04,6
d9a99ffd-78ef-4486-81c2-3b3430a47e9d,https://www.autoscout24.it/annunci/d9a99ffd-78ef-4486-81c2-3b3430a47e9d,it,Ford,tourneo custom,,Ford Tourneo Custom2.0 TDCi 185cv Auto Titanium ** 8 POSTI,29490,,False,2019,07-2019,65000,1,used,diesel,136,185,1995,,,,automatic,,FWD,Monovolume,5,8,Grigio,,,,,dealer,DC Auto,IT-20900 Monza,IT,2,https://prod.pictures.autoscout24.net/listing-images/d9a99ffd-78ef-4486-81c2-3b3430a47e9d_11417508-2975-48cd-83fd-cadbd3dec1bc.jpg/250x188.webp,2026-10-10T08:07:51.463069,0.45,7
1e50df5a-8db6-4970-9137-913d801b72f8,https://www.autoscout24.it/annunci/1e50df5a-8db6-4970-9137-913d801b72f8,it,Dr Automobiles,pk8,,DR Automobiles PK8PK8 2.0 turbo diesel 4x4 136cv,23900,,False,2025,09-2025,9800,,used,diesel,99,136,1999,,,,manual,,€ 0,SUV/Fuoristrada/Pick-up,4,5,Nero,,,,,dealer,Alessandria Auto Spa,IT-14100 Asti - AT,IT,2,https://prod.pictures.autoscout24.net/listing-images/1e50df5a-8db6-4970-9137-913d801b72f8_f0d5cd7a-a11a-4494-97e1-c70799769252.jpg/250x188.webp,2026-10-10T08:07:51.463077,2.44,1
0152ad72-66e4-4e74-8e42-3ed78f43e971,https://www.autoscout24.it/annunci/0152ad72-66e4-4e74-8e42-3ed78f43e971,it,Opel,mokka,,Opel Mokka1.2 T Edition S&S 100CV,12900,,False,2021,06-2021,27731,1,used,petrol,73,100,1199,,,,manual,,Keine Angabe,SUV/Fuoristrada/Pick-up,5,5,Tipo di verniceAltro,,,,,dealer,Cromus Car Group Srl,IT-20123 Cormano - Milano - MI,IT,2,https://prod.pictures.autoscout24.net/listing-images/0152ad72-66e4-4e74-8e42-3ed78f43e971_eac330da-66fb-413d-9467-7af109ac99cf.jpg/250x188.webp,2026-10-10T08:07:51.463084,0.47,5
2cf7b5db-5841-4cd1-94ab-8fb4cfb565a6,https://www.autoscout24.it/annunci/2cf7b5db-5841-4cd1-94ab-8fb4cfb565a6,it,Peugeot,3008,,Peugeot 30083008 BlueHDi 130 S&S EAT8 Allure,14900,,False,2022,11-2022,118000,,used,diesel,96,130,1499,,128,,semiautomatico,,FWD,SUV/Fuoristrada/Pick-up,5,5,Blu/Azzurro,,,,,dealer,AG Auto Srl,IT-42027 Montecchio Emilia - Re,IT,2,https://prod.pictures.autoscout24.net/listing-images/2cf7b5db-5841-4cd1-94ab-8fb4cfb565a6_9b1836c3-b4d1-4eca-88d3-2c9c2808c778.jpg/250x188.webp,2026-10-10T08:07:51.463092,0.13,4
4aa6bac9-2d4e-4f51-9a0f-2f2c8e34c252,https://www.autoscout24.it/annunci/4aa6bac9-2d4e-4f51-9a0f-2f2c8e34c252,it,Cupra,formentor,,CUPRA FormentorFormentor 2.0 tsi 4drive 190cv dsg,23900,,False,2021,11-2021,70875,,used,petrol,139,190,1984,,169,,automatic,,AWD,SUV/Fuoristrada/Pick-up,5,5,Nero,,,,,dealer,Sironi Auto Srl,IT-23884 Castello di Brianza - Lecco -   Lc,IT,2,https://prod.pictures.autoscout24.net/listing-images/4aa6bac9-2d4e-4f51-9a0f-2f2c8e34c252_f8fab6c1-57f3-41ac-9369-fdd4ca13adb5.jpg/250x188.webp,2026-10-10T08:07:51.463106,0.34,5
75848baf-9253-433a-a466-833463028286,https://www.autoscout24.it/annunci/75848baf-9253-433a-a466-833463028286,it,Jeep,avenger,,Jeep Avenger1.2 Turbo 100 CV Altitude,16990,,False,2023,08-2023,30000,1,used,petrol,73,100,1199,,124,,manual,,FWD,SUV/Fuoristrada/Pick-up,5,5,Bianco,,,,,dealer,Graziano Group Srl,IT-25035 Ospitaletto - Brescia - BS,IT,2,https://prod.pictures.autoscout24.net/listing-images/75848baf-9253-433a-a466-833463028286_b80639ac-37cc-46bf-9488-a9568c70e859.jpg/250x188.webp,2026-10-10T08:07:51.463114,0.57,3
dc5e0bed-9c87-4ffc-8393-3029b87199a6,https://www.autoscout24.it/annunci/dc5e0bed-9c87-4ffc-8393-3029b87199a6,it,Peugeot,2008,,Peugeot 20082008 II 1.5 bluehdi Allure Pack s&s 110cv *,13800,,False,2022,09-2022,55000,1,used,diesel,80,110,1499,,,,manual,,€ 0,SUV/Fuoristrada/Pick-up,5,5,Grigio,,,,,dealer,Auto MGV Srl,IT-10040 La Loggia- Torino,IT,2,https://prod.pictures.autoscout24.net/listing-images/dc5e0bed-9c87-4ffc-8393-3029b87199a6_5f8b47cf-545b-4ee9-bcef-c745184bd0fd.jpg/250x188.webp,2026-10-10T08:07:51.463121,0.25,4
2a632879-8731-44eb-9fbc-53206d72989c,https://www.autoscout24.it/annunci/2a632879-8731-44eb-9fbc-53206d72989c,it,BMW,118,,BMW 118i 5p. Business Advantage,18900,,False,2023,07-2023,22800,1,used,petrol,100,136,1499,,129,,automatic,,FWD,Berlina,5,5,Bianco,,,,,dealer,Automobile Torino srl,IT-10034 Chivasso - Torino,IT,2,https://prod.pictures.autoscout24.net/listing-images/2a632879-8731-44eb-9fbc-53206d72989c_8cbf7955-a31b-4757-87bf-4d809d65d823.jpg/250x188.webp,2026-10-10T08:07:51.463129,0.83,3
5ad5812d-e02c-4cf1-8c13-424adf7c4060,https://www.autoscout24.it/annunci/5ad5812d-e02c-4cf1-8c13-424adf7c4060,it,Alfa Romeo,tonale,,Alfa Romeo Tonale1.5 hybrid Sprint 130CV TCT7 - VETTURA IN,20990,,False,2023,05-2023,35000,1,used,hybrid,95,130,1469,,134,,automatic,,FWD,SUV/Fuoristrada/Pick-up,5,5,Bianco,,,,,dealer,Ultu Selection srl,IT-25035 Ospitaletto -  BS,IT,2,https://prod.pictures.autoscout24.net/listing-images/5ad5812d-e02c-4cf1-8c13-424adf7c4060_bf40ae9e-20de-4cc7-be33-c820cdfa65fe.jpg/250x188.webp,2026-10-10T08:07:51.463136,0.6,3
45d346ee-2d02-4534-b102-26635026d2a3,https://www.autoscout24.it/annunci/45d346ee-2d02-4534-b102-26635026d2a3,it,Volkswagen,t-roc,,Volkswagen T-RocT-Roc 1.0 tsi Life 110cv / Fari LED - Park,18990,,False,2023,01-2023,36783,1,used,petrol,80,110,999,,135,,automatic,,FWD,SUV/Fuoristrada/Pick-up,5,5,Grigio,,,,,dealer,Gruppo S2 Padova,IT-35129 Padova - PD,IT,2,https://prod.pictures.autoscout24.net/listing-images/45d346ee-2d02-4534-b102-26635026d2a3_87a3e9cd-a678-4f98-bdb1-1604681dbc19.jpg/250x188.webp,2026-10-10T08:07:51.463143,0.52,3
6ae5e9b9-9284-4c5e-95c6-986aa248c39e,https://www.autoscout24.it/annunci/6ae5e9b9-9284-4c5e-95c6-986aa248c39e,it,Alfa Romeo,junior,,Alfa Romeo Junior1.2 145 CV Hybrid eDCT6 Sprint KM0,20950,,False,2026,07-2026,1,,new,hybrid,106,145,1199,,133,,automatic,,FWD,SUV/Fuoristrada/Pick-up,5,5,Grigio,,,,,dealer,,IT-47521 Cesena - Forlì Cesena - Fc,IT,1,https://prod.pictures.autoscout24.net/listing-images/6ae5e9b9-9284-4c5e-95c6-986aa248c39e_3c0bd115-5672-4e2c-91a2-f3616e24cb94.jpg/250x188.webp,2026-10-10T08:07:51.463151,20950.0,0
1ad4aaa2-8e7a-4c32-8a15-3f34d9eb628f,https://www.autoscout24.it/annunci/1ad4aaa2-8e7a-4c32-8a15-3f34d9eb628f,it,Mini,cooper countryman,,MINI Cooper CountrymanMini 1.5 48V C Classic auto,29000,,False,2025,12-2025,19419,,used,hybrid,125,170,1499,,,,automatic,,FWD,SUV/Fuoristrada/Pick-up,5,5,Nero,,,,,dealer,BYmyCAR Milano,IT-20097 San Donato Milanese - Milano - MI,IT,2,https://prod.pictures.autoscout24.net/listing-images/1ad4aaa2-8e7a-4c32-8a15-3f34d9eb628f_8992afbe-f5c2-46f3-81ea-316c06609189.jpg/250x188.webp,2026-10-10T08:07:51.463158,1.49,1
faa88709-4573-4d06-9c7f-62d4bfb93792,https://www.autoscout24.it/annunci/faa88709-4573-4d06-9c7f-62d4bfb93792,it,Jeep,avenger,,Jeep AvengerAvenger 1.2 turbo Summit fwd 100cv.,17990,,False,2025,02-2025,15140,,used,petrol,73,100,1199,,129,,manual,,FWD,SUV/Fuoristrada/Pick-up,5,5,Giallo,,,,,dealer,Sorbara Auto Srl,IT-20814 Varedo - Monza-Brianza - Mb,IT,2,https://prod.pictures.autoscout24.net/listing-images/faa88709-4573-4d06-9c7f-62d4bfb93792_9ac65306-4adc-4196-9b63-56dfaba25dd5.jpg/250x188.webp,2026-10-10T08:07:51.463165,1.19,1
61c631b7-2c1c-437f-8b20-08d3bd9cb3e8,https://www.autoscout24.it/annunci/61c631b7-2c1c-437f-8b20-08d3bd9cb3e8,it,Alfa Romeo,stelvio,,Alfa Romeo Stelvio- Stelvio 2.2 Turbodiesel 190 CV AT8 Q4,22800,,False,2021,12-2021,73091,,used,diesel,139,190,2143,,,,automatic,,AWD,SUV/Fuoristrada/Pick-up,5,5,Nero,,,,,dealer,F.lli Cozzi Spa,IT-20025 Legnano - Milano - Mi,IT,2,https://prod.pictures.autoscout24.net/listing-images/61c631b7-2c1c-437f-8b20-08d3bd9cb3e8_ab33b964-a0bc-4994-bf8c-67de2916e79a.jpg/250x188.webp,2026-10-10T08:07:51.463187,0.31,5
8a22d3ef-7c5a-41b0-aa81-ee44c816c8f9,https://www.autoscout24.it/annunci/8a22d3ef-7c5a-41b0-aa81-ee44c816c8f9,it,Mercedes-Benz,glb 200,,Mercedes-Benz GLB 200- GLB 200 d Premium auto,32000,,False,2023,09-2023,77110,,used,diesel,110,149,1950,,,,automatic,,FWD,SUV/Fuoristrada/Pick-up,5,5,Nero,,,,,dealer,Delta Motors  spa,IT-62010 Montecosaro - Macerata - MC,IT,2,https://prod.pictures.autoscout24.net/listing-images/8a22d3ef-7c5a-41b0-aa81-ee44c816c8f9_0ad1016f-2aa5-4144-a6f6-aded255078c8.jpg/250x188.webp,2026-10-10T08:07:51.463194,0.41,3
1072a0f3-0133-4f50-b52d-ab8d566c02d0,https://www.autoscout24.it/annunci/1072a0f3-0133-4f50-b52d-ab8d566c02d0,it,Alfa Romeo,tonale,,Alfa Romeo Tonale1.5 160 CV MHEV TCT7 Veloce,24270,,False,2025,01-2025,59754,,used,hybrid,117,160,1469,,133,,automatic,,FWD,SUV/Fuoristrada/Pick-up,5,5,Nero,,,,,dealer,Auto Drive M.G.M. Srl,IT-22036 Erba - Como - Co,IT,2,https://prod.pictures.autoscout24.net/listing-images/1072a0f3-0133-4f50-b52d-ab8d566c02d0_a9b28a67-09e4-47e0-b517-1710d4fa637c.jpg/250x188.webp,2026-10-10T08:07:51.463215,0.41,1
dfc4c2a7-3785-4125-817d-0383cea079f1,https://www.autoscout24.it/annunci/dfc4c2a7-3785-4125-817d-0383cea079f1,it,Cupra,formentor,,CUPRA Formentor1.4 E-HYBRID DSG SUV,22100,,False,2023,07-2023,46165,1,used,hybrid,110,149,,,,,automatic,,Keine Angabe,SUV/Fuoristrada/Pick-up,,,BIANCO,,,,,dealer,Ariel Car Roma,IT-00137 Roma,IT,2,https://prod.pictures.autoscout24.net/listing-images/dfc4c2a7-3785-4125-817d-0383cea079f1_cedfb60e-09ab-4650-a511-9a270484da8a.jpg/250x188.webp,2026-10-10T08:07:51.463222,0.48,3
61f45c58-7044-4cd8-91d3-23f1b000c1e0,https://www.autoscout24.it/annunci/61f45c58-7044-4cd8-91d3-23f1b000c1e0,it,Jeep,compass,,Jeep Compass1.3 Turbo T4 240 CV PHEV AT6 4xe S,15980,,False,2023,04-2023,59987,1,used,hybrid,176,240,1332,,,2.0,automatic,,AWD,SUV/Fuoristrada/Pick-up,5,5,Bianco,,,,,dealer,Ice Car Srl,IT-00128 Roma,IT,2,https://prod.pictures.autoscout24.net/listing-images/61f45c58-7044-4cd8-91d3-23f1b000c1e0_67d5db59-a78d-4956-95ab-626dbf2ab78e.jpg/250x188.webp,2026-10-10T08:07:51.463229,0.27,3
6284b518-d752-416b-ae7e-b941176afe04,https://www.autoscout24.it/annunci/6284b518-d752-416b-ae7e-b941176afe04,it,Jeep,compass,,Jeep Compass1.4 MultiAir 2WD Longitude,13390,,False,2018,06-2018,42900,,used,petrol,103,140,1368,,143,,manual,,FWD,SUV/Fuoristrada/Pick-up,5,5,Bianco,,,,,dealer,CentroAuto Srl,IT-30173 Mestre - Venezia - VE,IT,2,https://prod.pictures.autoscout24.net/listing-images/6284b518-d752-416b-ae7e-b941176afe04_7a9a9912-2f04-4107-a219-6c1959adb970.jpg/250x188.webp,2026-10-10T08:07:51.463237,0.31,8
dc4d52d9-ef07-408b-b751-dbdc7316d766,https://www.autoscout24.it/annunci/dc4d52d9-ef07-408b-b751-dbdc7316d766,it,Maserati,levante,,Maserati Levante3.0 V6 MODENA 350CV F1 TETTO CERCHI,44900,,False,2022,08-2022,64000,1,used,petrol,257,350,2979,,,,semiautomatico,,AWD,SUV/Fuoristrada/Pick-up,5,5,Blu/Azzurro,,,,,dealer,Omar Forlini Group by Automotive Srl,IT-25135 Brescia - Bs,IT,2,https://prod.pictures.autoscout24.net/listing-images/dc4d52d9-ef07-408b-b751-dbdc7316d766_c3a395c7-a093-45cf-a33b-1ec903cf423e.jpg/250x188.webp,2026-10-10T08:07:51.463257,0.7,4
b6f6a534-095c-4de9-abda-4aed4c5bfef1,https://www.autoscout24.it/annunci/b6f6a534-095c-4de9-abda-4aed4c5bfef1,it,Mg,hs,,MG HS- HS ICE 1.5T DCT LUX,21900,,False,2025,01-2025,15000,,used,petrol,125,170,1496,,,,semiautomatico,,FWD,SUV/Fuoristrada/Pick-up,,5,Rosso,,,,,dealer,Nuova Autoalpina Milano - Sede di Legnano,IT-11020 Legnano - Milano - MI,IT,2,https://prod.pictures.autoscout24.net/listing-images/b6f6a534-095c-4de9-abda-4aed4c5bfef1_beab3db3-8b36-41e1-a354-722699a03e50.jpg/250x188.webp,2026-10-10T08:07:51.463319,1.46,1
fc1140ec-48e7-4765-b047-dd0ad9671536,https://www.autoscout24.it/annunci/fc1140ec-48e7-4765-b047-dd0ad9671536,it,Audi,q3,,Audi Q3Q3 MY 2022  35 2.0 tdi 150CV S-LINE Plus s-tronic,21900,,False,2022,12-2022,149000,1,used,diesel,110,150,1968,,,,automatic,,AWD,SUV/Fuoristrada/Pick-up,5,5,Nero,,,,,dealer,Az Auto Evolution,IT-83029 Solofra - AV,IT,2,https://prod.pictures.autoscout24.net/listing-images/fc1140ec-48e7-4765-b047-dd0ad9671536_6945e3f0-3330-4bff-9526-c90e69dde5f5.jpg/250x188.webp,2026-10-10T08:07:51.463326,0.15,4
a574cdea-513e-4656-8334-4f4415e9b9bf,https://www.autoscout24.it/annunci/a574cdea-513e-4656-8334-4f4415e9b9bf,it,Seat,tarraco,,SEAT TarracoTarraco 2.0 TDI 200 CV 4Drive DSG XCELLENCE,23600,,False,2021,02-2021,60400,,used,diesel,147,200,1968,,141,,semiautomatico,,AWD,SUV/Fuoristrada/Pick-up,5,5,Tipo di verniceAltroMaterialeAltro,,,,,dealer,De Rossi Srl,IT-31050 Vedelago – Tv,IT,2,https://prod.pictures.autoscout24.net/listing-images/a574cdea-513e-4656-8334-4f4415e9b9bf_394b8ee1-4917-4d46-a2d3-c3eb6144fb46.jpg/250x188.webp,2026-10-10T08:07:51.463333,0.39,5
e9ea4366-49c6-499e-b2ee-8f7188df1847,https://www.autoscout24.it/annunci/e9ea4366-49c6-499e-b2ee-8f7188df1847,it,Skoda,kodiaq,,Skoda KodiaqRS 2.0 tsi 4x4 245cv dsg,41400,,False,2024,05-2024,43774,,used,petrol,180,245,1984,,,,automatic,,AWD,SUV/Fuoristrada/Pick-up,5,5,Grigio,,,,,dealer,Automarket,IT-39030 Perca - Percha - Bolzano - Bz,IT,2,https://prod.pictures.autoscout24.net/listing-images/e9ea4366-49c6-499e-b2ee-8f7188df1847_0b1354d7-701e-4610-a40a-e490051e8e34.jpg/250x188.webp,2026-10-10T08:07:51.463340,0.95,2
ecaf8d71-dd3d-42e5-9363-5a7f04e2274a,https://www.autoscout24.it/annunci/ecaf8d71-dd3d-42e5-9363-5a7f04e2274a,it,Volkswagen,polo gti,,Volkswagen Polo GTIPolo 2.0 tsi GTI dsg,25900,,False,2025,03-2025,12409,1,used,petrol,152,206,1984,,155,,semiautomatico,,FWD,Berlina,5,5,Nero,,,,,dealer,Autodoc s.r.l.,IT-24060 Villongo - Bergamo,IT,2,https://prod.pictures.autoscout24.net/listing-images/ecaf8d71-dd3d-42e5-9363-5a7f04e2274a_e755b051-bb4b-4763-8a40-29be091e1e5c.jpg/250x188.webp,2026-10-10T08:07:51.463347,2.09,1
3b7ef8c3-1187-4753-a761-e9e6ac35537b,https://www.autoscout24.it/annunci/3b7ef8c3-1187-4753-a761-e9e6ac35537b,it,Suzuki,swift,,Suzuki Swift1.2 Hybrid Top 2wd,13900,,False,2022,09-2022,38269,1,used,hybrid,61,82,1197,,,,automatic,,FWD,Berlina,5,5,Blu/Azzurro,,,,,dealer,Ballerini Auto srl,IT-51100 Pistoia - PT,IT,2,https://prod.pictures.autoscout24.net/listing-images/3b7ef8c3-1187-4753-a761-e9e6ac35537b_458587ca-6537-462b-a4fe-cf51c533d5e5.jpg/250x188.webp,2026-10-10T08:07:51.463355,0.36,4
133502b7-9b9e-4776-867f-ecfe8f972b50,https://www.autoscout24.it/annunci/133502b7-9b9e-4776-867f-ecfe8f972b50,it,Land Rover,range rover evoque,,Land Rover Range Rover Evoque2.0D I4 163 CV AWD Auto,28500,,False,2023,11-2023,47226,1,used,diesel,119,163,1998,,,,automatic,,AWD,SUV/Fuoristrada/Pick-up,5,5,Bianco,,,,,dealer,Autoshopping Srl,IT-80030 San Vitaliano - Napoli,IT,2,https://prod.pictures.autoscout24.net/listing-images/133502b7-9b9e-4776-867f-ecfe8f972b50_49562c9a-2544-49d6-9f58-02321f95abcb.jpg/250x188.webp,2026-10-10T08:07:51.463362,0.6,3
e9685047-a405-4e16-a497-9e2a42e9df3e,https://www.autoscout24.it/annunci/e9685047-a405-4e16-a497-9e2a42e9df3e,it,Volkswagen,t-roc,,Volkswagen T-Roc1.0 tsi Edition Plus 115cv / Fari,19900,,False,2024,12-2024,20000,1,used,petrol,84,115,999,,129,,manual,,FWD,SUV/Fuoristrada/Pick-up,5,5,Nero,,,,,dealer,Emme Motori,IT-15057 Tortona - Alessandria - Al,IT,2,https://prod.pictures.autoscout24.net/listing-images/e9685047-a405-4e16-a497-9e2a42e9df3e_2b27987b-f11d-4e9b-886d-8893be96d12f.jpg/250x188.webp,2026-10-10T08:07:51.463369,0.99,2
39ec5c86-bacb-4e79-94bb-befc79b2a47b,https://www.autoscout24.it/annunci/39ec5c86-bacb-4e79-94bb-befc79b2a47b,it,Mg,hs,,MG HSHS 1.5T-GDI Comfort,21900,,False,2025,06-2025,3,,new,petrol,125,170,1496,,1,,manual,,FWD,SUV/Fuoristrada/Pick-up,5,5,Grigio,,,,,dealer,Autosport Srl,IT-10040 Leini - Torino,IT,2,https://prod.pictures.autoscout24.net/listing-images/39ec5c86-bacb-4e79-94bb-befc79b2a47b_2062df3a-3617-4dd7-b99d-9a9d0c1e459c.jpg/250x188.webp,2026-10-10T08:07:51.463376,7300.0,1
50931715-dbc4-44f1-95a4-57a7f66cf93b,https://www.autoscout24.it/annunci/50931715-dbc4-44f1-95a4-57a7f66cf93b,it,Renault,clio,,Renault ClioSCe 75 CV Intens Unico Prop. Iva Esp. Ok Neop.,9780,,False,2021,02-2021,66790,1,used,petrol,55,75,999,,112,,manual,,Keine Angabe,Berlina,5,5,Bianco,,,,,dealer,Team Car Srl,IT-31035 Crocetta del Montello - Treviso,IT,2,https://prod.pictures.autoscout24.net/listing-images/50931715-dbc4-44f1-95a4-57a7f66cf93b_8908dcc7-a0d2-43b9-ac6c-f875e4748e06.jpg/250x188.webp,2026-10-10T08:07:51.463384,0.15,5
f38ad634-e8a0-473c-b3d0-fbb0d2ce2a8b,https://www.autoscout24.it/annunci/f38ad634-e8a0-473c-b3d0-fbb0d2ce2a8b,it,Cupra,formentor,,CUPRA FormentorFormentor 1.5 tsi 150cv dsg AUTOMATICO,18400,,False,2022,12-2022,78600,1,used,petrol,110,150,1498,,,,automatic,,FWD,SUV/Fuoristrada/Pick-up,5,5,Grigio,,,,,dealer,Vigevano Auto,IT-20010 Bareggio - Milano,IT,2,https://prod.pictures.autoscout24.net/listing-images/f38ad634-e8a0-473c-b3d0-fbb0d2ce2a8b_e4690aff-63f8-420d-8def-7f95e1ff6711.jpg/250x188.webp,2026-10-10T08:07:51.463392,0.23,4
078704ee-7dfd-49d9-8fb8-2e36878eda5e,https://www.autoscout24.it/annunci/078704ee-7dfd-49d9-8fb8-2e36878eda5e,it,Volvo,xc60,,Volvo XC60T6 Recharge Plug-in Hybrid AWD automatico Core,31380,,False,2023,06-2023,97996,,used,hybrid,136,186,1969,,,19.0,automatic,,AWD,SUV/Fuoristrada/Pick-up,5,5,Grigio,,,,,dealer,Pastorello Srl,IT-38123 Trento - Tn,IT,2,https://prod.pictures.autoscout24.net/listing-images/078704ee-7dfd-49d9-8fb8-2e36878eda5e_75865ff2-9f59-4b07-8800-3d78aebcfadb.jpg/250x188.webp,2026-10-10T08:07:51.463400,0.32,3
f8f7cd1e-d8da-441a-8ab1-f6d6bfa42cc1,https://www.autoscout24.it/annunci/f8f7cd1e-d8da-441a-8ab1-f6d6bfa42cc1,it,Mg,zs,,MG ZS1.5 Luxury,10900,,False,2022,10-2022,51707,2,used,petrol,78,106,1498,,149,,manual,,FWD,SUV/Fuoristrada/Pick-up,5,5,Nero,,,,,dealer,Autostar Flaminia Spa,IT-00138 Roma - RM,IT,2,https://prod.pictures.autoscout24.net/listing-images/f8f7cd1e-d8da-441a-8ab1-f6d6bfa42cc1_a785c52d-f6cc-45a8-b88d-55d3ce2a19f3.jpg/250x188.webp,2026-10-10T08:07:51.463408,0.21,4
df70952e-7e87-49ce-9936-ed7951baceb8,https://www.autoscout24.it/annunci/df70952e-7e87-49ce-9936-ed7951baceb8,it,Volkswagen,t-roc,,Volkswagen T-Roc2.0 tsi R 4motion dsg *PROMOZIONE!!,31999,,False,2024,01-2024,49000,1,used,petrol,221,300,1984,,,,automatic,,AWD,SUV/Fuoristrada/Pick-up,5,,Nero,,,,,dealer,Cambio Auto FG,IT-20094 Corsico,IT,2,https://prod.pictures.autoscout24.net/listing-images/df70952e-7e87-49ce-9936-ed7951baceb8_9ff2c3a2-b188-4c40-bc05-9f7d7f1a4e53.jpg/250x188.webp,2026-10-10T08:07:51.463416,0.65,2
23794435-fbbd-42bb-bb66-3a501bac32b8,https://www.autoscout24.it/annunci/23794435-fbbd-42bb-bb66-3a501bac32b8,it,Volvo,xc40,,Volvo XC40(2017-->) - XC40 T5 Recharge Plug-in Hybrid Inscri,22400,,False,2021,05-2021,56417,,used,hybrid,97,132,1477,,,7.0,automatic,,FWD,SUV/Fuoristrada/Pick-up,5,5,Nero,,,,,dealer,F.lli Cozzi Spa,IT-20025 Legnano - Milano - Mi,IT,2,https://prod.pictures.autoscout24.net/listing-images/23794435-fbbd-42bb-bb66-3a501bac32b8_a52b022f-a790-43ac-ab62-cf863709e2c6.jpg/250x188.webp,2026-10-10T08:07:51.463423,0.4,5
40e64e40-678e-44da-865c-d0f4362e72f7,https://www.autoscout24.it/annunci/40e64e40-678e-44da-865c-d0f4362e72f7,it,Sportequipe,sportequipe 6,,Sportequipe Sportequipe 61.6 t-gdi 186cv dct,25600,,False,2025,05-2025,26000,,used,petrol,136,186,1598,,175,,automatic,,FWD,SUV/Fuoristrada/Pick-up,5,5,Grigio,,,,,dealer,Autostandar 2.0 Srl,IT-10024 Moncalieri - Torino - TO,IT,2,https://prod.pictures.autoscout24.net/listing-images/40e64e40-678e-44da-865c-d0f4362e72f7_5d0e5ad1-da83-4441-9cc7-662454863a8c.jpg/250x188.webp,2026-10-10T08:07:51.463431,0.98,1
893e80a1-8bd3-42f0-a671-ae0b28215fea,https://www.autoscout24.it/annunci/893e80a1-8bd3-42f0-a671-ae0b28215fea,it,Lotus,emira,,Lotus EmiraEmira 2.0 I4 First Edition dct con garanzia,86890,,False,2024,06-2024,15000,1,used,petrol,265,360,1991,,,,automatic,,RWD,Coupé,2,2,Giallo,,,,,dealer,M-M Motors Brescia Est di LMI Solution Srl,IT-25081 Bedizzole - Brescia - BS,IT,2,https://prod.pictures.autoscout24.net/listing-images/893e80a1-8bd3-42f0-a671-ae0b28215fea_9d7b0f92-1bfc-4a36-bbb5-00b3dd605c1b.jpg/250x188.webp,2026-10-10T08:07:51.463439,5.79,2
8106e648-2f3c-4c2c-9393-2e328c05add2,https://www.autoscout24.it/annunci/8106e648-2f3c-4c2c-9393-2e328c05add2,it,Volvo,v90,,Volvo V90V90 2.0 b4 Momentum Business Pro auto FULL LED,23900,,False,2021,08-2021,92000,1,used,hybrid,145,197,1969,,160,,automatic,,Keine Angabe,Station wagon,5,5,Nero,,,,,dealer,Progetto Auto Srl,IT-47838 Riccione- RN,IT,2,https://prod.pictures.autoscout24.net/listing-images/8106e648-2f3c-4c2c-9393-2e328c05add2_48fb7469-52d7-433c-84ea-6e4feba0da3f.jpg/250x188.webp,2026-10-10T08:07:51.463446,0.26,5
77ffe8f1-0498-4de4-9c66-d1edf2eb2e0f,https://www.autoscout24.it/annunci/77ffe8f1-0498-4de4-9c66-d1edf2eb2e0f,it,Audi,a3,,Audi A3A3 SPB TDI 110 kW S tronic S line edition,31900,,False,2025,05-2025,19700,1,used,diesel,110,149,1968,,,,automatic,,FWD,Berlina,5,5,Grigio,,,,,dealer,Panoramauto Torino srl,IT-10156 Torino - To,IT,2,https://prod.pictures.autoscout24.net/listing-images/77ffe8f1-0498-4de4-9c66-d1edf2eb2e0f_594dbd72-83fb-464f-8cd7-87ed527b8a0b.jpg/250x188.webp,2026-10-10T08:07:51.463454,1.62,1
b88f94ef-46cc-4a09-a314-652e02f3682e,https://www.autoscout24.it/annunci/b88f94ef-46cc-4a09-a314-652e02f3682e,it,Volkswagen,golf variant,,Volkswagen Golf Variant2.0 tdi Life 115cv,15800,,False,2021,08-2021,69000,,used,diesel,84,115,1968,,120,,manual,,Enthalten,Station wagon,5,5,Grigio,,,,,dealer,Bercar Srl,IT-37135 Cadidavid -Verona - VR,IT,2,https://prod.pictures.autoscout24.net/listing-images/b88f94ef-46cc-4a09-a314-652e02f3682e_383c570b-7d42-431e-a361-834b9ef7f239.jpg/250x188.webp,2026-10-10T08:07:51.463462,0.23,5
318b11b8-703a-45ab-9fb5-4beabf33ed70,https://www.autoscout24.it/annunci/318b11b8-703a-45ab-9fb5-4beabf33ed70,it,Volvo,xc60,,Volvo XC60T6 Plug-in AWD autom. Recharge Inscription,27900,,False,2021,08-2021,86000,,used,hybrid,183,250,1969,,0,,automatic,,AWD,SUV/Fuoristrada/Pick-up,5,5,Nero,,,,,dealer,Motoservice S.p.A.,IT-43016 San Pacrazio - Parma - Pr,IT,3,https://prod.pictures.autoscout24.net/listing-images/318b11b8-703a-45ab-9fb5-4beabf33ed70_d9ae412a-81d6-4adc-874b-204832550123.jpg/250x188.webp,2026-10-10T08:07:51.463469,0.32,5
34ae7fa3-5d04-4771-a9a6-1dcc6e1a0d14,https://www.autoscout24.it/annunci/34ae7fa3-5d04-4771-a9a6-1dcc6e1a0d14,it,Toyota,rav4,,Toyota RAV42.5 vvt-i h Lounge 2wd e-cvt my18,19999,,False,2018,02-2018,40000,,used,hybrid,106,145,2494,,,,automatic,,FWD,SUV/Fuoristrada/Pick-up,5,5,,,,,,dealer,Jn Automobili Srl,IT-38121 Trento - TN,IT,2,https://prod.pictures.autoscout24.net/listing-images/34ae7fa3-5d04-4771-a9a6-1dcc6e1a0d14_e6aa1ca8-207d-4a9a-891b-833ad8567d95.jpg/250x188.webp,2026-10-10T08:07:51.463485,0.5,8
e6d6f1a6-f18a-4091-a448-b51fd8129b1d,https://www.autoscout24.it/annunci/e6d6f1a6-f18a-4091-a448-b51fd8129b1d,it,Geely,starray em-i,,Geely Starray EM-iPRO 1.5 262CV *PREZZO PROMO,28490,,False,2026,07-2026,1,,new,hybrid,192,262,1499,,,,automatic,,FWD,Berlina,,5,Nero,,,,,dealer,Brasca Antonio E Figli S.N.C.,IT-20092 Cinisello Balsamo - MI,IT,2,https://prod.pictures.autoscout24.net/listing-images/e6d6f1a6-f18a-4091-a448-b51fd8129b1d_616f4817-592c-4d0e-986a-6c60f6515cd8.jpg/250x188.webp,2026-10-10T08:07:51.463492,28490.0,0
d9525eb6-ebcb-4c4a-adfd-a89de9f8fd2e,https://www.autoscout24.it/annunci/d9525eb6-ebcb-4c4a-adfd-a89de9f8fd2e,it,Volkswagen,caddy,,Volkswagen Caddym1 2.0 tdi 122cv style dsg7 my24,35573,,False,,new,10000,,used,diesel,89,122,1968,,145,,automatic,,FWD,Altro,5,5,Nero,,,,,dealer,De Bona Motors Venezia,IT-30173 Venezia - Ve,IT,2,https://prod.pictures.autoscout24.net/listing-images/d9525eb6-ebcb-4c4a-adfd-a89de9f8fd2e_ecad0be5-039a-4cb3-b7c3-29f8c419af0a.jpg/250x188.webp,2026-10-10T08:07:51.463500,3.56,
c2264a62-dee5-4f85-90c1-df9253349897,https://www.autoscout24.it/annunci/c2264a62-dee5-4f85-90c1-df9253349897,it,Volvo,xc40,,Volvo XC40D4 AWD Geartronic R-design Tetto Panoramico,18900,,False,2018,12-2018,155000,,used,diesel,140,190,1969,,133,,automatic,,AWD,SUV/Fuoristrada/Pick-up,5,5,Nero,,,,,dealer,MS Automobili Srl,IT-10143 Torino - To,IT,2,https://prod.pictures.autoscout24.net/listing-images/c2264a62-dee5-4f85-90c1-df9253349897_a942a62c-3cfd-4682-ab94-ecfa3ad62239.jpg/250x188.webp,2026-10-10T08:07:51.463516,0.12,8
fad4b6cf-9f4f-45b9-8b25-8629864a0780,https://www.autoscout24.it/annunci/fad4b6cf-9f4f-45b9-8b25-8629864a0780,it,Mercedes-Benz,glc 200,,Mercedes-Benz GLC 2004Matic Mild Hybrid Advanced Plus,46790,,False,2026,03-2026,27727,,used,hybrid,150,204,1999,,161,,automatic,,AWD,SUV/Fuoristrada/Pick-up,5,5,Nero,,,,,dealer,Elitcar Srl,IT-20013 Magenta - Milano - Mi,IT,2,https://prod.pictures.autoscout24.net/listing-images/fad4b6cf-9f4f-45b9-8b25-8629864a0780_4b194c14-7071-4874-a10a-fd6971babe0d.jpg/250x188.webp,2026-10-10T08:07:51.463524,1.69,0
39cb12cd-2f8b-40cf-9710-7ae71999b673,https://www.autoscout24.it/annunci/39cb12cd-2f8b-40cf-9710-7ae71999b673,it,Peugeot,508,,Peugeot 508BlueHDi 130 Stop&Start EAT8 SW Active Pack,13900,,False,2022,01-2022,75623,1,used,diesel,96,130,1499,,,,automatic,,FWD,Station wagon,5,5,Bianco,,,,,dealer,,IT-37135 Verona - VR,IT,1,https://prod.pictures.autoscout24.net/listing-images/39cb12cd-2f8b-40cf-9710-7ae71999b673_eeb106dd-e09f-400a-8418-808144f08386.jpg/250x188.webp,2026-10-10T08:07:51.463531,0.18,4
1ed49767-af23-49a9-8fc6-1ed297628968,https://www.autoscout24.it/annunci/1ed49767-af23-49a9-8fc6-1ed297628968,it,Mini,cooper se countryman,,MINI Cooper SE Countryman1.5 Twin Power Turbo eDrive ALL4,17900,,False,2020,02-2020,58000,,used,hybrid,100,136,1499,,55,,automatic,,AWD,SUV/Fuoristrada/Pick-up,5,5,Grigio,,,,,dealer,Carplace,IT-20862 Arcore - Monza Brianza,IT,2,https://prod.pictures.autoscout24.net/listing-images/1ed49767-af23-49a9-8fc6-1ed297628968_6082cc88-5266-4369-b99b-d3bda0707dde.jpg/250x188.webp,2026-10-10T08:07:51.463539,0.31,6
89940525-bf1b-4100-8775-01ae48d94665,https://www.autoscout24.it/annunci/89940525-bf1b-4100-8775-01ae48d94665,it,Mazda,cx-30,,Mazda CX-302.0 m-hybrid Homura 2wd 150cv 6mt,21500,,False,2023,10-2023,40000,,used,hybrid,110,150,1998,,134,,manual,,€ 239,SUV/Fuoristrada/Pick-up,5,5,Argento,,,,,dealer,Autobase Srl – Brescia,IT-25124 Brescia - Bs,IT,2,https://prod.pictures.autoscout24.net/listing-images/89940525-bf1b-4100-8775-01ae48d94665_5a0ef18e-c849-4b38-beca-d3cfea581a25.jpg/250x188.webp,2026-10-10T08:07:51.463547,0.54,3
c776a8e2-714e-4cda-b543-10ed94666c78,https://www.autoscout24.it/annunci/c776a8e2-714e-4cda-b543-10ed94666c78,it,Suzuki,swift,,Suzuki Swift1.2h Cool 2wd,9900,,False,2021,10-2021,81595,1,used,hybrid,61,82,1197,,106,,manual,,FWD,Berlina,5,5,Blu/Azzurro,,,,,dealer,Autostar Flaminia Spa,IT-00138 Roma - RM,IT,2,https://prod.pictures.autoscout24.net/listing-images/c776a8e2-714e-4cda-b543-10ed94666c78_b6f20676-3830-4fa0-b54a-0ad558ba5d93.jpg/250x188.webp,2026-10-10T08:07:51.463555,0.12,5
30ab4beb-73e0-494a-a31e-f898cc43aa1f,https://www.autoscout24.it/annunci/30ab4beb-73e0-494a-a31e-f898cc43aa1f,it,Hyundai,tucson,,Hyundai TUCSON1.6 t-gdi 48V Xline 2wd imt,17900,,False,2022,06-2022,39035,1,used,hybrid,110,149,1598,,147,,manual,,FWD,SUV/Fuoristrada/Pick-up,5,5,Bianco,,,,,dealer,Autostar Flaminia Spa,IT-00138 Roma - RM,IT,2,https://prod.pictures.autoscout24.net/listing-images/30ab4beb-73e0-494a-a31e-f898cc43aa1f_a6205f6c-fbe7-4df2-a8f3-474eb9225d14.jpg/250x188.webp,2026-10-10T08:07:51.463562,0.46,4
155aa642-625f-4573-8cab-6ae2851a6acd,https://www.autoscout24.it/annunci/155aa642-625f-4573-8cab-6ae2851a6acd,it,Mg,mg3,,MG MG31.5 Hybrid+ 195CV Luxury,18900,,False,2026,09-2026,1,1,new,hybrid,143,195,1498,,100,,automatic,,FWD,Berlina,5,5,Nero,,,,,dealer,M.f. Motors Srl,IT-20141 Milano,IT,2,https://prod.pictures.autoscout24.net/listing-images/155aa642-625f-4573-8cab-6ae2851a6acd_c1024652-a04c-432d-a548-05c37421213f.jpg/250x188.webp,2026-10-10T08:07:51.463570,18900.0,0
5e63b42f-593d-484e-be6b-3f0a09fb16b1,https://www.autoscout24.it/annunci/5e63b42f-593d-484e-be6b-3f0a09fb16b1,it,Renault,espace,,Renault EspaceEspace 1.2 e-Tech full hybrid Iconic 200cv,35900,,False,2025,07-2025,25202,,used,hybrid,147,200,1199,,106,,automatic,,FWD,SUV/Fuoristrada/Pick-up,5,7,Grigio,,,,,dealer,De Stefani Group Spa,IT-47522 Martorano di Cesena- Cesena,IT,2,https://prod.pictures.autoscout24.net/listing-images/5e63b42f-593d-484e-be6b-3f0a09fb16b1_163d48cc-ae77-4456-944e-ece526d8d041.jpg/250x188.webp,2026-10-10T08:07:51.463578,1.42,1
05bdf9c9-2f71-4970-8c7c-bd73c4ac3b47,https://www.autoscout24.it/annunci/05bdf9c9-2f71-4970-8c7c-bd73c4ac3b47,it,Cupra,formentor,,CUPRA FormentorFormentor  2.0 tdi 150cv dsg,23500,,False,2024,10-2024,68438,1,used,diesel,110,150,1968,,,,automatic,,FWD,SUV/Fuoristrada/Pick-up,5,5,Nero,,,,,dealer,Sicily by Car Spa,IT-21017 Samarate - Varese - VA,IT,2,https://prod.pictures.autoscout24.net/listing-images/05bdf9c9-2f71-4970-8c7c-bd73c4ac3b47_f3f02f4f-dd7f-4ea0-95b5-2a44d7b9f1f8.jpg/250x188.webp,2026-10-10T08:07:51.463586,0.34,2
7806e137-0fc4-45ec-ac6a-a2a80f8197f2,https://www.autoscout24.it/annunci/7806e137-0fc4-45ec-ac6a-a2a80f8197f2,it,Renault,austral,,Renault Austral2023 1.2 mild hybrid advanced 130cv Equilibre,18500,,False,2023,04-2023,54669,1,used,hybrid,95,130,1199,,118,,manual,,FWD,SUV/Fuoristrada/Pick-up,5,5,Bianco,,,,,dealer,Superauto Spa,IT-27029 Vigevano - Pavia - Pv,IT,2,https://prod.pictures.autoscout24.net/listing-images/7806e137-0fc4-45ec-ac6a-a2a80f8197f2_d6ff9a8e-4710-4e85-8494-860c287e98b6.jpg/250x188.webp,2026-10-10T08:07:51.463593,0.34,3
7cbef4d3-814e-4798-8db3-1c13b1dca3c0,https://www.autoscout24.it/annunci/7cbef4d3-814e-4798-8db3-1c13b1dca3c0,it,Kia,xceed,,Kia XCeed1.5 T-GDi 160 CV MHEV iMT Business,14980,,False,2022,05-2022,58351,1,used,hybrid,117,160,1482,,,6.0,manual,,FWD,Berlina,5,5,Bianco,,,,,dealer,Roma Car Trade srl,IT-00128 Roma - RM,IT,2,https://prod.pictures.autoscout24.net/listing-images/7cbef4d3-814e-4798-8db3-1c13b1dca3c0_74922d41-186f-483f-8b1b-bb47f149affa.jpg/250x188.webp,2026-10-10T08:07:51.463601,0.26,4
aedf34a4-1837-4e53-b269-91c6add415e4,https://www.autoscout24.it/annunci/aedf34a4-1837-4e53-b269-91c6add415e4,it,Alfa Romeo,junior,,Alfa Romeo Junior156 CV BEV MY2025,22990,,False,2025,06-2025,24000,1,used,electric,114,156,,,0,,automatic,,FWD,SUV/Fuoristrada/Pick-up,5,5,Grigio,,,,,dealer,Castaldo Srl,IT-10148 Torino - To,IT,2,https://prod.pictures.autoscout24.net/listing-images/aedf34a4-1837-4e53-b269-91c6add415e4_244de870-3719-4795-a0c0-a239b724a070.jpg/250x188.webp,2026-10-10T08:07:51.463608,0.96,1
dcee1cba-7bd8-48a3-857b-9525a3ca8244,https://www.autoscout24.it/annunci/dcee1cba-7bd8-48a3-857b-9525a3ca8244,it,Volkswagen,tayron,,Volkswagen TayronLIFE 2.0 TDI 150CV DSG *7 POSTI+STYLE,35900,,False,2025,11-2025,23800,,used,diesel,110,150,1968,,,,automatic,,FWD,SUV/Fuoristrada/Pick-up,5,7,Nero,,,,,dealer,Car Outlet Milano srl,IT-20123 Cologno Monzese - Mi,IT,2,https://prod.pictures.autoscout24.net/listing-images/dcee1cba-7bd8-48a3-857b-9525a3ca8244_34f7217a-ba55-4285-b31d-8663ae585987.jpg/250x188.webp,2026-10-10T08:07:51.463616,1.51,1
50bd2884-9393-4ad9-80c5-90c9fad72662,https://www.autoscout24.it/annunci/50bd2884-9393-4ad9-80c5-90c9fad72662,it,Porsche,panamera,,Porsche PanameraPanamera Sport Turismo 4.0 Turbo auto,54900,,False,2018,08-2018,120000,1,used,petrol,297,405,3996,,,,automatic,,AWD,Berlina,5,5,Nero,,,,,dealer,Auto For You M&V,IT-20851 Lissone - Monza e Brianza - MB,IT,2,https://prod.pictures.autoscout24.net/listing-images/50bd2884-9393-4ad9-80c5-90c9fad72662_1261f4fa-e26a-4d6d-8b24-9eedb96d5de8.jpg/250x188.webp,2026-10-10T08:07:51.463623,0.46,8
399285b9-d761-4cf1-b467-6164a98e9cb3,https://www.autoscout24.it/annunci/399285b9-d761-4cf1-b467-6164a98e9cb3,it,Kia,stonic,,Kia StonicStonic 1.0 t-gdi mhev Style Tech Pack,20700,,False,2026,11-2026,1768,,used,hybrid,62,85,998,,121,,manual,,FWD,SUV/Fuoristrada/Pick-up,5,5,Bianco,,,,,dealer,Nordauto Spa,IT-31044 Montebelluna - Treviso - Tv,IT,2,https://prod.pictures.autoscout24.net/listing-images/399285b9-d761-4cf1-b467-6164a98e9cb3_07c36145-513f-4f1f-af61-e74fc11739ab.jpg/250x188.webp,2026-10-10T08:07:51.463638,11.71,0
1bfaef11-7652-40c5-889c-1d4d055891ea,https://www.autoscout24.it/annunci/1bfaef11-7652-40c5-889c-1d4d055891ea,it,Kia,sportage,,Kia Sportage5ª serie - Sportage 1.6 TGDi MHEV Business,18700,,False,2022,05-2022,66826,,used,hybrid,110,149,1598,,,7.0,manual,,FWD,SUV/Fuoristrada/Pick-up,5,5,Nero,,,,,dealer,F.lli Cozzi Spa,IT-20025 Legnano - Milano - Mi,IT,2,https://prod.pictures.autoscout24.net/listing-images/1bfaef11-7652-40c5-889c-1d4d055891ea_abe15607-4ada-4aa9-9e81-5f7d913bd2a5.jpg/250x188.webp,2026-10-10T08:07:51.463646,0.28,4
6eb50030-9004-4c72-8fb0-c0e54b3d6172,https://www.autoscout24.it/annunci/6eb50030-9004-4c72-8fb0-c0e54b3d6172,it,Maserati,grecale,,Maserati GrecaleMHEV 300 CV AWD GT TETTO APRIBILE,47450,,False,2023,09-2023,43186,1,used,hybrid,220,300,1995,,220,,automatic,,AWD,SUV/Fuoristrada/Pick-up,5,5,Grigio,,,,,dealer,Treviglio Auto Srl,IT-20062 Cassano d' Adda - Milano - MI,IT,2,https://prod.pictures.autoscout24.net/listing-images/6eb50030-9004-4c72-8fb0-c0e54b3d6172_bff9b3c1-e6d1-4f0d-957d-24607f712739.jpg/250x188.webp,2026-10-10T08:07:51.463653,1.1,3
fd322444-ba1d-4123-bc58-28c75c31353c,https://www.autoscout24.it/annunci/fd322444-ba1d-4123-bc58-28c75c31353c,it,BMW,x4,,BMW X4X4 G02 2018 xdrive20d mhev 48V Msport auto,30500,,False,2021,02-2021,131000,1,used,diesel,140,190,1995,,,,semiautomatico,,Keine Angabe,SUV/Fuoristrada/Pick-up,5,5,Blu/Azzurro,,,,,dealer,Greylease Srl,IT-03100 Frosinone - FR,IT,2,https://prod.pictures.autoscout24.net/listing-images/fd322444-ba1d-4123-bc58-28c75c31353c_01bd00fd-9921-423c-b554-d53fa311d106.jpg/250x188.webp,2026-10-10T08:07:51.463668,0.23,5
edbf52d4-612e-4f4d-9860-6b6350539872,https://www.autoscout24.it/annunci/edbf52d4-612e-4f4d-9860-6b6350539872,it,Audi,q2,,Audi Q2Q2 40 2.0 tfsi Admired quattro s-tronic,20900,,False,2020,01-2020,55000,,used,petrol,140,190,1984,,,,semiautomatico,,Keine Angabe,SUV/Fuoristrada/Pick-up,5,5,Tipo di verniceAltro,,,,,dealer,Autosconto SRLS,IT-10148 Torino,IT,2,https://prod.pictures.autoscout24.net/listing-images/edbf52d4-612e-4f4d-9860-6b6350539872_2c36be7a-846b-474b-b8b8-0dd8f8e9277a.jpg/250x188.webp,2026-10-10T08:07:51.463676,0.38,6
b0cbd0cc-1415-478a-bce5-8624307398ef,https://www.autoscout24.it/annunci/b0cbd0cc-1415-478a-bce5-8624307398ef,it,Citroen,c3,,Citroen C3C3 1.2 puretech Shine s,7290,,False,2019,07-2019,83000,1,used,petrol,44,61,1199,,,,06/2025,0,FWD,Berlina,5,5,Grigio,,,,,dealer,Z.L. Motors di Zagani Lulzim,IT-35036 Montegrotto Terme - Padova - PD,IT,2,https://prod.pictures.autoscout24.net/listing-images/b0cbd0cc-1415-478a-bce5-8624307398ef_349b5725-dc2a-4ea5-b0ca-b00f0f3290b2.jpg/250x188.webp,2026-10-10T08:07:51.463683,0.09,7
687a6243-171e-4389-8242-d549ac603080,https://www.autoscout24.it/annunci/687a6243-171e-4389-8242-d549ac603080,it,Jeep,renegade,,Jeep Renegade1.0 t3 Limited 2wd,13490,,False,2021,09-2021,61379,2,used,petrol,88,119,999,,,,automatic,,FWD,SUV/Fuoristrada/Pick-up,5,5,Grigio,,,,,dealer,Gencar,IT-10024 Moncalieri - Torino - To,IT,2,https://prod.pictures.autoscout24.net/listing-images/687a6243-171e-4389-8242-d549ac603080_8ab9f975-eb02-4dda-ac6b-4a12dad5b6d0.jpg/250x188.webp,2026-10-10T08:07:51.463691,0.22,5
005dc9a0-15e2-4157-a79e-7f988b18af91,https://www.autoscout24.it/annunci/005dc9a0-15e2-4157-a79e-7f988b18af91,it,Fiat,tipo,,Fiat TipoTipo 5p 1.0 Life 100cv,9900,,False,2020,12-2020,68044,,used,petrol,73,100,999,,125,,automatic,,FWD,Berlina,5,5,Blu/Azzurro,,,,,dealer,Autoimport S.P.A.,IT-00138 Roma,IT,2,https://prod.pictures.autoscout24.net/listing-images/005dc9a0-15e2-4157-a79e-7f988b18af91_c2533c5a-43f4-4c1b-80f2-4280936da859.jpg/250x188.webp,2026-10-10T08:07:51.463699,0.15,6
36f6f165-57cc-4ee5-b5d1-fa65e81aa00d,https://www.autoscout24.it/annunci/36f6f165-57cc-4ee5-b5d1-fa65e81aa00d,it,Audi,e-tron gt,,Audi e-tron GTquattro UNICO PROPRIETARIO,59990,,False,2022,02-2022,16500,,used,electric,140,190,,,0,,automatic,,AWD,Berlina,5,5,Grigio,,,,,dealer,X Matik Group Srl,IT-31020 San Vendemiano - Treviso - Tv,IT,2,https://prod.pictures.autoscout24.net/listing-images/36f6f165-57cc-4ee5-b5d1-fa65e81aa00d_5cd1fdb4-1712-429a-9543-20e9b0e20eed.jpg/250x188.webp,2026-10-10T08:07:51.463715,3.64,4
2d348323-65aa-4843-b50a-d0166898646c,https://www.autoscout24.it/annunci/2d348323-65aa-4843-b50a-d0166898646c,it,Mercedes-Benz,gla 35 amg,,Mercedes-Benz GLA 35 AMGAMG 35 - RACE EDITION | 2022 -,33700,,False,2022,11-2022,111525,1,used,petrol,224,305,1991,,,,automatic,,AWD,SUV/Fuoristrada/Pick-up,,5,Grigio,,,,,dealer,Paradiso Srl,IT-88046 Lamezia Terme - Catanzaro - Cz,IT,2,https://prod.pictures.autoscout24.net/listing-images/2d348323-65aa-4843-b50a-d0166898646c_c264b511-7d22-442c-be54-0f4a32fc2807.jpg/250x188.webp,2026-10-10T08:07:51.463723,0.3,4
83ac3ba6-0ea2-4acf-b918-39fa07287d71,https://www.autoscout24.it/annunci/83ac3ba6-0ea2-4acf-b918-39fa07287d71,it,Audi,a1,,Audi A1Citycarver S LINE 30 1.0 tfsi 110cv s-tronic LED,22500,,False,2022,01-2022,23000,,used,petrol,80,110,999,,,,automatic,,FWD,Berlina,5,5,Nero,,,,,dealer,Rc Automotive Srl,IT-00178 Roma - Rm,IT,2,https://prod.pictures.autoscout24.net/listing-images/83ac3ba6-0ea2-4acf-b918-39fa07287d71_650dbac5-f4a8-4744-8738-7a80b4fafdd1.jpg/250x188.webp,2026-10-10T08:07:51.463732,0.98,4
42778a23-350e-41e6-9502-2cf0c44cefe0,https://www.autoscout24.it/annunci/42778a23-350e-41e6-9502-2cf0c44cefe0,it,Mercedes-Benz,gle 53 amg,,Mercedes-Benz GLE 53 AMGcoupe 53 mhev (eq-boost) amg,82000,,False,2023,05-2023,46430,,used,hybrid,320,435,2999,,240,,automatic,,AWD,Coupé,4,5,Nero,,,,,dealer,Trivellato Spa,IT-36040 Torri di Quartesolo - Vicenza,IT,3,https://prod.pictures.autoscout24.net/listing-images/42778a23-350e-41e6-9502-2cf0c44cefe0_fa42b974-f59b-4fc8-8a82-5742839e2d3a.jpg/250x188.webp,2026-10-10T08:07:51.463739,1.77,3
f2804378-2cf5-4fcf-a781-18cef8870286,https://www.autoscout24.it/annunci/f2804378-2cf5-4fcf-a781-18cef8870286,it,Volkswagen,golf,,Volkswagen GolfGolf 1.5 etsi evo R-Line 130cv dsg,21890,,False,2022,07-2022,68625,,used,hybrid,95,130,1498,,124,,automatic,,FWD,Berlina,5,5,Grigio,,,,,dealer,Autostile  spa,IT-42019 Scandiano -  Reggio Emilia,IT,2,https://prod.pictures.autoscout24.net/listing-images/f2804378-2cf5-4fcf-a781-18cef8870286_d8458bea-2f3b-4215-89d1-74bcf070e511.jpg/250x188.webp,2026-10-10T08:07:51.463746,0.32,4
4d774f4d-a556-4829-963e-b92e5ca07a36,https://www.autoscout24.it/annunci/4d774f4d-a556-4829-963e-b92e5ca07a36,it,Jeep,compass,,Jeep CompassCompass II 2021 1.6 mjt Limited 2wd 130cv,9600,,False,2021,07-2021,239000,,used,diesel,95,130,1598,,,,manual,,€ 199,SUV/Fuoristrada/Pick-up,5,5,Nero,,,,,dealer,,IT-27058 Voghera - PV,IT,1,https://prod.pictures.autoscout24.net/listing-images/4d774f4d-a556-4829-963e-b92e5ca07a36_8d2e591a-e3ba-49a7-b1d8-f1877e77465f.jpg/250x188.webp,2026-10-10T08:07:51.463762,0.04,5
e399f14e-6171-404e-ad37-32b0e7f2a0fe,https://www.autoscout24.it/annunci/e399f14e-6171-404e-ad37-32b0e7f2a0fe,it,Volkswagen,golf,,Volkswagen GolfGolf 5p 2.0 tdi 7.5 R-line 150cv dsg GANCIO,14500,,False,2019,06-2019,190000,1,used,diesel,110,150,1968,,59,,automatic,,FWD,Berlina,5,5,Bianco,,,,,dealer,Star-Benz Srl,IT-25030 Torbole Casaglia,IT,2,https://prod.pictures.autoscout24.net/listing-images/e399f14e-6171-404e-ad37-32b0e7f2a0fe_ad27d523-7b3d-4cab-8d09-85f92fee0ee8.jpg/250x188.webp,2026-10-10T08:07:51.463770,0.08,7
fc387254-b51c-413d-9f2b-e5db00e27073,https://www.autoscout24.it/annunci/fc387254-b51c-413d-9f2b-e5db00e27073,it,Peugeot,2008,,Peugeot 20082008 II 1.5 bluehdi Allure s&s 130cv eat8 *,13800,,False,2021,10-2021,72000,1,used,diesel,95,130,1499,,,,automatic,,Keine Angabe,SUV/Fuoristrada/Pick-up,5,5,Grigio,,,,,dealer,Auto MGV Srl,IT-10040 La Loggia- Torino,IT,2,https://prod.pictures.autoscout24.net/listing-images/fc387254-b51c-413d-9f2b-e5db00e27073_01bd1df8-00d5-4b6f-80ba-4c761ac8b2b9.jpg/250x188.webp,2026-10-10T08:07:51.463777,0.19,5
480f8458-d0ab-4c14-bdc1-bc22d8cb1ae0,https://www.autoscout24.it/annunci/480f8458-d0ab-4c14-bdc1-bc22d8cb1ae0,it,Volvo,xc40,,Volvo XC401.5 t4 recharge Phev Core auto,25900,,False,2022,06-2022,42129,1,used,hybrid,113,155,1477,,,,automatic,,FWD,SUV/Fuoristrada/Pick-up,5,5,Grigio,,,,,dealer,Ayvens Brescia Sud,IT-25016 Ghedi - Brescia - BS,IT,2,https://prod.pictures.autoscout24.net/listing-images/480f8458-d0ab-4c14-bdc1-bc22d8cb1ae0_29b5df68-a13f-4f5d-b8bb-d3d411729e53.jpg/250x188.webp,2026-10-10T08:07:51.463785,0.61,4
67e05856-e678-4759-a774-38c04c314f4d,https://www.autoscout24.it/annunci/67e05856-e678-4759-a774-38c04c314f4d,it,Volkswagen,t-roc,,Volkswagen T-RocT-Roc 1.5 eTSI ACT 150 CV DSG R-Line,35900,,False,2026,10-2026,1,1,new,hybrid,110,150,1498,,128,,automatic,,FWD,SUV/Fuoristrada/Pick-up,5,5,Grigio,,,,,dealer,Panoramauto Torino srl,IT-10156 Torino - To,IT,2,https://prod.pictures.autoscout24.net/listing-images/67e05856-e678-4759-a774-38c04c314f4d_2ac68477-875c-436f-a70d-5dd4151ded81.jpg/250x188.webp,2026-10-10T08:07:51.463793,35900.0,0
3dc8cb00-1fb0-432f-8abb-b3e210346ab1,https://www.autoscout24.it/annunci/3dc8cb00-1fb0-432f-8abb-b3e210346ab1,it,Alfa Romeo,stelvio,,Alfa Romeo Stelvio2.2 t Super Q4 210cv auto,17800,,False,2018,06-2018,120000,,used,diesel,154,210,2143,,127,,automatic,,AWD,SUV/Fuoristrada/Pick-up,5,5,Nero,,,,,dealer,Gp Automobili Srl,IT-31046 Oderzo - Treviso - TV,IT,2,https://prod.pictures.autoscout24.net/listing-images/3dc8cb00-1fb0-432f-8abb-b3e210346ab1_9527b61e-61b1-4dcd-8b46-e9fede49e903.jpg/250x188.webp,2026-10-10T08:07:51.463844,0.15,8
e0e43049-eb28-4273-9708-2938c88b67c1,https://www.autoscout24.it/annunci/e0e43049-eb28-4273-9708-2938c88b67c1,it,Audi,q5,,Audi Q550 3.0 tdi quattro 286cv tiptronic,26800,,False,2019,05-2019,72000,,used,diesel,210,286,2967,,,,semiautomatico,,AWD,SUV/Fuoristrada/Pick-up,5,5,Grigio,,,,,dealer,Piston Car Di Manghi Ennio,IT-42027 Montecchio Emilia - Reggio Emilia - RE,IT,1,https://prod.pictures.autoscout24.net/listing-images/e0e43049-eb28-4273-9708-2938c88b67c1_3cb45ccf-6cd5-414c-ab82-5a25e81384fc.jpg/250x188.webp,2026-10-10T08:07:51.463853,0.37,7
85b03ae5-1efb-4459-985a-921d04b1e958,https://www.autoscout24.it/annunci/85b03ae5-1efb-4459-985a-921d04b1e958,it,Renault,austral,,Renault Austral1.2 E-Tech full hybrid Techno,19900,,False,2023,05-2023,40166,1,used,hybrid,70,96,1199,,,5.0,automatic,,FWD,SUV/Fuoristrada/Pick-up,5,5,Bianco,,,,,dealer,Autoingros Sarzana,IT-19038 Sarzana SP,IT,2,https://prod.pictures.autoscout24.net/listing-images/85b03ae5-1efb-4459-985a-921d04b1e958_5bef4a5a-4de2-4f3d-819c-ed2b0377c3a8.jpg/250x188.webp,2026-10-10T08:07:51.463861,0.5,3
c41d4640-40ea-4f36-8d5e-36fba5652b9b,https://www.autoscout24.it/annunci/c41d4640-40ea-4f36-8d5e-36fba5652b9b,it,Peugeot,408,,Peugeot 408- 408 1.2 hybrid Allure 136cv e-dsc6,22800,,False,2025,11-2025,10061,,used,hybrid,99,136,1199,,,5.0,automatic,,FWD,Berlina,5,5,Bianco,,,,,dealer,Carraro Spa,IT-31100 Treviso - Tv,IT,2,https://prod.pictures.autoscout24.net/listing-images/c41d4640-40ea-4f36-8d5e-36fba5652b9b_5fef800b-37a3-4401-ab33-448e2060fc6d.jpg/250x188.webp,2026-10-10T08:07:51.463869,2.27,1
0dbdb8ae-671f-4297-92e0-f274358b4a81,https://www.autoscout24.it/annunci/0dbdb8ae-671f-4297-92e0-f274358b4a81,it,Nissan,juke,,Nissan Juke1.6 hev N-Connecta - IVA ESPOSTA,14900,,False,2024,03-2024,86000,,used,hybrid,69,93,1598,,,,automatic,,FWD,SUV/Fuoristrada/Pick-up,5,5,Bianco,,,,,dealer,TM Wagen Pistoia Srl,IT-51100 Pistoia - Pt,IT,2,https://prod.pictures.autoscout24.net/listing-images/0dbdb8ae-671f-4297-92e0-f274358b4a81_3f671bd7-c612-44fd-8df5-9cc557d8c887.jpg/250x188.webp,2026-10-10T08:07:51.463884,0.17,2
4729c6d6-e395-4ac8-882b-085a5add3cde,https://www.autoscout24.it/annunci/4729c6d6-e395-4ac8-882b-085a5add3cde,it,Ds Automobiles,ds 7,,DS Automobiles DS 7E-Tense 360 4x4 Auto Performance,36550,,False,2025,06-2025,6450,,used,hybrid,265,360,1598,,,,automatic,,AWD,SUV/Fuoristrada/Pick-up,5,5,Grigio,,,,,dealer,Bertonova Srl,IT-36045 Alonte -Vicenza - Vi,IT,2,https://prod.pictures.autoscout24.net/listing-images/4729c6d6-e395-4ac8-882b-085a5add3cde_03545ce6-01d1-4db1-9b91-40b151d35310.jpg/250x188.webp,2026-10-10T08:07:51.463899,5.67,1
01cf6583-91b7-45ae-9c07-2dfbef86b5a9,https://www.autoscout24.it/annunci/01cf6583-91b7-45ae-9c07-2dfbef86b5a9,it,Cupra,formentor,,CUPRA Formentor1.5 TSI DSG,25500,,False,2023,11-2023,34326,,used,petrol,110,149,1498,,126,,automatic,,FWD,SUV/Fuoristrada/Pick-up,5,5,Grigio,,,,,dealer,Autoincontro Di Sanavia Loris & C. Sas,IT-30010 Liettoli di Campolongo Maggiore - Venezia - Ve,IT,2,https://prod.pictures.autoscout24.net/listing-images/01cf6583-91b7-45ae-9c07-2dfbef86b5a9_001a06a2-b7d0-4fca-836e-e1c9300d9359.jpg/250x188.webp,2026-10-10T08:07:51.463906,0.74,3
964706a7-a958-4de4-bb65-871d4efef7df,https://www.autoscout24.it/annunci/964706a7-a958-4de4-bb65-871d4efef7df,it,Cupra,formentor,,CUPRA FormentorFormentor 2.0 tdi 4drive 150cv dsg,16750,,False,2021,05-2021,150389,1,used,diesel,110,150,1968,,123,,automatic,,AWD,SUV/Fuoristrada/Pick-up,5,5,Nero,,,,,dealer,Dielle Auto Srl,IT-10071 Borgaro Torinese,IT,2,https://prod.pictures.autoscout24.net/listing-images/964706a7-a958-4de4-bb65-871d4efef7df_56d39596-b158-4b1d-96d1-de910b093d75.jpg/250x188.webp,2026-10-10T08:07:51.463914,0.11,5
d697f0f0-d66d-43f5-a982-deb0e7fc628b,https://www.autoscout24.it/annunci/d697f0f0-d66d-43f5-a982-deb0e7fc628b,it,BMW,x4,,BMW X420D XLine,31900,,False,2020,07-2020,65371,2,used,diesel,140,190,1995,,0,,automatic,,AWD,SUV/Fuoristrada/Pick-up,5,5,Bianco,,,,,dealer,Tuacar Falconara Marittima,IT-60015 Falconara Marittima - AN,IT,2,https://prod.pictures.autoscout24.net/listing-images/d697f0f0-d66d-43f5-a982-deb0e7fc628b_f3cb75cf-7e93-4c6a-9b18-20e8d059d62f.jpg/250x188.webp,2026-10-10T08:07:51.463921,0.49,6
44d6cb4d-623a-4ec8-a088-30560d7e9ffb,https://www.autoscout24.it/annunci/44d6cb4d-623a-4ec8-a088-30560d7e9ffb,it,Peugeot,408,,Peugeot 4081.2 hybrid Allure 136cv e-dsc6 - Ok,22900,,False,2025,01-2025,17351,1,used,hybrid,99,136,1199,,115,,automatic,,FWD,Berlina,5,5,Nero,,,,,dealer,SmartMobility360 srl,IT-23879 Verderio - Lecco - LC,IT,2,https://prod.pictures.autoscout24.net/listing-images/44d6cb4d-623a-4ec8-a088-30560d7e9ffb_9daf7df6-6e4b-45a9-af50-8a084aa00160.jpg/250x188.webp,2026-10-10T08:07:51.463929,1.32,1
8ea6a38f-b942-42e9-ae1c-2e3cd2ee4ec2,https://www.autoscout24.it/annunci/8ea6a38f-b942-42e9-ae1c-2e3cd2ee4ec2,it,Alfa Romeo,junior,,Alfa Romeo Junior1.2 145CV Hybrid eDCT6 ibrida PROMO FLEX,21900,,False,2025,06-2025,18080,,used,hybrid,106,145,1199,,109,,automatic,,FWD,SUV/Fuoristrada/Pick-up,5,5,Tipo di verniceMetallizzatoMaterialeAltro,,,,,dealer,Puntocar di Tarantino Andrea - Bricherasio,IT-10060 Bricherasio - Torino - TO,IT,2,https://prod.pictures.autoscout24.net/listing-images/8ea6a38f-b942-42e9-ae1c-2e3cd2ee4ec2_fa17eb2a-07d4-482d-b76b-bd6bf144bc54.jpg/250x188.webp,2026-10-10T08:07:51.463936,1.21,1
b3c2c3f9-98b5-455e-b019-772c3200aabc,https://www.autoscout24.it/annunci/b3c2c3f9-98b5-455e-b019-772c3200aabc,it,Mercedes-Benz,gla 180,,Mercedes-Benz GLA 180Automatic Sport Plus,26900,,False,2021,03-2021,75248,,used,petrol,100,136,1332,,130,,automatic,,FWD,SUV/Fuoristrada/Pick-up,5,5,Grigio,,,,,dealer,Elitcar Srl,IT-20013 Magenta - Milano - Mi,IT,2,https://prod.pictures.autoscout24.net/listing-images/b3c2c3f9-98b5-455e-b019-772c3200aabc_2312f77a-6751-4924-af16-2e8c914865ec.jpg/250x188.webp,2026-10-10T08:07:51.463943,0.36,5
653ec72e-a304-4af9-9b5f-26f4f73a1316,https://www.autoscout24.it/annunci/653ec72e-a304-4af9-9b5f-26f4f73a1316,it,Byd,atto 2,,BYD Atto 2Atto 2 DM-i 1.5 Boost 212cv,25890,,False,2026,06-2026,10,1,new,hybrid,155,212,1498,,41,,automatic,,FWD,SUV/Fuoristrada/Pick-up,5,5,Argento,,,,,dealer,Audiello & Varallo Spa,IT-10024 Moncalieri - Torino - To,IT,2,https://prod.pictures.autoscout24.net/listing-images/653ec72e-a304-4af9-9b5f-26f4f73a1316_dbe50d64-1260-4db6-8215-12bde7cf75ad.jpg/250x188.webp,2026-10-10T08:07:51.463951,2589.0,0
ae340b11-2a9a-41bd-91a1-0b98d3476c52,https://www.autoscout24.it/annunci/ae340b11-2a9a-41bd-91a1-0b98d3476c52,it,Jeep,compass,,Jeep Compass1.3 Turbo T4 190 CV PHEV AT6 4xe 80°,19450,,False,2021,05-2021,21900,1,used,hybrid,139,190,1332,,44,,automatic,,AWD,SUV/Fuoristrada/Pick-up,5,5,Bianco,,,,,dealer,Treviglio Auto Srl,IT-20062 Cassano d' Adda - Milano - MI,IT,2,https://prod.pictures.autoscout24.net/listing-images/ae340b11-2a9a-41bd-91a1-0b98d3476c52_d0fc8071-9f61-4d54-8d98-b204d7174e87.jpg/250x188.webp,2026-10-10T08:07:51.463966,0.89,5
db8f1324-1f68-4c9e-919d-cf0aca08ef55,https://www.autoscout24.it/annunci/db8f1324-1f68-4c9e-919d-cf0aca08ef55,it,Renault,captur,,Renault Captur1.6 E-TECH HEV 145 EQUILIBRE AUTO,17500,,False,2023,07-2023,5600,,used,hybrid,77,105,1598,,106,,automatic,,FWD,SUV/Fuoristrada/Pick-up,5,5,Tipo di verniceAltroMaterialeAltro,,,,,dealer,Bendinelli Srl,IT-37135 Verona - Vr,IT,2,https://prod.pictures.autoscout24.net/listing-images/db8f1324-1f68-4c9e-919d-cf0aca08ef55_d6cdc235-87f1-4dc0-9849-448672b654c3.jpg/250x188.webp,2026-10-10T08:07:51.463973,3.12,3
e1f6dbcd-bd90-4e9a-a597-91b54f43b2b6,https://www.autoscout24.it/annunci/e1f6dbcd-bd90-4e9a-a597-91b54f43b2b6,it,Ford,mondeo,,Ford Mondeo4p 2.0 hybrid Vignale ecvt my18.75,15500,,False,2019,01-2019,67500,2,used,hybrid,75,103,1999,,108,,automatic,,FWD,Berlina,4,5,Nero,,,,,dealer,Proxima Auto,IT-10078 Venaria Reale - Torino - TO,IT,2,https://prod.pictures.autoscout24.net/listing-images/e1f6dbcd-bd90-4e9a-a597-91b54f43b2b6_4a1beed0-dde1-486f-ac35-fe9b5f2208c0.jpg/250x188.webp,2026-10-10T08:07:51.463980,0.23,7
c951718d-d898-470f-b9e0-6915cd537d74,https://www.autoscout24.it/annunci/c951718d-d898-470f-b9e0-6915cd537d74,it,Renault,clio,,Renault ClioClio V 2023 1.6 E-Tech full hybrid esprit,15400,,False,2023,12-2023,39000,1,used,hybrid,106,145,1598,,,,automatic,,FWD,Berlina,5,5,Arancione,,,,,dealer,Suncar Spa,IT-55100 Lucca,IT,2,https://prod.pictures.autoscout24.net/listing-images/c951718d-d898-470f-b9e0-6915cd537d74_6277b1b1-4840-45ae-ab30-891d573f1af5.jpg/250x188.webp,2026-10-10T08:07:51.463987,0.39,3
1a0bc18b-aaca-498e-9bdb-92b44e15a896,https://www.autoscout24.it/annunci/1a0bc18b-aaca-498e-9bdb-92b44e15a896,it,Audi,a3,,Audi A3A3 Sportback 35 1.5 tfsi mhev S line edition s-tronic,23650,,False,2021,10-2021,51330,,used,hybrid,110,149,1498,,127,,automatic,,FWD,Berlina,5,5,Nero,,,,,dealer,Bertonova Srl,IT-36045 Alonte -Vicenza - Vi,IT,2,https://prod.pictures.autoscout24.net/listing-images/1a0bc18b-aaca-498e-9bdb-92b44e15a896_4db2a4ea-f3fa-4dd2-819f-cf14a795db25.jpg/250x188.webp,2026-10-10T08:07:51.464002,0.46,5
32328d8a-932e-4f32-a3d9-b7df49e6f7a5,https://www.autoscout24.it/annunci/32328d8a-932e-4f32-a3d9-b7df49e6f7a5,it,BMW,118,,BMW 118d Business Advantage auto,16990,,False,2020,01-2020,120305,2,used,diesel,110,149,1995,,127,,automatic,,FWD,Berlina,5,5,Bianco,,,,,dealer,Classy Car di Vinciguerra Paolo,IT-10134 Torino,IT,2,https://prod.pictures.autoscout24.net/listing-images/32328d8a-932e-4f32-a3d9-b7df49e6f7a5_1a54654a-0a5b-4c36-92e6-4670a080afca.jpg/250x188.webp,2026-10-10T08:07:51.464010,0.14,6
94aa68e7-89a0-4f00-ab11-d043ab6ebcd5,https://www.autoscout24.it/annunci/94aa68e7-89a0-4f00-ab11-d043ab6ebcd5,it,Peugeot,308,,Peugeot 308Allure BlueHDi 130 EAT8 S&S aut.,25999,,False,2026,01-2026,120,,used,diesel,96,130,1499,,131,,automatic,,FWD,Berlina,5,5,Nero,,,,,dealer,Bertonova Srl,IT-36045 Alonte -Vicenza - Vi,IT,2,https://prod.pictures.autoscout24.net/listing-images/94aa68e7-89a0-4f00-ab11-d043ab6ebcd5_9244a0f2-9f95-46cf-a4e9-7258172322a2.jpg/250x188.webp,2026-10-10T08:07:51.464017,216.66,0
a3b2f2bf-6b89-4213-8935-5e1d20133e0a,https://www.autoscout24.it/annunci/a3b2f2bf-6b89-4213-8935-5e1d20133e0a,it,Alfa Romeo,giulia,,Alfa Romeo GiuliaGiulia 2.0 t Veloce Q4 280cv awd auto my19,28500,,False,2019,05-2019,79000,,used,petrol,205,280,1995,,173,,automatic,,AWD,Berlina,4,5,Bianco,,,,,dealer,,IT-39031 Brunico BZ,IT,1,https://prod.pictures.autoscout24.net/listing-images/a3b2f2bf-6b89-4213-8935-5e1d20133e0a_348b2ec7-843d-42c5-bcfc-5dec850dcd63.jpg/250x188.webp,2026-10-10T08:07:51.464025,0.36,7
8081dc46-e5d7-44fe-8fb8-88049350ad4e,https://www.autoscout24.it/annunci/8081dc46-e5d7-44fe-8fb8-88049350ad4e,it,Mini,cooper,,MINI CooperMini 3p 1.5 Cooper Classic auto,19500,,False,2023,02-2023,15216,1,used,petrol,100,136,1499,,126,,automatic,,FWD,Berlina,3,5,Nero,,,,,dealer,Gruppo Veloccia S.R.L.,IT-00128 Roma - RM,IT,2,https://prod.pictures.autoscout24.net/listing-images/8081dc46-e5d7-44fe-8fb8-88049350ad4e_97e27894-6011-46c4-b17e-c547226ce45e.jpg/250x188.webp,2026-10-10T08:07:51.464032,1.28,3
2c32e60b-c719-4228-b4d6-df5912df8023,https://www.autoscout24.it/annunci/2c32e60b-c719-4228-b4d6-df5912df8023,it,Mg,mg3,,MG MG3MG3 1.5 Hybrid+ Luxury,15450,,False,2025,04-2025,19000,1,used,hybrid,143,194,1498,,,,automatic,,FWD,Berlina,5,5,Nero,,,,,dealer,Panoramauto Torino srl,IT-10156 Torino - To,IT,2,https://prod.pictures.autoscout24.net/listing-images/2c32e60b-c719-4228-b4d6-df5912df8023_60ebeafe-dd74-46d1-9cba-e8d6cb8e3672.jpg/250x188.webp,2026-10-10T08:07:51.464040,0.81,1
2975494c-3efd-438f-978a-6e6c689ab72e,https://www.autoscout24.it/annunci/2975494c-3efd-438f-978a-6e6c689ab72e,it,Jeep,compass,,Jeep Compass1.3 Turbo T4 240 CV PHEV AT6 4xe North Star,26450,,False,2025,05-2025,28682,1,used,hybrid,176,240,1332,,48,,automatic,,AWD,SUV/Fuoristrada/Pick-up,5,5,Bianco,,,,,dealer,Treviglio Auto Srl,IT-20062 Cassano d' Adda - Milano - MI,IT,2,https://prod.pictures.autoscout24.net/listing-images/2975494c-3efd-438f-978a-6e6c689ab72e_9dfc19b1-2636-46f3-962d-01fabe5d9a64.jpg/250x188.webp,2026-10-10T08:07:51.464048,0.92,1
db5850f5-b39b-45b6-814e-7cc876030d51,https://www.autoscout24.it/annunci/db5850f5-b39b-45b6-814e-7cc876030d51,it,Ford,kuga,,Ford Kuga2.5 full hybrid st-line 2wd 190cv cvt,17620,,False,2022,03-2022,71925,1,used,hybrid,139,190,2488,,124,,automatic,,FWD,SUV/Fuoristrada/Pick-up,5,5,Grigio,,,,,dealer,Carpoint Spa,IT-00128 Roma - Rm,IT,3,https://prod.pictures.autoscout24.net/listing-images/db5850f5-b39b-45b6-814e-7cc876030d51_c209fa96-d763-4e2c-8a93-d50e9c5ae559.jpg/250x188.webp,2026-10-10T08:07:51.464056,0.24,4
c3131c3e-a9c3-4c9c-8d69-0e376c676860,https://www.autoscout24.it/annunci/c3131c3e-a9c3-4c9c-8d69-0e376c676860,it,Land Rover,range rover sport,,Land Rover Range Rover SportRange Rover Sport 3.0 mhev HSE ,42500,,False,2021,12-2021,76865,,used,hybrid,183,248,2996,,234,,automatic,,AWD,SUV/Fuoristrada/Pick-up,5,5,Bianco,,,,,dealer,Domenico Truck Srl,IT-81025 Marcianise - Caserta - Ce,IT,2,https://prod.pictures.autoscout24.net/listing-images/c3131c3e-a9c3-4c9c-8d69-0e376c676860_358e36fc-aef6-4e09-8a3d-4b98757e652e.jpg/250x188.webp,2026-10-10T08:07:51.464064,0.55,5
0ca3c45a-e601-46c8-9628-928e9ad6da52,https://www.autoscout24.it/annunci/0ca3c45a-e601-46c8-9628-928e9ad6da52,it,Seat,tarraco,,SEAT TarracoTarraco 1.4 e-hybrid Xcellence dsg,19490,,False,2021,05-2021,45000,,used,hybrid,110,149,1395,,,,automatic,,Keine Angabe,SUV/Fuoristrada/Pick-up,5,5,Nero,,,,,dealer,MarCar Srl,IT-10148 Torino - TO,IT,2,https://prod.pictures.autoscout24.net/listing-images/0ca3c45a-e601-46c8-9628-928e9ad6da52_ed28f1f5-005e-4053-823c-2e1362e9b74e.jpg/250x188.webp,2026-10-10T08:07:51.464072,0.43,5
c1bae71c-4987-4df4-8a7d-1a0fd3889fcc,https://www.autoscout24.it/annunci/c1bae71c-4987-4df4-8a7d-1a0fd3889fcc,it,Audi,q2,,Audi Q230 2.0 tdi S line edition s-tronic black pack,24700,,False,2022,11-2022,56000,1,used,diesel,85,115,1968,,,,automatic,,FWD,SUV/Fuoristrada/Pick-up,5,5,Nero,,,,,dealer,Marco Bernardini Automobili,IT-05100 Terni - TR,IT,2,https://prod.pictures.autoscout24.net/listing-images/c1bae71c-4987-4df4-8a7d-1a0fd3889fcc_e204c10d-0006-45a5-90e5-b46692c69a9a.jpg/250x188.webp,2026-10-10T08:07:51.464080,0.44,4
e0488a13-135f-41ec-a16b-25542284d753,https://www.autoscout24.it/annunci/e0488a13-135f-41ec-a16b-25542284d753,it,Porsche,cayenne,,Porsche CayenneCayenne 3.0 V6 S E-Hybrid,85900,,False,2023,11-2023,85000,1,used,hybrid,191,260,2995,,31,,automatic,,AWD,SUV/Fuoristrada/Pick-up,5,5,Nero,,,,,dealer,,IT-59100 Prato - PO,IT,1,https://prod.pictures.autoscout24.net/listing-images/e0488a13-135f-41ec-a16b-25542284d753_f4da1284-48c6-492a-8cec-77d59fdc160a.jpg/250x188.webp,2026-10-10T08:07:51.464088,1.01,3
f1943c17-bb46-4d53-b348-22e72174fe30,https://www.autoscout24.it/annunci/f1943c17-bb46-4d53-b348-22e72174fe30,it,Ford,fiesta,,Ford Fiesta1.0 ecoboost h ST-Line 125cv - PROMO,12990,,False,2023,09-2023,63657,,used,hybrid,91,125,999,,,,manual,,FWD,Berlina,5,5,Grigio,,,,,dealer,Locauto Due srl,IT-13030 Caresanablot - Vercelli - Vc,IT,2,https://prod.pictures.autoscout24.net/listing-images/f1943c17-bb46-4d53-b348-22e72174fe30_1503153a-ef61-4b23-a67f-89707812cb25.jpg/250x188.webp,2026-10-10T08:07:51.464095,0.2,3
9f3d0e5c-3bec-44bc-acef-436136a10dc7,https://www.autoscout24.it/annunci/9f3d0e5c-3bec-44bc-acef-436136a10dc7,it,BMW,240,,BMW 240M240i Coupe xdrive MSport Pro 392cv auto,62800,,False,2026,09-2026,10000,,used,hybrid,288,392,2998,,166,,automatic,,AWD,Coupé,2,4,Grigio,,,,,dealer,Autoargentiero spa,IT-72013 Ceglie Messapica - Brindisi - Br,IT,2,https://prod.pictures.autoscout24.net/listing-images/9f3d0e5c-3bec-44bc-acef-436136a10dc7_5ed27ebb-71c0-4dd7-9ffa-cc67de573122.jpg/250x188.webp,2026-10-10T08:07:51.464103,6.28,0
738444a6-54b6-456d-861a-686055992596,https://www.autoscout24.it/annunci/738444a6-54b6-456d-861a-686055992596,it,Toyota,corolla,,Toyota Corolla2.0h Lounge fwd 197cv e-cvt,28500,,False,2023,05-2023,27694,,used,hybrid,144,197,1987,,,,automatic,,FWD,SUV/Fuoristrada/Pick-up,5,5,Rosso,,,,,dealer,Spazio 4 Srl,IT-10154 Torino - To,IT,3,https://prod.pictures.autoscout24.net/listing-images/738444a6-54b6-456d-861a-686055992596_e9f20760-ff0e-4597-9322-2d2656cee222.jpg/250x188.webp,2026-10-10T08:07:51.464111,1.03,3
49c35754-9aca-40c7-bdaa-aa4e8010505d,https://www.autoscout24.it/annunci/49c35754-9aca-40c7-bdaa-aa4e8010505d,it,Seat,leon,,SEAT Leon2.0 TDI 150 CV DSG Style PREZZO REALE!,16500,,False,2024,02-2024,49000,,used,diesel,110,150,1968,,102,,semiautomatico,,Keine Angabe,Berlina,5,5,Blu/Azzurro,,,,,dealer,Lillo Turchio Automobili Srl,IT-10142 Torino - TO,IT,2,https://prod.pictures.autoscout24.net/listing-images/49c35754-9aca-40c7-bdaa-aa4e8010505d_6914c00c-0bfb-4721-84f5-bdafc448d74a.jpg/250x188.webp,2026-10-10T08:07:51.464119,0.34,2
e6fed212-a87c-41ec-b66e-e464f7bd1f58,https://www.autoscout24.it/annunci/e6fed212-a87c-41ec-b66e-e464f7bd1f58,it,Volkswagen,tiguan,,Volkswagen Tiguan1.4 tsi eh Elegance dsg TETTO,23900,,False,2022,08-2022,71000,,used,hybrid,110,149,1395,,,2.0,automatic,,FWD,SUV/Fuoristrada/Pick-up,5,5,Nero,,,,,dealer,Eurocar Srl Lorenzi auto hub,IT-25016 Ghedi - Brescia - Bs,IT,2,https://prod.pictures.autoscout24.net/listing-images/e6fed212-a87c-41ec-b66e-e464f7bd1f58_e550e77e-2fed-486d-aa32-766b5530b899.jpg/250x188.webp,2026-10-10T08:07:51.464126,0.34,4
9f0454bb-0f88-412e-98f3-1ab5a347c662,https://www.autoscout24.it/annunci/9f0454bb-0f88-412e-98f3-1ab5a347c662,it,Lancia,ypsilon,,Lancia Ypsilon1.0 FireFly 5 porte S&S Hybrid Gold Plus,9900,,False,2023,09-2023,12923,,used,hybrid,37,51,999,,90,,manual,,FWD,Berlina,5,4,Grigio,,,,,dealer,QueenCar,IT-10044 Pianezza - Torino - To,IT,2,https://prod.pictures.autoscout24.net/listing-images/9f0454bb-0f88-412e-98f3-1ab5a347c662_5a018c05-0589-47c6-b5a6-7a3bdecc7317.jpg/250x188.webp,2026-10-10T08:07:51.464141,0.77,3
57349d39-fe2f-43a2-935d-51de634e349d,https://www.autoscout24.it/annunci/57349d39-fe2f-43a2-935d-51de634e349d,it,Volkswagen,t-roc,,Volkswagen T-RocT-Roc 1.5 etsi Life 115cv dsg,28800,,False,2026,01-2026,26629,,used,hybrid,84,115,1498,,127,,automatic,,FWD,SUV/Fuoristrada/Pick-up,5,5,Nero,,,,,dealer,Team Beschi Auto Srl,IT-25017 Lonato del Garda  - Bs,IT,2,https://prod.pictures.autoscout24.net/listing-images/57349d39-fe2f-43a2-935d-51de634e349d_40bf21b9-1aed-4afc-8834-7b2c8587aa75.jpg/250x188.webp,2026-10-10T08:07:51.464149,1.08,0
e1b71f28-4494-4e78-9951-83c7e0d9c4b3,https://www.autoscout24.it/annunci/e1b71f28-4494-4e78-9951-83c7e0d9c4b3,it,Alfa Romeo,stelvio,,Alfa Romeo Stelvio2.2 t Ti Q4 210cv auto - PROMO,22990,,False,2021,01-2021,87638,,used,diesel,154,210,2143,,144,,automatic,,AWD,SUV/Fuoristrada/Pick-up,5,5,Grigio,,,,,dealer,Locauto Due Srl,IT-10151 Torino - To,IT,2,https://prod.pictures.autoscout24.net/listing-images/e1b71f28-4494-4e78-9951-83c7e0d9c4b3_79db752f-220e-4e40-a0a8-d3307706397f.jpg/250x188.webp,2026-10-10T08:07:51.464157,0.26,5
1a0f8d81-94fd-483b-b47b-f79ff69a475e,https://www.autoscout24.it/annunci/1a0f8d81-94fd-483b-b47b-f79ff69a475e,it,Opel,mokka,,Opel Mokka1.2 Hybrid Edition,20900,,False,2026,09-2026,1,,new,hybrid,100,136,1199,,,5.0,automatic,,FWD,Berlina,5,5,Nero,,,,,dealer,Gruppo Farina,IT-81025 Marcianise - Caserta,IT,2,https://prod.pictures.autoscout24.net/listing-images/1a0f8d81-94fd-483b-b47b-f79ff69a475e_67eaa703-b102-4cac-ae4e-c7aabd877889.jpg/250x188.webp,2026-10-10T08:07:51.464164,20900.0,0
87003097-4d88-4d26-8279-36d1736727db,https://www.autoscout24.it/annunci/87003097-4d88-4d26-8279-36d1736727db,it,Ford,kuga,,Ford KugaTitanium Full Hybrid 2.5cc 180cv AUTOMATICA,22900,,False,2024,07-2024,38051,1,used,hybrid,132,180,2500,,,,automatic,,Keine Angabe,SUV/Fuoristrada/Pick-up,5,5,Nero,,,,,dealer,Iamauto Srl,IT-00137 Roma,IT,2,https://prod.pictures.autoscout24.net/listing-images/87003097-4d88-4d26-8279-36d1736727db_e6b62202-51fb-43fd-8730-643b9526d9e8.jpg/250x188.webp,2026-10-10T08:07:51.464172,0.6,2
d2043bce-0278-4d96-98e4-0cddb7b4141f,https://www.autoscout24.it/annunci/d2043bce-0278-4d96-98e4-0cddb7b4141f,it,Mini,countryman c,,MINI Countryman CJOHN COOPER WORKS / PANORAMA / r20 / 360°,35499,,False,2025,03-2025,29902,1,used,hybrid,125,170,1499,,141,,automatic,,FWD,SUV/Fuoristrada/Pick-up,5,5,Nero,,,,,dealer,Best Car srl,IT-47895 San Marino,IT,2,https://prod.pictures.autoscout24.net/listing-images/d2043bce-0278-4d96-98e4-0cddb7b4141f_dbd59a9f-a29b-474b-a1d4-7659e4794ec2.jpg/250x188.webp,2026-10-10T08:07:51.464180,1.19,1
012ec1b4-dfb5-48e4-8849-dca8111618f8,https://www.autoscout24.it/annunci/012ec1b4-dfb5-48e4-8849-dca8111618f8,it,Mini,cooper,,MINI CooperMini IV F55 2021 5p 1.5 Business auto,16900,,False,2021,04-2021,90000,1,used,petrol,100,136,1499,,,,automatic,,Keine Angabe,Berlina,5,5,Nero,,,,,dealer,Exclusive Motors di FC Service srls,IT-04100 Latina - LT,IT,2,https://prod.pictures.autoscout24.net/listing-images/012ec1b4-dfb5-48e4-8849-dca8111618f8_276874c9-3094-47f4-89cd-cce22101390a.jpg/250x188.webp,2026-10-10T08:07:51.464187,0.19,5
db95b8e8-5229-474d-95af-ce079fbd64b5,https://www.autoscout24.it/annunci/db95b8e8-5229-474d-95af-ce079fbd64b5,it,Mercedes-Benz,s 350,,Mercedes-Benz S 350S 350 d 4Matic,57500,,False,2021,05-2021,151835,,used,diesel,210,285,2925,,180,,automatic,,AWD,Berlina,4,5,Nero,,,,,dealer,Domenico Truck Srl,IT-81025 Marcianise - Caserta - Ce,IT,2,https://prod.pictures.autoscout24.net/listing-images/db95b8e8-5229-474d-95af-ce079fbd64b5_cc4fcdf4-3f25-425d-b543-db946d31f7ca.jpg/250x188.webp,2026-10-10T08:07:51.464196,0.38,5
9bb4b448-c9dd-4d60-b169-f7ca7951a5d9,https://www.autoscout24.it/annunci/9bb4b448-c9dd-4d60-b169-f7ca7951a5d9,it,Alfa Romeo,tonale,,Alfa Romeo Tonale1.6  Veloce,21750,,False,2024,10-2024,37951,1,used,diesel,96,130,1598,,,,automatic,,FWD,SUV/Fuoristrada/Pick-up,5,5,Bianco,,,,,dealer,AutoUau - Gruppo IVA Spa,IT-20025 Legnano - MI - Milano,IT,2,https://prod.pictures.autoscout24.net/listing-images/9bb4b448-c9dd-4d60-b169-f7ca7951a5d9_e8e84ca2-ff3d-400c-901c-882b3bad420a.jpg/250x188.webp,2026-10-10T08:07:51.464203,0.57,2
36fd19b8-4068-4682-a852-15b28761bf7e,https://www.autoscout24.it/annunci/36fd19b8-4068-4682-a852-15b28761bf7e,it,Jeep,avenger,,Jeep Avenger1.2 Turbo MHEV Summit ACC - NAVI - TETTO - 18,24900,,False,2026,04-2026,15,,new,hybrid,74,100,1199,,133,,automatic,,FWD,SUV/Fuoristrada/Pick-up,5,5,Grigio,,,,,dealer,Gb Motors Srl,IT-40026 Imola - Bologna - Bo,IT,2,https://prod.pictures.autoscout24.net/listing-images/36fd19b8-4068-4682-a852-15b28761bf7e_2719d855-81dc-4921-96f7-9f04f5db1195.jpg/250x188.webp,2026-10-10T08:07:51.464218,1660.0,0
eacdb0a8-f1d1-43aa-bfca-859386e48e84,https://www.autoscout24.it/annunci/eacdb0a8-f1d1-43aa-bfca-859386e48e84,it,Alfa Romeo,stelvio,,Alfa Romeo StelvioStelvio 2.2 t Super Business Q4 190cv,19500,,False,2022,12-2022,78900,,used,diesel,139,190,2143,,,,automatic,,AWD,SUV/Fuoristrada/Pick-up,5,5,Bianco,,,,,dealer,Noleggio 24 Srl,IT-00141 Roma - RM,IT,2,https://prod.pictures.autoscout24.net/listing-images/eacdb0a8-f1d1-43aa-bfca-859386e48e84_0b6c7e60-3590-4fc5-aac6-de818b9e844e.jpg/250x188.webp,2026-10-10T08:07:51.464226,0.25,4
e97c70c8-aed3-4951-8f36-48924a5dd5ab,https://www.autoscout24.it/annunci/e97c70c8-aed3-4951-8f36-48924a5dd5ab,it,Jaguar,e-pace,,Jaguar E-Pace2.0D i4 180cv HSE AUTO AWD PROMOZIONE,13900,,False,2018,12-2018,147000,1,used,diesel,132,180,1999,,159,,automatic,,AWD,SUV/Fuoristrada/Pick-up,5,5,Nero,,,,,dealer,MS Automobili Srl,IT-10143 Torino - To,IT,2,https://prod.pictures.autoscout24.net/listing-images/e97c70c8-aed3-4951-8f36-48924a5dd5ab_4bd41ca6-7847-4293-a5e8-ab28d2208bec.jpg/250x188.webp,2026-10-10T08:07:51.464234,0.09,8
d01aa662-4c3f-4deb-ad41-a9321c8ed7ff,https://www.autoscout24.it/annunci/d01aa662-4c3f-4deb-ad41-a9321c8ed7ff,it,Fiat,500l,,Fiat 500L500L Cross 1.3 mjt 95cv my20,10900,,False,2021,12-2021,76700,,used,diesel,69,95,1248,,126,,manual,,Keine Angabe,Monovolume,5,5,Blu/Azzurro,,,,,dealer,Dionisi S.r.l.,IT-10155 Torino - To,IT,2,https://prod.pictures.autoscout24.net/listing-images/d01aa662-4c3f-4deb-ad41-a9321c8ed7ff_59bd3295-d4f7-4440-86b9-5061ee36abde.jpg/250x188.webp,2026-10-10T08:07:51.464253,0.14,5
6aaa8583-4abc-4857-935e-52cbfc2e3f5b,https://www.autoscout24.it/annunci/6aaa8583-4abc-4857-935e-52cbfc2e3f5b,it,Citroen,grand c4 spacetourer,,Citroen Grand C4 SpaceTourerBlueHDi 130 S&S EAT8 Feel,11990,,False,2021,07-2021,96000,,used,diesel,96,130,1499,,,,automatic,,Enthalten,Monovolume,5,7,Grigio,,,,,dealer,RB Car Center,IT-22063 Cantù - Como - CO,IT,2,https://prod.pictures.autoscout24.net/listing-images/6aaa8583-4abc-4857-935e-52cbfc2e3f5b_19d8edbe-9734-474d-b40b-11b66fdf0059.jpg/250x188.webp,2026-10-10T08:07:51.464262,0.12,5
fdfed662-ccc2-4bed-9bd1-7eb012b294a3,https://www.autoscout24.it/annunci/fdfed662-ccc2-4bed-9bd1-7eb012b294a3,it,Volkswagen,tiguan,,Volkswagen Tiguan2.0 tdi Style 4motion 150cv *PROMOZIONE!!,14999,,False,2018,10-2018,156000,1,used,diesel,110,150,1968,,145,,automatic,,AWD,SUV/Fuoristrada/Pick-up,5,,Grigio,,,,,dealer,Cambio Auto FG,IT-20094 Corsico,IT,2,https://prod.pictures.autoscout24.net/listing-images/fdfed662-ccc2-4bed-9bd1-7eb012b294a3_9b316f6d-27b7-4139-86a0-c1f9f99237f4.jpg/250x188.webp,2026-10-10T08:07:51.464269,0.1,8
74957f71-04bf-4dd9-b243-85ee0be3de52,https://www.autoscout24.it/annunci/74957f71-04bf-4dd9-b243-85ee0be3de52,it,Ford,puma,,Ford Puma1.0 ecoboost h Titanium s&s 125cv,13991,,False,2023,01-2023,33300,,used,hybrid,91,125,999,,121,,manual,,Keine Angabe,SUV/Fuoristrada/Pick-up,5,5,Grigio,,,,,dealer,Gm Auto Srl,IT-30033 Noale - Ve,IT,2,https://prod.pictures.autoscout24.net/listing-images/74957f71-04bf-4dd9-b243-85ee0be3de52_d79a6afb-c40f-42f8-9677-94c957b86895.jpg/250x188.webp,2026-10-10T08:07:51.464277,0.42,3
4f4b8d63-be86-4a3f-955c-228546c6ffcc,https://www.autoscout24.it/annunci/4f4b8d63-be86-4a3f-955c-228546c6ffcc,it,Seat,leon,,SEAT Leon4ª SERIE 1.0 ETSI 110 CV DSG STYLE,15900,,False,2022,10-2022,72612,1,used,hybrid,80,110,999,,121,,automatic,,FWD,Berlina,5,5,Nero,,,,,dealer,Barchetti Auto D’Occasione_Lombardia,IT-25124 Brescia,IT,2,https://prod.pictures.autoscout24.net/listing-images/4f4b8d63-be86-4a3f-955c-228546c6ffcc_aa935695-f91c-42a0-84a6-a6151eff574e.jpg/250x188.webp,2026-10-10T08:07:51.464283,0.22,4
aee457b0-bf54-4d3c-9461-2af752d096d7,https://www.autoscout24.it/annunci/aee457b0-bf54-4d3c-9461-2af752d096d7,it,Audi,a1,,Audi A1A1 SPB 30 TFSI S tronic Identity Black,25900,,False,2025,05-2025,8700,1,used,petrol,85,115,999,,,,automatic,,FWD,Berlina,5,5,Nero,,,,,dealer,Panoramauto Torino srl,IT-10156 Torino - To,IT,2,https://prod.pictures.autoscout24.net/listing-images/aee457b0-bf54-4d3c-9461-2af752d096d7_cdbce68c-3ddd-4c84-9630-f98f9d9008eb.jpg/250x188.webp,2026-10-10T08:07:51.464290,2.98,1
b281c330-9699-4adc-9527-397a895b77ee,https://www.autoscout24.it/annunci/b281c330-9699-4adc-9527-397a895b77ee,it,Audi,q2,,Audi Q230 1.0 tfsi Admired s-tronic,18500,,False,2019,01-2019,71788,,used,petrol,85,115,999,,122,,automatic,,FWD,SUV/Fuoristrada/Pick-up,5,5,Grigio,,,,,dealer,Nanni Nember Srl  - Brescia,IT-25126 Brescia - Bs,IT,2,https://prod.pictures.autoscout24.net/listing-images/b281c330-9699-4adc-9527-397a895b77ee_2f18c91d-ce7c-499a-8b81-493225e8b972.jpg/250x188.webp,2026-10-10T08:07:51.464296,0.26,7
16bebcf3-3f2f-49ef-8a71-48ebe3a2fb2c,https://www.autoscout24.it/annunci/16bebcf3-3f2f-49ef-8a71-48ebe3a2fb2c,it,Alfa Romeo,giulia,,Alfa Romeo Giulia2.2 Turbodiesel 190 CV AT8 Executive,23990,,False,2021,11-2021,43000,1,used,diesel,139,190,2143,,125,,automatic,,RWD,Berlina,4,5,Grigio,,,,,dealer,Castaldo Srl,IT-10148 Torino - To,IT,2,https://prod.pictures.autoscout24.net/listing-images/16bebcf3-3f2f-49ef-8a71-48ebe3a2fb2c_1727e034-c1ed-455c-8731-e12bfc897a92.jpg/250x188.webp,2026-10-10T08:07:51.464303,0.56,5
