id,listing_url,country,make,model,variant,full_name,price_eur,price_original_eur,vat_deductible,year,first_registration,mileage_km,previous_owners,condition,fuel_type,power_kw,power_hp,engine_cc,emission_class,co2_emissions,consumption_combined,transmission,gears,drivetrain,body_type,doors,seats,color_exterior,color_interior,features,safety_features,comfort_features,seller_type,seller_name,seller_location,seller_country,image_count,thumbnail,scraped_at,price_per_km,age_years
ac15a506-ecbd-4393-aff4-1c6e48817500,https://www.autoscout24.de/angebote/ac15a506-ecbd-4393-aff4-1c6e48817500,de,Mercedes-Benz,eqs suv,,Mercedes-Benz EQS SUVEQS 500 4Matic -  7-Sitze,88750,,True,2025,01-2025,28900,,used,electric,118,160,,Euro 6e,0,6.0,,,AWD,SUV/Geländewagen/Pickup,5,7,Silber,,,,,dealer,Markeli Automobile GbR,DE-83626 Valley ( bei München ),DE,3,https://prod.pictures.autoscout24.net/listing-images/ac15a506-ecbd-4393-aff4-1c6e48817500_5d45eb5a-4ed7-486e-a76d-24219f83ea39.jpg/250x188.webp,2026-08-03T05:29:14.860756,3.07,1
ada7ca5a-8b40-4d45-ad99-272fcf16bfa2,https://www.autoscout24.de/angebote/ada7ca5a-8b40-4d45-ad99-272fcf16bfa2,de,BMW,m5,,BMW M5Limousine Competition LASER~MASSAGE~GSD~B&W,71900,,True,2022,05-2022,75500,,used,petrol,460,625,4395,Euro 6,259,11.3,automatic,,AWD,Limousine,4,5,Blau,,,,,dealer,Autopark Nord GmbH,DE-81829 München,DE,2,https://prod.pictures.autoscout24.net/listing-images/ada7ca5a-8b40-4d45-ad99-272fcf16bfa2_249717ba-f776-4b94-9f3a-12d2a579320a.jpg/250x188.webp,2026-08-03T05:29:14.860791,0.95,4
e578bc9a-fd64-4ff9-9ef1-e0cf8940a5bd,https://www.autoscout24.de/angebote/e578bc9a-fd64-4ff9-9ef1-e0cf8940a5bd,de,BMW,m4,,BMW M4Coupé Competition*HuD*Led*360°*Leder*kein OPF,48999,,True,2019,07-2019,76000,,used,petrol,331,450,2979,Euro 6,238,6.0,automatic,,Heck,Coupé,2,4,Weiß,,,,,dealer,Christian Nickel Automobile GmbH,DE-49401 Damme,DE,2,https://prod.pictures.autoscout24.net/listing-images/e578bc9a-fd64-4ff9-9ef1-e0cf8940a5bd_cea64b17-6572-4c79-bc1f-04e538a26ddb.jpg/250x188.webp,2026-08-03T05:29:14.860812,0.64,7
7698e916-7920-44f2-8831-386fabde4269,https://www.autoscout24.de/angebote/7698e916-7920-44f2-8831-386fabde4269,de,Mercedes-Benz,gle 450,,Mercedes-Benz GLE 450Line MULTIBEAM~PANO~AIRMATIC~360°~22,79900,,True,2024,09-2024,28000,,used,diesel,270,367,2989,Euro 6,,6.0,automatic,,AWD,SUV/Geländewagen/Pickup,4,5,Silber,,,,,dealer,Autopark Nord GmbH,DE-81829 München,DE,2,https://prod.pictures.autoscout24.net/listing-images/7698e916-7920-44f2-8831-386fabde4269_4c799acf-2ac1-4409-8bad-d2d4b1f0c765.jpg/250x188.webp,2026-08-03T05:29:14.860827,2.85,2
6e286654-92c7-484d-8321-089b41dc9808,https://www.autoscout24.de/angebote/6e286654-92c7-484d-8321-089b41dc9808,de,Audi,a7,,Audi A750 TDI S-Line MATRIX B&O 360° HuD STHZG LUFT,37295,,True,2019,09-2019,151000,,used,diesel,210,285,2967,Euro 6d-TEMP,,6.0,automatic,,AWD,Limousine,5,4,Grau,,,,,dealer,Autohaus Dressman GmbH,DE-59067 Hamm,DE,3,https://prod.pictures.autoscout24.net/listing-images/6e286654-92c7-484d-8321-089b41dc9808_7d65cd9d-924d-4a5b-8749-942c775702cd.jpg/250x188.webp,2026-08-03T05:29:14.860851,0.25,7
f9dc6a95-de61-48a9-bada-4eb372ccf836,https://www.autoscout24.de/angebote/f9dc6a95-de61-48a9-bada-4eb372ccf836,de,Audi,a3,,Audi A3S line 35 TFSI S tronic MMI LED,29880,,True,2023,08-2023,28691,,used,petrol,110,149,1498,Euro 6d,134,5.9,automatic,,Front,Limousine,4,5,Grau,,,,,dealer,Ulrich 	Senger GmbH,DE-48282 Emsdetten,DE,2,https://prod.pictures.autoscout24.net/listing-images/f9dc6a95-de61-48a9-bada-4eb372ccf836_8d06f7b3-fcf3-4ea7-897f-9bc442908772.jpg/250x188.webp,2026-08-03T05:29:14.860862,1.04,3
089a9d47-aade-4779-ba6e-41a25c752e77,https://www.autoscout24.de/angebote/089a9d47-aade-4779-ba6e-41a25c752e77,de,Porsche,taycan,,Porsche TaycanTurbo S Overboost // Approved bis 06,81990,,True,2021,05-2021,21437,,used,electric,411,560,,,0,4.0,automatic,,AWD,Limousine,4,5,Grau,,,,,dealer,dabag deutsche automobilberatung GmbH,DE-16515 Oranienburg,DE,2,https://prod.pictures.autoscout24.net/listing-images/089a9d47-aade-4779-ba6e-41a25c752e77_90ca494b-b07d-43fa-b49c-f80858518cbd.jpg/250x188.webp,2026-08-03T05:29:14.860871,3.82,5
e51f3eee-d449-4733-be68-2d8322b3bfb5,https://www.autoscout24.de/angebote/e51f3eee-d449-4733-be68-2d8322b3bfb5,de,BMW,m5,,BMW M5Limousine Competition EDITION 35,64900,,True,2020,04-2020,68430,,used,petrol,460,625,4395,Euro 6,243,10.7,automatic,,AWD,Limousine,4,5,Schwarz,,,,,dealer,Autopark Nord GmbH,DE-81829 München,DE,2,https://prod.pictures.autoscout24.net/listing-images/e51f3eee-d449-4733-be68-2d8322b3bfb5_15da08ec-5c16-4cce-9f1e-294b4889b86f.jpg/250x188.webp,2026-08-03T05:29:14.860885,0.95,6
4df5a538-0cfc-4773-8aa8-da39ef0f8146,https://www.autoscout24.de/angebote/4df5a538-0cfc-4773-8aa8-da39ef0f8146,de,BMW,m2,,BMW M2Competition*MSitze*SHD*Keyless*H&K*R-Kam,38950,,True,2018,10-2018,125179,,used,petrol,302,410,2979,Euro 6,224,9.8,automatic,,Heck,Coupé,2,4,Schwarz,,,,,dealer,Autohaus Maletzki GmbH,DE-14772 Brandenburg an der Havel,DE,2,https://prod.pictures.autoscout24.net/listing-images/4df5a538-0cfc-4773-8aa8-da39ef0f8146_67be9599-55cf-4f82-884a-3e8ed26ca179.jpg/250x188.webp,2026-08-03T05:29:14.860894,0.31,8
bd46aa85-d174-4f77-be62-c0bea54860b5,https://www.autoscout24.de/angebote/bd46aa85-d174-4f77-be62-c0bea54860b5,de,Audi,q3,,Audi Q3Sportback 45 TFSI e S-tronic Virtuell LED Leder,33980,,True,2023,06-2023,24964,,used,hybrid,132,180,1395,Euro 6,,6.0,automatic,,,SUV/Geländewagen/Pickup,5,5,Grau,,,,,dealer,Autohaus Adelbert Moll GmbH & Co. KG,DE-40474 Düsseldorf,DE,2,https://prod.pictures.autoscout24.net/listing-images/bd46aa85-d174-4f77-be62-c0bea54860b5_97a5da5f-d780-4358-890d-5ce18bccabcb.jpg/250x188.webp,2026-08-03T05:29:14.860904,1.36,3
613b8ba1-48a0-4007-8230-a2c2b183243c,https://www.autoscout24.de/angebote/613b8ba1-48a0-4007-8230-a2c2b183243c,de,BMW,740,,BMW 740d xDrive M Sport Limousine Standhzg+TV+HK+GSD,46740,,True,2020,09-2020,132944,,used,diesel,250,340,2993,Euro 6e,,6.0,automatic,,AWD,Limousine,4,5,Weiß,,,,,dealer,Cosmo D&V GmbH,DE-99817 Eisenach,DE,3,https://prod.pictures.autoscout24.net/listing-images/613b8ba1-48a0-4007-8230-a2c2b183243c_bb10e091-7c64-4847-b89c-ff3f320b2c38.jpg/250x188.webp,2026-08-03T05:29:14.860912,0.35,6
035a4447-3a1d-4373-9576-8d6700808b52,https://www.autoscout24.de/angebote/035a4447-3a1d-4373-9576-8d6700808b52,de,Nio,et5,,NIO ET575 kWh BATTERIE INKL+PANO+MEMO+LED+SHZ+360+,29950,,True,2023,08-2023,33287,,used,electric,75,102,0,,0,4.0,automatic,,AWD,Limousine,4,5,Grau,,,,,dealer,Dick Automobile Karlsruhe GmbH,DE-76689 Karlsdorf-Neuthard,DE,2,https://prod.pictures.autoscout24.net/listing-images/035a4447-3a1d-4373-9576-8d6700808b52_f3345459-ebba-4211-a422-0b3f3a8a9686.jpg/250x188.webp,2026-08-03T05:29:14.860920,0.9,3
c741c84f-5c8b-48c4-8d80-2e2b50da40c8,https://www.autoscout24.de/angebote/c741c84f-5c8b-48c4-8d80-2e2b50da40c8,de,Mercedes-Benz,e 220,,Mercedes-Benz E 220d 4M AMG,41880,,True,2022,05-2022,108259,,used,diesel,147,199,1993,Euro 6,,6.0,automatic,,AWD,Limousine,4,5,Schwarz,,,,,dealer,Autohaus Winterfell,DE-12351 Berlin,DE,3,https://prod.pictures.autoscout24.net/listing-images/c741c84f-5c8b-48c4-8d80-2e2b50da40c8_75ec9c7a-c351-4f3e-a076-25ca4eae900d.jpg/250x188.webp,2026-08-03T05:29:14.860927,0.39,4
085cf8d9-c584-46a2-93a5-53fdaf147fbc,https://www.autoscout24.de/angebote/085cf8d9-c584-46a2-93a5-53fdaf147fbc,de,BMW,x7,,BMW X7xDrive 40d M Sport Pro~PANO~HUD~KAMERA 360~,81900,,True,2024,02-2024,43878,,used,diesel,259,352,2993,Euro 6,208,7.9,automatic,,AWD,SUV/Geländewagen/Pickup,4,7,Grau,,,,,dealer,Autopark Nord GmbH,DE-81829 München,DE,2,https://prod.pictures.autoscout24.net/listing-images/085cf8d9-c584-46a2-93a5-53fdaf147fbc_398202bb-07be-43db-ad2c-5f8c32ec5882.jpg/250x188.webp,2026-08-03T05:29:14.860935,1.87,2
7ea5f734-8ef2-4817-a5aa-bd63e9768c61,https://www.autoscout24.de/angebote/7ea5f734-8ef2-4817-a5aa-bd63e9768c61,de,Mercedes-Benz,c 63 amg,,Mercedes-Benz C 63 AMGC 63 S AMG Coupe Performance-Sitze,79980,,True,2023,01-2023,15983,,used,petrol,375,510,3982,Euro 6d,,6.0,automatic,,Heck,Coupé,2,4,Schwarz,,,,,dealer,Autohaus EuroCar Landshut GmbH,DE-84030 Landshut,DE,3,https://prod.pictures.autoscout24.net/listing-images/7ea5f734-8ef2-4817-a5aa-bd63e9768c61_2bb48ff8-6710-4b20-ba6c-89b881f1dae2.jpg/250x188.webp,2026-08-03T05:29:14.860942,5.0,3
da273889-1427-4c80-8b30-1afcd023014b,https://www.autoscout24.de/angebote/da273889-1427-4c80-8b30-1afcd023014b,de,Audi,a6,,Audi A6Avant 50 Qu. HYBRID sport PANO B&O LM20,34888,,True,2022,12-2022,20859,,used,hybrid,220,299,1984,Euro 6d,32,1.3,automatic,,AWD,Kombi,5,5,Schwarz,,,,,dealer,Hülpert in Unna - Gebrauchtwagen,DE-59423 Unna,DE,2,https://prod.pictures.autoscout24.net/listing-images/da273889-1427-4c80-8b30-1afcd023014b_4982547a-7516-46b6-9c7c-0c72f426dcb9.jpg/250x188.webp,2026-08-03T05:29:14.860949,1.67,4
f25699b6-5624-438b-899f-2195bdc7b765,https://www.autoscout24.de/angebote/f25699b6-5624-438b-899f-2195bdc7b765,de,BMW,x6 m,,BMW X6 MCompetition 360° Fond-Ent SoftCl Individual,78499,,True,2022,09-2022,50482,,used,petrol,460,625,4395,Euro 6d,301,6.0,automatic,,AWD,SUV/Geländewagen/Pickup,5,5,Blau,,,,,dealer,Autoland Celle GmbH & Co. KG,DE-29225 Celle,DE,2,https://prod.pictures.autoscout24.net/listing-images/f25699b6-5624-438b-899f-2195bdc7b765_509760a6-5b8e-416e-9af1-0790de49161b.jpg/250x188.webp,2026-08-03T05:29:14.860956,1.55,4
da5ddb01-16e1-4aa6-aca4-51dedc9f4cdb,https://www.autoscout24.de/angebote/da5ddb01-16e1-4aa6-aca4-51dedc9f4cdb,de,Porsche,cayenne,,Porsche CayenneE-Hybrid Coupé,89900,,True,2023,03-2023,31500,,used,hybrid,249,340,2995,Euro 6e,73,6.0,automatic,,AWD,Coupé,5,5,Schwarz,,,,,dealer,RAMAX,DE-50354 Hürth (bei Köln),DE,2,https://prod.pictures.autoscout24.net/listing-images/da5ddb01-16e1-4aa6-aca4-51dedc9f4cdb_775e910b-34a0-4759-95d1-51f23bc97c78.jpg/250x188.webp,2026-08-03T05:29:14.860965,2.85,3
2c7736c6-5ba1-4d11-afb6-e2bd8ef71da0,https://www.autoscout24.de/angebote/2c7736c6-5ba1-4d11-afb6-e2bd8ef71da0,de,Audi,q4 e-tron,,Audi Q4 e-tron40 advanced 82 kWh,36940,,True,2024,02-2024,25550,,used,electric,82,111,,,0,4.0,automatic,,Heck,SUV/Geländewagen/Pickup,5,5,Schwarz,,,,,dealer,DB Autohaus Schweinfurt Premium,DE-97424 Schweinfurt,DE,2,https://prod.pictures.autoscout24.net/listing-images/2c7736c6-5ba1-4d11-afb6-e2bd8ef71da0_2c07b43c-3235-4acd-ba5f-eeb54aaee4c3.jpg/250x188.webp,2026-08-03T05:29:14.860973,1.45,2
6115be12-e7e0-4330-987d-70731720d455,https://www.autoscout24.de/angebote/6115be12-e7e0-4330-987d-70731720d455,de,BMW,x3,,BMW X3xDrive 30e M Sport LCProf-LED-Kamera-HiFi-AHK,38850,,True,2022,06-2022,48000,,used,hybrid,215,292,1998,Euro 6d,,6.0,automatic,,AWD,SUV/Geländewagen/Pickup,4,5,Schwarz,,,,,dealer,Autohaus Haybat,DE-75365 Calw/Stuttgart,DE,2,https://prod.pictures.autoscout24.net/listing-images/6115be12-e7e0-4330-987d-70731720d455_0011325f-0edd-47ad-b576-486972aa2b17.jpg/250x188.webp,2026-08-03T05:29:14.860980,0.81,4
90024b94-7efd-4fc1-8291-1afac740582c,https://www.autoscout24.de/angebote/90024b94-7efd-4fc1-8291-1afac740582c,de,Tesla,model y,,Tesla Model YLong Range Dual Motor AWD,28590,,True,2024,01-2024,120864,,used,electric,378,514,,,0,4.0,automatic,,AWD,SUV/Geländewagen/Pickup,5,5,Schwarz,,,,,dealer,AutoExpo Deutsche Automarkt GmbH,DE-35463 Fernwald-Steinbach,DE,2,https://prod.pictures.autoscout24.net/listing-images/90024b94-7efd-4fc1-8291-1afac740582c_236841d7-d150-4102-843d-d3cb4fd4e241.jpg/250x188.webp,2026-08-03T05:29:14.860991,0.24,2
66d11848-989c-4d33-98b8-d62a97aa8528,https://www.autoscout24.de/angebote/66d11848-989c-4d33-98b8-d62a97aa8528,de,Audi,a6,,Audi A6A6 Avant 40 TDI S Line sport Navi B&O LED,23790,,True,2022,11-2022,135425,,used,diesel,150,204,1968,,118,4.0,automatic,,Front,Kombi,5,5,Schwarz,,,,,dealer,AutoExpo Deutsche Automarkt GmbH,DE-35463 Fernwald-Steinbach,DE,2,https://prod.pictures.autoscout24.net/listing-images/66d11848-989c-4d33-98b8-d62a97aa8528_9cf7d1e7-a943-4bc0-bf45-857e8fcb4038.jpg/250x188.webp,2026-08-03T05:29:14.861000,0.18,4
9ef1da78-2465-4092-8297-2bdcdb4a611a,https://www.autoscout24.de/angebote/9ef1da78-2465-4092-8297-2bdcdb4a611a,de,Mercedes-Benz,a 250,,Mercedes-Benz A 250e Progressive+MBUX+KeylessGO+Kamera+Night,25800,,True,2023,12-2023,32100,,used,hybrid,160,217,1332,Euro 6d,,6.0,automatic,,,Limousine,5,5,Grau,,,,,dealer,Jürgen Schunn GmbH,DE-86707 Westendorf,DE,2,https://prod.pictures.autoscout24.net/listing-images/9ef1da78-2465-4092-8297-2bdcdb4a611a_310be6ec-b78e-4510-9efe-1ac012a826e0.jpg/250x188.webp,2026-08-03T05:29:14.861009,0.8,3
0ce23da2-e228-419c-9ea6-248310782376,https://www.autoscout24.de/angebote/0ce23da2-e228-419c-9ea6-248310782376,de,BMW,530,,BMW 530e,25800,,True,2021,11-2021,86590,,used,hybrid,215,292,1998,Euro 6d,46,6.0,automatic,,Heck,Kombi,4,5,Grau,,,,,dealer,Carmax GmbH & Co. KG,DE-36043 Fulda,DE,2,https://prod.pictures.autoscout24.net/listing-images/0ce23da2-e228-419c-9ea6-248310782376_5a77ba81-2ab6-44ec-9fe4-a36b99dc8430.jpg/250x188.webp,2026-08-03T05:29:14.861017,0.3,5
e2baa2b5-c71f-4926-8a07-070adf934ead,https://www.autoscout24.de/angebote/e2baa2b5-c71f-4926-8a07-070adf934ead,de,Mercedes-Benz,amg gt,,Mercedes-Benz AMG GT63 S 4Matic+ Burmester LED Nappa 360,76990,,True,2018,12-2018,67200,,used,petrol,470,639,3982,Euro 6d-TEMP,,6.0,automatic,,AWD,Limousine,4,4,Grau,,,,,dealer,Autocenter Sportive GmbH,DE-88427 Bad Schussenried,DE,2,https://prod.pictures.autoscout24.net/listing-images/e2baa2b5-c71f-4926-8a07-070adf934ead_446acb13-8905-494d-bfe2-860dfd461509.jpg/250x188.webp,2026-08-03T05:29:14.861026,1.15,8
cdaa4455-f7c1-4737-98eb-a2294d7e0c39,https://www.autoscout24.de/angebote/cdaa4455-f7c1-4737-98eb-a2294d7e0c39,de,Cupra,leon,,CUPRA Leon1.5eTSI DSG Assist XL Navi Matrix LED HAGEL,23300,,True,2025,06-2025,21938,,used,hybrid,110,149,1498,Euro 6,125,5.5,automatic,,Front,Limousine,5,5,Grau,,,,,dealer,Mössmer Automobile OHG,"DE-87700 Memmingen, Amendingen",DE,2,https://prod.pictures.autoscout24.net/listing-images/cdaa4455-f7c1-4737-98eb-a2294d7e0c39_8a926df9-bb34-443d-aa8d-3970704cac23.jpg/250x188.webp,2026-08-03T05:29:14.861035,1.06,1
ea046dea-6ecd-45ad-8881-56bb7a8f7a0c,https://www.autoscout24.de/angebote/ea046dea-6ecd-45ad-8881-56bb7a8f7a0c,de,BMW,330,,"BMW 330e M-Sport CockpitProf Memory H&K ACC AHK 19""",30780,,True,2021,02-2021,77769,,used,hybrid,185,251,1998,Euro 6d,36,6.0,automatic,,Heck,Kombi,4,5,Grau,,,,,dealer,Autohaus EuroCar Landshut GmbH,DE-84030 Landshut,DE,3,https://prod.pictures.autoscout24.net/listing-images/ea046dea-6ecd-45ad-8881-56bb7a8f7a0c_fb5f52f5-2377-40e2-86ef-19e2d2620aa9.jpg/250x188.webp,2026-08-03T05:29:14.861043,0.4,5
488a6340-5b68-40c5-b975-9d0735cc4f26,https://www.autoscout24.de/angebote/488a6340-5b68-40c5-b975-9d0735cc4f26,de,Mercedes-Benz,cls 400,,Mercedes-Benz CLS 400d 4Matic *AMG*WIDE*360°,41880,,True,2019,04-2019,84000,,used,diesel,250,340,2925,Euro 6d-TEMP,152,5.8,automatic,,AWD,Limousine,4,4,Weiß,,,,,dealer,Automobile Sahbaz,DE-44649 Herne,DE,2,https://prod.pictures.autoscout24.net/listing-images/488a6340-5b68-40c5-b975-9d0735cc4f26_3abab3ea-87a0-4144-aab1-a0437b451505.jpg/250x188.webp,2026-08-03T05:29:14.861049,0.5,7
61225336-a6bf-4c6f-84f3-bcea40053956,https://www.autoscout24.de/angebote/61225336-a6bf-4c6f-84f3-bcea40053956,de,Mercedes-Benz,eqs,,Mercedes-Benz EQSEQS 500 4Matic SUV - -  7-Sitze,88750,,True,2025,01-2025,28900,,used,electric,118,160,,Euro 6e,0,6.0,,,AWD,SUV/Geländewagen/Pickup,5,7,Silber,,,,,dealer,Markeli Automobile GbR,DE-83626 Valley ( bei München ),DE,3,https://prod.pictures.autoscout24.net/listing-images/61225336-a6bf-4c6f-84f3-bcea40053956_c5de6936-3178-4204-bdb2-1fa4c4354bcc.jpg/250x188.webp,2026-08-03T05:29:14.861056,3.07,1
e58b9781-2cf7-45de-9ab8-5f3eea8c21ec,https://www.autoscout24.de/angebote/e58b9781-2cf7-45de-9ab8-5f3eea8c21ec,de,Lexus,ux 300e,,Lexus UX 300eLuxury Head-Up Kamera Navi Leder Sitzklima,21990,,True,2022,06-2022,52622,,used,electric,150,204,0,,0,4.0,automatic,,Front,SUV/Geländewagen/Pickup,5,5,Grau,,,,,dealer,Autohaus Kirschstein GmbH,DE-36251 Bad Hersfeld,DE,2,https://prod.pictures.autoscout24.net/listing-images/e58b9781-2cf7-45de-9ab8-5f3eea8c21ec_7f01d80d-c2d2-4c47-9261-c4e4a07b90d1.jpg/250x188.webp,2026-08-03T05:29:14.861063,0.42,4
20a2026f-44a4-4997-bb3c-3b43c5604a58,https://www.autoscout24.de/angebote/20a2026f-44a4-4997-bb3c-3b43c5604a58,de,Mazda,cx-60,,Mazda CX-60e-SKYACTIV PHEV Homura alle Pakete,34545,,True,2023,08-2023,58486,,used,hybrid,241,327,2488,Euro 6d,33,1.5,automatic,,AWD,SUV/Geländewagen/Pickup,5,5,Weiß,,,,,dealer,Tecius & Reimers Automobile oHG,DE-22457 Hamburg,DE,2,https://prod.pictures.autoscout24.net/listing-images/20a2026f-44a4-4997-bb3c-3b43c5604a58_0dd08525-f1bd-4295-a447-883480eb213c.jpg/250x188.webp,2026-08-03T05:29:14.861072,0.59,3
2b7fc92c-50c8-4edb-b794-5cd2763c8f58,https://www.autoscout24.de/angebote/2b7fc92c-50c8-4edb-b794-5cd2763c8f58,de,Mercedes-Benz,e 450,,Mercedes-Benz E 450E 450 d 4M AMG Line Night Vielspeiche,69900,,True,2025,03-2025,23656,,used,diesel,198,270,2989,Euro 6d,159,6.1,automatic,,AWD,Limousine,4,5,Grau,,,,,dealer,Paul Lüske GmbH,DE-49661 Cloppenburg,DE,3,https://prod.pictures.autoscout24.net/listing-images/2b7fc92c-50c8-4edb-b794-5cd2763c8f58_ac4da7c7-f3e2-4961-82a0-d2b45dfc1e95.jpg/250x188.webp,2026-08-03T05:29:14.861079,2.95,1
209c1b70-f0da-4a3b-8efc-48e1eecf1145,https://www.autoscout24.de/angebote/209c1b70-f0da-4a3b-8efc-48e1eecf1145,de,Audi,a7,,Audi A745 TFSI S-TR LED+NAV+2xPCD+ACC+SHZ,33937,,True,2023,11-2023,68348,,used,petrol,195,265,1984,,,4.0,automatic,,Front,Limousine,5,4,Schwarz,,,,,dealer,Motor-Nützel Vertriebs-GmbH,DE-95030 Hof,DE,2,https://prod.pictures.autoscout24.net/listing-images/209c1b70-f0da-4a3b-8efc-48e1eecf1145_235c9876-98d2-4948-a0cb-9f578af2a738.jpg/250x188.webp,2026-08-03T05:29:14.861086,0.5,3
52980a08-5a72-4ac7-baa9-1f806633d536,https://www.autoscout24.de/angebote/52980a08-5a72-4ac7-baa9-1f806633d536,de,Porsche,taycan,,Porsche TaycanTaycan GTS Sport Turismo,86500,,True,2022,11-2022,36500,,used,electric,323,440,,,0,486.0,automatic,,AWD,Kombi,5,5,Beige,,,,,dealer,RAMAX,DE-50354 Hürth (bei Köln),DE,2,https://prod.pictures.autoscout24.net/listing-images/52980a08-5a72-4ac7-baa9-1f806633d536_70aa83b0-4fe2-44a9-9aee-12561747de7a.jpg/250x188.webp,2026-08-03T05:29:14.861096,2.37,4
902550a2-0448-4fd4-8a97-0c9c3ab366ea,https://www.autoscout24.de/angebote/902550a2-0448-4fd4-8a97-0c9c3ab366ea,de,Mercedes-Benz,g 350,,Mercedes-Benz G 350d designo manufaktur Edition,57900,,True,2018,01-2018,165500,,used,diesel,180,244,2987,Euro 6,262,9.9,automatic,,AWD,SUV/Geländewagen/Pickup,4,5,Schwarz,,,,,dealer,Autopark Nord GmbH,DE-81829 München,DE,2,https://prod.pictures.autoscout24.net/listing-images/902550a2-0448-4fd4-8a97-0c9c3ab366ea_71a2c790-cbe1-4f7b-9d8e-584779929416.jpg/250x188.webp,2026-08-03T05:29:14.861104,0.35,8
35e097cd-4bb1-4df0-865d-e05dd3db86d1,https://www.autoscout24.de/angebote/35e097cd-4bb1-4df0-865d-e05dd3db86d1,de,Audi,q5,,Audi Q5advanced 35 2.0 TDI S-tronic,29860,,True,2023,04-2023,47814,,used,diesel,120,163,1968,Euro 6d,,6.0,automatic,,Front,SUV/Geländewagen/Pickup,5,5,Schwarz,,,,,dealer,DB Autohaus Bad Salzuflen,DE-32105 Bad Salzuflen,DE,2,https://prod.pictures.autoscout24.net/listing-images/35e097cd-4bb1-4df0-865d-e05dd3db86d1_44e9bed7-be70-4228-9383-589db82613cf.jpg/250x188.webp,2026-08-03T05:29:14.861112,0.62,3
49b22548-59ce-4ac4-b671-709d1a70db68,https://www.autoscout24.de/angebote/49b22548-59ce-4ac4-b671-709d1a70db68,de,Audi,e-tron,,Audi e-tron55 Quat 2X S LINE BLACK EDI+PANO+AHK+VOLL,34950,,True,2023,02-2023,65305,,used,electric,300,408,0,,0,22.2,automatic,,AWD,SUV/Geländewagen/Pickup,5,5,Grau,,,,,dealer,Dick Automobile Karlsruhe GmbH,DE-76689 Karlsdorf-Neuthard,DE,2,https://prod.pictures.autoscout24.net/listing-images/49b22548-59ce-4ac4-b671-709d1a70db68_8b87231b-9880-474b-883f-00ec554c3d4b.jpg/250x188.webp,2026-08-03T05:29:14.861119,0.54,3
63495d80-23f7-4d5a-820a-cc8f9ccfc1f5,https://www.autoscout24.de/angebote/63495d80-23f7-4d5a-820a-cc8f9ccfc1f5,de,Mercedes-Benz,glb 200,,Mercedes-Benz GLB 200AMG*1.HD*U-frei*S-HEFT,23499,,True,2022,10-2022,142000,,used,petrol,120,163,1332,Euro 6d-TEMP,166,7.3,automatic,,Front,SUV/Geländewagen/Pickup,4,5,Schwarz,,,,,dealer,Nannt Cars GmbH,DE-72766 Reutlingen,DE,2,https://prod.pictures.autoscout24.net/listing-images/63495d80-23f7-4d5a-820a-cc8f9ccfc1f5_db5de35f-ae99-4a8d-91ba-49d2e6a13506.jpg/250x188.webp,2026-08-03T05:29:14.861128,0.17,4
519f7314-f10d-4f87-840a-cfbd9f322631,https://www.autoscout24.de/angebote/519f7314-f10d-4f87-840a-cfbd9f322631,de,BMW,ix3,,BMW iX3Inspiring Leder,31490,,True,2021,06-2021,55000,,used,electric,210,285,,,0,4.0,automatic,,,SUV/Geländewagen/Pickup,4,5,Grau,,,,,dealer,Autohaus Wenden GmbH,DE-38110 Braunschweig,DE,2,https://prod.pictures.autoscout24.net/listing-images/519f7314-f10d-4f87-840a-cfbd9f322631_37681da4-0c56-415c-8cf7-d0312dd7bcb3.jpg/250x188.webp,2026-08-03T05:29:14.861135,0.57,5
7e15ac32-42a0-4b5f-a8f4-8cc964274c3f,https://www.autoscout24.de/angebote/7e15ac32-42a0-4b5f-a8f4-8cc964274c3f,de,Maserati,ghibli,,Maserati GhibliTrofeo~GLAS SD~KAMERA 360~LED~CARBON~,85900,,True,2023,07-2023,34256,,used,petrol,427,580,3799,Euro 6,279,12.3,automatic,,Heck,Limousine,4,4,Schwarz,,,,,dealer,Autopark Nord GmbH,DE-81829 München,DE,2,https://prod.pictures.autoscout24.net/listing-images/7e15ac32-42a0-4b5f-a8f4-8cc964274c3f_fda7124d-5f89-4c11-b815-67f413cc7501.jpg/250x188.webp,2026-08-03T05:29:14.861142,2.51,3
b1f55676-5e19-4441-8f3a-35e0b00141f3,https://www.autoscout24.de/angebote/b1f55676-5e19-4441-8f3a-35e0b00141f3,de,Mercedes-Benz,a 200,,Mercedes-Benz A 200AMG Sport Line Navi+Klima+LED,19888,,True,2018,03-2018,51500,,used,petrol,84,115,1595,,,4.0,automatic,,,Limousine,5,5,Schwarz,,,,,dealer,BOB Automotive GmbH,DE-42109 Wuppertal,DE,2,https://prod.pictures.autoscout24.net/listing-images/b1f55676-5e19-4441-8f3a-35e0b00141f3_35bad82f-afb2-4646-8c6c-8b98b714bf46.jpg/250x188.webp,2026-08-03T05:29:14.861151,0.39,8
dad1d4a1-5634-4d1a-bd75-239b1c0e47df,https://www.autoscout24.de/angebote/dad1d4a1-5634-4d1a-bd75-239b1c0e47df,de,Skoda,enyaq,,Skoda Enyaq80,30980,,True,2023,03-2023,49388,,used,electric,150,204,0,,0,1.0,automatic,,Front,SUV/Geländewagen/Pickup,5,5,Grau,,,,,dealer,Fischer Automobile GmbH & Co. KG,DE-92289 Ursensollen,DE,2,https://prod.pictures.autoscout24.net/listing-images/dad1d4a1-5634-4d1a-bd75-239b1c0e47df_48d7ce9d-ab37-4f60-a374-fb072a2cfbbd.jpg/250x188.webp,2026-08-03T05:29:14.861168,0.63,3
423b986d-2fbc-47ea-8def-86c076bfabd6,https://www.autoscout24.de/angebote/423b986d-2fbc-47ea-8def-86c076bfabd6,de,Volkswagen,tayron,,Volkswagen Tayron2.0 TDI Life IQ Light Area View,36850,,True,2025,04-2025,25866,,used,diesel,104,142,1968,Euro 6,172,6.5,automatic,,AWD,SUV/Geländewagen/Pickup,4,5,Grau,,,,,dealer,Autohaus Adelbert Moll GmbH & Co. KG,DE-40549 Düsseldorf,DE,2,https://prod.pictures.autoscout24.net/listing-images/423b986d-2fbc-47ea-8def-86c076bfabd6_dc45588b-8f9c-488e-bfd7-f521e6450035.jpg/250x188.webp,2026-08-03T05:29:14.861175,1.42,1
3c8f1f41-48fb-4e98-bdfa-e44879d0cac3,https://www.autoscout24.de/angebote/3c8f1f41-48fb-4e98-bdfa-e44879d0cac3,de,BMW,725,,BMW 725d G11 Massage. Kamera. NAVI. 4-Zonen-Klima,24990,,True,2019,03-2019,165400,,used,diesel,170,231,1995,Euro 6,163,6.2,automatic,,Heck,Limousine,4,5,Blau,,,,,dealer,Autohaus Dörrschuck,DE-55128 Mainz,DE,3,https://prod.pictures.autoscout24.net/listing-images/3c8f1f41-48fb-4e98-bdfa-e44879d0cac3_fef0a464-96b9-40e8-a8bf-5c317f632fd3.jpg/250x188.webp,2026-08-03T05:29:14.861185,0.15,7
0dd70068-230f-4c81-a22d-fab837d9416c,https://www.autoscout24.de/angebote/0dd70068-230f-4c81-a22d-fab837d9416c,de,Mercedes-Benz,a 200,,Mercedes-Benz A 200Progressive DigiCockpit Sitzheizung PDC,16980,,True,2018,08-2018,82700,,used,petrol,120,163,1332,Euro 6d-TEMP,146,5.8,manual,,Front,Limousine,4,5,Schwarz,,,,,dealer,Autohaus Nelis GmbH & Co. KG,DE-52511 Geilenkirchen,DE,3,https://prod.pictures.autoscout24.net/listing-images/0dd70068-230f-4c81-a22d-fab837d9416c_e0603eec-8ccc-4d31-8aad-3e84bb094ef0.jpg/250x188.webp,2026-08-03T05:29:14.861193,0.21,8
e03a84f8-82c6-49fc-962b-3e8322bafe5e,https://www.autoscout24.de/angebote/e03a84f8-82c6-49fc-962b-3e8322bafe5e,de,Audi,a3,,Audi A340 TDI Sportback quattro S-tronic s-Line,29990,,True,2021,12-2021,23000,,used,diesel,147,199,1968,Euro 6,127,6.0,automatic,,AWD,Kombi,5,5,Grau,,,,,dealer,Stephan-Fahrzeugcenter,DE-16866 Kyritz,DE,2,https://prod.pictures.autoscout24.net/listing-images/e03a84f8-82c6-49fc-962b-3e8322bafe5e_cd61ac80-f7c5-43b2-b5fb-de5d463997dc.jpg/250x188.webp,2026-08-03T05:29:14.861201,1.3,5
4b551c7b-1074-460a-bf2d-838b1512b115,https://www.autoscout24.de/angebote/4b551c7b-1074-460a-bf2d-838b1512b115,de,Mercedes-Benz,c 220,,Mercedes-Benz C 220d Limousine Avantgarde NightP MBUX HUD,30980,,True,2023,04-2023,85958,,used,diesel,162,220,1993,Euro 6d,120,6.0,automatic,,Heck,Limousine,4,4,Grau,,,,,dealer,Autohaus EuroCar Landshut GmbH,DE-84030 Landshut,DE,3,https://prod.pictures.autoscout24.net/listing-images/4b551c7b-1074-460a-bf2d-838b1512b115_9f786a4e-1cde-45f0-a964-4943c218717c.jpg/250x188.webp,2026-08-03T05:29:14.861207,0.36,3
12e89c85-ad75-4939-bc2f-7c8e1cf5e796,https://www.autoscout24.de/angebote/12e89c85-ad75-4939-bc2f-7c8e1cf5e796,de,Mercedes-Benz,eqe 500,,Mercedes-Benz EQE 500SUV AMG Prem+ AHK Sitzklima AIRMATIC,69880,,True,2023,11-2023,29999,,used,electric,300,408,,Euro 6d-TEMP,0,21.5,automatic,,,SUV/Geländewagen/Pickup,5,5,Grau,,,,,dealer,Autohaus Ebert GmbH & Co. KG,DE-64625 Bensheim,DE,2,https://prod.pictures.autoscout24.net/listing-images/12e89c85-ad75-4939-bc2f-7c8e1cf5e796_d58a9d91-f923-4e65-8006-70a6150bb439.jpg/250x188.webp,2026-08-03T05:29:14.861215,2.33,3
f35d6f2c-b02f-4864-a3bd-ba3bed9db525,https://www.autoscout24.de/angebote/f35d6f2c-b02f-4864-a3bd-ba3bed9db525,de,Audi,q8,,Audi Q850TDI quattro - Pano,52989,,True,2022,02-2022,108600,,used,diesel,210,285,2967,,212,8.1,automatic,,AWD,SUV/Geländewagen/Pickup,5,5,Schwarz,,,,,dealer,H&M Automobile GmbH,DE-25421 Pinneberg,DE,2,https://prod.pictures.autoscout24.net/listing-images/f35d6f2c-b02f-4864-a3bd-ba3bed9db525_4dab1720-0e19-4d9b-a491-3b5359fbedce.jpg/250x188.webp,2026-08-03T05:29:14.861221,0.49,4
69e8f58e-7e16-4104-ba5d-c2f9f4e86414,https://www.autoscout24.de/angebote/69e8f58e-7e16-4104-ba5d-c2f9f4e86414,de,Audi,q4 e-tron,,"Audi Q4 e-tron40 / Standklima, Navi+",35480,,True,2025,10-2025,7500,,used,electric,150,204,,,0,4.0,automatic,,Heck,SUV/Geländewagen/Pickup,5,5,Violett,,,,,dealer,Spindler GmbH & Co. KG,DE-97076 Würzburg,DE,2,https://prod.pictures.autoscout24.net/listing-images/69e8f58e-7e16-4104-ba5d-c2f9f4e86414_0600daff-a14b-4689-bb56-de46b536fc5a.jpg/250x188.webp,2026-08-03T05:29:14.861228,4.73,1
6dc01c3d-3142-4bec-a2c3-ff66f5370caa,https://www.autoscout24.de/angebote/6dc01c3d-3142-4bec-a2c3-ff66f5370caa,de,Mercedes-Benz,eqb 250,,Mercedes-Benz EQB 250EQB 250 Progressive PANO Navi SHZ KAM,25990,,True,2023,05-2023,103746,,used,electric,140,190,,,0,4.0,automatic,,Front,SUV/Geländewagen/Pickup,5,5,Schwarz,,,,,dealer,AutoExpo Deutsche Automarkt GmbH,DE-35463 Fernwald-Steinbach,DE,2,https://prod.pictures.autoscout24.net/listing-images/6dc01c3d-3142-4bec-a2c3-ff66f5370caa_c589a686-4066-4d48-8a8b-4a0481a26fb1.jpg/250x188.webp,2026-08-03T05:29:14.861239,0.25,3
5df43a35-475b-46a1-bb81-0dd96f47c1f4,https://www.autoscout24.de/angebote/5df43a35-475b-46a1-bb81-0dd96f47c1f4,de,Ford,tourneo custom,,Ford Tourneo CustomTitanium PHEV digitaler Spiegel,45980,,True,2025,01-2025,17500,,used,hybrid,171,232,2488,Euro 6e,40,1.8,automatic,,Front,Van/Kleinbus,4,8,Schwarz,,,,,dealer,Karl Stauner AG,DE-93413 Cham,DE,2,https://prod.pictures.autoscout24.net/listing-images/5df43a35-475b-46a1-bb81-0dd96f47c1f4_69b89c5d-bfa4-4921-b26b-d1415cb21219.jpg/250x188.webp,2026-08-03T05:29:14.861246,2.63,1
1b56494b-eee6-4b08-86ec-f1a44f72724b,https://www.autoscout24.de/angebote/1b56494b-eee6-4b08-86ec-f1a44f72724b,de,Ford,ranger,,"Ford RangerXLT 4x4 Doka Rollo Raptorfront AHK3,5t",38444,,True,2024,08-2024,16980,,used,diesel,125,170,1996,Euro 6d,,6.0,automatic,,AWD,SUV/Geländewagen/Pickup,4,5,Schwarz,,,,,dealer,JWB.DE GmbH,DE-36124 Eichenzell- Rothemann,DE,3,https://prod.pictures.autoscout24.net/listing-images/1b56494b-eee6-4b08-86ec-f1a44f72724b_cf0e52a6-2d2a-4051-9cef-0b0e2c3bb121.jpg/250x188.webp,2026-08-03T05:29:14.861253,2.26,2
3b4397d1-a08c-424c-95c4-20872e3dcf77,https://www.autoscout24.de/angebote/3b4397d1-a08c-424c-95c4-20872e3dcf77,de,Cupra,ateca,,CUPRA Ateca2.0 TSI DSG 4Drive Navi LED PDC beats AHK,24950,,True,2020,11-2020,54000,,used,petrol,221,300,1984,Euro 6,,7.7,automatic,,AWD,SUV/Geländewagen/Pickup,4,5,Grau,,,,,dealer,Auto Stock Gmbh & Co. KG,DE-85221 Dachau,DE,2,https://prod.pictures.autoscout24.net/listing-images/3b4397d1-a08c-424c-95c4-20872e3dcf77_2aa50581-d56d-49e1-bed9-87cafa800eb6.jpg/250x188.webp,2026-08-03T05:29:14.861262,0.46,6
a24c3aff-c085-45f6-8850-8e1ae397b102,https://www.autoscout24.de/angebote/a24c3aff-c085-45f6-8850-8e1ae397b102,de,Mercedes-Benz,cle 53 amg,,Mercedes-Benz CLE 53 AMGAMG CLE 53 4Matic Premium 4M+,69860,,True,2024,07-2024,21200,,used,petrol,330,448,,,,4.0,automatic,,AWD,Coupé,2,4,Schwarz,,,,,dealer,Völcker+Peters GmbH,DE-26789 Leer,DE,2,https://prod.pictures.autoscout24.net/listing-images/a24c3aff-c085-45f6-8850-8e1ae397b102_79e2e78f-fd47-4b36-abbc-f71f2932f0e6.jpg/250x188.webp,2026-08-03T05:29:14.861269,3.3,2
e9e302da-ec3b-496b-aa97-25b1dadeec3f,https://www.autoscout24.de/angebote/e9e302da-ec3b-496b-aa97-25b1dadeec3f,de,Skoda,elroq,,Skoda Elroq85 Loft|ACC|Matrix|Wärmepumpe|NAV|SHZG|AHK ACC,39950,,True,2025,11-2025,8906,,used,electric,210,285,,,0,16.4,manual,,,SUV/Geländewagen/Pickup,5,5,Schwarz,,,,,dealer,Sixt Car Sales,DE-85748 Garching,DE,3,https://prod.pictures.autoscout24.net/listing-images/e9e302da-ec3b-496b-aa97-25b1dadeec3f_ad5a0803-0c59-4cb0-95c2-fb05a0197ea1.jpg/250x188.webp,2026-08-03T05:29:14.861277,4.49,1
66066b92-4b46-403b-aab0-ce9f93a3109a,https://www.autoscout24.de/angebote/66066b92-4b46-403b-aab0-ce9f93a3109a,de,Mercedes-Benz,gle 63 amg,,Mercedes-Benz GLE 63 AMGGLE 63 S AMG Coupe 4M+ DRIVERS,95990,,True,2022,03-2022,22000,,used,petrol,450,612,3982,Euro 6d,,6.0,automatic,,AWD,Coupé,4,5,Schwarz,,,,,dealer,Autocenter Sportive GmbH,DE-88427 Bad Schussenried,DE,2,https://prod.pictures.autoscout24.net/listing-images/66066b92-4b46-403b-aab0-ce9f93a3109a_6f0011aa-e152-4f79-a374-d775e09d0c70.jpg/250x188.webp,2026-08-03T05:29:14.861286,4.36,4
b5a1ddcb-9185-4def-9740-a848d300a0ce,https://www.autoscout24.de/angebote/b5a1ddcb-9185-4def-9740-a848d300a0ce,de,Volkswagen,id.3,,Volkswagen ID.3Neo Trend 125 kW (170 PS) 50 kWh 1- Gang-Au,31910,,True,,new,10,,new,electric,125,170,,,0,14.0,automatic,,Heck,Limousine,4,5,Schwarz,,,,,dealer,Autohaus Brass Vertriebs GmbH & Co. KG,DE-63128 Dietzenbach,DE,2,https://prod.pictures.autoscout24.net/listing-images/b5a1ddcb-9185-4def-9740-a848d300a0ce_cf637394-e521-43cc-a12c-49805a6cce43.jpg/250x188.webp,2026-08-03T05:29:14.861293,3191.0,
78585930-67f4-4ce3-a818-13c69fbbf7e3,https://www.autoscout24.de/angebote/78585930-67f4-4ce3-a818-13c69fbbf7e3,de,Audi,q5,,Audi Q550 TDI quattro S Line Matrix ACC HuD B&O Pano,34880,,True,2029,10-2029,71060,,used,diesel,210,285,2967,Euro 6d,222,8.5,automatic,,AWD,SUV/Geländewagen/Pickup,5,5,Grau,,,,,dealer,Audi Zentrum Karlsruhe GmbH,DE-76131 Karlsruhe,DE,2,https://prod.pictures.autoscout24.net/listing-images/78585930-67f4-4ce3-a818-13c69fbbf7e3_1f46b5ca-a2e8-48cd-b8d4-bd5e2a202a6b.jpg/250x188.webp,2026-08-03T05:29:14.861300,0.49,-3
b5480adc-7807-4fa2-ab60-2cbc8c93288d,https://www.autoscout24.de/angebote/b5480adc-7807-4fa2-ab60-2cbc8c93288d,de,Hyundai,ioniq 5,,Hyundai IONIQ 5N Performance Bose Leder 1.Hand Garantie,49990,,True,2024,04-2024,7300,,used,electric,448,609,0,,0,21.2,automatic,,AWD,Limousine,5,5,Grau,,,,,dealer,MUC Motors e.K.,DE-84030 Landshut,DE,3,https://prod.pictures.autoscout24.net/listing-images/b5480adc-7807-4fa2-ab60-2cbc8c93288d_c6f1033c-3862-4b69-9c11-619bef675dcc.jpg/250x188.webp,2026-08-03T05:29:14.861309,6.85,2
bc803082-d1a2-43c8-8d58-44ea1c548405,https://www.autoscout24.de/angebote/bc803082-d1a2-43c8-8d58-44ea1c548405,de,Volkswagen,golf,,"Volkswagen GolfGTI 19"" Adelaide Business-P. Premium DCC",24887,,True,2022,04-2022,70000,,used,petrol,180,244,1984,Euro 6d,169,7.5,automatic,,Front,Limousine,5,5,Grau,,,,,dealer,CMR Automobile e.K.,DE-74255 Roigheim,DE,2,https://prod.pictures.autoscout24.net/listing-images/bc803082-d1a2-43c8-8d58-44ea1c548405_d89a8cb2-b0f7-4315-9e08-865433287517.jpg/250x188.webp,2026-08-03T05:29:14.861317,0.36,4
70556dd4-de32-4cf7-a988-921e7e7280fc,https://www.autoscout24.de/angebote/70556dd4-de32-4cf7-a988-921e7e7280fc,de,Porsche,panamera,,Porsche Panamera4 Sport Turismo,38950,,True,2019,07-2019,193425,,used,petrol,178,243,2894,Euro 6,256,8.8,automatic,,AWD,Kombi,5,5,Grau,,,,,dealer,Global Car Company GmbH,DE-48455 Bad Bentheim,DE,3,https://prod.pictures.autoscout24.net/listing-images/70556dd4-de32-4cf7-a988-921e7e7280fc_dcfd557f-2bb6-4db5-b509-f4073e8fa4b9.jpg/250x188.webp,2026-08-03T05:29:14.861372,0.2,7
51407716-67b4-46a1-985e-702c02ce05b8,https://www.autoscout24.de/angebote/51407716-67b4-46a1-985e-702c02ce05b8,de,Audi,e-tron,,Audi e-tron55 QU.S-Line Matrix,24900,,True,2021,07-2021,132000,,used,electric,300,408,,,0,9276.0,automatic,,AWD,SUV/Geländewagen/Pickup,4,5,Weiß,,,,,dealer,Nord-Automobile,DE-26180 Rastede/ Wahnbek,DE,2,https://prod.pictures.autoscout24.net/listing-images/51407716-67b4-46a1-985e-702c02ce05b8_9688d7ea-28f1-4be3-9168-c6f4753d0b1e.jpg/250x188.webp,2026-08-03T05:29:14.861382,0.19,5
b34dcef1-9444-4c63-ab83-4d0f776f83a5,https://www.autoscout24.de/angebote/b34dcef1-9444-4c63-ab83-4d0f776f83a5,de,Porsche,macan,,Porsche MacanGTS Vollleder · Radar · Approved 11,84500,,True,2023,10-2023,40800,,used,petrol,238,324,2894,Euro 6d,225,9.9,automatic,,AWD,SUV/Geländewagen/Pickup,4,5,Grau,,,,,dealer,Autohaus Kaman24,DE-71065 Sindelfingen,DE,2,https://prod.pictures.autoscout24.net/listing-images/b34dcef1-9444-4c63-ab83-4d0f776f83a5_946e22b8-3e5d-43c1-b64b-f37b2b4032cb.jpg/250x188.webp,2026-08-03T05:29:14.861390,2.07,3
33e02776-90d5-4be2-9197-c00dbb71a0f7,https://www.autoscout24.de/angebote/33e02776-90d5-4be2-9197-c00dbb71a0f7,de,Audi,q3,,Audi Q3Sportback 1.4 TFSI e S-tronic CarPlay SONOS SHZ,31220,,True,2022,06-2022,46012,,used,hybrid,180,244,1395,Euro 6,44,1.9,automatic,,Front,SUV/Geländewagen/Pickup,4,5,Grau,,,,,dealer,Autowelt Schuler  GmbH,DE-78052 Villingen-Schwenningen,DE,2,https://prod.pictures.autoscout24.net/listing-images/33e02776-90d5-4be2-9197-c00dbb71a0f7_92efe7f7-8824-4347-9580-a1eb922f0ead.jpg/250x188.webp,2026-08-03T05:29:14.861399,0.68,4
8a27cf48-38d6-4601-895d-9883ce626485,https://www.autoscout24.de/angebote/8a27cf48-38d6-4601-895d-9883ce626485,de,Cupra,formentor,,CUPRA Formentor1.4 e-HYBRID DSG KAMERA NAVI SHZ LED,19908,,True,2021,08-2021,64500,,used,hybrid,150,204,1395,Euro 6d,,6.0,automatic,,Front,SUV/Geländewagen/Pickup,5,5,Schwarz,,,,,dealer,Volkswagen Zentrum Fürth Pillenstein GmbH,DE-90762 Fürth,DE,2,https://prod.pictures.autoscout24.net/listing-images/8a27cf48-38d6-4601-895d-9883ce626485_b420927b-980e-4616-8605-2ef3f882ccd0.jpg/250x188.webp,2026-08-03T05:29:14.861406,0.31,5
9106fc71-9bac-48a1-8d5f-ff13825a184d,https://www.autoscout24.de/angebote/9106fc71-9bac-48a1-8d5f-ff13825a184d,de,Kia,xceed,,Kia XCeed1.6 T-GDI 150PS DCT7 Voll-LED,23410,,True,2026,06-2026,5,,new,petrol,110,150,1598,Euro 6e,155,6.8,automatic,,Front,SUV/Geländewagen/Pickup,5,5,Grau,,,,,dealer,Autohaus Meyer,DE-38173 Sickte,DE,2,https://prod.pictures.autoscout24.net/listing-images/9106fc71-9bac-48a1-8d5f-ff13825a184d_ef45bc21-93bf-44dc-aa39-69682d78aa0b.jpg/250x188.webp,2026-08-03T05:29:14.861413,4682.0,0
afd8b46d-1701-43b9-b978-3d8dada50ef1,https://www.autoscout24.de/angebote/afd8b46d-1701-43b9-b978-3d8dada50ef1,de,Audi,a6,,Audi a6,28860,,True,2022,07-2022,57748,,used,petrol,195,265,1984,Euro 6d,174,7.7,automatic,,Front,Kombi,5,5,Grau,,,,,dealer,das Rawetzer Autohaus GmbH,DE-95615 Marktredwitz,DE,3,https://prod.pictures.autoscout24.net/listing-images/afd8b46d-1701-43b9-b978-3d8dada50ef1_e7516a88-9eee-4bce-9646-ed0b93fa602f.jpg/250x188.webp,2026-08-03T05:29:14.861420,0.5,4
d06c6c70-a96f-4683-b73d-a7c896dce6a2,https://www.autoscout24.de/angebote/d06c6c70-a96f-4683-b73d-a7c896dce6a2,de,Audi,q5,,Audi Q5S line 55 TFSI e quattro S tronic,49980,,True,2023,04-2023,28231,,used,hybrid,270,367,1984,Euro 6d,41,1.8,automatic,,AWD,SUV/Geländewagen/Pickup,5,5,Grau,,,,,dealer,Audi Zentrum Mainz NW,DE-55131 Mainz,DE,2,https://prod.pictures.autoscout24.net/listing-images/d06c6c70-a96f-4683-b73d-a7c896dce6a2_07a77a38-5209-425f-b6ff-ff4740afb301.jpg/250x188.webp,2026-08-03T05:29:14.861428,1.77,3
698ddd45-f58a-4071-8153-f2caf970443d,https://www.autoscout24.de/angebote/698ddd45-f58a-4071-8153-f2caf970443d,de,Audi,q7,,Audi Q760 TFSI e quattro S-line AHK B&O PANO MASSAGE,94970,,True,2026,04-2026,120,,used,hybrid,360,489,2995,Euro 6e,91,4.0,automatic,,AWD,SUV/Geländewagen/Pickup,5,5,Schwarz,,,,,dealer,Markus Kraska Automobile,DE-87656 Germaringen,DE,2,https://prod.pictures.autoscout24.net/listing-images/698ddd45-f58a-4071-8153-f2caf970443d_c5005b4a-f79e-41a9-9066-b31725887bb7.jpg/250x188.webp,2026-08-03T05:29:14.861435,791.42,0
707b9427-d40b-4f7c-b276-9833f73f5233,https://www.autoscout24.de/angebote/707b9427-d40b-4f7c-b276-9833f73f5233,de,Volkswagen,t7 kombi,,Volkswagen T7 Kombi2.0TDI 9Sitze Navigationssystem,33785,,True,2025,12-2025,16850,,used,diesel,110,149,1995,Euro 6d,195,7.4,manual,,Front,Van/Kleinbus,4,9,Schwarz,,,,,dealer,,DE-90441 Nürnberg,DE,1,https://prod.pictures.autoscout24.net/listing-images/707b9427-d40b-4f7c-b276-9833f73f5233_baf7d3a5-b141-4586-b471-7d18a48bcf00.jpg/250x188.webp,2026-08-03T05:29:14.861442,2.01,1
bf61307c-07ab-4ff8-bda5-77b667433e46,https://www.autoscout24.de/angebote/bf61307c-07ab-4ff8-bda5-77b667433e46,de,Audi,s5,,"Audi S5Kombi TFSI quattro 270 kW Avant quattro, HuD, P...",77930,,True,2026,04-2026,10,,new,petrol,270,367,2995,Euro 6,182,7.9,automatic,,AWD,Kombi,5,5,Schwarz,,,,,dealer,EU Neuwagen Knott GmbH,DE-82407 Wielenbach,DE,2,https://prod.pictures.autoscout24.net/listing-images/bf61307c-07ab-4ff8-bda5-77b667433e46_d1fd8237-1124-4efe-83d4-58d60bde5155.jpg/250x188.webp,2026-08-03T05:29:14.861473,7793.0,0
010d4300-a8ce-4aca-8661-b3ffb310199b,https://www.autoscout24.de/angebote/010d4300-a8ce-4aca-8661-b3ffb310199b,de,BMW,m3,,BMW M3Competition HuD,56999,,True,2021,03-2021,133000,,used,petrol,275,375,2993,Euro 6,234,10.2,automatic,,Heck,Limousine,4,5,Grün,,,,,dealer,Nadaho Automobile,DE-89264 Weißenhorn,DE,2,https://prod.pictures.autoscout24.net/listing-images/010d4300-a8ce-4aca-8661-b3ffb310199b_efac3579-4c35-4944-b247-4936982f4746.jpg/250x188.webp,2026-08-03T05:29:14.861481,0.43,5
8277aa55-7bc4-44f6-bd44-5e694cc00c7c,https://www.autoscout24.de/angebote/8277aa55-7bc4-44f6-bd44-5e694cc00c7c,de,Hyundai,ioniq 5,,Hyundai IONIQ 5Uniq-Paket 4WD BOSE Sound+Kam+ACC+Navi+,33964,,True,2023,04-2023,10249,,used,electric,239,325,,Euro 6d,0,6.0,automatic,,AWD,SUV/Geländewagen/Pickup,4,5,Schwarz,,,,,dealer,Autohaus Anders GmbH,DE-26135 Oldenburg,DE,3,https://prod.pictures.autoscout24.net/listing-images/8277aa55-7bc4-44f6-bd44-5e694cc00c7c_d76886f8-d6ac-479d-affd-14df575e8120.jpg/250x188.webp,2026-08-03T05:29:14.861488,3.31,3
9f316115-bd2e-41d3-a8b0-40a81147a95b,https://www.autoscout24.de/angebote/9f316115-bd2e-41d3-a8b0-40a81147a95b,de,Mercedes-Benz,e 300,,Mercedes-Benz E 300AMG Line,33999,,True,2019,12-2019,57000,,used,petrol,190,258,1991,Euro 6,140,6.1,automatic,,Heck,Limousine,4,5,Schwarz,,,,,dealer,Autohaus Rheingold,DE-68199 Mannheim,DE,3,https://prod.pictures.autoscout24.net/listing-images/9f316115-bd2e-41d3-a8b0-40a81147a95b_c7c0400b-1b3b-4ec4-9bed-3a492d84ffcc.jpg/250x188.webp,2026-08-03T05:29:14.861495,0.6,7
88a53be0-ed4f-4a42-96b8-25e96db9a3fb,https://www.autoscout24.de/angebote/88a53be0-ed4f-4a42-96b8-25e96db9a3fb,de,Skoda,kodiaq,,Skoda KodiaqKodiaq 2.0 TSI 4x4 RS PANO LEDER AHK,36990,,True,2023,06-2023,41698,,used,petrol,180,244,1984,,,4.0,automatic,,AWD,SUV/Geländewagen/Pickup,5,5,Weiß,,,,,dealer,AutoExpo Deutsche Automarkt GmbH,DE-35463 Fernwald-Steinbach,DE,2,https://prod.pictures.autoscout24.net/listing-images/88a53be0-ed4f-4a42-96b8-25e96db9a3fb_649aa6a9-5910-4f26-b9eb-9dfc8f4fc1e6.jpg/250x188.webp,2026-08-03T05:29:14.861504,0.89,3
0a580f64-5c93-433c-9a83-ea41079f5f75,https://www.autoscout24.de/angebote/0a580f64-5c93-433c-9a83-ea41079f5f75,de,Renault,twingo,,Renault TwingoVibes Electric,10000,,True,2021,05-2021,26090,,used,electric,60,81,,Euro 6d-TEMP,0,6.0,automatic,,Front,Kleinwagen,5,5,Weiß,,,,,dealer,Autohaus Walter GmbH,DE-07548 Gera,DE,2,https://prod.pictures.autoscout24.net/listing-images/0a580f64-5c93-433c-9a83-ea41079f5f75_09dbda05-e6d0-4f9f-b464-605344ab894e.jpg/250x188.webp,2026-08-03T05:29:14.861511,0.38,5
4b674e4c-23b7-42ec-a03e-9425733eec44,https://www.autoscout24.de/angebote/4b674e4c-23b7-42ec-a03e-9425733eec44,de,BMW,318,,BMW 318i Touring Aut. Navi Leder SHZ,24990,,True,2023,04-2023,34463,,used,petrol,115,156,1998,,,4.0,automatic,,Heck,Kombi,5,5,Schwarz,,,,,dealer,AutoExpo Deutsche Automarkt GmbH,DE-35463 Fernwald-Steinbach,DE,2,https://prod.pictures.autoscout24.net/listing-images/4b674e4c-23b7-42ec-a03e-9425733eec44_687643cc-56f6-4a79-aa30-cbd1cc3851a2.jpg/250x188.webp,2026-08-03T05:29:14.861520,0.73,3
d8e83e43-e378-4d54-a280-8e5b92399744,https://www.autoscout24.de/angebote/d8e83e43-e378-4d54-a280-8e5b92399744,de,Volkswagen,t6 transporter,,Volkswagen T6 TransporterAutom. Navigation CarPlay ACC,21900,,True,2019,12-2019,160000,,used,diesel,150,204,1968,Euro 6,159,6.1,automatic,,Front,Van/Kleinbus,4,5,Schwarz,,,,,dealer,Öz Automobile GmbH,DE-41469 Neuss,DE,3,https://prod.pictures.autoscout24.net/listing-images/d8e83e43-e378-4d54-a280-8e5b92399744_ee68a162-80d3-482f-b925-a7a20e76959b.jpg/250x188.webp,2026-08-03T05:29:14.861527,0.14,7
77aeaf34-6b21-40d6-b36b-b0768643ab56,https://www.autoscout24.de/angebote/77aeaf34-6b21-40d6-b36b-b0768643ab56,de,Seat,ibiza,,SEAT Ibiza1.0TSI DSG FR Pano Kamera 18´´ HAGEL,16400,,True,2025,06-2025,24189,,used,petrol,85,115,999,Euro 6,127,5.6,automatic,,Front,Limousine,4,5,Schwarz,,,,,dealer,Mössmer Automobile OHG,"DE-87700 Memmingen, Amendingen",DE,2,https://prod.pictures.autoscout24.net/listing-images/77aeaf34-6b21-40d6-b36b-b0768643ab56_b94c78b6-52b3-4a13-96d1-c7aba07f5ff5.jpg/250x188.webp,2026-08-03T05:29:14.861534,0.68,1
d1f79c2d-a6c5-4ed4-961f-c99cb7b7a4ed,https://www.autoscout24.de/angebote/d1f79c2d-a6c5-4ed4-961f-c99cb7b7a4ed,de,Volkswagen,tiguan,,Volkswagen Tiguan1.5TSI IQ.DRIVE+NAVI+TEMPO+PDC+SHZ+KLIMA,17990,,True,2019,07-2019,35686,,used,petrol,110,149,1498,Euro 6d-TEMP,,6.3,manual,,Front,SUV/Geländewagen/Pickup,5,5,Silber,,,,,dealer,Kamux Auto GmbH,DE-31785 Hameln,DE,2,https://prod.pictures.autoscout24.net/listing-images/d1f79c2d-a6c5-4ed4-961f-c99cb7b7a4ed_59c59374-c4bb-4cb6-8bb4-798f6180f7b4.jpg/250x188.webp,2026-08-03T05:29:14.861543,0.5,7
5c0f9d68-ec01-42ca-8f03-b6680d78d35d,https://www.autoscout24.de/angebote/5c0f9d68-ec01-42ca-8f03-b6680d78d35d,de,Audi,e-tron,,Audi e-tron55 quattro S line ACC,37990,,True,2023,01-2023,38000,,used,electric,300,408,,,0,4.0,automatic,,AWD,SUV/Geländewagen/Pickup,4,5,Schwarz,,,,,dealer,Autohaus Wenden GmbH,DE-38110 Braunschweig,DE,2,https://prod.pictures.autoscout24.net/listing-images/5c0f9d68-ec01-42ca-8f03-b6680d78d35d_a58de47a-35b8-4168-898f-9b0671d6c57f.jpg/250x188.webp,2026-08-03T05:29:14.861550,1.0,3
55fa8547-37cc-4452-aef2-7990cd4369a8,https://www.autoscout24.de/angebote/55fa8547-37cc-4452-aef2-7990cd4369a8,de,Volvo,ex30,,Volvo EX30Extended Range 69kWh LED ACC SHZ CarPlay AHK,27990,,True,2024,06-2024,42000,,used,electric,69,93,0,Euro 6,0,6.0,automatic,,,SUV/Geländewagen/Pickup,5,5,Grau,,,,,dealer,Auto Jesse GmbH & Co. KG,DE-49477 Ibbenbüren,DE,2,https://prod.pictures.autoscout24.net/listing-images/55fa8547-37cc-4452-aef2-7990cd4369a8_f7216deb-c898-489a-8d33-4393ee9ac58a.jpg/250x188.webp,2026-08-03T05:29:14.861563,0.67,2
56b52203-c8c6-4510-bfcc-939a813923ca,https://www.autoscout24.de/angebote/56b52203-c8c6-4510-bfcc-939a813923ca,de,Volkswagen,golf,,Volkswagen GolfVII e- NAVI LED CCS APP CONNECT Bluetooth,16480,,True,2019,08-2019,44600,,used,electric,100,136,,Euro 6,0,6.0,automatic,,Front,Limousine,5,5,Grau,,,,,dealer,Autohaus Dahlmann e.K.,DE-15344 Strausberg,DE,2,https://prod.pictures.autoscout24.net/listing-images/56b52203-c8c6-4510-bfcc-939a813923ca_cfa735c3-f935-4855-9850-5369c18b4d3a.jpg/250x188.webp,2026-08-03T05:29:14.861569,0.37,7
566bc60e-7712-4f2d-af4d-2a2176825ead,https://www.autoscout24.de/angebote/566bc60e-7712-4f2d-af4d-2a2176825ead,de,Mercedes-Benz,c 300,,Mercedes-Benz C 300e AMG Mubeam,27880,,True,2023,04-2023,98191,,used,hybrid,230,312,1999,Euro 6d,,6.0,automatic,,Heck,Kombi,4,5,Grau,,,,,dealer,Automarkt Immelborn GmbH,DE-36456 Barchfeld Immelborn,DE,3,https://prod.pictures.autoscout24.net/listing-images/566bc60e-7712-4f2d-af4d-2a2176825ead_70a2fb26-2dda-4314-931e-59e0b35c30c4.jpg/250x188.webp,2026-08-03T05:29:14.861576,0.28,3
e3352042-09b2-44dc-946f-53d34b0b02c3,https://www.autoscout24.de/angebote/e3352042-09b2-44dc-946f-53d34b0b02c3,de,Audi,a5,,Audi A5quattro S Line Plus Distriktgrün! S Sitze!,36890,,True,2022,08-2022,53838,,used,diesel,150,204,1968,Euro 6d,117,4.4,automatic,,AWD,Limousine,4,5,Grün,,,,,dealer,Autohaus Krugel,DE-09224 Chemnitz,DE,3,https://prod.pictures.autoscout24.net/listing-images/e3352042-09b2-44dc-946f-53d34b0b02c3_59a2be11-c4a1-49f2-ab7d-146ce3ca2b7c.jpg/250x188.webp,2026-08-03T05:29:14.861586,0.69,4
efc22c40-14ef-47de-a003-32746b2cda40,https://www.autoscout24.de/angebote/efc22c40-14ef-47de-a003-32746b2cda40,de,BMW,320,,BMW 320i M Sport Paket,38990,,True,2025,11-2025,26000,,used,petrol,135,183,1998,Euro 6e,,6.0,automatic,,Heck,Limousine,4,5,Grau,,,,,dealer,Automobile Trier,DE-54340 Bekond,DE,3,https://prod.pictures.autoscout24.net/listing-images/efc22c40-14ef-47de-a003-32746b2cda40_4d95988e-786d-442e-92c3-9d216bfd0bbd.jpg/250x188.webp,2026-08-03T05:29:14.861592,1.5,1
e683689b-6aa8-482e-870d-f6b0925609c5,https://www.autoscout24.de/angebote/e683689b-6aa8-482e-870d-f6b0925609c5,de,Renault,arkana,,Renault ArkanaTECHNO Mild Hybrid 140 EDC,17990,,True,2025,01-2025,35182,,used,hybrid,75,103,1332,Euro 6,132,5.9,automatic,,Front,SUV/Geländewagen/Pickup,5,5,Weiß,,,,,dealer,Renault Retail Group Deutschland GmbH,DE-85716 Unterschleißheim,DE,2,https://prod.pictures.autoscout24.net/listing-images/e683689b-6aa8-482e-870d-f6b0925609c5_437bdc45-5348-4ee5-970b-0c9b927b7bb6.jpg/250x188.webp,2026-08-03T05:29:14.861601,0.51,1
98bce955-805b-4cd2-8045-04e088fa0393,https://www.autoscout24.de/angebote/98bce955-805b-4cd2-8045-04e088fa0393,de,Cupra,ateca,,"CUPRA Ateca1,5TSI DSG AHK Assist XL 19´´ HAGEL",25900,,True,2025,03-2025,25000,,used,petrol,110,149,1498,Euro 6d,152,6.7,automatic,,Front,SUV/Geländewagen/Pickup,4,5,Schwarz,,,,,dealer,Mössmer Automobile OHG,"DE-87700 Memmingen, Amendingen",DE,2,https://prod.pictures.autoscout24.net/listing-images/98bce955-805b-4cd2-8045-04e088fa0393_f622bf73-2a74-4fe7-99d6-8568295058c5.jpg/250x188.webp,2026-08-03T05:29:14.861609,1.04,1
aa006bbd-2bcd-476b-ab6c-673e74261ea2,https://www.autoscout24.de/angebote/aa006bbd-2bcd-476b-ab6c-673e74261ea2,de,Volkswagen,tiguan,,Volkswagen TiguanComfortline NAVI+PANO+SITZH.+LED+CARPLAY,14900,,True,2019,11-2019,132000,,used,petrol,110,149,1498,Euro 6,,6.0,manual,,Front,SUV/Geländewagen/Pickup,5,5,Schwarz,,,,,dealer,Automobile Kleinz,DE-55545 Bad Kreuznach,DE,2,https://prod.pictures.autoscout24.net/listing-images/aa006bbd-2bcd-476b-ab6c-673e74261ea2_871b17e4-4dbb-476e-bfd4-e0af90b87617.jpg/250x188.webp,2026-08-03T05:29:14.861618,0.11,7
ee5ed2cf-1e6d-4edc-8f78-0f2859d74928,https://www.autoscout24.de/angebote/ee5ed2cf-1e6d-4edc-8f78-0f2859d74928,de,Audi,a3,,Audi A3allstreet 35 TFSI (Navi plus*AHK) MATRIX ACC,26940,,True,2024,10-2024,4900,,used,petrol,80,110,1498,Euro 6d,138,6.1,manual,,,Limousine,5,5,Weiß,,,,,dealer,Autohaus Adelbert Moll GmbH & Co. KG,DE-40549 Düsseldorf,DE,2,https://prod.pictures.autoscout24.net/listing-images/ee5ed2cf-1e6d-4edc-8f78-0f2859d74928_907a9d47-9ca9-4ce1-bce5-916a2bcc09f8.jpg/250x188.webp,2026-08-03T05:29:14.861625,5.5,2
7862c754-fc5c-40bd-b069-afe41a8ec4ee,https://www.autoscout24.de/angebote/7862c754-fc5c-40bd-b069-afe41a8ec4ee,de,Mg,mgs5 ev,,MG MGS5 EVLuxury Long Range 64kWh Leder 360°LED WP Navi,40689,,True,,new,0,,new,electric,64,87,0,,0,16.0,automatic,,Front,SUV/Geländewagen/Pickup,5,5,Grau,,,,,dealer,Auto Möller Weimar GmbH,DE-99425 Weimar,DE,2,https://prod.pictures.autoscout24.net/listing-images/7862c754-fc5c-40bd-b069-afe41a8ec4ee_855e84e9-69aa-4ddd-bb3e-7d11b83400ff.jpg/250x188.webp,2026-08-03T05:29:14.861632,,
e6046103-d7c1-4caf-a17e-735cb164f98f,https://www.autoscout24.de/angebote/e6046103-d7c1-4caf-a17e-735cb164f98f,de,Mercedes-Benz,gla 220,,Mercedes-Benz GLA 220d AMG *LED*NIGHT*KAM*SPUR*EASY*20ZOLL*,29850,,True,2023,05-2023,61000,,used,diesel,140,190,1950,Euro 6,123,6.0,automatic,,Front,SUV/Geländewagen/Pickup,5,5,Grau,,,,,dealer,Nord-Automobile,DE-26180 Rastede/ Wahnbek,DE,2,https://prod.pictures.autoscout24.net/listing-images/e6046103-d7c1-4caf-a17e-735cb164f98f_e7195e1d-49bd-411f-ba74-751e5aeca639.jpg/250x188.webp,2026-08-03T05:29:14.861642,0.49,3
efc70269-3c4b-4dba-8d15-c296a107dcd8,https://www.autoscout24.de/angebote/efc70269-3c4b-4dba-8d15-c296a107dcd8,de,Hyundai,kona,,Hyundai KONAEV Prime,23990,,True,2023,01-2023,37970,,used,electric,150,204,,,0,4.0,automatic,,Front,Kombi,5,5,Weiß,,,,,dealer,AutoExpo Deutsche Automarkt GmbH,DE-35463 Fernwald-Steinbach,DE,2,https://prod.pictures.autoscout24.net/listing-images/efc70269-3c4b-4dba-8d15-c296a107dcd8_1e0aecd1-0bbd-4a46-a738-ffc57362ac11.jpg/250x188.webp,2026-08-03T05:29:14.861649,0.63,3
8bf217b3-def6-42af-9faf-a9e4ee36bd8b,https://www.autoscout24.de/angebote/8bf217b3-def6-42af-9faf-a9e4ee36bd8b,de,Volkswagen,t-roc,,Volkswagen T-RocStyle,14890,,True,2018,03-2018,56000,,used,petrol,85,115,999,Euro 6d-TEMP,116,5.1,manual,,Front,SUV/Geländewagen/Pickup,4,5,Schwarz,,,,,dealer,Christian Nickel Automobile GmbH,DE-49401 Damme,DE,2,https://prod.pictures.autoscout24.net/listing-images/8bf217b3-def6-42af-9faf-a9e4ee36bd8b_892f151c-952f-410b-a58f-ad2558daef78.jpg/250x188.webp,2026-08-03T05:29:14.861656,0.27,8
d267e17d-3777-41e5-b0a0-f5de4c8f5a3d,https://www.autoscout24.de/angebote/d267e17d-3777-41e5-b0a0-f5de4c8f5a3d,de,Land Rover,range rover,,Land Rover Range RoverVogue Matrix LED-Head Up-Softclose.!,46500,,True,2019,03-2019,126000,,used,diesel,250,340,4367,Euro 6,223,8.4,automatic,,AWD,SUV/Geländewagen/Pickup,4,5,Schwarz,,,,,dealer,RS Autogalerie Frankfurt,DE-60489 Frankfurt am Main,DE,2,https://prod.pictures.autoscout24.net/listing-images/d267e17d-3777-41e5-b0a0-f5de4c8f5a3d_55c18fb9-557c-4075-8c9e-7084b486b982.jpg/250x188.webp,2026-08-03T05:29:14.861665,0.37,7
1c8591b4-2a7c-407b-90ae-08d65fccfa37,https://www.autoscout24.de/angebote/1c8591b4-2a7c-407b-90ae-08d65fccfa37,de,Audi,q5,,Audi Q5S line edition one 50TFSIe Standkli,32970,,True,2022,05-2022,99970,,used,hybrid,220,299,1984,,,4.0,automatic,,AWD,SUV/Geländewagen/Pickup,5,5,Grün,,,,,dealer,Auto Bach GmbH,DE-65582 Diez,DE,2,https://prod.pictures.autoscout24.net/listing-images/1c8591b4-2a7c-407b-90ae-08d65fccfa37_4fe8b73c-61dc-4bce-abe6-ae26159d77d7.jpg/250x188.webp,2026-08-03T05:29:14.861672,0.33,4
8c5fb101-3ec0-4cd5-a4f1-f2e645b08228,https://www.autoscout24.de/angebote/8c5fb101-3ec0-4cd5-a4f1-f2e645b08228,de,Mg,mg3,,MG MG31.5 Hybrid+ Luxury SHZ,15450,,True,2024,11-2024,11890,,used,petrol,143,194,1490,Euro 6d-TEMP,100,4.4,automatic,,,Limousine,5,5,Weiß,,,,,dealer,Burger Schloz Automobile GmbH & Co. KG,DE-73066 Uhingen,DE,2,https://prod.pictures.autoscout24.net/listing-images/8c5fb101-3ec0-4cd5-a4f1-f2e645b08228_c8df4031-defe-4c13-8ee5-a42c981812c3.jpg/250x188.webp,2026-08-03T05:29:14.861679,1.3,2
34d59b75-a124-4e44-b928-611570d4ad4a,https://www.autoscout24.de/angebote/34d59b75-a124-4e44-b928-611570d4ad4a,de,Volkswagen,golf,,Volkswagen GolfVIII GTI Clubsport DSG Panodach,29990,,True,2022,06-2022,38500,,used,petrol,162,221,1984,Euro 6,168,7.8,automatic,,Front,Limousine,5,5,Grau,,,,,dealer,Heinrich Arnold GmbH & Co. KG,DE-34497 Korbach,DE,2,https://prod.pictures.autoscout24.net/listing-images/34d59b75-a124-4e44-b928-611570d4ad4a_45eeae4d-97f2-490b-8cd2-d095cda1a429.jpg/250x188.webp,2026-08-03T05:29:14.861686,0.78,4
f3e0a262-1289-403c-8ae1-21cb309446cf,https://www.autoscout24.de/angebote/f3e0a262-1289-403c-8ae1-21cb309446cf,de,Renault,arkana,,Renault Arkana1.3 TCe 140 Zen EDC,15990,,True,2022,12-2022,37955,,used,petrol,103,140,1333,Euro 6,138,5.9,automatic,,Front,SUV/Geländewagen/Pickup,5,5,Weiß,,,,,dealer,Renault Retail Group Deutschland GmbH,DE-85716 Unterschleißheim,DE,2,https://prod.pictures.autoscout24.net/listing-images/f3e0a262-1289-403c-8ae1-21cb309446cf_7d96c454-1888-4d7b-85bf-d1cb79c49fc5.jpg/250x188.webp,2026-08-03T05:29:14.861693,0.42,4
9e954604-8ac9-4512-bd94-4e23aef728a0,https://www.autoscout24.de/angebote/9e954604-8ac9-4512-bd94-4e23aef728a0,de,Audi,a1,,Audi A140 2.0 TFSI S line Plus KAMERA NAVI,29980,,True,2024,06-2024,14800,,used,petrol,152,206,1984,,,4.0,automatic,,Front,Limousine,4,5,Grün,,,,,dealer,Hoppmann Automobil GmbH,DE-57462 Olpe,DE,2,https://prod.pictures.autoscout24.net/listing-images/9e954604-8ac9-4512-bd94-4e23aef728a0_3f0c27d0-0a0b-4522-a580-e89687263d7e.jpg/250x188.webp,2026-08-03T05:29:14.861700,2.03,2
07079112-daac-4479-bf41-3b70ffba264f,https://www.autoscout24.de/angebote/07079112-daac-4479-bf41-3b70ffba264f,de,Ford,explorer,,Ford ExplorerPlatinum Plug-in-Hybrid 4x4,34450,,True,2020,09-2020,109867,,used,hybrid,336,456,2956,Euro 6d,66,6.0,automatic,,AWD,SUV/Geländewagen/Pickup,4,7,Schwarz,,,,,dealer,Automarkt Handwerk GmbH & Co KG,DE-36115 Ehrenberg-Seiferts,DE,2,https://prod.pictures.autoscout24.net/listing-images/07079112-daac-4479-bf41-3b70ffba264f_053c7d56-2ed1-4564-811f-a6de2feeacb2.jpg/250x188.webp,2026-08-03T05:29:14.861715,0.31,6
eabcc795-f060-40fb-8150-b6c400a52b5e,https://www.autoscout24.de/angebote/eabcc795-f060-40fb-8150-b6c400a52b5e,de,Audi,a3,,Audi A3S line 30TFSI Stronic Navi LED ACC,26980,,True,2025,10-2025,27840,,used,petrol,85,115,1498,,,4.0,automatic,,Front,Limousine,4,5,Schwarz,,,,,dealer,Auto Bach GmbH,DE-35576 Wetzlar,DE,2,https://prod.pictures.autoscout24.net/listing-images/eabcc795-f060-40fb-8150-b6c400a52b5e_1a212dd6-4e0d-4a1a-86c1-e0b33e75c66f.jpg/250x188.webp,2026-08-03T05:29:14.861723,0.97,1
348c9616-63be-4990-a4ce-0d2453ca9fb3,https://www.autoscout24.de/angebote/348c9616-63be-4990-a4ce-0d2453ca9fb3,de,Skoda,kamiq,,Skoda Kamiq1.5 TSI DSG Style,16890,,True,2021,06-2021,75856,,used,petrol,110,149,1498,Euro 6d,0,6.0,automatic,,Front,SUV/Geländewagen/Pickup,5,5,Grau,,,,,dealer,Škoda Zentrum Osnabrück STARKE SK GmbH,DE-49084 Osnabrück,DE,2,https://prod.pictures.autoscout24.net/listing-images/348c9616-63be-4990-a4ce-0d2453ca9fb3_374e133b-4293-412f-bef9-dacc5172344c.jpg/250x188.webp,2026-08-03T05:29:14.861734,0.22,5
4035f3f1-fa9f-44bf-906f-c81a9c2fb97d,https://www.autoscout24.de/angebote/4035f3f1-fa9f-44bf-906f-c81a9c2fb97d,de,Audi,q2,,Audi q2,24860,,True,2024,10-2024,9987,,used,petrol,110,149,1498,,,6.2,automatic,,Front,SUV/Geländewagen/Pickup,5,5,Silber,,,,,dealer,das Rawetzer Autohaus GmbH,DE-95615 Marktredwitz,DE,3,https://prod.pictures.autoscout24.net/listing-images/4035f3f1-fa9f-44bf-906f-c81a9c2fb97d_333d1de8-53cf-4b4e-a727-c2abda9509b8.jpg/250x188.webp,2026-08-03T05:29:14.861741,2.49,2
d81d5836-58ab-4f53-8cfb-c15ae479b1a5,https://www.autoscout24.de/angebote/d81d5836-58ab-4f53-8cfb-c15ae479b1a5,de,BMW,x3,,BMW X3xDrive30e Advantage Navi LED LC Kamera AHK,25480,,True,2021,03-2021,68374,,used,hybrid,215,292,1998,Euro 6d,,6.0,automatic,,AWD,SUV/Geländewagen/Pickup,5,5,Schwarz,,,,,dealer,DAT AUTOHUS AG,DE-27404 Gyhum/Bockel,DE,2,https://prod.pictures.autoscout24.net/listing-images/d81d5836-58ab-4f53-8cfb-c15ae479b1a5_dc4310eb-1eaa-4d09-8c30-9abfe3a0ca74.jpg/250x188.webp,2026-08-03T05:29:14.861750,0.37,5
b6c3ff1c-4ad1-46ed-a088-be3f5c533908,https://www.autoscout24.de/angebote/b6c3ff1c-4ad1-46ed-a088-be3f5c533908,de,Polestar,2,,Polestar 2Long Range Navi LED,25780,,True,2022,12-2022,69790,,used,electric,170,231,,,0,18.6,automatic,,,Limousine,5,5,Schwarz,,,,,dealer,DAT AUTOHUS AG,DE-27404 Gyhum/Bockel,DE,2,https://prod.pictures.autoscout24.net/listing-images/b6c3ff1c-4ad1-46ed-a088-be3f5c533908_13529a9e-cbeb-435e-9ddd-08b68351b22b.jpg/250x188.webp,2026-08-03T05:29:14.861757,0.37,4
a7fc12d6-b0e7-4323-810b-3e708ce22f54,https://www.autoscout24.de/angebote/a7fc12d6-b0e7-4323-810b-3e708ce22f54,de,Toyota,c-hr,,Toyota C-HRLounge TEMPOMAT|KLIMA|SPURHALTE-ASS|RSA,12950,,True,2018,08-2018,119000,,used,petrol,85,115,1197,Euro 6,136,6.0,manual,,Front,SUV/Geländewagen/Pickup,4,5,Schwarz,,,,,dealer,Autora GmbH,DE-74336 Brackenheim,DE,2,https://prod.pictures.autoscout24.net/listing-images/a7fc12d6-b0e7-4323-810b-3e708ce22f54_8ca836f5-5e59-417b-adad-67553c0ec42e.jpg/250x188.webp,2026-08-03T05:29:14.861763,0.11,8
8f92fcb7-d957-4f5a-a6b2-bee90e9347c9,https://www.autoscout24.de/angebote/8f92fcb7-d957-4f5a-a6b2-bee90e9347c9,de,Ford,grand tourneo,,Ford Grand TourneoTrend 1.5 EcoBlue,14730,,True,2021,04-2021,80084,,used,diesel,73,99,1499,Euro 6d,,6.0,manual,,Front,Van/Kleinbus,5,7,Silber,,,,,dealer,DB Autohaus Maintal,DE-63477 Maintal,DE,2,https://prod.pictures.autoscout24.net/listing-images/8f92fcb7-d957-4f5a-a6b2-bee90e9347c9_71031452-967a-4607-9887-b6adeed61bfe.jpg/250x188.webp,2026-08-03T05:29:14.861770,0.18,5
68ddda35-e45a-4741-9ece-b1a366281eb1,https://www.autoscout24.de/angebote/68ddda35-e45a-4741-9ece-b1a366281eb1,de,Toyota,supra,,"Toyota SupraGR Supra 2.0 Premium-Paket HUD Leder Bastuck 20""",44980,,True,2021,03-2021,67517,,used,petrol,190,258,1998,Euro 6d-TEMP,,6.0,automatic,,Heck,Coupé,4,2,Grau,,,,,dealer,Autohaus EuroCar Landshut GmbH,DE-84030 Landshut,DE,3,https://prod.pictures.autoscout24.net/listing-images/68ddda35-e45a-4741-9ece-b1a366281eb1_0fb976e6-0280-483f-9cec-d3c0d440cce0.jpg/250x188.webp,2026-08-03T05:29:14.861777,0.67,5
5d2d2ba8-d355-4136-b4e6-d79b0276e18e,https://www.autoscout24.de/angebote/5d2d2ba8-d355-4136-b4e6-d79b0276e18e,de,BMW,x3,,BMW X3M Sport Kamera DAB CockPit+ LED 19Zoll,41999,,True,2023,05-2023,38995,,used,petrol,135,183,1998,Euro 6d,172,7.6,automatic,,AWD,SUV/Geländewagen/Pickup,5,5,Grau,,,,,dealer,Autohaus Isernhagen GmbH & Co. KG,DE-30916 Isernhagen,DE,2,https://prod.pictures.autoscout24.net/listing-images/5d2d2ba8-d355-4136-b4e6-d79b0276e18e_6c804b77-7fc1-4c92-aaa2-b5895cee983e.jpg/250x188.webp,2026-08-03T05:29:14.861784,1.08,3
0043db4c-cd02-4b34-a4f6-d52a4c76c02f,https://www.autoscout24.de/angebote/0043db4c-cd02-4b34-a4f6-d52a4c76c02f,de,Volkswagen,t6.1 california,,Volkswagen t6.1 california,50000,,True,2025,01-2025,26900,,used,diesel,80,110,1968,Euro 6,207,7.9,automatic,,Front,Van/Kleinbus,4,5,Silber,,,,,dealer,Autoservice Graf,DE-86928 Hofstetten,DE,2,https://prod.pictures.autoscout24.net/listing-images/0043db4c-cd02-4b34-a4f6-d52a4c76c02f_0872abbc-20b0-4357-bb95-6aa3e84407b8.jpg/250x188.webp,2026-08-03T05:29:14.861790,1.86,1
769f6cd1-16fc-4469-8e81-c2cec04a45be,https://www.autoscout24.de/angebote/769f6cd1-16fc-4469-8e81-c2cec04a45be,de,Mercedes-Benz,cla 45 amg,,Mercedes-Benz CLA 45 AMGCLA 45 S AMG 4Matic,61900,,True,2024,04-2024,4900,,used,petrol,310,421,1991,Euro 6,,6.0,automatic,,AWD,Coupé,4,5,Grau,,,,,dealer,Autopark Nord GmbH,DE-81829 München,DE,2,https://prod.pictures.autoscout24.net/listing-images/769f6cd1-16fc-4469-8e81-c2cec04a45be_df390057-1f7c-437e-a2f0-7ba4ddd42c2c.jpg/250x188.webp,2026-08-03T05:29:14.861799,12.63,2
e6c67037-86fd-475e-a703-06eb411e0709,https://www.autoscout24.de/angebote/e6c67037-86fd-475e-a703-06eb411e0709,de,Fiat,ulysse,,Fiat UlysseUlysse L2 8-Sitzer Icon 180 Automatik,38990,,True,2026,05-2026,10,,new,diesel,132,179,1997,Euro 6d,196,7.5,automatic,,Front,Kombi,5,8,Schwarz,,,,,dealer,Auto-Bleuel GmbH,DE-36088 Hünfeld,DE,2,https://prod.pictures.autoscout24.net/listing-images/e6c67037-86fd-475e-a703-06eb411e0709_d50390f9-3972-4922-b100-cc354db2e200.jpg/250x188.webp,2026-08-03T05:29:14.861808,3899.0,0
94385e8b-3915-443f-a243-6134c7b3cdef,https://www.autoscout24.de/angebote/94385e8b-3915-443f-a243-6134c7b3cdef,de,Skoda,fabia,,Skoda FabiaAmbition 1.0 TSI,10950,,True,2021,08-2021,63437,,used,petrol,70,95,999,Euro 6d,,6.0,automatic,,Front,Kombi,5,5,Silber,,,,,dealer,DB Autohaus Schweinfurt,DE-97424 Schweinfurt,DE,2,https://prod.pictures.autoscout24.net/listing-images/94385e8b-3915-443f-a243-6134c7b3cdef_7e8d85cd-80c2-4df8-b536-b1da122ca7e4.jpg/250x188.webp,2026-08-03T05:29:14.861815,0.17,5
7a25aa3b-b2ec-4a23-a22e-450693f43276,https://www.autoscout24.de/angebote/7a25aa3b-b2ec-4a23-a22e-450693f43276,de,Dodge,ram,,Dodge RAM1500 Gen. 5 BIG HORN CREW CAB*12x22,29999,,True,2019,12-2019,187300,,used,petrol,295,401,5654,Euro 6,,6.0,automatic,,Heck,SUV/Geländewagen/Pickup,4,5,Schwarz,,,,,dealer,Auto-Börse-Nattheim,DE-89564 Nattheim,DE,2,https://prod.pictures.autoscout24.net/listing-images/7a25aa3b-b2ec-4a23-a22e-450693f43276_ff617c1d-1291-4389-b3a8-93961d10ecf3.jpg/250x188.webp,2026-08-03T05:29:14.861823,0.16,7
7826e742-2edb-498e-ba59-a66c0f926add,https://www.autoscout24.de/angebote/7826e742-2edb-498e-ba59-a66c0f926add,de,Skoda,kodiaq,,Skoda Kodiaq2.0 TSI DSG 4X4 STYLE FACELIFT LAGERWAGEN,31980,,True,2021,10-2021,22590,,used,petrol,140,190,2000,Euro 6d,186,8.1,automatic,,AWD,SUV/Geländewagen/Pickup,5,5,Schwarz,,,,,dealer,Feser-Joachim GmbH,DE-91154 Roth,DE,2,https://prod.pictures.autoscout24.net/listing-images/7826e742-2edb-498e-ba59-a66c0f926add_074e33ce-d155-4ee3-97b5-1a351067471b.jpg/250x188.webp,2026-08-03T05:29:14.861833,1.42,5
21bcbe73-3815-4da6-9430-217f281a5ba2,https://www.autoscout24.de/angebote/21bcbe73-3815-4da6-9430-217f281a5ba2,de,Hyundai,kona,,Hyundai KONAYES! 1.0 T-GDi,12900,,True,2019,08-2019,61574,,used,petrol,88,119,998,Euro 6,,6.0,manual,,Front,SUV/Geländewagen/Pickup,5,5,Grau,,,,,dealer,Autohaus Körner GmbH,DE-12683 Berlin,DE,3,https://prod.pictures.autoscout24.net/listing-images/21bcbe73-3815-4da6-9430-217f281a5ba2_1b6f7005-bc7f-4262-be35-e52264b5396c.jpg/250x188.webp,2026-08-03T05:29:14.861839,0.21,7
64d91621-7f16-4ffb-aabc-645d4240e5ab,https://www.autoscout24.de/angebote/64d91621-7f16-4ffb-aabc-645d4240e5ab,de,Skoda,enyaq,,Skoda Enyaq85 LOFT WÄRMEPUMPE PANO CANTON AHK 360°CAM,44444,,True,2025,09-2025,7074,,used,electric,210,285,0,,0,4.0,automatic,,Heck,SUV/Geländewagen/Pickup,5,5,Grau,,,,,dealer,Skoda Zentrum Dortmund Süd - Gebrauchtwagen,DE-44269 Dortmund,DE,2,https://prod.pictures.autoscout24.net/listing-images/64d91621-7f16-4ffb-aabc-645d4240e5ab_379480d5-4c82-4260-824b-72bdc872f476.jpg/250x188.webp,2026-08-03T05:29:14.861846,6.28,1
d9f43552-3db6-4a5b-8dee-45136f1583bc,https://www.autoscout24.de/angebote/d9f43552-3db6-4a5b-8dee-45136f1583bc,de,Seat,alhambra,,"SEAT Alhambra1.4 TSI DSG FR-Line 18"" AHK PANO 7-SITZE",32220,,True,2022,07-2022,22123,,used,petrol,110,149,1395,Euro 6d,186,8.2,automatic,,Front,Van/Kleinbus,5,7,Weiß,,,,,dealer,Autohaus Kempen GW,DE-53340 Meckenheim,DE,2,https://prod.pictures.autoscout24.net/listing-images/d9f43552-3db6-4a5b-8dee-45136f1583bc_6febefa0-28b9-476d-92ac-22702bea1725.jpg/250x188.webp,2026-08-03T05:29:14.861853,1.46,4
c1aa86a7-70e4-4750-b476-ab3ae3f3dfed,https://www.autoscout24.de/angebote/c1aa86a7-70e4-4750-b476-ab3ae3f3dfed,de,Volkswagen,golf,,Volkswagen GolfVIII GTI 2.0TSI DSG+LED+CARPLAY+SHZ+KAMERA,25899,,True,2024,04-2024,28476,,used,petrol,180,244,1984,Euro 6d,165,7.3,automatic,,Front,Limousine,5,5,Grau,,,,,dealer,Kamux Auto GmbH,DE-22529 Hamburg,DE,3,https://prod.pictures.autoscout24.net/listing-images/c1aa86a7-70e4-4750-b476-ab3ae3f3dfed_a1a253fc-295b-453d-9269-47a83f1fb4f6.jpg/250x188.webp,2026-08-03T05:29:14.861862,0.91,2
675464e6-f937-4924-98ca-a7efde7a5825,https://www.autoscout24.de/angebote/675464e6-f937-4924-98ca-a7efde7a5825,de,Volvo,xc90,,Volvo XC90MOMENTUM PRO AWD  RÜCKFAHRKAMERA,31980,,True,2020,07-2020,90020,,used,hybrid,184,250,1969,Euro 6d,221,9.7,automatic,,AWD,SUV/Geländewagen/Pickup,5,5,Weiß,,,,,dealer,RENAULT RETAIL GROUP Deutschland GmbH,DE-50939 Köln,DE,2,https://prod.pictures.autoscout24.net/listing-images/675464e6-f937-4924-98ca-a7efde7a5825_280f6efc-9ad2-493e-8a11-61f17dcde416.jpg/250x188.webp,2026-08-03T05:29:14.861869,0.36,6
7a63a967-e30b-4438-bd90-8b480cd23313,https://www.autoscout24.de/angebote/7a63a967-e30b-4438-bd90-8b480cd23313,de,BMW,430,,BMW 430d xDrive Coupe M SPORT KAMERA+MEMORY+LASER,33880,,True,2021,12-2021,158522,,used,diesel,210,285,2993,Euro 6,126,6.0,automatic,,AWD,Coupé,2,4,Schwarz,,,,,dealer,Autohaus Blickpunkt GmbH,DE-12529 Schönefeld OT/Großziehten,DE,2,https://prod.pictures.autoscout24.net/listing-images/7a63a967-e30b-4438-bd90-8b480cd23313_1afc84ba-75c4-4ede-bae0-c9979f9b4c66.jpg/250x188.webp,2026-08-03T05:29:14.861876,0.21,5
513ad7e9-baab-4df8-943d-751d35c142ae,https://www.autoscout24.de/angebote/513ad7e9-baab-4df8-943d-751d35c142ae,de,Renault,rafale,,Renault Rafale200 E-Tech Full Hybrid Esprit Alpine,33890,,True,2025,10-2025,21080,,used,hybrid,108,147,1199,Euro 6,,6.0,automatic,,Front,SUV/Geländewagen/Pickup,5,5,Grau,,,,,dealer,Autopark Ost Fichtner GmbH,DE-04315 Leipzig,DE,2,https://prod.pictures.autoscout24.net/listing-images/513ad7e9-baab-4df8-943d-751d35c142ae_cc7ae6f7-ba3e-4378-9d62-391f27bcacee.jpg/250x188.webp,2026-08-03T05:29:14.861885,1.61,1
8c4bda4a-631e-4b28-a5e3-7afa519cc3df,https://www.autoscout24.de/angebote/8c4bda4a-631e-4b28-a5e3-7afa519cc3df,de,BMW,x7,,BMW X7xD 40 d M Sport Pro PanoSky 360° B&W HUD 23LM,76970,,True,2023,04-2023,66252,,used,diesel,259,352,2993,Euro 6d,,6.0,automatic,,AWD,SUV/Geländewagen/Pickup,4,5,Grau,,,,,dealer,Hype Cars Korkmaz & Tecer eGbR,DE-12277 Berlin,DE,2,https://prod.pictures.autoscout24.net/listing-images/8c4bda4a-631e-4b28-a5e3-7afa519cc3df_908137a8-613a-4bbc-a422-4d4a6e7076e8.jpg/250x188.webp,2026-08-03T05:29:14.861933,1.16,3
8f81f3b1-e51b-4520-ab4b-d3cd9b16c801,https://www.autoscout24.de/angebote/8f81f3b1-e51b-4520-ab4b-d3cd9b16c801,de,Volkswagen,t-roc,,Volkswagen T-RocR-Line 1.5 eTSI DSG APP,32970,,True,2026,05-2026,20,,new,petrol,110,149,1498,Euro 6,129,5.7,automatic,,,SUV/Geländewagen/Pickup,5,5,Grau,,,,,dealer,Autohaus Küver GmbH,DE-27628 Hagen,DE,2,https://prod.pictures.autoscout24.net/listing-images/8f81f3b1-e51b-4520-ab4b-d3cd9b16c801_6b2e1873-995c-4c3d-ab4c-900dfd2e9560.jpg/250x188.webp,2026-08-03T05:29:14.861944,1648.5,0
52d20b17-b390-4ac2-b3d8-30e55666f95a,https://www.autoscout24.de/angebote/52d20b17-b390-4ac2-b3d8-30e55666f95a,de,BMW,x6,,BMW X6xDrive 30 d,34990,,True,2019,06-2019,93000,,used,diesel,190,258,2993,Euro 6,183,7.0,automatic,,AWD,SUV/Geländewagen/Pickup,4,5,Schwarz,,,,,dealer,Automobile Trier,DE-54340 Bekond,DE,3,https://prod.pictures.autoscout24.net/listing-images/52d20b17-b390-4ac2-b3d8-30e55666f95a_bd0076b5-518f-4b80-9918-633dc739a48f.jpg/250x188.webp,2026-08-03T05:29:14.861951,0.38,7
88c16195-f081-4df3-aee6-961bbc63542f,https://www.autoscout24.de/angebote/88c16195-f081-4df3-aee6-961bbc63542f,de,Audi,a5,,Audi A540 TDI quattro S tronic S line CarPlay,31900,,True,2022,11-2022,50000,,used,diesel,150,204,1968,Euro 6d,158,6.0,automatic,,AWD,Coupé,4,5,Weiß,,,,,dealer,Autohaus Wenden GmbH,DE-38110 Braunschweig,DE,2,https://prod.pictures.autoscout24.net/listing-images/88c16195-f081-4df3-aee6-961bbc63542f_91cbeffa-4011-42c7-a214-96b4ac0e0b8f.jpg/250x188.webp,2026-08-03T05:29:14.861962,0.64,4
0032f1b7-5cab-43c3-a3e5-9c327cf22254,https://www.autoscout24.de/angebote/0032f1b7-5cab-43c3-a3e5-9c327cf22254,de,Mazda,3,,Mazda 3Lim. 5-trg. Homura Automatik,24980,,True,2025,11-2025,8650,,used,petrol,103,140,2488,Euro 6e,141,6.3,automatic,,Front,Limousine,4,5,Grün,,,,,dealer,,DE-51645 Gummersbach,DE,1,https://prod.pictures.autoscout24.net/listing-images/0032f1b7-5cab-43c3-a3e5-9c327cf22254_62e1058f-bb68-4461-8468-0bc64d97650a.jpg/250x188.webp,2026-08-03T05:29:14.861969,2.89,1
71ad0af7-a767-465c-ad18-6aa7372aee90,https://www.autoscout24.de/angebote/71ad0af7-a767-465c-ad18-6aa7372aee90,de,Audi,q3,,Audi Q3Sportback e-hybrid 200 kW sofort verfügbar,39999,,True,2026,06-2026,3400,,used,hybrid,200,272,,Euro 6,0,6.0,automatic,,Front,SUV/Geländewagen/Pickup,4,5,Weiß,,,,,dealer,Auto-Service Coesfeld GmbH,DE-48653 Coesfeld,DE,1,https://prod.pictures.autoscout24.net/listing-images/71ad0af7-a767-465c-ad18-6aa7372aee90_2c415958-3225-4f71-94ea-56153f2d3c1e.jpg/250x188.webp,2026-08-03T05:29:14.861976,11.76,0
c38aecdc-36b6-4258-9e98-572af976ae6f,https://www.autoscout24.de/angebote/c38aecdc-36b6-4258-9e98-572af976ae6f,de,Ds Automobiles,ds 7 crossback,,DS Automobiles DS 7 CrossbackDS7 Crossback E-TENSE 300 4x4,19450,,True,2021,03-2021,95650,,used,hybrid,220,299,1598,Euro 6d,36,1.6,automatic,,AWD,SUV/Geländewagen/Pickup,5,5,Blau,,,,,dealer,Autohaus Gerhard Kockjoy GmbH,DE-14469 Potsdam,DE,2,https://prod.pictures.autoscout24.net/listing-images/c38aecdc-36b6-4258-9e98-572af976ae6f_0caf5308-f37d-4c73-a89e-1d879880f4f1.jpg/250x188.webp,2026-08-03T05:29:14.861984,0.2,5
b376d838-4c02-4ac1-80ea-08f0dfe5e989,https://www.autoscout24.de/angebote/b376d838-4c02-4ac1-80ea-08f0dfe5e989,de,Peugeot,208,,Peugeot 2081.2 75 PureTech Active Pack,10840,,True,2021,05-2021,55869,,used,petrol,40,55,1199,Euro 6d,119,5.3,manual,,Front,Limousine,4,5,Schwarz,,,,,dealer,mcf Automobile Kramer & Kramer GbR,DE-99768 Harztor,DE,3,https://prod.pictures.autoscout24.net/listing-images/b376d838-4c02-4ac1-80ea-08f0dfe5e989_fa6b8383-9651-4ff6-8155-2e90ff3d99a9.jpg/250x188.webp,2026-08-03T05:29:14.861991,0.19,5
0584bcb9-75bc-4dff-80e5-c2fac9429a4a,https://www.autoscout24.de/angebote/0584bcb9-75bc-4dff-80e5-c2fac9429a4a,de,Ds Automobiles,ds 4,,DS Automobiles DS 41.6E-Tense Aut.225 Performance,24980,,True,2025,02-2025,22705,,used,hybrid,165,224,1598,Euro 6d,,6.0,automatic,,Front,Limousine,5,5,Grau,,,,,dealer,Kamux Auto GmbH,DE-31785 Hameln,DE,2,https://prod.pictures.autoscout24.net/listing-images/0584bcb9-75bc-4dff-80e5-c2fac9429a4a_0ed422ee-ab3a-4f13-9c03-c5313e510781.jpg/250x188.webp,2026-08-03T05:29:14.861999,1.1,1
d53c0363-25c3-4277-966b-f6ad1282c54b,https://www.autoscout24.de/angebote/d53c0363-25c3-4277-966b-f6ad1282c54b,de,Dacia,jogger,,Dacia JoggerComfort TCe 110 7-Sitzer,16000,,True,2022,07-2022,14000,,used,petrol,81,110,999,Euro 6d-TEMP,130,6.0,automatic,,Front,Van/Kleinbus,5,7,Blau,,,,,dealer,Autohaus Walter GmbH,DE-07548 Gera,DE,2,https://prod.pictures.autoscout24.net/listing-images/d53c0363-25c3-4277-966b-f6ad1282c54b_3ae265f5-5920-4db6-a4c4-fa3e27c9bc34.jpg/250x188.webp,2026-08-03T05:29:14.862005,1.14,4
e3e31834-1dd9-45dc-ada2-db37b8ccb7c5,https://www.autoscout24.de/angebote/e3e31834-1dd9-45dc-ada2-db37b8ccb7c5,de,Volkswagen,tiguan,,Volkswagen TiguanLife 1.5 eTSI DSG*AHK*LED*360°SIDE ASSIST,35990,,True,2026,07-2026,10,,new,petrol,110,149,1498,Euro 6,137,6.0,automatic,,Front,SUV/Geländewagen/Pickup,4,5,Grau,,,,,dealer,Jahreswagenzentrum Klink GmbH,DE-78658 Zimmern,DE,2,https://prod.pictures.autoscout24.net/listing-images/e3e31834-1dd9-45dc-ada2-db37b8ccb7c5_bb4f9e79-6d13-429f-85b6-998c1cec8380.jpg/250x188.webp,2026-08-03T05:29:14.862014,3599.0,0
40d01c0c-930f-45ee-875d-4e6ebb1169f9,https://www.autoscout24.de/angebote/40d01c0c-930f-45ee-875d-4e6ebb1169f9,de,Mercedes-Benz,c 300,,Mercedes-Benz C 300e AHK,29450,,True,2023,04-2023,55841,,used,hybrid,230,312,1999,Euro 6d,,6.0,automatic,,Heck,Kombi,4,5,Grau,,,,,dealer,Automarkt Immelborn GmbH,DE-36456 Barchfeld Immelborn,DE,3,https://prod.pictures.autoscout24.net/listing-images/40d01c0c-930f-45ee-875d-4e6ebb1169f9_3566502c-ab6e-4c86-97cf-f73b18af361d.jpg/250x188.webp,2026-08-03T05:29:14.862021,0.53,3
af100a6b-03ec-405f-bcce-0675cc82dddb,https://www.autoscout24.de/angebote/af100a6b-03ec-405f-bcce-0675cc82dddb,de,Volkswagen,id.3,,Volkswagen ID.3Pro Performance Business 62 kWh,25870,,True,2024,01-2024,35155,,used,electric,62,84,,,0,4.0,automatic,,Heck,Limousine,5,5,Silber,,,,,dealer,DB Autohaus Maintal,DE-63477 Maintal,DE,2,https://prod.pictures.autoscout24.net/listing-images/af100a6b-03ec-405f-bcce-0675cc82dddb_37cf1ffa-be07-42d4-a4d9-d8b429e1ab3b.jpg/250x188.webp,2026-08-03T05:29:14.862028,0.74,2
d966d3e1-755d-453c-a3ba-f7e42eec899a,https://www.autoscout24.de/angebote/d966d3e1-755d-453c-a3ba-f7e42eec899a,de,Kia,sportage,,Kia Sportage1.6 CRDi LED Virtual R.Cam AHK,15990,,True,2022,09-2022,148900,,used,diesel,100,136,1598,Euro 6,,6.0,manual,,Front,SUV/Geländewagen/Pickup,5,5,Grau,,,,,dealer,Auto Jesse GmbH & Co. KG,DE-49477 Ibbenbüren,DE,2,https://prod.pictures.autoscout24.net/listing-images/d966d3e1-755d-453c-a3ba-f7e42eec899a_23beaa48-bc82-43fd-89ec-b4d7526338e5.jpg/250x188.webp,2026-08-03T05:29:14.862035,0.11,4
0ad73c60-6b34-47c0-9ed7-334fe5217716,https://www.autoscout24.de/angebote/0ad73c60-6b34-47c0-9ed7-334fe5217716,de,Peugeot,traveller,,Peugeot TravellerBusiness L2 NAVI SHZ PDC 9-Sitzer,27777,,True,2022,03-2022,33169,,used,diesel,77,106,,Euro 6,,6.0,manual,,Front,Van/Kleinbus,5,9,Weiß,,,,,dealer,BOB Automotive GmbH,DE-42109 Wuppertal,DE,2,https://prod.pictures.autoscout24.net/listing-images/0ad73c60-6b34-47c0-9ed7-334fe5217716_fcd57469-de13-4a75-8280-67fa97e296ec.jpg/250x188.webp,2026-08-03T05:29:14.862044,0.84,4
a102a6a7-a8bf-4923-844e-4ba897e1a982,https://www.autoscout24.de/angebote/a102a6a7-a8bf-4923-844e-4ba897e1a982,de,Opel,grandland x,,Opel Grandland X1.5D EDITION LED,16450,,True,2022,04-2022,58690,,used,diesel,96,130,1499,Euro 6d-TEMP,,6.0,automatic,,Front,SUV/Geländewagen/Pickup,4,5,Schwarz,,,,,dealer,Autohaus Thiede GmbH,DE-38364 Schöningen,DE,3,https://prod.pictures.autoscout24.net/listing-images/a102a6a7-a8bf-4923-844e-4ba897e1a982_96723e28-67a2-454c-bd81-60b8953aeb00.jpg/250x188.webp,2026-08-03T05:29:14.862053,0.28,4
3cae1a90-ce17-48b4-9649-0bdfce8240a6,https://www.autoscout24.de/angebote/3cae1a90-ce17-48b4-9649-0bdfce8240a6,de,Audi,a3,,"Audi A340 TFSI e advanced ACC Nav RüKa 17""",29880,,True,2025,04-2025,19150,,used,hybrid,150,204,1395,Euro 6d,26,1.1,automatic,,Front,Limousine,4,5,Grau,,,,,dealer,Feser Biemann Erlangen GmbH,DE-91058 Erlangen,DE,3,https://prod.pictures.autoscout24.net/listing-images/3cae1a90-ce17-48b4-9649-0bdfce8240a6_83d444ab-b50b-4364-bd43-6a496646a23b.jpg/250x188.webp,2026-08-03T05:29:14.862059,1.56,1
c5d4232e-b202-439e-a35d-85478d04a556,https://www.autoscout24.de/angebote/c5d4232e-b202-439e-a35d-85478d04a556,de,Ford,puma,,Ford PumaTitanium X LED,13990,,True,2022,03-2022,57000,,used,petrol,92,125,999,Euro 6,116,6.0,manual,,Front,SUV/Geländewagen/Pickup,5,5,Schwarz,,,,,dealer,Ausolis Trading GmbH,DE-42489 Wülfrath,DE,3,https://prod.pictures.autoscout24.net/listing-images/c5d4232e-b202-439e-a35d-85478d04a556_eac0e6e0-8d30-4efa-b2d3-bdc1e96e1351.jpg/250x188.webp,2026-08-03T05:29:14.862066,0.25,4
1023c0f1-1f8c-49b4-a661-3118aed6557d,https://www.autoscout24.de/angebote/1023c0f1-1f8c-49b4-a661-3118aed6557d,de,Volkswagen,polo,,Volkswagen Polo1.0 Life MPI BMT 4Trg Klima Navi LED,13990,,True,2022,04-2022,33200,,used,petrol,59,80,999,Euro 6,127,5.6,automatic,,Front,Kleinwagen,4,5,Grau,,,,,dealer,Sielemann Automobile e.K.,DE-38533 Vordorf,DE,2,https://prod.pictures.autoscout24.net/listing-images/1023c0f1-1f8c-49b4-a661-3118aed6557d_2fb3f455-0faf-41ef-925f-d4a09be1c865.jpg/250x188.webp,2026-08-03T05:29:14.862073,0.42,4
c783d32b-1dc3-474d-8d57-a05c34fdaaf1,https://www.autoscout24.de/angebote/c783d32b-1dc3-474d-8d57-a05c34fdaaf1,de,Renault,austral,,Renault AustralTechno Autom. LED+Navi+Panodach+20 Zoll,31490,,True,2026,01-2026,12800,,used,petrol,85,116,1332,Euro 6e,148,6.5,automatic,,Front,SUV/Geländewagen/Pickup,4,5,Grau,,,,,dealer,Autohaus Harmstorf GmbH & Co. KG,DE-21228 Harmstorf,DE,2,https://prod.pictures.autoscout24.net/listing-images/c783d32b-1dc3-474d-8d57-a05c34fdaaf1_74466fa2-efc4-4f4a-baf7-409a730f8210.jpg/250x188.webp,2026-08-03T05:29:14.862079,2.46,0
2988240d-4d97-4ff5-ad19-27b724072dde,https://www.autoscout24.de/angebote/2988240d-4d97-4ff5-ad19-27b724072dde,de,Hyundai,i10,,Hyundai i101.2 Trend Komfort-Paket Navi RFK SHZ 1.Hd,10590,,True,2020,07-2020,91600,,used,petrol,62,84,1197,Euro 6,132,5.8,manual,,,Limousine,5,5,Star Dust / MET,,,,,dealer,Werner Automobile GmbH,DE-28357 Bremen,DE,2,https://prod.pictures.autoscout24.net/listing-images/2988240d-4d97-4ff5-ad19-27b724072dde_6402df0e-6a7b-4ad7-9b50-81f94a57c3d3.jpg/250x188.webp,2026-08-03T05:29:14.862088,0.12,6
d4f93b9f-2c89-4b24-bf3c-7b896d66acf3,https://www.autoscout24.de/angebote/d4f93b9f-2c89-4b24-bf3c-7b896d66acf3,de,Skoda,epiq,,Skoda EpiqEDITION EINS 55,32730,,True,,new,0,,new,electric,155,210,,Euro 6d,0,13.9,manual,,Front,Kleinwagen,5,5,Grau,,,,,dealer,Auto Zentrum Nürnberg Feser GmbH,DE-90441 Nürnberg,DE,2,https://prod.pictures.autoscout24.net/listing-images/d4f93b9f-2c89-4b24-bf3c-7b896d66acf3_74d07191-2105-4ae7-b8ed-654e5078da0f.jpg/250x188.webp,2026-08-03T05:29:14.862097,,
767926ab-9162-44c5-85f8-3876796642f1,https://www.autoscout24.de/angebote/767926ab-9162-44c5-85f8-3876796642f1,de,Mercedes-Benz,gle 63 amg,,Mercedes-Benz GLE 63 AMGGLE 63S AMG 4Matic,77350,,True,2020,09-2020,75000,,used,petrol,450,612,3982,Euro 6d,,6.0,automatic,,AWD,SUV/Geländewagen/Pickup,5,5,Blau,,,,,dealer,Jürgen Schunn GmbH,DE-86707 Westendorf,DE,2,https://prod.pictures.autoscout24.net/listing-images/767926ab-9162-44c5-85f8-3876796642f1_4f944825-282a-496c-bfec-25e2888b6246.jpg/250x188.webp,2026-08-03T05:29:14.862104,1.03,6
c48d9f80-d6f2-4d15-a764-6bb20cc59f73,https://www.autoscout24.de/angebote/c48d9f80-d6f2-4d15-a764-6bb20cc59f73,de,Gmc,sierra,,GMC Sierra2026 Sierra Elevation AWD Turbo-Diesel,79990,,True,,new,61,,new,diesel,227,308,2999,Euro 6,254,10.1,automatic,,AWD,SUV/Geländewagen/Pickup,4,5,Schwarz,,,,,dealer,Trox Car Company GmbH & Co. KG,DE-47506 Neukirchen-Vluyn,DE,2,https://prod.pictures.autoscout24.net/listing-images/c48d9f80-d6f2-4d15-a764-6bb20cc59f73_b6321914-725f-4904-b195-ef02f1ff4b31.jpg/250x188.webp,2026-08-03T05:29:14.862111,1311.31,
15a2ac0b-3fe0-4bc1-b336-e5649d206042,https://www.autoscout24.de/angebote/15a2ac0b-3fe0-4bc1-b336-e5649d206042,de,Volkswagen,passat variant,,Volkswagen Passat Variant,15999,,True,2018,03-2018,64133,,used,diesel,110,149,1968,,107,4.1,manual,,Front,Kombi,4,5,Grau,,,,,dealer,Auto Center 24,DE-12439 Berlin,DE,2,https://prod.pictures.autoscout24.net/listing-images/15a2ac0b-3fe0-4bc1-b336-e5649d206042_c701a4a3-4c20-4268-8613-291837272301.jpg/250x188.webp,2026-08-03T05:29:14.862121,0.25,8
e8f1297b-02cb-420f-9234-a3ada25b77f8,https://www.autoscout24.de/angebote/e8f1297b-02cb-420f-9234-a3ada25b77f8,de,Volvo,xc60,,Volvo XC60B4 Core KLIMA PDC SHZ FACEL. LED KAMERA,33390,,True,2023,12-2023,20074,,used,diesel,145,197,1969,Euro 6d,,6.0,automatic,,Front,SUV/Geländewagen/Pickup,5,5,Grau,,,,,dealer,Autohaus Amelung Engelskirchen GmbH & Co. KG,DE-51766 Engelskirchen,DE,2,https://prod.pictures.autoscout24.net/listing-images/e8f1297b-02cb-420f-9234-a3ada25b77f8_e4570b3b-5b48-41ee-8002-4e9907beb469.jpg/250x188.webp,2026-08-03T05:29:14.862128,1.66,3
418764b5-0f52-4d98-baec-16230dd73c4c,https://www.autoscout24.de/angebote/418764b5-0f52-4d98-baec-16230dd73c4c,de,Mg,hs,,MG HSComfort Automatik Navi,17850,,True,2023,10-2023,24900,,used,petrol,119,161,1490,Euro 6c,174,7.6,automatic,,,SUV/Geländewagen/Pickup,5,5,Weiß,,,,,dealer,Burger Schloz Automobile GmbH & Co. KG,DE-71332 Waiblingen,DE,2,https://prod.pictures.autoscout24.net/listing-images/418764b5-0f52-4d98-baec-16230dd73c4c_9776309b-269e-47c7-bc7d-539210218641.jpg/250x188.webp,2026-08-03T05:29:14.862135,0.72,3
423ac11a-68f5-409b-bbc3-c75ce20cfb7e,https://www.autoscout24.de/angebote/423ac11a-68f5-409b-bbc3-c75ce20cfb7e,de,Cupra,ateca,,CUPRA ateca,27460,,True,2024,02-2024,26401,,used,petrol,221,300,1984,Euro 6d,202,8.9,automatic,,AWD,SUV/Geländewagen/Pickup,5,5,Schwarz,,,,,dealer,das Rawetzer Autohaus GmbH,DE-95615 Marktredwitz,DE,3,https://prod.pictures.autoscout24.net/listing-images/423ac11a-68f5-409b-bbc3-c75ce20cfb7e_71c94870-13de-478f-a087-aa63deae777d.jpg/250x188.webp,2026-08-03T05:29:14.862145,1.04,2
3a7869b0-5bae-4648-b1e4-95159ee16823,https://www.autoscout24.de/angebote/3a7869b0-5bae-4648-b1e4-95159ee16823,de,Audi,q5,,Audi Q5Sportback 35 TDI S line,29600,,True,2022,07-2022,105000,,used,diesel,120,163,1968,Euro 6,,6.0,automatic,,Front,Coupé,4,5,Blau,,,,,dealer,Autohaus Chatto,DE-27251 Neuenkirchen,DE,1,https://prod.pictures.autoscout24.net/listing-images/3a7869b0-5bae-4648-b1e4-95159ee16823_cfb85dcb-d1d0-4ad7-ab11-05c04dd2fc08.jpg/250x188.webp,2026-08-03T05:29:14.862153,0.28,4
22fde9fd-14cd-4faf-a0dc-48d4e868d601,https://www.autoscout24.de/angebote/22fde9fd-14cd-4faf-a0dc-48d4e868d601,de,Renault,megane e-tech,,Renault Megane E-TechElectric Equilibre EV40 Wärmepumpe,18990,,True,2023,07-2023,41386,,used,electric,70,96,0,,0,15.7,automatic,,,Limousine,5,5,Weiß,,,,,dealer,Autohaus Müller GmbH,DE-85354 Freising,DE,2,https://prod.pictures.autoscout24.net/listing-images/22fde9fd-14cd-4faf-a0dc-48d4e868d601_6f34bcb4-4fac-47f1-96c8-0908a597b6bd.jpg/250x188.webp,2026-08-03T05:29:14.862160,0.46,3
390a1f8a-dc7d-4467-8164-f9f125a67714,https://www.autoscout24.de/angebote/390a1f8a-dc7d-4467-8164-f9f125a67714,de,Volkswagen,id.3,,Volkswagen ID.3Pro Performance Upgrade ACC,23990,,True,2023,02-2023,27150,,used,electric,150,204,,,0,4.0,automatic,,Heck,Kombi,5,5,Grau,,,,,dealer,AutoExpo Deutsche Automarkt GmbH,DE-35463 Fernwald-Steinbach,DE,2,https://prod.pictures.autoscout24.net/listing-images/390a1f8a-dc7d-4467-8164-f9f125a67714_ea97e984-3a2f-4e4e-8f8c-0fa0a1ec9b1d.jpg/250x188.webp,2026-08-03T05:29:14.862171,0.88,3
36bece09-3638-40dc-adfa-6e0e1c6415ab,https://www.autoscout24.de/angebote/36bece09-3638-40dc-adfa-6e0e1c6415ab,de,Audi,a6,,Audi A6Avant 2.0 TFSI e-hybrid quattro 270 kW edition one,77900,,True,2026,01-2026,1119,,used,hybrid,270,367,1984,,66,2.9,automatic,,AWD,Kombi,5,5,Grau,,,,,dealer,Autohaus Tieck GmbH,DE-49767 Twist,DE,2,https://prod.pictures.autoscout24.net/listing-images/36bece09-3638-40dc-adfa-6e0e1c6415ab_2e24f807-12ee-48af-bd15-8496a6df4b1c.jpg/250x188.webp,2026-08-03T05:29:14.862180,69.62,0
e6671602-f38f-465a-b6d3-6a51bd82876b,https://www.autoscout24.de/angebote/e6671602-f38f-465a-b6d3-6a51bd82876b,de,Cupra,formentor,,CUPRA Formentor1.5 TSI AHK Pano Kamera LED Navi,23990,,True,2022,06-2022,40390,,used,petrol,110,149,1498,Euro 6d,156,6.9,automatic,,Front,SUV/Geländewagen/Pickup,5,5,Grau,,,,,dealer,RK Autowelt Ennigerloh GmbH,DE-59320 Ennigerloh,DE,2,https://prod.pictures.autoscout24.net/listing-images/e6671602-f38f-465a-b6d3-6a51bd82876b_23c5d0a4-4dec-408a-ab37-70ff3aec47c7.jpg/250x188.webp,2026-08-03T05:29:14.862187,0.59,4
26e4cb90-20b8-4d9f-9e45-8b479ff3b2f2,https://www.autoscout24.de/angebote/26e4cb90-20b8-4d9f-9e45-8b479ff3b2f2,de,Audi,a4,,Audi A440 TFSI S line,33480,,True,2024,05-2024,18650,,used,petrol,150,204,1984,,,4.0,automatic,,Front,Kombi,5,5,Schwarz,,,,,dealer,Audi Zentrum Bad Homburg/Oberursel,DE-61440 Oberursel,DE,2,https://prod.pictures.autoscout24.net/listing-images/26e4cb90-20b8-4d9f-9e45-8b479ff3b2f2_76f891f3-1eba-40fc-a950-3feb265d2dee.jpg/250x188.webp,2026-08-03T05:29:14.862193,1.8,2
95926f4a-eafd-45f3-a75f-69be16545d94,https://www.autoscout24.fr/offres/95926f4a-eafd-45f3-a75f-69be16545d94,fr,Mercedes-Benz,glc 400,,Mercedes-Benz GLC 400MERCEDES GLC COUPE (2) 2.9 400 D,39900,,True,2019,12-2019,154000,,used,diesel,,,,,,20.0,,,Boîte automatique,SUV/4x4/Pick-Up,,,Noir,,,,,dealer,,FR-67400 Illkirch-Graffenstaden,FR,1,https://prod.pictures.autoscout24.net/listing-images/95926f4a-eafd-45f3-a75f-69be16545d94_b57755f7-5206-4c27-883f-0f78e9148c9d.jpg/250x188.webp,2026-08-03T05:31:33.848019,0.26,7
fd6c2980-37ad-487f-8c6c-137194aae7cd,https://www.autoscout24.fr/offres/fd6c2980-37ad-487f-8c6c-137194aae7cd,fr,Jeep,wrangler,,Jeep Wrangler2.0i T - 272 - BVA 4x4 - 2019 - Preparation,79900,,True,2019,02-2019,33600,,used,petrol,201,273,,,,2197.0,,,Boîte automatique,SUV/4x4/Pick-Up,5,5,Bleu,,,,,dealer,INDIAN CARS,FR-78310 Coignières,FR,1,https://prod.pictures.autoscout24.net/listing-images/fd6c2980-37ad-487f-8c6c-137194aae7cd_f634d926-4a77-4134-b219-14b0592d73f9.jpg/250x188.webp,2026-08-03T05:31:33.848056,2.38,7
95454b91-b13b-489d-9eae-ef2e3ff07f3a,https://www.autoscout24.fr/offres/95454b91-b13b-489d-9eae-ef2e3ff07f3a,fr,Mercedes-Benz,marco polo,,Mercedes-Benz Marco Polo300 D 4 MATIC,71900,,True,2023,12-2023,1033,,used,diesel,174,236,,,,,,,AWD,Monospace,5,4,Blanc,,,,,dealer,,FR-98000 Monaco,FR,1,https://prod.pictures.autoscout24.net/listing-images/95454b91-b13b-489d-9eae-ef2e3ff07f3a_cd17fe2b-c3c7-4043-b1c0-75646bd9aa0e.jpg/250x188.webp,2026-08-03T05:31:33.848072,69.6,3
a12efbd8-849a-4dbc-a7a2-bbaa15498513,https://www.autoscout24.fr/offres/a12efbd8-849a-4dbc-a7a2-bbaa15498513,fr,Tesla,model x,,Tesla Model XMY22 PLAID 1020CH 6 PLACES CAMERA 360 REPRISE,79990,,True,2024,07-2024,45945,,used,electric,750,1020,,,,20.0,,,Boîte automatique,SUV/4x4/Pick-Up,5,6,Blanc,,,,,dealer,Quatre Vingt Dix Neuf,FR-42160 ANDREZIEUX-BOUTHEON,FR,2,https://prod.pictures.autoscout24.net/listing-images/a12efbd8-849a-4dbc-a7a2-bbaa15498513_fe23d16b-23af-4c19-802b-93afedd39fdf.jpg/250x188.webp,2026-08-03T05:31:33.848086,1.74,2
932905ee-3392-4573-8af7-92b417bab8c2,https://www.autoscout24.fr/offres/932905ee-3392-4573-8af7-92b417bab8c2,fr,Mercedes-Benz,e 55 amg,,Mercedes-Benz E 55 AMGcoupe 220d 194 cv 9g-tronic amg suivi,29990,,True,2020,02-2020,87000,,used,diesel,142,194,,,,20.0,,,Boîte automatique,Coupé,,,Blanc,,,,,dealer,TRANSAKAUTO PERTUIS,FR-84120 Pertuis,FR,2,https://prod.pictures.autoscout24.net/listing-images/932905ee-3392-4573-8af7-92b417bab8c2_55338d73-aebd-49b0-a8b4-b0e269e6edb9.jpg/250x188.webp,2026-08-03T05:31:33.848096,0.34,6
e9ace7de-df03-4d8f-8c85-8bbd5a7e5026,https://www.autoscout24.fr/offres/e9ace7de-df03-4d8f-8c85-8bbd5a7e5026,fr,Mercedes-Benz,amg gt,,Mercedes-Benz AMG GTMercedes benz 63s speedshift 4 portes,86000,,True,2020,12-2020,97300,,used,petrol,471,640,,,,20.0,,,Boîte automatique,Berline,5,5,Gris,,,,,dealer,CCG AUTOMOBILES,FR-91580 Villeneuve sur auvers,FR,1,https://prod.pictures.autoscout24.net/listing-images/e9ace7de-df03-4d8f-8c85-8bbd5a7e5026_def03115-0a3f-4b66-91ee-2ba1249ef142.jpg/250x188.webp,2026-08-03T05:31:33.848104,0.88,6
155933d3-0c5d-46aa-b6cc-12982078b11d,https://www.autoscout24.fr/offres/155933d3-0c5d-46aa-b6cc-12982078b11d,fr,Audi,rs3,,Audi RS32025 400 LOA 999e,85000,,True,2025,12-2025,1500,,used,petrol,295,401,,,,20.0,,,Boîte automatique,Berline,5,5,Noir,,,,,dealer,GEF MOTORS,FR-95220 Herblay-sur-Seine,FR,1,https://prod.pictures.autoscout24.net/listing-images/155933d3-0c5d-46aa-b6cc-12982078b11d_4f3ebfb4-0c82-4c97-8914-8b7e3714be94.jpg/250x188.webp,2026-08-03T05:31:33.848112,56.67,1
05b94447-9191-4eb4-abe5-d7e7c46b7343,https://www.autoscout24.fr/offres/05b94447-9191-4eb4-abe5-d7e7c46b7343,fr,Land Rover,defender,,Land Rover DefenderLand Rover 110 P400e AWD 404 CH Garantie,68990,,True,2021,11-2021,39900,,used,hybrid,297,404,,,,20.0,,,Boîte automatique,SUV/4x4/Pick-Up,5,5,Noir,,,,,dealer,AR AUTO,FR-68390 Sausheim,FR,2,https://prod.pictures.autoscout24.net/listing-images/05b94447-9191-4eb4-abe5-d7e7c46b7343_bf59ad5d-4881-40b0-845a-0976112aa078.jpg/250x188.webp,2026-08-03T05:31:33.848120,1.73,5
53361bcd-f367-4677-85fa-2de39ec86895,https://www.autoscout24.fr/offres/53361bcd-f367-4677-85fa-2de39ec86895,fr,Porsche,cayenne,,Porsche Cayenne3.0i V6 - E-HYBRID 340 - BVA Tiptronic S -,43790,,True,2018,08-2018,132000,,used,hybrid,,,2995,,,3.1,,,Boîte automatique,SUV/4x4/Pick-Up,5,,Noir,,,,,dealer,,FR-57050 LONGEVILLE-LES-METZ,FR,1,https://prod.pictures.autoscout24.net/listing-images/53361bcd-f367-4677-85fa-2de39ec86895_feee8d80-9eef-4c68-a55d-8bf158fb6e34.jpg/250x188.webp,2026-08-03T05:31:33.848128,0.33,8
4cab8c49-79db-4514-9ce9-2afd59d6658e,https://www.autoscout24.fr/offres/4cab8c49-79db-4514-9ce9-2afd59d6658e,fr,Mercedes-Benz,cls,,Mercedes-Benz CLS450+ Hybrid EQ-Boost 9G-Tronic 4-Matic AMG,39990,,True,2020,12-2020,152000,,used,petrol,270,367,2999,,,7.0,,,Boîte automatique,Berline,4,,Noir,,,,,dealer,,FR-76140 Le Petit-Quevilly,FR,1,https://prod.pictures.autoscout24.net/listing-images/4cab8c49-79db-4514-9ce9-2afd59d6658e_3181514c-1dfd-4e82-9e9f-b1f6e1a53687.jpg/250x188.webp,2026-08-03T05:31:33.848136,0.26,6
b5b18829-177b-4c19-93cd-839f571b10cc,https://www.autoscout24.fr/offres/b5b18829-177b-4c19-93cd-839f571b10cc,fr,Levc,tx,,LEVC TXTAXI LONDONIEN 7 places - Hybride - PMR - TAXI / VTC,21890,,True,2020,11-2020,92342,,used,hybrid,67,91,,,,214.0,,,Boîte automatique,Berline,4,7,Noir,,,,,dealer,ISSOIRE PARC AUTO,FR-63500 Issoire,FR,2,https://prod.pictures.autoscout24.net/listing-images/b5b18829-177b-4c19-93cd-839f571b10cc_0f700199-0ee6-4f1d-bfb0-2251457cff5b.jpg/250x188.webp,2026-08-03T05:31:33.848143,0.24,6
16f222ab-ab47-4fae-b11a-52655cd4f87d,https://www.autoscout24.fr/offres/16f222ab-ab47-4fae-b11a-52655cd4f87d,fr,BMW,m4,,BMW M4SERIE 4 (G82) COUPE COMPETITION M XDRIVE 510 ch BVA8,70000,,True,2023,03-2023,27999,,used,petrol,375,510,,,,2227.0,,,Boîte automatique,Coupé,2,4,Gris,,,,,dealer,Car Collection Sales,FR-69380 LISSIEU,FR,2,https://prod.pictures.autoscout24.net/listing-images/16f222ab-ab47-4fae-b11a-52655cd4f87d_430ec6e0-730d-4494-a545-fe2ae3ef0699.jpg/250x188.webp,2026-08-03T05:31:33.848151,2.5,3
f83b8019-818b-4ecc-9085-2f014d3fde7b,https://www.autoscout24.fr/offres/f83b8019-818b-4ecc-9085-2f014d3fde7b,fr,Mercedes-Benz,cls 400,,Mercedes-Benz CLS 400400 D 340CH AMG LINE+ 4MATIC 9G-TRONIC,29990,,True,2018,11-2018,150900,,used,diesel,249,340,,,,,,,Boîte automatique,Berline,4,5,Gris,,,,,dealer,Franck Bonnefis Auto,FR-12450 Luc-la-Primaube,FR,2,https://prod.pictures.autoscout24.net/listing-images/f83b8019-818b-4ecc-9085-2f014d3fde7b_5ffe85a9-7c0f-4924-8abd-3052e52acee2.jpg/250x188.webp,2026-08-03T05:31:33.848158,0.2,8
6d2e959e-95e7-488c-8f5e-7da08ff9822b,https://www.autoscout24.fr/offres/6d2e959e-95e7-488c-8f5e-7da08ff9822b,fr,Audi,rs q3,,Audi RS Q3RSQ3 Sportback Quattro 2.5 TFSI 400ch - 1°main -,64990,,True,2023,12-2023,6000,,used,petrol,294,400,2480,,,9.0,,,Boîte automatique,SUV/4x4/Pick-Up,5,,Gris,,,,,dealer,Luxury & Performance,FR-06600 Antibes,FR,2,https://prod.pictures.autoscout24.net/listing-images/6d2e959e-95e7-488c-8f5e-7da08ff9822b_65ef2310-c108-483e-b994-bfa9467fa34d.jpg/250x188.webp,2026-08-03T05:31:33.848165,10.83,3
b3eb007f-8d03-40a6-9e45-8900929cc65a,https://www.autoscout24.fr/offres/b3eb007f-8d03-40a6-9e45-8900929cc65a,fr,Polestar,1,,Polestar 1231 Standard Range Single Motor,26480,,True,2022,09-2022,66944,,used,electric,,,,,,20.0,,,Boîte automatique,Berline,5,5,Argent,,,,,dealer,AUTO BIDAUD PERE ET FILS,FR-91200 ATHIS MONS,FR,1,https://prod.pictures.autoscout24.net/listing-images/b3eb007f-8d03-40a6-9e45-8900929cc65a_d9a2ac09-802a-4f53-a22c-72b96d7ec745.jpg/250x188.webp,2026-08-03T05:31:33.848172,0.4,4
7e578063-07f5-45da-a6d8-c0c0505ab2bc,https://www.autoscout24.fr/offres/7e578063-07f5-45da-a6d8-c0c0505ab2bc,fr,Mercedes-Benz,glb 200,,Mercedes-Benz GLB 200GLB 200 d - BV 8G-DCT  AMG Line,29990,,True,2022,04-2022,126993,,used,diesel,,,1950,,,5.7,,,Boîte automatique,SUV/4x4/Pick-Up,5,,Noir,,,,,dealer,MILTON AVENUE,FR-23000 Guéret,FR,2,https://prod.pictures.autoscout24.net/listing-images/7e578063-07f5-45da-a6d8-c0c0505ab2bc_947635a3-fc2d-49bc-8f5e-f3b730ac1cc2.jpg/250x188.webp,2026-08-03T05:31:33.848180,0.24,4
1e0a2453-84c9-463e-9a26-453195c7279b,https://www.autoscout24.fr/offres/1e0a2453-84c9-463e-9a26-453195c7279b,fr,Porsche,taycan,,Porsche Taycan4 CROSS TURISMO 476 cv BATTERIE PERFORMANCE,69990,,True,2023,06-2023,11990,,used,electric,350,476,,,,20.0,,,Boîte automatique,Break,5,5,Noir,,,,,dealer,,FR-91090 Lisses,FR,1,https://prod.pictures.autoscout24.net/listing-images/1e0a2453-84c9-463e-9a26-453195c7279b_9631fdaf-c311-4e94-822f-ff1c377bdefe.jpg/250x188.webp,2026-08-03T05:31:33.848187,5.84,3
382eef20-daf0-44c1-9ea6-d7e2493548bf,https://www.autoscout24.fr/offres/382eef20-daf0-44c1-9ea6-d7e2493548bf,fr,Porsche,macan,,Porsche MacanStandard,61790,,True,2021,03-2021,44213,,used,petrol,205,280,,,,,,,Boîte automatique,SUV/4x4/Pick-Up,,,Gris,,,,,dealer,SO Performance,FR-33150 Cenon,FR,2,https://prod.pictures.autoscout24.net/listing-images/382eef20-daf0-44c1-9ea6-d7e2493548bf_d8071e08-dba8-4ba6-b375-573768f2c03a.jpg/250x188.webp,2026-08-03T05:31:33.848194,1.4,5
287820e6-f5b3-47f1-88dc-68739a22dd84,https://www.autoscout24.fr/offres/287820e6-f5b3-47f1-88dc-68739a22dd84,fr,Mercedes-Benz,c 63 amg,,Mercedes-Benz C 63 AMG63 AMG 4.0 V8 475ch SPEEDSHIFT-MCT,51990,,True,2020,06-2020,89900,,used,petrol,349,475,,,,20.0,,,Boîte automatique,Berline,4,5,Gris,,,,,dealer,BH CAR LYON OUEST,FR-69530 Brignais,FR,1,https://prod.pictures.autoscout24.net/listing-images/287820e6-f5b3-47f1-88dc-68739a22dd84_1f12a652-46aa-4e8a-addd-9a426bb68fba.jpg/250x188.webp,2026-08-03T05:31:33.848202,0.58,6
d504279f-f4ba-452f-890f-e9c2564175a5,https://www.autoscout24.fr/offres/d504279f-f4ba-452f-890f-e9c2564175a5,fr,Peugeot,508,,Peugeot 5082.0 BlueHDi 163 EAT8 GT Line - Automatique,14990,,True,2019,05-2019,146846,,used,diesel,120,163,,,,2118.0,automatic,,Boîte automatique,Berline,5,5,Noir,,,,,dealer,CapCar,FR-75002 PARIS,FR,2,https://prod.pictures.autoscout24.net/listing-images/d504279f-f4ba-452f-890f-e9c2564175a5_98ec727f-46d5-48ed-8808-3a48aab863dc.jpg/250x188.webp,2026-08-03T05:31:33.848209,0.1,7
64d5a7cd-8ad1-445f-8400-bdaaad102e2d,https://www.autoscout24.fr/offres/64d5a7cd-8ad1-445f-8400-bdaaad102e2d,fr,Mercedes-Benz,glc 400,,Mercedes-Benz GLC 400400 EQ 489ch Avantgarde Line 4Matic,75999,,True,2026,05-2026,9900,,used,electric,359,489,,,,20.0,,,Boîte automatique,SUV/4x4/Pick-Up,5,5,Bleu sodalite métallisé,,,,,dealer,MERCEDES AMIENS - AUTOSPHERE,FR-80136 Rivery,FR,2,https://prod.pictures.autoscout24.net/listing-images/64d5a7cd-8ad1-445f-8400-bdaaad102e2d_83d34163-8084-4c40-aa41-3b268bfc12d8.jpg/250x188.webp,2026-08-03T05:31:33.848217,7.68,0
4a338640-e3c7-4621-90ac-bb329a30175e,https://www.autoscout24.fr/offres/4a338640-e3c7-4621-90ac-bb329a30175e,fr,BMW,530,,BMW 530SERIE G30 LCI 530e M SPORT TwinPower Turbo xDrive,33490,,True,2022,02-2022,99500,,used,hybrid,214,292,,,,246.0,,,Boîte automatique,Berline,4,5,Bleu,,,,,dealer,HARBOT PARIS,FR-95310 Saint-Ouen-l'Aumône,FR,1,https://prod.pictures.autoscout24.net/listing-images/4a338640-e3c7-4621-90ac-bb329a30175e_7e1cb8dc-bf33-4fcc-a3bc-39b2bc802c97.jpg/250x188.webp,2026-08-03T05:31:33.848224,0.34,4
5b04a45f-3f4b-41f0-9076-5f293f09362b,https://www.autoscout24.fr/offres/5b04a45f-3f4b-41f0-9076-5f293f09362b,fr,BMW,m4,,BMW M4Standard,44790,,True,2018,07-2018,61983,,used,petrol,331,450,,,,,,,Boîte automatique,Coupé,,,Noir,,,,,dealer,SO Performance,FR-33150 Cenon,FR,2,https://prod.pictures.autoscout24.net/listing-images/5b04a45f-3f4b-41f0-9076-5f293f09362b_e48a7cb2-7c15-40f2-a6dd-3ccad087b20f.jpg/250x188.webp,2026-08-03T05:31:33.848232,0.72,8
303ae6e3-76be-4a9a-8ac2-bd4489e63d47,https://www.autoscout24.fr/offres/303ae6e3-76be-4a9a-8ac2-bd4489e63d47,fr,Land Rover,range rover,,Land Rover Range RoverLand Rover Range Rover Autobiography,44900,,True,2020,06-2020,108000,,used,petrol,294,399,2996,,,10.0,,,Boîte automatique,Break,5,,Gris,,,,,dealer,MECANICUS,FR-75014 Paris,FR,2,https://prod.pictures.autoscout24.net/listing-images/303ae6e3-76be-4a9a-8ac2-bd4489e63d47_f86ceeb7-6a7b-4de0-a5ee-b1be17544f2a.jpg/250x188.webp,2026-08-03T05:31:33.848247,0.42,6
0412c707-8bb9-43a8-8567-a76ef3fae08b,https://www.autoscout24.fr/offres/0412c707-8bb9-43a8-8567-a76ef3fae08b,fr,Peugeot,508,,Peugeot 508pse hybrid4 360 e-eat8 sport engineered,27490,,True,2021,04-2021,105000,,used,electric,373,508,,,,20.0,,,Boîte automatique,Autres,,,Noir,,,,,dealer,Transak Auto Venelles,FR-13770 Venelles,FR,2,https://prod.pictures.autoscout24.net/listing-images/0412c707-8bb9-43a8-8567-a76ef3fae08b_8054da8a-c387-4a28-bd3f-2ba725bae8f4.jpg/250x188.webp,2026-08-03T05:31:33.848255,0.26,5
bc421cba-7321-4ed5-9025-c10d90590c54,https://www.autoscout24.fr/offres/bc421cba-7321-4ed5-9025-c10d90590c54,fr,Ford,focus,,Ford Focus1.0 ECOBOOST 125 ST-LINE START-STOP,10990,,True,2019,06-2019,92500,,used,petrol,92,125,,,,20.0,,,Boîte manuelle,Berline,5,5,Bleu,,,,,dealer,BH CAR CHAMBERY,FR-73490 La Ravoire,FR,1,https://prod.pictures.autoscout24.net/listing-images/bc421cba-7321-4ed5-9025-c10d90590c54_86292a35-452f-4d77-b57b-afc92f6099e3.jpg/250x188.webp,2026-08-03T05:31:33.848262,0.12,7
1fb83cd5-924d-4746-97db-007aaf726754,https://www.autoscout24.fr/offres/1fb83cd5-924d-4746-97db-007aaf726754,fr,Mercedes-Benz,a 45 amg,,Mercedes-Benz A 45 AMG200D 150 CH BV 8G-DCT AMG Line - PACK,24990,,True,2020,12-2020,110000,4,used,diesel,110,150,1950,,,4.0,,,Boîte automatique,Berline,5,,Noir,,,,,dealer,Naudé Automobiles,FR-69380 Lozanne,FR,2,https://prod.pictures.autoscout24.net/listing-images/1fb83cd5-924d-4746-97db-007aaf726754_da557c03-20d0-40ec-a327-699264cc0ee2.jpg/250x188.webp,2026-08-03T05:31:33.848270,0.23,6
b5dae4ae-89ff-4007-afa1-acca6892bd87,https://www.autoscout24.fr/offres/b5dae4ae-89ff-4007-afa1-acca6892bd87,fr,Jeep,grand cherokee,,Jeep Grand CherokeeGrand Cherokee V8 6.2 HEMI 707 BVA,59990,,True,2019,03-2019,79900,2,used,petrol,383,522,6166,Euro 6b,,6.0,,,Boîte automatique,SUV/4x4/Pick-Up,5,5,Noir,,,,,dealer,Garage Confidentiel,FR-74960 Annecy,FR,2,https://prod.pictures.autoscout24.net/listing-images/b5dae4ae-89ff-4007-afa1-acca6892bd87_541fecd2-98aa-4209-85a3-d9144ce31229.jpg/250x188.webp,2026-08-03T05:31:33.848277,0.75,7
53d573e7-356b-4e5b-8386-c08cce8f2793,https://www.autoscout24.fr/offres/53d573e7-356b-4e5b-8386-c08cce8f2793,fr,BMW,m4,,BMW M4Standard,76590,,True,2022,06-2022,68284,,used,petrol,375,510,,,,,,,Boîte automatique,Berline,,,Gris,,,,,dealer,SO Performance,FR-33150 Cenon,FR,2,https://prod.pictures.autoscout24.net/listing-images/53d573e7-356b-4e5b-8386-c08cce8f2793_9dcdba3f-278e-43bd-b548-2e0dfd96b068.jpg/250x188.webp,2026-08-03T05:31:33.848284,1.12,4
91353d0d-b528-4184-a0d9-c8f089b0f467,https://www.autoscout24.fr/offres/91353d0d-b528-4184-a0d9-c8f089b0f467,fr,Citroen,c4 picasso,,Citroen C4 PicassoBlueHDi 120 ch Feel S&S,8990,,True,2018,05-2018,138000,,used,diesel,88,120,,,,2100.0,,,Boîte manuelle,Monospace,5,,Rouge,,,,,dealer,AGENCE AUTOMOBILIERE BELFORT,FR-90400 DANJOUTIN,FR,1,https://prod.pictures.autoscout24.net/listing-images/91353d0d-b528-4184-a0d9-c8f089b0f467_6d7064cf-e3a3-462f-992f-fdd24381121d.jpg/250x188.webp,2026-08-03T05:31:33.848291,0.07,8
735fccc6-f72d-4b25-8f6d-9abf1673c9ae,https://www.autoscout24.fr/offres/735fccc6-f72d-4b25-8f6d-9abf1673c9ae,fr,Audi,q5,,Audi Q535 TDI Diesel 163 ch Business Executive S tronic 7,24990,,True,2021,10-2021,132900,,used,diesel,119,163,,,,20.0,automatic,,Boîte automatique,SUV/4x4/Pick-Up,5,5,Noir,,,,,dealer,DAVELGEN AUTOMOBILE,FR-13790 Peynier,FR,1,https://prod.pictures.autoscout24.net/listing-images/735fccc6-f72d-4b25-8f6d-9abf1673c9ae_4e2edf2f-a7df-475b-ac08-20114f8ec503.jpg/250x188.webp,2026-08-03T05:31:33.848298,0.19,5
0de287d7-d505-4852-83c0-bad20cb4a11c,https://www.autoscout24.fr/offres/0de287d7-d505-4852-83c0-bad20cb4a11c,fr,Mg,cyberster,,MG CybersterMG 4WD 510 CH 77 KWH Garantie 2032 1ère main,54990,,True,2025,08-2025,1390,,used,electric,375,510,,,,20.0,,,Boîte automatique,Cabriolet,2,2,Beige,,,,,dealer,AR AUTO,FR-68390 Sausheim,FR,2,https://prod.pictures.autoscout24.net/listing-images/0de287d7-d505-4852-83c0-bad20cb4a11c_af5a2c63-98e1-4cbd-aeb4-2e28b9616cb1.jpg/250x188.webp,2026-08-03T05:31:33.848306,39.56,1
26537cae-6bfb-4b4b-94bc-f83b43e4142e,https://www.autoscout24.fr/offres/26537cae-6bfb-4b4b-94bc-f83b43e4142e,fr,BMW,330,,BMW 330G20 330E 292 CH TOIT OUVRANT CAM360 GARANTIE 1 AN //,24990,,True,2020,05-2020,79500,,used,hybrid,214,292,,,,,,,Boîte automatique,Berline,4,5,Noir,,,,,dealer,BH PREMIUM - BH CAR,FR-45450 FAY-AUX-LOGES,FR,2,https://prod.pictures.autoscout24.net/listing-images/26537cae-6bfb-4b4b-94bc-f83b43e4142e_7e76525b-8371-4b6a-aebe-ce266229a7fb.jpg/250x188.webp,2026-08-03T05:31:33.848313,0.31,6
c8d5a6be-b6b2-4f21-b363-f787dfa32e90,https://www.autoscout24.fr/offres/c8d5a6be-b6b2-4f21-b363-f787dfa32e90,fr,Dodge,challenger,,Dodge ChallengerScat Pack 6.4 V8 HEMI 492 ch toit ouvrant,42990,,True,2018,07-2018,72000,,used,petrol,361,492,,,,20.0,,,Boîte automatique,Coupé,2,5,Noir,,,,,dealer,,FR-91540 Mennecy,FR,1,https://prod.pictures.autoscout24.net/listing-images/c8d5a6be-b6b2-4f21-b363-f787dfa32e90_aa73aefa-207c-49ac-80b2-f359695775a8.jpg/250x188.webp,2026-08-03T05:31:33.848320,0.6,8
90f1271a-ecbd-4af8-a67c-0df0942d61d3,https://www.autoscout24.fr/offres/90f1271a-ecbd-4af8-a67c-0df0942d61d3,fr,Land Rover,range rover evoque,,Land Rover Range Rover Evoque2.0 TD4 150 BVA9 Dynamic -,14990,,True,2018,06-2018,114429,,used,diesel,110,149,,,,2134.0,automatic,,Boîte automatique,SUV/4x4/Pick-Up,5,5,Blanc,,,,,dealer,CapCar,FR-75002 PARIS,FR,2,https://prod.pictures.autoscout24.net/listing-images/90f1271a-ecbd-4af8-a67c-0df0942d61d3_8b8105ea-1b1d-4965-a6c0-825ac8c32985.jpg/250x188.webp,2026-08-03T05:31:33.848328,0.13,8
1bb8401d-6177-4064-a1aa-15b13de50a05,https://www.autoscout24.fr/offres/1bb8401d-6177-4064-a1aa-15b13de50a05,fr,Mercedes-Benz,a 180,,Mercedes-Benz A 180180d amg line distri ok suivi,19490,,True,2018,12-2018,185000,,used,diesel,,,,,,20.0,,,Boîte automatique,Autres,,,Blanc,,,,,dealer,TRANSAKAUTO QUIMPER,FR-29000 Quimper,FR,1,https://prod.pictures.autoscout24.net/listing-images/1bb8401d-6177-4064-a1aa-15b13de50a05_33c35f17-1264-4472-b525-4f272bd87482.jpg/250x188.webp,2026-08-03T05:31:33.848335,0.11,8
31cee26e-0da9-4cbe-b464-2047023d49be,https://www.autoscout24.fr/offres/31cee26e-0da9-4cbe-b464-2047023d49be,fr,Porsche,panamera,,Porsche PanameraSport Turismo 4 E-Hybrid - TVA - France -,58971,,True,2019,06-2019,122968,2,used,hybrid,249,340,2894,Euro 6,,6.0,,,AWD,Berline,5,5,Noir,,,,,dealer,MY EXCLUSIVE CAR,FR-69380 LISSIEU,FR,2,https://prod.pictures.autoscout24.net/listing-images/31cee26e-0da9-4cbe-b464-2047023d49be_b85c2e02-7e18-4453-8b94-f060890473ea.jpg/250x188.webp,2026-08-03T05:31:33.848343,0.48,7
85ddac52-22c1-43c4-a344-3d5fc26669f6,https://www.autoscout24.fr/offres/85ddac52-22c1-43c4-a344-3d5fc26669f6,fr,BMW,x3,,BMW X3g01 sdrive18d 150ch bva8 m sport suivi,28990,,True,2020,01-2020,76000,,used,diesel,110,150,,,,20.0,,,Boîte automatique,SUV/4x4/Pick-Up,,,Noir,,,,,dealer,TRANSAKAUTO QUIMPER,FR-29000 Quimper,FR,1,https://prod.pictures.autoscout24.net/listing-images/85ddac52-22c1-43c4-a344-3d5fc26669f6_73952133-ffb6-4dba-855f-3bba605432ce.jpg/250x188.webp,2026-08-03T05:31:33.848350,0.38,6
ae15dc6d-9248-4021-9d0f-87b37980f7ae,https://www.autoscout24.fr/offres/ae15dc6d-9248-4021-9d0f-87b37980f7ae,fr,Citroen,c4 picasso,,Citroen C4 PicassoCITROËN 1.2 THP 130,6990,,True,2018,05-2018,105000,,used,petrol,95,130,,,,20.0,,,Boîte manuelle,Monospace,5,5,Beige,,,,,dealer,VOITURO,FR-38230 Tignieu-Jameyzieu,FR,1,https://prod.pictures.autoscout24.net/listing-images/ae15dc6d-9248-4021-9d0f-87b37980f7ae_0df61ef0-9d10-4d87-b8ab-5d5fa42fd34d.jpg/250x188.webp,2026-08-03T05:31:33.848357,0.07,8
cf0190b6-b738-4c1a-8e4d-804528e34a48,https://www.autoscout24.fr/offres/cf0190b6-b738-4c1a-8e4d-804528e34a48,fr,Audi,a5,,Audi A5SPORTBACK 2.0 40 TDI 204 MHEV QUATTRO SLINE,29499,,True,2021,03-2021,116800,,used,diesel,150,204,,,,,,,Boîte automatique,Berline,5,5,Bleu,,,,,dealer,BH CAR BOULOGNE SUR MER,FR-62280 Saint-Martin-Boulogne,FR,1,https://prod.pictures.autoscout24.net/listing-images/cf0190b6-b738-4c1a-8e4d-804528e34a48_8a95864c-fc4e-4ee2-b1b8-991f9c0efe2e.jpg/250x188.webp,2026-08-03T05:31:33.848364,0.25,5
8011a3ff-2471-4852-a697-80a0650f0c54,https://www.autoscout24.fr/offres/8011a3ff-2471-4852-a697-80a0650f0c54,fr,Porsche,panamera,,Porsche Panamera4 sport turismo -toit ouvrant-bose-suivi,58990,,True,2018,08-2018,49900,,used,petrol,178,243,,,,20.0,,,Boîte automatique,Berline,5,4,Gris,,,,,dealer,VENTOUX MOTORS,FR-84200 CARPENTRAS,FR,1,https://prod.pictures.autoscout24.net/listing-images/8011a3ff-2471-4852-a697-80a0650f0c54_52f52d82-6772-44cd-8b9d-3e43d9b96f01.jpg/250x188.webp,2026-08-03T05:31:33.848371,1.18,8
4b4b67da-d5f3-4c43-91fe-736576f289ee,https://www.autoscout24.fr/offres/4b4b67da-d5f3-4c43-91fe-736576f289ee,fr,Land Rover,range rover velar,,Land Rover Range Rover Velar2.0D 240CH S AWD BVA,29400,,True,2018,08-2018,77061,1,used,diesel,176,240,1999,,,2171.0,,,Boîte automatique,SUV/4x4/Pick-Up,5,5,Noir,,,,,dealer,Univers Motors SAS,FR-34740 VENDARGUES,FR,2,https://prod.pictures.autoscout24.net/listing-images/4b4b67da-d5f3-4c43-91fe-736576f289ee_ba9d5b17-c3d1-4edf-8a73-3e05ed5778cb.png/250x188.webp,2026-08-03T05:31:33.848378,0.38,8
71e2450a-b4cb-4efa-be48-b45ef7786a48,https://www.autoscout24.fr/offres/71e2450a-b4cb-4efa-be48-b45ef7786a48,fr,Porsche,macan,,Porsche MacanMacan 3.0i V6 - 354 - BV PDK  TYPE 95B S PHASE,52990,,True,2019,08-2019,64300,,used,petrol,191,260,2995,,,8.9,,,Boîte automatique,SUV/4x4/Pick-Up,5,,Noir,,,,,dealer,UNITED DRIVE,FR-75014 PARIS,FR,2,https://prod.pictures.autoscout24.net/listing-images/71e2450a-b4cb-4efa-be48-b45ef7786a48_cb04f26b-5ad1-4076-84d0-1898dc962df0.jpg/250x188.webp,2026-08-03T05:31:33.848386,0.82,7
2cae9fe9-4db9-475c-acad-ad27cc4fdbcb,https://www.autoscout24.fr/offres/2cae9fe9-4db9-475c-acad-ad27cc4fdbcb,fr,BMW,x5,,BMW X5(G05) M50d 400 M Performance xDrive (Suivi full BMW),42990,,True,2019,03-2019,179900,,used,diesel,294,399,,,,,,,Boîte automatique,Citadine,5,5,Noir,,,,,dealer,Agence Automobilière Epinal,FR-88000 Epinal,FR,2,https://prod.pictures.autoscout24.net/listing-images/2cae9fe9-4db9-475c-acad-ad27cc4fdbcb_45a1d802-d382-4d65-ad72-8a18d554a10b.jpg/250x188.webp,2026-08-03T05:31:33.848393,0.24,7
6852e7bb-af2a-44cc-abc7-611bb2945fe9,https://www.autoscout24.fr/offres/6852e7bb-af2a-44cc-abc7-611bb2945fe9,fr,BMW,x3 m,,BMW X3 M510ch Competition-Historique BMW,55990,,True,2021,10-2021,63000,2,used,petrol,375,510,2993,Euro 6d,,6.0,,,Boîte automatique,SUV/4x4/Pick-Up,5,5,Noir,,,,,dealer,OXOTO,FR-59310 Auchy Lez Orchies,FR,2,https://prod.pictures.autoscout24.net/listing-images/6852e7bb-af2a-44cc-abc7-611bb2945fe9_da1d611e-d8ae-44f2-94a2-d0a8dfe1055e.jpg/250x188.webp,2026-08-03T05:31:33.848401,0.89,5
d2bf2b69-d18b-47f4-a242-d7f48c273db9,https://www.autoscout24.fr/offres/d2bf2b69-d18b-47f4-a242-d7f48c273db9,fr,Volkswagen,t-cross,,Volkswagen T-Cross1.0 TSI 115 DSG7 Carat - Automatique,13990,,True,2020,02-2020,89975,,used,petrol,85,115,,,,2107.0,automatic,,Boîte automatique,SUV/4x4/Pick-Up,5,5,Noir,,,,,dealer,CapCar,FR-75002 PARIS,FR,2,https://prod.pictures.autoscout24.net/listing-images/d2bf2b69-d18b-47f4-a242-d7f48c273db9_6b072d61-7f7a-4915-9acd-fa6424c461c8.jpg/250x188.webp,2026-08-03T05:31:33.848408,0.16,6
643f1ace-4bbe-4e06-a40e-f57ede72f276,https://www.autoscout24.fr/offres/643f1ace-4bbe-4e06-a40e-f57ede72f276,fr,Peugeot,2008,,Peugeot 2008PureTech 130 S&S EAT8 Allure,11300,,True,2020,12-2020,89726,,used,petrol,70,96,,,,20.0,,,Boîte automatique,SUV/4x4/Pick-Up,5,5,Noir,,,,,dealer,CAR VENTURE,FR-06800 Cagnes-sur-Mer,FR,1,https://prod.pictures.autoscout24.net/listing-images/643f1ace-4bbe-4e06-a40e-f57ede72f276_0aae72d8-fbcd-45da-be4e-cd0f3e19ee8f.jpg/250x188.webp,2026-08-03T05:31:33.848415,0.13,6
5227cadb-c88a-4385-9c80-3a54992af7ec,https://www.autoscout24.fr/offres/5227cadb-c88a-4385-9c80-3a54992af7ec,fr,Volkswagen,t6.1 multivan,,Volkswagen T6.1 MultivanGENERATION SIX 4MOTION,54900,,True,2020,02-2020,48000,1,used,diesel,146,198,,,,,,,AWD,SUV/4x4/Pick-Up,4,5,Gris,,,,,dealer,EBV MOTORS,FR-67410 DRUSENHEIM,FR,2,https://prod.pictures.autoscout24.net/listing-images/5227cadb-c88a-4385-9c80-3a54992af7ec_2339962f-5d5c-49bb-83bf-984aa5aef0a6.jpg/250x188.webp,2026-08-03T05:31:33.848423,1.14,6
1979dec4-3b7a-4f08-b4e3-a7dfac0f92c9,https://www.autoscout24.fr/offres/1979dec4-3b7a-4f08-b4e3-a7dfac0f92c9,fr,Porsche,macan,,Porsche MacanGTS 2.9 V6 440 CH,81990,,True,2022,07-2022,38000,,used,petrol,323,440,,,,2218.0,,,Boîte automatique,SUV/4x4/Pick-Up,5,5,Noir,,,,,dealer,NICE CAR COMPANY,FR-06200 NICE,FR,1,https://prod.pictures.autoscout24.net/listing-images/1979dec4-3b7a-4f08-b4e3-a7dfac0f92c9_dd41ffac-8119-4617-9fd1-0629b4265e9b.jpg/250x188.webp,2026-08-03T05:31:33.848431,2.16,4
384444ab-7465-4996-a54b-bc84844d21cf,https://www.autoscout24.fr/offres/384444ab-7465-4996-a54b-bc84844d21cf,fr,Peugeot,208,,Peugeot 208PHASE 2 LIKE 1.2 68 Cv 1ERE MAIN 15 300 Kms,5970,,True,2018,11-2018,15300,,used,petrol,49,68,,,,20.0,,,Boîte manuelle,Citadine,5,5,Blanc,,,,,dealer,,FR-95150 Taverny,FR,1,https://prod.pictures.autoscout24.net/listing-images/384444ab-7465-4996-a54b-bc84844d21cf_69af2415-d1d2-491d-88ab-e243b8fc6e9f.jpg/250x188.webp,2026-08-03T05:31:33.848438,0.39,8
91b58a61-df14-418e-bfd3-0c9ab737184b,https://www.autoscout24.fr/offres/91b58a61-df14-418e-bfd3-0c9ab737184b,fr,Levc,tx,,LEVC TXTAXI LONDONIEN 7 places - Hybride - PMR - TAXI / VTC,21890,,True,2019,12-2019,98930,,used,hybrid,67,91,,,,214.0,,,Boîte automatique,Berline,4,8,Noir,,,,,dealer,ISSOIRE PARC AUTO,FR-63500 Issoire,FR,2,https://prod.pictures.autoscout24.net/listing-images/91b58a61-df14-418e-bfd3-0c9ab737184b_4381fad3-0646-4c28-b313-b85862ecadd2.jpg/250x188.webp,2026-08-03T05:31:33.848462,0.22,7
c0bdc83b-580f-4e30-bcb7-aadbcfefd194,https://www.autoscout24.fr/offres/c0bdc83b-580f-4e30-bcb7-aadbcfefd194,fr,BMW,118,,BMW 118F20 118i PACK M • XÉNON DIRECTIONNEL LCI JANTES 18,10990,,True,2018,10-2018,160000,,used,petrol,101,137,,,,20.0,,,Boîte manuelle,Citadine,3,5,Rouge,,,,,dealer,AUTO VIRAGE,FR-67240 Oberhoffen-sur-Moder,FR,1,https://prod.pictures.autoscout24.net/listing-images/c0bdc83b-580f-4e30-bcb7-aadbcfefd194_0a14ad67-017a-442c-b4b0-3df357c9251c.jpg/250x188.webp,2026-08-03T05:31:33.848470,0.07,8
24cf0a40-2e34-466e-9953-bfa8aee4e172,https://www.autoscout24.fr/offres/24cf0a40-2e34-466e-9953-bfa8aee4e172,fr,Cupra,formentor,,CUPRA Formentor1.4 e-HYBRID 245 ch DSG6 VZ,25990,,True,2023,04-2023,60100,,used,hybrid,180,245,,,,20.0,,,Boîte automatique,SUV/4x4/Pick-Up,5,5,Autre,,,,,dealer,AUTO EVO PERFORMANCE,FR-29290 MILIZAC-GUIPRONVEL,FR,1,https://prod.pictures.autoscout24.net/listing-images/24cf0a40-2e34-466e-9953-bfa8aee4e172_bff75647-2418-4b6f-844d-54011fecca0c.jpg/250x188.webp,2026-08-03T05:31:33.848477,0.43,3
7222df1a-7634-4efb-8a72-3b5b52266339,https://www.autoscout24.fr/offres/7222df1a-7634-4efb-8a72-3b5b52266339,fr,Mercedes-Benz,cla 250,,Mercedes-Benz CLA 250Classe COUPE 250 224ch AMG LINE,31990,,True,2021,02-2021,60000,,used,petrol,164,224,,,,20.0,,,Boîte automatique,Coupé,4,5,Noir,,,,,dealer,,FR-68170 Rixheim,FR,1,https://prod.pictures.autoscout24.net/listing-images/7222df1a-7634-4efb-8a72-3b5b52266339_f67f4659-7f3e-413a-8869-a80fd66d2077.jpg/250x188.webp,2026-08-03T05:31:33.848529,0.53,5
f49c921e-9091-45be-a11b-2dcb0b144ecc,https://www.autoscout24.fr/offres/f49c921e-9091-45be-a11b-2dcb0b144ecc,fr,Peugeot,5008,,Peugeot 5008business bluehdi 130ch s eat8 active,12990,,True,2020,01-2020,162000,,used,diesel,95,130,,,,20.0,,,Boîte automatique,Monospace,,,Gris,,,,,dealer,TRANSAKAUTO QUIMPER,FR-29000 Quimper,FR,1,https://prod.pictures.autoscout24.net/listing-images/f49c921e-9091-45be-a11b-2dcb0b144ecc_8eab692c-c22d-41c3-bbda-e75e4427778c.jpg/250x188.webp,2026-08-03T05:31:33.848539,0.08,6
1ca9bdb4-3358-4fad-82a1-c4663c172067,https://www.autoscout24.fr/offres/1ca9bdb4-3358-4fad-82a1-c4663c172067,fr,Porsche,macan,,Porsche Macan3.0 V6 - 360ch PDK GTS Full Options,45990,,True,2018,06-2018,98900,,used,petrol,264,360,2997,,,9.0,,,Boîte automatique,SUV/4x4/Pick-Up,5,,Gris,,,,,dealer,FORZA,FR-68730 Blotzheim,FR,2,https://prod.pictures.autoscout24.net/listing-images/1ca9bdb4-3358-4fad-82a1-c4663c172067_6620e28c-3dad-4e1c-81aa-4e516d93401f.jpg/250x188.webp,2026-08-03T05:31:33.848546,0.47,8
892d3bfb-6e32-4f50-8352-1a3887d2c65a,https://www.autoscout24.fr/offres/892d3bfb-6e32-4f50-8352-1a3887d2c65a,fr,Peugeot,208,,Peugeot 208PureTech 100 SS BVM6 GT - 1ERE MAIN - SUIVI -,13490,,True,2022,05-2022,8800,,used,petrol,55,75,,,,296.0,,,Boîte manuelle,Citadine,5,5,Bleu,,,,,dealer,CAR VIBE,FR-13790 Châteauneuf-le-Rouge,FR,1,https://prod.pictures.autoscout24.net/listing-images/892d3bfb-6e32-4f50-8352-1a3887d2c65a_4f157e26-26a5-4a10-915c-d51c2cd4c012.jpg/250x188.webp,2026-08-03T05:31:33.848553,1.53,4
c61e8a1a-850a-4f24-85fb-09fc164f74a0,https://www.autoscout24.fr/offres/c61e8a1a-850a-4f24-85fb-09fc164f74a0,fr,Dacia,duster,,Dacia Duster1.5 bluedci 115 prestige 4x2,7990,,True,2019,06-2019,181000,,used,diesel,86,116,,,,20.0,automatic,,Boîte manuelle,SUV/4x4/Pick-Up,5,5,Noir,,,,,dealer,Ewigo Marignane,FR-13700 Marignane,FR,2,https://prod.pictures.autoscout24.net/listing-images/c61e8a1a-850a-4f24-85fb-09fc164f74a0_c69f2349-46ae-47d8-b509-64fde70120fd.jpg/250x188.webp,2026-08-03T05:31:33.848561,0.04,7
3611f477-8dcc-4a8a-8fff-37ca1b88ef70,https://www.autoscout24.fr/offres/3611f477-8dcc-4a8a-8fff-37ca1b88ef70,fr,Isuzu,d-max,,Isuzu D-Max1.9 TD 163 DOUBLE CABINE,28950,,True,2021,12-2021,139800,,used,diesel,120,163,,,,,,,Boîte automatique,Autres,4,5,Gris clair,,,,,dealer,,FR-94500 Champigny-sur-Marne,FR,1,https://prod.pictures.autoscout24.net/listing-images/3611f477-8dcc-4a8a-8fff-37ca1b88ef70_1c06fbce-7e0f-428a-9011-59ef5f18f972.jpg/250x188.webp,2026-08-03T05:31:33.848568,0.21,5
1a0c126b-648b-4659-aa41-0497f8211e6c,https://www.autoscout24.fr/offres/1a0c126b-648b-4659-aa41-0497f8211e6c,fr,Cupra,born,,CUPRA Born150kW (204ch) 62 Kwh Batterie - DEC 2023 55.021,21900,,True,2023,12-2023,55021,,used,electric,150,204,,,,20.0,,,Boîte automatique,Berline,,,Gris foncé,,,,,dealer,,FR-75007 Paris,FR,1,https://prod.pictures.autoscout24.net/listing-images/1a0c126b-648b-4659-aa41-0497f8211e6c_221350e8-0fbe-49f8-a823-a75d1774a817.jpg/250x188.webp,2026-08-03T05:31:33.848575,0.4,3
868358d8-e44a-4034-83fe-34b1ee5e96bb,https://www.autoscout24.fr/offres/868358d8-e44a-4034-83fe-34b1ee5e96bb,fr,Suzuki,jimny,,Suzuki Jimny1.5 VVT PRIVILEGE 102 CV,23990,,True,2021,11-2021,15005,,used,petrol,75,102,,,,,,,Boîte manuelle,SUV/4x4/Pick-Up,3,,Vert,,,,,dealer,,FR-69890 La Tour de Salvagny,FR,1,https://prod.pictures.autoscout24.net/listing-images/868358d8-e44a-4034-83fe-34b1ee5e96bb_ce0ad8ab-c6d3-4c25-9d77-b2d2719f3f63.jpg/250x188.webp,2026-08-03T05:31:33.848582,1.6,5
f64cb67c-f787-4679-9827-b2637dd2c55a,https://www.autoscout24.fr/offres/f64cb67c-f787-4679-9827-b2637dd2c55a,fr,Land Rover,range rover sport,,Land Rover Range Rover SportRange Rover Sport Mark VIII V8 S,79900,,True,2020,06-2020,73250,,used,petrol,422,575,5000,Euro 6d-TEMP,,6.0,,,AWD,SUV/4x4/Pick-Up,5,5,Bleu,,,,,dealer,MD LEASE,FR-69006 LYON,FR,2,https://prod.pictures.autoscout24.net/listing-images/f64cb67c-f787-4679-9827-b2637dd2c55a_71a0a224-281b-49ac-98f8-37230178cf4b.jpg/250x188.webp,2026-08-03T05:31:33.848590,1.09,6
b6976367-fd30-4d6e-b43a-63753986acc7,https://www.autoscout24.fr/offres/b6976367-fd30-4d6e-b43a-63753986acc7,fr,Renault,alaskan,,Renault AlaskanDOUBLE CABINE 2.3 DCI 190 ZEN 4X4,25990,,True,2019,08-2019,66100,,used,diesel,140,190,,,,,,,Boîte manuelle,SUV/4x4/Pick-Up,4,5,Noir,,,,,dealer,BECO SIGNATURE,FR-93800 Épinay-sur-Seine,FR,1,https://prod.pictures.autoscout24.net/listing-images/b6976367-fd30-4d6e-b43a-63753986acc7_84387a7d-d6a4-4f4b-85ff-f489efdee9f6.jpg/250x188.webp,2026-08-03T05:31:33.848597,0.39,7
c04afb91-ca54-4d9c-ba28-26b4adc9e77d,https://www.autoscout24.fr/offres/c04afb91-ca54-4d9c-ba28-26b4adc9e77d,fr,Mercedes-Benz,gle 350,,Mercedes-Benz GLE 350350 DE 194+136CH AMG LINE 4MATIC,41900,,True,2021,04-2021,174043,1,used,hybrid,99,136,1950,,,218.0,,,Boîte automatique,SUV/4x4/Pick-Up,5,5,Noir,,,,,dealer,SELF AUTO,FR-91170 Viry Chatillon,FR,2,https://prod.pictures.autoscout24.net/listing-images/c04afb91-ca54-4d9c-ba28-26b4adc9e77d_01d89c4d-96f8-47ad-b68f-b05e1f027b97.jpg/250x188.webp,2026-08-03T05:31:33.848604,0.24,5
6340f065-319a-4f29-aeb5-fbd2e5e1caf0,https://www.autoscout24.fr/offres/6340f065-319a-4f29-aeb5-fbd2e5e1caf0,fr,Volkswagen,golf,,Volkswagen Golf8 2.0 TDI 150 CV SCR 1ST R-LINE DSG BVA,23990,,True,2020,07-2020,95000,,used,diesel,110,150,,,,,,,Boîte automatique,Berline,5,5,Noir,,,,,dealer,NM Motors,FR-34130 Saint Aunes,FR,2,https://prod.pictures.autoscout24.net/listing-images/6340f065-319a-4f29-aeb5-fbd2e5e1caf0_a5262802-2514-47d5-9ecf-c68aaee83f99.jpg/250x188.webp,2026-08-03T05:31:33.848611,0.25,6
d0468ba6-8404-40ac-b09a-1c390b09b8a3,https://www.autoscout24.fr/offres/d0468ba6-8404-40ac-b09a-1c390b09b8a3,fr,Ford,ranger,,Ford Rangersuper cabine 2.0 ecoblue 213 bv10 wildtrak,22990,,True,2020,05-2020,149000,,used,diesel,,,,,,20.0,,,Boîte automatique,SUV/4x4/Pick-Up,,,Noir,,,,,dealer,Transak Auto Venelles,FR-13770 Venelles,FR,2,https://prod.pictures.autoscout24.net/listing-images/d0468ba6-8404-40ac-b09a-1c390b09b8a3_158cfe2d-36fe-4f71-9f31-11e08494b22c.jpg/250x188.webp,2026-08-03T05:31:33.848618,0.15,6
479bdc8a-968a-4925-ba57-47fe5a5222f2,https://www.autoscout24.fr/offres/479bdc8a-968a-4925-ba57-47fe5a5222f2,fr,Peugeot,208,,Peugeot 2081.5 BlueHDI 100 Active Business,8990,,True,2020,02-2020,113291,,used,diesel,75,102,,,,284.0,,,Boîte manuelle,Citadine,5,5,Noir,,,,,dealer,CapCar,FR-75002 PARIS,FR,2,https://prod.pictures.autoscout24.net/listing-images/479bdc8a-968a-4925-ba57-47fe5a5222f2_e619de22-e9c6-4986-abe3-85ac27b62899.jpg/250x188.webp,2026-08-03T05:31:33.848625,0.08,6
08a85a54-71c7-46b6-97d3-6618e0488611,https://www.autoscout24.fr/offres/08a85a54-71c7-46b6-97d3-6618e0488611,fr,Toyota,yaris,,Toyota Yarisiii (3) 70 vvt-i france connect 5p + camera,9990,,True,2020,06-2020,36500,,used,petrol,53,72,,,,20.0,,,Boîte manuelle,Citadine,5,5,Blanc,,,,,dealer,EWIGO NANCY,FR-54000 Nancy,FR,1,https://prod.pictures.autoscout24.net/listing-images/08a85a54-71c7-46b6-97d3-6618e0488611_6c6a7fa5-e3ae-4265-bca7-a5d0e7e87424.jpg/250x188.webp,2026-08-03T05:31:33.848632,0.27,6
247ba9c9-2d4e-42b2-9669-c59a693533c0,https://www.autoscout24.fr/offres/247ba9c9-2d4e-42b2-9669-c59a693533c0,fr,Peugeot,2008,,Peugeot 20081.5 BLUEHDI 130CH S&S ALLURE BUSINESS EAT8,14990,,True,2021,10-2021,87401,,used,diesel,95,130,,,,20.0,,,Boîte automatique,SUV/4x4/Pick-Up,5,5,Noir,,,,,dealer,IDF AUTO,FR-95310 Saint Ouen l'Aumone,FR,1,https://prod.pictures.autoscout24.net/listing-images/247ba9c9-2d4e-42b2-9669-c59a693533c0_af4cfc4c-6e85-4d1b-82da-130f52e518bf.jpg/250x188.webp,2026-08-03T05:31:33.848639,0.17,5
cbe90975-98bb-45bb-813f-1673d50f604d,https://www.autoscout24.fr/offres/cbe90975-98bb-45bb-813f-1673d50f604d,fr,Hyundai,i20,,"Hyundai i20N 1,6 T-GDI 204 GPS CAMERA APPLE CARPLAY",29990,,True,2024,01-2024,23500,,used,petrol,111,151,,,,20.0,,,,Autres,,,Bleu,,,,,dealer,As Motors,FR-57370 Phalsbourg,FR,1,https://prod.pictures.autoscout24.net/listing-images/cbe90975-98bb-45bb-813f-1673d50f604d_aafbb4ff-c603-4fdd-b8be-f129b713049d.jpg/250x188.webp,2026-08-03T05:31:33.848647,1.28,2
0071a340-b349-4401-b96a-5021de3cba9a,https://www.autoscout24.fr/offres/0071a340-b349-4401-b96a-5021de3cba9a,fr,Porsche,taycan,,Porsche Taycan4S 571 ch avec batterie performance plus,69900,,True,2023,05-2023,11500,,used,electric,419,571,,,,20.0,,,Boîte automatique,Berline,4,4,Gris,,,,,dealer,,FR-06110 Le Cannet,FR,1,https://prod.pictures.autoscout24.net/listing-images/0071a340-b349-4401-b96a-5021de3cba9a_8a4226e1-ddd8-4352-a2f9-e78903c0ca93.jpg/250x188.webp,2026-08-03T05:31:33.848654,6.08,3
f82f9951-ee6b-4353-9a2c-e82261c68116,https://www.autoscout24.fr/offres/f82f9951-ee6b-4353-9a2c-e82261c68116,fr,Volvo,xc40,,Volvo XC40D4 AWD AdBlue 190 ch Geartronic 8 R-Design /,16990,,True,2019,02-2019,167400,,used,diesel,139,190,,,,2131.0,,,Boîte automatique,SUV/4x4/Pick-Up,5,5,Noir,,,,,dealer,Lounge Car Perrigny,FR-39570 Perrigny,FR,2,https://prod.pictures.autoscout24.net/listing-images/f82f9951-ee6b-4353-9a2c-e82261c68116_578f3758-f1b3-4645-b023-9ec032d10f15.jpg/250x188.webp,2026-08-03T05:31:33.848661,0.1,7
4cc068cd-ec01-411f-95c6-e5ce42ea858b,https://www.autoscout24.fr/offres/4cc068cd-ec01-411f-95c6-e5ce42ea858b,fr,Audi,tt rs,,Audi TT RSTTRS TT RS Coupé 2.5 400ch - Immat FR - 2ème main,61990,,True,2019,05-2019,39999,,used,petrol,294,400,2480,,,8.0,automatic,,Boîte automatique,Coupé,3,,Noir,,,,,dealer,Luxury & Performance,FR-06600 Antibes,FR,2,https://prod.pictures.autoscout24.net/listing-images/4cc068cd-ec01-411f-95c6-e5ce42ea858b_13b2d751-0633-4ef3-9ae6-24015b2093e6.jpg/250x188.webp,2026-08-03T05:31:33.848668,1.55,7
9b69f641-5bb0-48ef-8e47-65f7a4999158,https://www.autoscout24.fr/offres/9b69f641-5bb0-48ef-8e47-65f7a4999158,fr,BMW,x3,,BMW X3M40d - BVA Sport  G01 F97 LCI M Performance  - à,56990,,True,2022,06-2022,43310,,used,diesel,250,340,2993,,,7.0,,,Boîte automatique,Break,5,,Gris,,,,,dealer,LIGNON AUTOMOBILES,FR-26800 ETOILE-SUR-RHONE,FR,2,https://prod.pictures.autoscout24.net/listing-images/9b69f641-5bb0-48ef-8e47-65f7a4999158_e4295ad5-28ce-4751-9f8c-d940ec4569a6.jpg/250x188.webp,2026-08-03T05:31:33.848675,1.32,4
8e5bbfa8-f5b4-4707-b391-ca044270ddbc,https://www.autoscout24.fr/offres/8e5bbfa8-f5b4-4707-b391-ca044270ddbc,fr,Peugeot,3008,,Peugeot 30081.5 hdi 130 CV ACTIVE BUSINESS – DISTRIBUTION,9490,,True,2019,12-2019,187000,,used,diesel,95,130,,,,20.0,,,Boîte manuelle,SUV/4x4/Pick-Up,5,5,Gris,,,,,dealer,ACTIV AUTO,FR-93220 Gagny,FR,2,https://prod.pictures.autoscout24.net/listing-images/8e5bbfa8-f5b4-4707-b391-ca044270ddbc_5f245035-f1b9-4484-b682-17fd2b2b5fcd.jpg/250x188.webp,2026-08-03T05:31:33.848682,0.05,7
b3c057db-fe2c-40fa-82e3-0870d265f528,https://www.autoscout24.fr/offres/b3c057db-fe2c-40fa-82e3-0870d265f528,fr,Toyota,corolla,,Toyota Corolla1.8 VVT-i 16v 122 HSD CVT 98cv Boite Auto,14490,,True,2021,10-2021,108000,,used,hybrid,72,98,,,,20.0,,,Boîte automatique,Citadine,5,,Gris,,,,,dealer,AGENCE AUTOMOBILIERE PALAISEAU,FR-91120 Palaiseau,FR,1,https://prod.pictures.autoscout24.net/listing-images/b3c057db-fe2c-40fa-82e3-0870d265f528_f20b9dbe-4c3a-49e2-bb82-e2d9ea2bda42.jpg/250x188.webp,2026-08-03T05:31:33.848689,0.13,5
5d721a7e-65f3-43df-9a76-7456a2d99081,https://www.autoscout24.fr/offres/5d721a7e-65f3-43df-9a76-7456a2d99081,fr,Porsche,cayenne,,Porsche CayenneStandard,43790,,True,2020,07-2020,88348,,used,petrol,183,250,,,,,,,Boîte automatique,SUV/4x4/Pick-Up,,,Noir,,,,,dealer,SO Performance,FR-33150 Cenon,FR,2,https://prod.pictures.autoscout24.net/listing-images/5d721a7e-65f3-43df-9a76-7456a2d99081_03e803df-1203-42a6-be6f-73fc4ed17534.jpg/250x188.webp,2026-08-03T05:31:33.848696,0.5,6
914429ff-9f87-4c6f-8309-f15d8ffb9c85,https://www.autoscout24.fr/offres/914429ff-9f87-4c6f-8309-f15d8ffb9c85,fr,Audi,a3,,Audi A3A3 Sportback 2.0 TDI 184 S tronic 7 Quattro Sport,14490,,True,2018,06-2018,175000,,used,diesel,135,183,,,,4.9,,,Semi-automatique,Berline,5,5,Gris,,,,,dealer,L'Agence Automobilière Villeneuve d'Ascq,FR-59290 Wasquehal,FR,1,https://prod.pictures.autoscout24.net/listing-images/914429ff-9f87-4c6f-8309-f15d8ffb9c85_93ee5516-53c4-4ef2-b4a1-051a3232b3f9.jpg/250x188.webp,2026-08-03T05:31:33.848703,0.08,8
fc29be7f-c1a0-4038-b399-e56a94c2e4a0,https://www.autoscout24.fr/offres/fc29be7f-c1a0-4038-b399-e56a94c2e4a0,fr,BMW,x3,,BMW X3(G01) M40iA 360ch - Carte grise CTTE 2 places Belge /,25000,,True,2018,06-2018,166900,,used,petrol,264,360,,,,20.0,,,Boîte automatique,SUV/4x4/Pick-Up,,,Gris,,,,,dealer,,FR-83480 Puget-sur-Argens,FR,1,https://prod.pictures.autoscout24.net/listing-images/fc29be7f-c1a0-4038-b399-e56a94c2e4a0_5a533541-58dd-4132-beef-7db85fb7cc84.jpg/250x188.webp,2026-08-03T05:31:33.848711,0.15,8
2a7558f5-aeac-4d7c-bb99-2c12505f7b29,https://www.autoscout24.fr/offres/2a7558f5-aeac-4d7c-bb99-2c12505f7b29,fr,Land Rover,range rover sport,,Land Rover Range Rover Sport(2) P400e 2.0 PHEV 404ch HSE,38490,,True,2020,11-2020,117890,,used,hybrid,297,404,,,,277.0,,,Boîte automatique,SUV/4x4/Pick-Up,5,5,Noir,,,,,dealer,VBA AUTOMOBILES,FR-45770 SARAN,FR,2,https://prod.pictures.autoscout24.net/listing-images/2a7558f5-aeac-4d7c-bb99-2c12505f7b29_1308e6be-5271-4b6e-b8aa-6378d203670a.jpg/250x188.webp,2026-08-03T05:31:33.848718,0.33,6
b88678be-e7fe-42b2-9595-8f17acb68721,https://www.autoscout24.fr/offres/b88678be-e7fe-42b2-9595-8f17acb68721,fr,Jaguar,f-pace,,Jaguar F-Pace2.0 Hybrid PHEV P400e P 400e 404 ch Black,31990,,True,2021,06-2021,86900,,used,hybrid,297,404,,,,20.0,,,Boîte automatique,SUV/4x4/Pick-Up,5,5,Noir,,,,,dealer,DAVELGEN AUTOMOBILE,FR-13790 Peynier,FR,1,https://prod.pictures.autoscout24.net/listing-images/b88678be-e7fe-42b2-9595-8f17acb68721_b13fba0c-82af-4ddb-bd10-db67945f9824.jpg/250x188.webp,2026-08-03T05:31:33.848725,0.37,5
51cd94ec-c62f-4da4-b87f-c0e3b0d727dc,https://www.autoscout24.fr/offres/51cd94ec-c62f-4da4-b87f-c0e3b0d727dc,fr,Mercedes-Benz,cls,,Mercedes-Benz CLSClasse Mercedes 400 D 340CH AMG LINE%2B,36990,,True,2019,03-2019,139520,,used,diesel,249,340,,,,20.0,,,Boîte automatique,Berline,4,5,Noir,,,,,dealer,,FR-67201 ECKBOLSHEIM,FR,1,https://prod.pictures.autoscout24.net/listing-images/51cd94ec-c62f-4da4-b87f-c0e3b0d727dc_fb39ca83-7ab6-4119-8e92-39338cae954a.jpg/250x188.webp,2026-08-03T05:31:33.848732,0.27,7
4bff4734-66bb-490c-b423-7b225fc152e3,https://www.autoscout24.fr/offres/4bff4734-66bb-490c-b423-7b225fc152e3,fr,Seat,ibiza,,SEAT Ibiza1.6 tdi 95 urban dsg bva start-stop,10290,,True,2019,05-2019,156523,,used,diesel,70,95,,,,20.0,,,Boîte automatique,Citadine,5,5,Gris,,,,,dealer,Ewigo Marignane,FR-13700 Marignane,FR,2,https://prod.pictures.autoscout24.net/listing-images/4bff4734-66bb-490c-b423-7b225fc152e3_4d281fe3-4cf9-4421-a805-38df6c727192.jpg/250x188.webp,2026-08-03T05:31:33.848740,0.07,7
f622b2e0-a255-40cf-bbb9-b2bc57f7d488,https://www.autoscout24.fr/offres/f622b2e0-a255-40cf-bbb9-b2bc57f7d488,fr,Ineos,grenadier,,Ineos Grenadier3.0 Twin Turbo - 249  UTILITY WAGON - TVA,65990,,True,2023,12-2023,26930,,used,diesel,183,248,2993,,,10.9,,,Boîte automatique,Autres,6,,Beige,,,,,dealer,LIGNON AUTOMOBILES,FR-26800 ETOILE-SUR-RHONE,FR,2,https://prod.pictures.autoscout24.net/listing-images/f622b2e0-a255-40cf-bbb9-b2bc57f7d488_5a5521f3-2bc3-48ce-95d8-0e6a4e689b0c.jpg/250x188.webp,2026-08-03T05:31:33.848747,2.45,3
78c8d6ad-0285-45a2-a1a4-5fc186244812,https://www.autoscout24.fr/offres/78c8d6ad-0285-45a2-a1a4-5fc186244812,fr,Land Rover,range rover velar,,Land Rover Range Rover Velar2.0D 180CH R-DYNAMIC S AWD BVA,25900,,True,2018,01-2018,105311,1,used,diesel,132,180,1999,,,2142.0,,,Boîte automatique,SUV/4x4/Pick-Up,5,5,Noir,,,,,dealer,Univers Motors SAS,FR-34740 VENDARGUES,FR,2,https://prod.pictures.autoscout24.net/listing-images/78c8d6ad-0285-45a2-a1a4-5fc186244812_c639b13c-52aa-47ec-a152-6125f0bd8885.png/250x188.webp,2026-08-03T05:31:33.848754,0.25,8
731e8f79-0ba4-4328-9214-90845b22db2c,https://www.autoscout24.fr/offres/731e8f79-0ba4-4328-9214-90845b22db2c,fr,Renault,arkana,,Renault Arkana1.6 E-Tech 140 Hybride BVA6 Business,12990,,True,2022,05-2022,124055,,used,hybrid,51,70,,,,2107.0,automatic,,Boîte automatique,SUV/4x4/Pick-Up,5,5,Noir,,,,,dealer,CapCar,FR-75002 PARIS,FR,2,https://prod.pictures.autoscout24.net/listing-images/731e8f79-0ba4-4328-9214-90845b22db2c_dd143b98-eb39-4154-ab3a-90be085e3341.jpg/250x188.webp,2026-08-03T05:31:33.848765,0.1,4
48329c95-953f-46a1-a28e-f1473848d152,https://www.autoscout24.fr/offres/48329c95-953f-46a1-a28e-f1473848d152,fr,Peugeot,3008,,Peugeot 30081.5 BLUEHDI 130CH S\u0026S ACTIVE,10500,,True,2021,03-2021,154846,1,used,diesel,95,130,1499,,,2137.0,,,Boîte manuelle,SUV/4x4/Pick-Up,5,5,Blanc,,,,,dealer,SELF AUTO,FR-91170 Viry Chatillon,FR,2,https://prod.pictures.autoscout24.net/listing-images/48329c95-953f-46a1-a28e-f1473848d152_54cb4345-35f1-42e0-9e7f-1a1172492528.jpg/250x188.webp,2026-08-03T05:31:33.848772,0.07,5
48d0cad5-4c2d-4c00-a927-7a5f6f0100bf,https://www.autoscout24.fr/offres/48d0cad5-4c2d-4c00-a927-7a5f6f0100bf,fr,Alpine,a110,,Alpine A1101.8 252 Legence EDC,56990,,True,2019,03-2019,18692,2,used,petrol,185,251,1798,,,6.4,automatic,,Boîte automatique,Coupé,2,,Gris,,,,,dealer,DELUXE AUTO,FR-06550 La Roquette sur Siagne,FR,2,https://prod.pictures.autoscout24.net/listing-images/48d0cad5-4c2d-4c00-a927-7a5f6f0100bf_267a62be-b7bb-4849-aa72-e6fd5d4fa6ce.jpg/250x188.webp,2026-08-03T05:31:33.848779,3.05,7
3b7ce5e8-8cdc-44cc-bc25-f068d228c900,https://www.autoscout24.fr/offres/3b7ce5e8-8cdc-44cc-bc25-f068d228c900,fr,Porsche,panamera,,Porsche PanameraSport Turismo 2.9 V6 462ch 4 E-Hybrid,72950,,True,2023,06-2023,102500,,used,hybrid,339,462,,,,20.0,,,Boîte automatique,Break,5,,Gris,,,,,dealer,,FR-92100 Boulogne Billancourt,FR,1,https://prod.pictures.autoscout24.net/listing-images/3b7ce5e8-8cdc-44cc-bc25-f068d228c900_d0dfa770-2ad1-4c97-8ee4-1d8243fe2788.jpg/250x188.webp,2026-08-03T05:31:33.848786,0.71,3
bf0170b1-3e58-46db-9c25-4de5a583f184,https://www.autoscout24.fr/offres/bf0170b1-3e58-46db-9c25-4de5a583f184,fr,Mercedes-Benz,cls,,Mercedes-Benz CLSCoupé CLS 220d - BVA 9G-Tronic AMG Line -,39990,,True,2021,05-2021,84964,,used,diesel,105,143,1950,,,5.7,,,Boîte automatique,Berline,4,,Gris,,,,,dealer,Triplo Auto,FR-19100 Brive La Gaillarde,FR,1,https://prod.pictures.autoscout24.net/listing-images/bf0170b1-3e58-46db-9c25-4de5a583f184_0ec34451-7de9-4ebd-9e09-99fd485d864e.jpg/250x188.webp,2026-08-03T05:31:33.848793,0.47,5
f9e64476-e99d-4304-aba2-32b8aa992366,https://www.autoscout24.fr/offres/f9e64476-e99d-4304-aba2-32b8aa992366,fr,Audi,a6,,Audi A6V 35 TDI 163ch Executive S tronic 7,27990,,True,2021,03-2021,108800,,used,diesel,119,163,,,,,,,Boîte automatique,Break,5,,Noir,,,,,dealer,LYS OCCASIONS 59,FR-59223 Roncq,FR,2,https://prod.pictures.autoscout24.net/listing-images/f9e64476-e99d-4304-aba2-32b8aa992366_d55c0bd3-105e-4e2f-bff2-f82ab6fda8bf.jpg/250x188.webp,2026-08-03T05:31:33.848800,0.26,5
3c4ae75e-0b47-44b0-af6b-bcb50759c7ed,https://www.autoscout24.fr/offres/3c4ae75e-0b47-44b0-af6b-bcb50759c7ed,fr,Land Rover,range rover evoque,,Land Rover Range Rover Evoque2.0 D 240CH R-DYNAMIC SE AWD,23900,,True,2019,09-2019,132699,1,used,diesel,176,240,1999,,,2156.0,,,Boîte automatique,SUV/4x4/Pick-Up,5,5,Blanc,,,,,dealer,Univers Motors SAS,FR-34740 VENDARGUES,FR,2,https://prod.pictures.autoscout24.net/listing-images/3c4ae75e-0b47-44b0-af6b-bcb50759c7ed_1615d794-e734-4c2d-9940-324dd2052676.jpg/250x188.webp,2026-08-03T05:31:33.848807,0.18,7
a1f6e3e8-cd36-4c7f-ac8b-6a1c699237b6,https://www.autoscout24.fr/offres/a1f6e3e8-cd36-4c7f-ac8b-6a1c699237b6,fr,Renault,grand scenic,,Renault Grand Scenic1.7 BLUEDCI 7 places 150 BVA CT Vierge,10990,,True,2020,10-2020,162000,,used,diesel,111,150,,,,20.0,,,Boîte automatique,Monospace,5,2,Noir,,,,,dealer,EWIGO NEUFCHATEAU,FR-88300 Neufchâteau,FR,1,https://prod.pictures.autoscout24.net/listing-images/a1f6e3e8-cd36-4c7f-ac8b-6a1c699237b6_a72dc546-db62-4622-8784-90a0912d7584.jpg/250x188.webp,2026-08-03T05:31:33.848814,0.07,6
bf7abef0-04e2-4964-b220-2498b844632a,https://www.autoscout24.fr/offres/bf7abef0-04e2-4964-b220-2498b844632a,fr,Porsche,718,,Porsche 718Boxster S 350 PDK,67990,,True,2018,08-2018,29145,,used,petrol,189,258,,,,20.0,,,Boîte automatique,Cabriolet,2,2,Noir,,,,,dealer,,FR-84100 Orange,FR,1,https://prod.pictures.autoscout24.net/listing-images/bf7abef0-04e2-4964-b220-2498b844632a_4e36f5a2-40ea-4f92-8e7c-8645114b7dc7.jpg/250x188.webp,2026-08-03T05:31:33.848821,2.33,8
3af35813-c543-4382-9cf7-264fff79c273,https://www.autoscout24.fr/offres/3af35813-c543-4382-9cf7-264fff79c273,fr,Mercedes-Benz,e 220,,Mercedes-Benz E 220coupe 220 d 9g-tronic amg line - suivi,29990,,True,2020,02-2020,114500,,used,diesel,143,194,,,,20.0,,,Boîte automatique,Coupé,,,Gris,,,,,dealer,,FR-54700 Les Ménils,FR,1,https://prod.pictures.autoscout24.net/listing-images/3af35813-c543-4382-9cf7-264fff79c273_89230426-4805-49b4-bc7a-c67b606e9ecc.jpg/250x188.webp,2026-08-03T05:31:33.848829,0.26,6
875b5fbf-8401-4441-8627-dfdb55ecce73,https://www.autoscout24.fr/offres/875b5fbf-8401-4441-8627-dfdb55ecce73,fr,BMW,340,,BMW 340(G20) 340d 3.0d - XDRIVE - 340CH - SUIVI COMPLET,49990,,True,2022,06-2022,46600,,used,hybrid,249,340,,,,20.0,,,Boîte automatique,Berline,5,5,Noir,,,,,dealer,,FR-69330 Meyzieu,FR,1,https://prod.pictures.autoscout24.net/listing-images/875b5fbf-8401-4441-8627-dfdb55ecce73_5f263054-d9a1-42cf-befa-d9bcb9310e0c.jpg/250x188.webp,2026-08-03T05:31:33.848836,1.07,4
df8beb03-0852-468f-a175-7cae8972f797,https://www.autoscout24.fr/offres/df8beb03-0852-468f-a175-7cae8972f797,fr,Mini,countryman c,,MINI Countryman CCooper SE 125ch + 95ch Essential ALL4 BVA,25990,,True,2023,08-2023,32300,,used,hybrid,91,125,,,,,,,Boîte automatique,SUV/4x4/Pick-Up,5,5,Blanc,,,,,dealer,BH CAR ANSE,FR-69480 Anse,FR,1,https://prod.pictures.autoscout24.net/listing-images/df8beb03-0852-468f-a175-7cae8972f797_9987ebb3-ae3c-4b0c-a32a-e1eeaf829c9a.jpg/250x188.webp,2026-08-03T05:31:33.848843,0.8,3
a00daf26-2810-4564-ab2e-c81069e2e324,https://www.autoscout24.fr/offres/a00daf26-2810-4564-ab2e-c81069e2e324,fr,Mercedes-Benz,glc 400,,Mercedes-Benz GLC 400400 EQ 489ch AMG Line 4Matic,81890,,True,2026,04-2026,9950,,used,electric,359,489,,,,20.0,,,Boîte automatique,SUV/4x4/Pick-Up,5,5,Argent Lavande métallisé,,,,,dealer,MERCEDES LA ROCHELLE - AUTOSPHERE,FR-17138 Puilboreau,FR,2,https://prod.pictures.autoscout24.net/listing-images/a00daf26-2810-4564-ab2e-c81069e2e324_e8fdac55-1bd2-4c9e-8aed-95c8c06fb5d5.jpg/250x188.webp,2026-08-03T05:31:33.848850,8.23,0
534b5861-faa7-4699-a138-548516210ad6,https://www.autoscout24.fr/offres/534b5861-faa7-4699-a138-548516210ad6,fr,Peugeot,3008,,Peugeot 3008HYBRID 225CH ALLURE PACK E-EAT8,16990,,True,2021,06-2021,83335,,used,hybrid,165,225,,,,20.0,,,Boîte automatique,SUV/4x4/Pick-Up,5,5,Noir,,,,,dealer,IDF AUTO,FR-95310 Saint Ouen l'Aumone,FR,1,https://prod.pictures.autoscout24.net/listing-images/534b5861-faa7-4699-a138-548516210ad6_998c7984-dcc3-416c-a658-ebd9e6141bb5.jpg/250x188.webp,2026-08-03T05:31:33.848858,0.2,5
96fa29fe-9673-4b48-8a36-110736cef291,https://www.autoscout24.fr/offres/96fa29fe-9673-4b48-8a36-110736cef291,fr,Toyota,hilux,,Toyota HiluxIV 4WD 2.4 D-4D 150 DOUBLE CABINE,32950,,True,2024,03-2024,84800,,used,diesel,110,149,,,,,,,Boîte manuelle,SUV/4x4/Pick-Up,4,5,Gris,,,,,dealer,,FR-94500 Champigny-sur-Marne,FR,1,https://prod.pictures.autoscout24.net/listing-images/96fa29fe-9673-4b48-8a36-110736cef291_11718d18-9659-4a31-aa8c-e81bf4ae1ef0.jpg/250x188.webp,2026-08-03T05:31:33.848864,0.39,2
b40a444e-41d8-459d-8a9f-1a537ea4a53d,https://www.autoscout24.fr/offres/b40a444e-41d8-459d-8a9f-1a537ea4a53d,fr,Hyundai,i20,,Hyundai i201.0 T-GDI 100CH HYBRID BUSINESS,13500,,True,2022,12-2022,42200,1,used,petrol,73,100,998,,,2114.0,automatic,,Boîte manuelle,Berline,5,5,Gris,,,,,dealer,Univers occasion sas,FR-24680 Gardonne,FR,2,https://prod.pictures.autoscout24.net/listing-images/b40a444e-41d8-459d-8a9f-1a537ea4a53d_8cad3cbd-d2af-4be0-8ad5-9ebbf9cc65cc.jpg/250x188.webp,2026-08-03T05:31:33.848871,0.32,4
0dac4860-8875-4bec-9294-ee641f95ce39,https://www.autoscout24.fr/offres/0dac4860-8875-4bec-9294-ee641f95ce39,fr,Land Rover,range rover velar,,Land Rover Range Rover VelarLand P400e P 400e Hybrid PHEV,36990,,True,2021,06-2021,61500,,used,hybrid,297,404,,,,20.0,,,Boîte automatique,SUV/4x4/Pick-Up,5,5,Blanc,,,,,dealer,DAVELGEN AUTOMOBILE,FR-13790 Peynier,FR,1,https://prod.pictures.autoscout24.net/listing-images/0dac4860-8875-4bec-9294-ee641f95ce39_55b83698-1480-49a1-9586-bbd0ed350450.jpg/250x188.webp,2026-08-03T05:31:33.848879,0.6,5
28c23d75-7ab4-40de-928a-fe0a03641906,https://www.autoscout24.fr/offres/28c23d75-7ab4-40de-928a-fe0a03641906,fr,Toyota,rav 4,,Toyota RAV 4HYBRIDE RECHARGEABLE 306CH COLLECTION AWD TVA,25900,,True,2022,04-2022,180226,1,used,hybrid,224,306,2487,,,222.0,,,Boîte automatique,SUV/4x4/Pick-Up,5,5,Gris,,,,,dealer,Univers Motors SAS,FR-34740 VENDARGUES,FR,2,https://prod.pictures.autoscout24.net/listing-images/28c23d75-7ab4-40de-928a-fe0a03641906_f1035031-2c01-4f8e-998d-4de3e2945af9.jpg/250x188.webp,2026-08-03T05:31:33.848886,0.14,4
d4207a4b-65cd-4f70-b47d-37ef7a8d387f,https://www.autoscout24.fr/offres/d4207a4b-65cd-4f70-b47d-37ef7a8d387f,fr,Audi,a6,,Audi A6avant 2.0 40 tdi 205ch s-line avus s-tronic,24990,,True,2021,09-2021,139000,,used,diesel,150,205,,,,20.0,,,Boîte automatique,Break,5,5,Rouge,,,,,dealer,,FR-26800 Valence,FR,1,https://prod.pictures.autoscout24.net/listing-images/d4207a4b-65cd-4f70-b47d-37ef7a8d387f_848ade5e-5513-42d2-b00e-54322de7ad47.jpg/250x188.webp,2026-08-03T05:31:33.848893,0.18,5
ada735cf-214f-4873-8861-a1999bb6b706,https://www.autoscout24.fr/offres/ada735cf-214f-4873-8861-a1999bb6b706,fr,Peugeot,3008,,Peugeot 30083008 BlueHDi 130ch S\u0026amp;S BVM6 Roadtrip,12290,,True,2021,07-2021,170000,,used,diesel,95,130,,,,2102.0,,,Boîte manuelle,SUV/4x4/Pick-Up,5,5,Rouge,,,,,dealer,,FR-74350 ALLONZIER-LA-CAILLE,FR,1,https://prod.pictures.autoscout24.net/listing-images/ada735cf-214f-4873-8861-a1999bb6b706_adbf0cea-52b4-408a-b2ad-0a1b3b680914.jpg/250x188.webp,2026-08-03T05:31:33.848900,0.07,5
c28d43a4-8ea4-45dd-8d66-1c3451c09045,https://www.autoscout24.fr/offres/c28d43a4-8ea4-45dd-8d66-1c3451c09045,fr,Cupra,formentor,,CUPRA FormentorSUV 1.5 TSI 150ch DSG7 Business Edition CD,18490,,True,2022,12-2022,111526,1,used,petrol,110,150,,,,2152.0,,,Boîte automatique,SUV/4x4/Pick-Up,5,5,Noir,,,,,dealer,CARZFLEET,FR-94500 Champigny sur marne,FR,2,https://prod.pictures.autoscout24.net/listing-images/c28d43a4-8ea4-45dd-8d66-1c3451c09045_a04affe4-9d8a-4a09-b9d7-9d0b5f205aa7.jpg/250x188.webp,2026-08-03T05:31:33.848908,0.17,4
952464bd-71fc-4022-b502-665af4b158d3,https://www.autoscout24.fr/offres/952464bd-71fc-4022-b502-665af4b158d3,fr,Peugeot,208,,Peugeot 208GTI 1.6 PureTech 208CV PANO,10490,,True,2018,02-2018,98500,,used,petrol,152,208,,,,20.0,,,Boîte manuelle,Citadine,3,5,Rouge,,,,,dealer,,FR-67530 Bœrsch,FR,1,https://prod.pictures.autoscout24.net/listing-images/952464bd-71fc-4022-b502-665af4b158d3_b9b45e8a-cf66-4df1-babc-e46d37aa4ad2.jpg/250x188.webp,2026-08-03T05:31:33.848915,0.11,8
171b778a-f416-4daf-b884-641b660b139d,https://www.autoscout24.fr/offres/171b778a-f416-4daf-b884-641b660b139d,fr,Mercedes-Benz,glc 200,,Mercedes-Benz GLC 200GLC 200 d 9G-Tronic AMG Line,33990,,True,2019,12-2019,49992,,used,diesel,120,163,,,,2135.0,,,Boîte automatique,SUV/4x4/Pick-Up,5,5,Noir,,,,,dealer,Simplicicar Nice,FR-06000 Nice,FR,2,https://prod.pictures.autoscout24.net/listing-images/171b778a-f416-4daf-b884-641b660b139d_a2dca62a-5e76-4986-8905-05458c8a6d6e.jpg/250x188.webp,2026-08-03T05:31:33.848922,0.68,7
83bfe689-5020-4ff5-a6a9-3bf297e5bb94,https://www.autoscout24.fr/offres/83bfe689-5020-4ff5-a6a9-3bf297e5bb94,fr,Renault,austral,,Renault AustralE-TECH 200 CV TECHNO 15825 HT PRIX EXPORT,15825,,True,2024,02-2024,148617,,used,hybrid,147,200,,,,,,,Boîte automatique,SUV/4x4/Pick-Up,5,5,Gris,,,,,dealer,,FR-78310 COIGNIERES,FR,1,https://prod.pictures.autoscout24.net/listing-images/83bfe689-5020-4ff5-a6a9-3bf297e5bb94_0c89dbb6-50f0-4260-8d4f-968417bbf893.jpg/250x188.webp,2026-08-03T05:31:33.848929,0.11,2
907bba1e-3118-405f-ab94-e4ee8d8a80a9,https://www.autoscout24.fr/offres/907bba1e-3118-405f-ab94-e4ee8d8a80a9,fr,BMW,x5 m,,BMW X5 MX5 M Competition 625ch BVA8,87990,,True,2023,11-2023,85780,1,used,petrol,459,625,4395,Euro 6e,,6.0,,,AWD,SUV/4x4/Pick-Up,5,5,Noir,,,,,dealer,AGENCE DV AUTOS,FR-06580 Pégomas,FR,2,https://prod.pictures.autoscout24.net/listing-images/907bba1e-3118-405f-ab94-e4ee8d8a80a9_aa9aa733-4c6d-4389-9ae7-f5722de713de.jpg/250x188.webp,2026-08-03T05:31:33.848936,1.03,3
3cca3b86-43e1-491d-986d-3db20e7fb528,https://www.autoscout24.fr/offres/3cca3b86-43e1-491d-986d-3db20e7fb528,fr,Land Rover,range rover evoque,,Land Rover Range Rover Evoque2.0 TD4 150 SE BVA MARK V,14990,,True,2018,11-2018,110000,,used,diesel,112,152,1999,,,2134.0,,,Boîte automatique,SUV/4x4/Pick-Up,5,5,Gris,,,,,dealer,,FR-83130 La Garde,FR,1,https://prod.pictures.autoscout24.net/listing-images/3cca3b86-43e1-491d-986d-3db20e7fb528_4ddbbd49-20b4-429d-9580-d30c9bfcfeab.png/250x188.webp,2026-08-03T05:31:33.848943,0.14,8
c247e4ee-4622-44fe-850e-0cd280daa2b9,https://www.autoscout24.fr/offres/c247e4ee-4622-44fe-850e-0cd280daa2b9,fr,BMW,x3,,BMW X3(G01) XDRIVE30E 292CH M SPORT,38990,,True,2023,07-2023,44239,,used,hybrid,214,292,,,,20.0,automatic,,Boîte automatique,SUV/4x4/Pick-Up,5,5,Gris,,,,,dealer,,FR-74380 Cranves-Sales,FR,1,https://prod.pictures.autoscout24.net/listing-images/c247e4ee-4622-44fe-850e-0cd280daa2b9_7903ce18-1872-4292-9755-63336593f70b.jpg/250x188.webp,2026-08-03T05:31:33.848950,0.88,3
fd712a92-15de-481c-b359-c90b7ea3b2c7,https://www.autoscout24.fr/offres/fd712a92-15de-481c-b359-c90b7ea3b2c7,fr,Ds Automobiles,ds 3 crossback,,DS Automobiles DS 3 Crossback1.2 PureTech 155 EAT8,10790,,True,2019,05-2019,88939,,used,petrol,83,114,,,,2121.0,,,Boîte automatique,SUV/4x4/Pick-Up,5,5,Noir,,,,,dealer,CapCar,FR-75002 PARIS,FR,2,https://prod.pictures.autoscout24.net/listing-images/fd712a92-15de-481c-b359-c90b7ea3b2c7_4a3cf1c8-1ac7-458d-b5b7-6d03dfa56a52.jpg/250x188.webp,2026-08-03T05:31:33.848958,0.12,7
10582ba6-5a33-4f67-8fdc-6aedfec4b44a,https://www.autoscout24.fr/offres/10582ba6-5a33-4f67-8fdc-6aedfec4b44a,fr,Volkswagen,polo,,Volkswagen Polo1.0 80CH,11490,,True,2021,08-2021,68000,,used,petrol,58,80,,,,20.0,,,Boîte manuelle,Citadine,5,5,Gris,,,,,dealer,VOGUE,FR-83160 LA VALETTE DU VAR,FR,1,https://prod.pictures.autoscout24.net/listing-images/10582ba6-5a33-4f67-8fdc-6aedfec4b44a_f225946f-6a6f-4720-8efb-ac96e6b1ec9b.jpg/250x188.webp,2026-08-03T05:31:33.848965,0.17,5
bdb9551a-2645-4ac2-8af0-583fb8d720aa,https://www.autoscout24.fr/offres/bdb9551a-2645-4ac2-8af0-583fb8d720aa,fr,Renault,talisman,,Renault Talisman2.0 Blue dCi 200ch Intens EDC,17999,,True,2020,11-2020,69217,,used,diesel,147,200,1997,,,,,,Boîte automatique,Berline,4,5,Noir Etoilé,,,,,dealer,RENAULT LONGWY - AUTOSPHERE,FR-54135 Mexy,FR,2,https://prod.pictures.autoscout24.net/listing-images/bdb9551a-2645-4ac2-8af0-583fb8d720aa_d5b7e732-17dd-4124-9fb4-2f8d415b2218.jpg/250x188.webp,2026-08-03T05:31:33.848972,0.26,6
6e0c4e73-c6a7-4ce6-ad9f-6d87dc25ac27,https://www.autoscout24.fr/offres/6e0c4e73-c6a7-4ce6-ad9f-6d87dc25ac27,fr,BMW,420,,BMW 420 I  SPORT,19990,,True,2019,03-2019,101392,,used,petrol,120,163,,,,,,,Boîte automatique,Berline,5,,Noir,,,,,dealer,De Angelis Autosport,FR-54190 Tiercelet,FR,2,https://prod.pictures.autoscout24.net/listing-images/6e0c4e73-c6a7-4ce6-ad9f-6d87dc25ac27_473cd5af-897e-4faa-b399-b94ab7b4da8c.jpg/250x188.webp,2026-08-03T05:31:33.848979,0.2,7
2f586cd7-40c9-4e7a-bd50-0f02a89bf499,https://www.autoscout24.fr/offres/2f586cd7-40c9-4e7a-bd50-0f02a89bf499,fr,Peugeot,3008,,Peugeot 3008II 1.6 THP 165 Gt LINE EAT6 + ENTRETIEN,13990,,True,2018,09-2018,67000,,used,petrol,89,122,,,,20.0,,,Boîte automatique,SUV/4x4/Pick-Up,5,5,Rouge,,,,,dealer,EWIGO NANCY,FR-54000 Nancy,FR,1,https://prod.pictures.autoscout24.net/listing-images/2f586cd7-40c9-4e7a-bd50-0f02a89bf499_94a9847b-6e6e-4f0b-af38-f0c83803bbdf.jpg/250x188.webp,2026-08-03T05:31:33.848987,0.21,8
4398c826-faf3-4e99-8ce8-650b76f5af99,https://www.autoscout24.fr/offres/4398c826-faf3-4e99-8ce8-650b76f5af99,fr,Mitsubishi,outlander,,Mitsubishi OutlanderOutlander 2.4l PHEV Twin Motor 4WD,17490,,True,2020,03-2020,62500,,used,hybrid,99,134,,,,240.0,,,AWD,SUV/4x4/Pick-Up,5,5,Gris,,,,,dealer,,FR-52100 Saint-Dizier,FR,1,https://prod.pictures.autoscout24.net/listing-images/4398c826-faf3-4e99-8ce8-650b76f5af99_1072cd23-f6b7-47e8-bebf-7e4bb7f7b0b5.jpg/250x188.webp,2026-08-03T05:31:33.848994,0.28,6
f4a31537-990c-4a05-8bed-7c128c255a53,https://www.autoscout24.fr/offres/f4a31537-990c-4a05-8bed-7c128c255a53,fr,Peugeot,3008,,Peugeot 3008GENERATION-II 1.5 BLUEHDI 130 ACTIVE BUSINESS,11490,,True,2018,04-2018,157000,,used,diesel,97,131,,,,20.0,,,Boîte manuelle,SUV/4x4/Pick-Up,5,5,Gris,,,,,dealer,MAORY MOTORS,FR-33260 La Teste-de-Buch,FR,1,https://prod.pictures.autoscout24.net/listing-images/f4a31537-990c-4a05-8bed-7c128c255a53_b82cc00c-21df-41b8-b5c8-e7a667d3dd91.jpg/250x188.webp,2026-08-03T05:31:33.849001,0.07,8
b77e6dfb-ea92-4ac3-ba5a-4c6ed234030f,https://www.autoscout24.fr/offres/b77e6dfb-ea92-4ac3-ba5a-4c6ed234030f,fr,Skoda,karoq,,Skoda KaroqKaroq 2.0 TDI 150 ch SCR DSG7,40710,,True,2026,08-2026,500,,used,diesel,110,150,1968,,,2131.0,,,Avant,SUV/4x4/Pick-Up,5,5,Gris,,,,,dealer,Saint Christophe Automobiles,FR-55000 Fains-veel,FR,2,https://prod.pictures.autoscout24.net/listing-images/b77e6dfb-ea92-4ac3-ba5a-4c6ed234030f_5dda52a1-3777-4108-afa2-80147093f93c.jpg/250x188.webp,2026-08-03T05:31:33.849009,81.42,0
ee896ced-801d-4023-9d99-ce58305ffc25,https://www.autoscout24.fr/offres/ee896ced-801d-4023-9d99-ce58305ffc25,fr,Renault,trafic,,Renault TraficVu FOURGON 2.0 DCI 145 1T2 L1H1 ENERGY,15790,,True,2019,10-2019,169559,,used,diesel,107,145,,,,20.0,,,Boîte automatique,Autres,5,3,Gris,,,,,dealer,,FR-78490 GALLUIS,FR,1,https://prod.pictures.autoscout24.net/listing-images/ee896ced-801d-4023-9d99-ce58305ffc25_38e5ad8c-0303-431b-aa77-8773645d0506.jpg/250x188.webp,2026-08-03T05:31:33.849016,0.09,7
a45007c7-b447-4530-a23f-7ec70fc11b4a,https://www.autoscout24.fr/offres/a45007c7-b447-4530-a23f-7ec70fc11b4a,fr,Land Rover,range rover,,Land Rover Range RoverLand 2.0 p400e hybrid 404cv 2018,33990,,True,2018,06-2018,102000,,used,hybrid,297,404,,,,20.0,,,Boîte automatique,SUV/4x4/Pick-Up,5,5,Noir,,,,,dealer,VENTOUX MOTORS,FR-84200 CARPENTRAS,FR,1,https://prod.pictures.autoscout24.net/listing-images/a45007c7-b447-4530-a23f-7ec70fc11b4a_2a302298-e847-473f-9a14-1636ff1bd9b1.jpg/250x188.webp,2026-08-03T05:31:33.849031,0.33,8
4141bc28-9e26-4f4e-b884-d078385f0323,https://www.autoscout24.fr/offres/4141bc28-9e26-4f4e-b884-d078385f0323,fr,Audi,rs4,,Audi RS4RS4 Avant V6 2.9 TFSI 450 ch Tiptronic 8 Quattro,77500,,True,2024,07-2024,29950,,used,petrol,330,450,2894,,,2223.0,,,Boîte automatique,Break,5,5,Noir,,,,,dealer,AUDI MONACO,FR-98000 Monaco,FR,2,https://prod.pictures.autoscout24.net/listing-images/4141bc28-9e26-4f4e-b884-d078385f0323_811a6176-9281-4380-ab45-b6bf9d50ba11.jpg/250x188.webp,2026-08-03T05:31:33.849084,2.59,2
c5a1e4ef-1c1a-448a-89ae-c4733f08b521,https://www.autoscout24.fr/offres/c5a1e4ef-1c1a-448a-89ae-c4733f08b521,fr,Hyundai,ioniq 5,,Hyundai IONIQ 5Ioniq 5 73 kWh - 218 ch,22990,,True,2022,04-2022,76023,,used,electric,73,99,,,,20.0,,,Arrière,SUV/4x4/Pick-Up,5,5,Noir,,,,,dealer,L'OCEANE AUTOMOBILES HYUNDAI LA ROCHE,FR-85000 Mouilleron-le-Captif,FR,2,https://prod.pictures.autoscout24.net/listing-images/c5a1e4ef-1c1a-448a-89ae-c4733f08b521_b442bfea-771c-46a9-80aa-17a096b19875.jpg/250x188.webp,2026-08-03T05:31:33.849093,0.3,4
2c734bac-bdba-4fd0-9056-6ab4663db06b,https://www.autoscout24.fr/offres/2c734bac-bdba-4fd0-9056-6ab4663db06b,fr,Jaguar,f-pace,,Jaguar F-PaceSVR 550cv-1ère Main,39890,,True,2021,07-2021,115674,1,used,petrol,404,550,4999,Euro 6d-TEMP,,6.0,,,AWD,SUV/4x4/Pick-Up,5,5,Gris,,,,,dealer,OXOTO,FR-59310 Auchy Lez Orchies,FR,2,https://prod.pictures.autoscout24.net/listing-images/2c734bac-bdba-4fd0-9056-6ab4663db06b_872844f7-8b3c-4611-b025-98a93d0f0fe5.jpg/250x188.webp,2026-08-03T05:31:33.849100,0.34,5
3603256f-5eeb-421a-b2d8-04f4c82bee75,https://www.autoscout24.fr/offres/3603256f-5eeb-421a-b2d8-04f4c82bee75,fr,Porsche,cayenne,,Porsche CayenneCOUPÉ E HYBRID 470CH PACK CARBONE DESIGN,95990,,True,2024,01-2024,58314,,used,hybrid,345,470,,,,20.0,,,Boîte automatique,SUV/4x4/Pick-Up,5,5,Gris,,,,,dealer,Quatre Vingt Dix Neuf,FR-42160 ANDREZIEUX-BOUTHEON,FR,2,https://prod.pictures.autoscout24.net/listing-images/3603256f-5eeb-421a-b2d8-04f4c82bee75_7e901b2a-fbd9-4695-9f8b-099776dc5ba2.jpg/250x188.webp,2026-08-03T05:31:33.849108,1.65,2
69826999-6b42-4e87-baad-884259a147e2,https://www.autoscout24.fr/offres/69826999-6b42-4e87-baad-884259a147e2,fr,Mercedes-Benz,gle 500,,Mercedes-Benz GLE 500Classe 3.0 500 e 449h 335 phev hybrid,26990,,True,2018,03-2018,146500,,used,hybrid,246,334,,,,20.0,,,Boîte automatique,SUV/4x4/Pick-Up,5,5,Noir,,,,,dealer,Ewigo Montrouge,FR-92120 Montrouge,FR,2,https://prod.pictures.autoscout24.net/listing-images/69826999-6b42-4e87-baad-884259a147e2_9ff9cd77-47c0-4913-bb76-ae02532e35e9.jpg/250x188.webp,2026-08-03T05:31:33.849115,0.18,8
394405d3-3d7f-48f0-9b65-cb0953f1ff57,https://www.autoscout24.fr/offres/394405d3-3d7f-48f0-9b65-cb0953f1ff57,fr,Citroen,c4,,Citroen C4feel 130 cv apple carplay camera de recul re main,12990,,True,2023,03-2023,13000,,used,petrol,95,130,,,,20.0,,,Boîte manuelle,Autres,,,Gris,,,,,dealer,TRANSAKAUTO MANOSQUE,FR-04100 MANOSQUE,FR,2,https://prod.pictures.autoscout24.net/listing-images/394405d3-3d7f-48f0-9b65-cb0953f1ff57_94dbefa3-f0c6-4523-bfdb-5e469285b243.jpg/250x188.webp,2026-08-03T05:31:33.849121,1.0,3
64c4c217-e6f0-40c7-8769-17d6018e702f,https://www.autoscout24.fr/offres/64c4c217-e6f0-40c7-8769-17d6018e702f,fr,Renault,clio,,Renault ClioClio TCe 100 LPG Evolution,11980,,True,2024,02-2024,71000,,used,petrol,74,100,,,,,,,Boîte manuelle,Citadine,5,5,Gris,,,,,dealer,TRANSAKAUTO AVIGNON,FR-84000 Avignon,FR,1,https://prod.pictures.autoscout24.net/listing-images/64c4c217-e6f0-40c7-8769-17d6018e702f_a847b4ec-d486-4505-bc94-e09083e9014e.jpg/250x188.webp,2026-08-03T05:31:33.849129,0.17,2
66db7686-7728-4ad8-9d7e-584c2c223464,https://www.autoscout24.fr/offres/66db7686-7728-4ad8-9d7e-584c2c223464,fr,Audi,a5,,Audi A540 TDI 190CH AVUS S TRONIC 7 EURO6D-T,23990,,True,2019,02-2019,111000,,used,diesel,139,190,,,,20.0,automatic,,Boîte automatique,Berline,5,4,Gris,,,,,dealer,,FR-67201 ECKBOLSHEIM,FR,1,https://prod.pictures.autoscout24.net/listing-images/66db7686-7728-4ad8-9d7e-584c2c223464_4b9a5aa7-b6dd-4b90-9844-c3bad9c3a655.jpg/250x188.webp,2026-08-03T05:31:33.849136,0.22,7
db31f475-c525-4bcc-9a18-77fe07ed9ed9,https://www.autoscout24.fr/offres/db31f475-c525-4bcc-9a18-77fe07ed9ed9,fr,Renault,clio,,Renault Clio1.0 TCe 90 Evolution PRIX HT POUR EXPORT DZ,11900,,True,2024,03-2024,39900,,used,petrol,66,89,999,,,5.0,,,Boîte manuelle,Berline,5,,Bleu,,,,,dealer,Autocenter81,FR-81580 Soual,FR,2,https://prod.pictures.autoscout24.net/listing-images/db31f475-c525-4bcc-9a18-77fe07ed9ed9_c6f19039-0350-4b96-b66f-ead21a2cb62b.jpg/250x188.webp,2026-08-03T05:31:33.849142,0.3,2
44abfa4a-4cee-42ac-9e50-1d823c059405,https://www.autoscout24.fr/offres/44abfa4a-4cee-42ac-9e50-1d823c059405,fr,Mercedes-Benz,a 250,,Mercedes-Benz A 250limousine 2.0 250 225 amg line 4matic,26490,,True,2020,07-2020,75500,,used,petrol,165,224,,,,20.0,,,Boîte automatique,Berline,4,5,Noir,,,,,dealer,,FR-68170 Rixheim,FR,1,https://prod.pictures.autoscout24.net/listing-images/44abfa4a-4cee-42ac-9e50-1d823c059405_8080e485-2257-4545-866b-4669ed9364d1.jpg/250x188.webp,2026-08-03T05:31:33.849149,0.35,6
4de29987-d26f-41c5-bc72-badc82d03a64,https://www.autoscout24.fr/offres/4de29987-d26f-41c5-bc72-badc82d03a64,fr,Peugeot,308,,Peugeot 3081.5 bluehdi 130ch s&s active business eat8,9990,,True,2019,02-2019,117500,,used,diesel,95,130,,,,20.0,,,Boîte automatique,Berline,5,5,Gris,,,,,dealer,AS AUTO 42,FR-42120 Le Coteau,FR,1,https://prod.pictures.autoscout24.net/listing-images/4de29987-d26f-41c5-bc72-badc82d03a64_fb2fa5b6-9f7b-4665-8e7c-3580e9ca1edc.jpg/250x188.webp,2026-08-03T05:31:33.849156,0.09,7
3046557a-2fdc-4dd0-b400-26692d33e9d3,https://www.autoscout24.fr/offres/3046557a-2fdc-4dd0-b400-26692d33e9d3,fr,Kia,sportage,,Kia SportageHybride,21990,,True,2022,03-2022,58500,,used,hybrid,111,150,,,,20.0,,,Boîte manuelle,SUV/4x4/Pick-Up,5,5,,,,,,dealer,GT CARS LYON,FR-69730 GENAY,FR,2,https://prod.pictures.autoscout24.net/listing-images/3046557a-2fdc-4dd0-b400-26692d33e9d3_f8e3ce36-6c2e-4c27-abc5-7107931a8b47.jpg/250x188.webp,2026-08-03T05:31:33.849164,0.38,4
a665c77a-9722-49d1-bb57-be897cef02e3,https://www.autoscout24.fr/offres/a665c77a-9722-49d1-bb57-be897cef02e3,fr,BMW,ix,,BMW iXxDrive 50 IX I20 Pack Sport PHASE 1,41990,,True,2021,11-2021,62000,,used,electric,385,523,,,,20.0,,,Boîte automatique,SUV/4x4/Pick-Up,5,,Gris,,,,,dealer,,FR-76140 Le Petit-Quevilly,FR,1,https://prod.pictures.autoscout24.net/listing-images/a665c77a-9722-49d1-bb57-be897cef02e3_834b264e-6fe0-440a-a4ff-aee977229c92.jpg/250x188.webp,2026-08-03T05:31:33.849172,0.68,5
f76d2791-2be3-40fc-bd87-d2262d428970,https://www.autoscout24.fr/offres/f76d2791-2be3-40fc-bd87-d2262d428970,fr,Opel,crossland x,,Opel Crossland X1.2 i 12V Turbo 130 ch Elegance,11990,,True,2023,04-2023,9000,,used,petrol,95,130,,,,91.0,,,Boîte automatique,Autres,5,5,Noir,,,,,dealer,AGENCE AUTOMOBILIERE SAINT-DIE,FR-88100 Sainte-Marguerite,FR,1,https://prod.pictures.autoscout24.net/listing-images/f76d2791-2be3-40fc-bd87-d2262d428970_660905ac-ed95-4e8d-8aa2-ebdabf10d8a3.jpg/250x188.webp,2026-08-03T05:31:33.849180,1.33,3
c51f0eab-cdfa-48b6-be38-68a7623aba4a,https://www.autoscout24.fr/offres/c51f0eab-cdfa-48b6-be38-68a7623aba4a,fr,Skoda,kamiq,,Skoda Kamiq1.0 TSI 110CH DSG 7 - MARS 2023 194.439 KMS,11880,,True,2023,03-2023,194439,,used,petrol,80,110,,,,,,,Boîte automatique,SUV/4x4/Pick-Up,,,Noir,,,,,dealer,,FR-75007 Paris,FR,1,https://prod.pictures.autoscout24.net/listing-images/c51f0eab-cdfa-48b6-be38-68a7623aba4a_2eb4d3b8-b6d2-4360-b850-128f3e3f4364.jpg/250x188.webp,2026-08-03T05:31:33.849186,0.06,3
b9d262be-e1a2-4b0a-8994-7faa7b81b9ea,https://www.autoscout24.fr/offres/b9d262be-e1a2-4b0a-8994-7faa7b81b9ea,fr,Alpina,xd3,,Alpina XD3/ BMW X3 xDrive30d,39900,,True,2018,12-2018,115600,,used,diesel,196,266,,,,2154.0,,,Boîte automatique,Autres,,,Noir,,,,,dealer,,FR-67460 SOUFFELWEYERSHEIM,FR,1,https://prod.pictures.autoscout24.net/listing-images/b9d262be-e1a2-4b0a-8994-7faa7b81b9ea_06b9179c-c6d6-4d11-a26c-e40749168c74.jpg/250x188.webp,2026-08-03T05:31:33.849193,0.35,8
e0aa6933-0702-4098-8d1e-9c39bf0323e0,https://www.autoscout24.fr/offres/e0aa6933-0702-4098-8d1e-9c39bf0323e0,fr,BMW,ix,,BMW iXxDrive50 523ch,47999,,True,2022,08-2022,86798,,used,electric,384,523,,,,20.0,,,AWD,SUV/4x4/Pick-Up,5,5,BMW Individual Storm Bay métal,,,,,dealer,BMW AIX EN PROVENCE - AUTOSPHERE,FR-13100 Aix en Provence,FR,2,https://prod.pictures.autoscout24.net/listing-images/e0aa6933-0702-4098-8d1e-9c39bf0323e0_ce072fab-ee8c-46a7-8772-2fe2b3912ceb.jpg/250x188.webp,2026-08-03T05:31:33.849200,0.55,4
1ac97964-653d-42ae-a09f-dd56fecf9af7,https://www.autoscout24.fr/offres/1ac97964-653d-42ae-a09f-dd56fecf9af7,fr,Peugeot,2008,,Peugeot 2008,15950,,True,2025,05-2025,16100,,used,petrol,74,100,,,,20.0,,,Boîte manuelle,SUV/4x4/Pick-Up,,,,,,,,dealer,GH,FR-59960 Neuville-en-Ferrain,FR,1,https://prod.pictures.autoscout24.net/listing-images/1ac97964-653d-42ae-a09f-dd56fecf9af7_85f1ad9c-c94c-4fdf-88d8-32f44b5c4c86.jpg/250x188.webp,2026-08-03T05:31:33.849208,0.99,1
1d7278fb-e90d-46df-a1b4-42d6d6fe1727,https://www.autoscout24.fr/offres/1d7278fb-e90d-46df-a1b4-42d6d6fe1727,fr,Skoda,kamiq,,Skoda Kamiq1.0 tsi 116 ch dsg7 active suivi complet,12590,,True,2020,09-2020,69900,,used,petrol,85,116,,,,20.0,,,Boîte automatique,SUV/4x4/Pick-Up,,,Bleu,,,,,dealer,Transak Auto Venelles,FR-13770 Venelles,FR,2,https://prod.pictures.autoscout24.net/listing-images/1d7278fb-e90d-46df-a1b4-42d6d6fe1727_6b6817cb-77ad-47d6-a6b4-d6530b7f2948.jpg/250x188.webp,2026-08-03T05:31:33.849215,0.18,6
5d99929c-1dc3-4611-9f24-a13e5cf1451c,https://www.autoscout24.fr/offres/5d99929c-1dc3-4611-9f24-a13e5cf1451c,fr,Peugeot,308,,Peugeot 3081.6i - 263Ch GTi by Peugeot Sport PHASE 2 -,28490,,True,2020,12-2020,33000,,used,petrol,193,263,1598,,,7.5,,,Boîte manuelle,Berline,5,,Bleu,,,,,dealer,,FR-81570 Vielmur-Sur-Agout,FR,1,https://prod.pictures.autoscout24.net/listing-images/5d99929c-1dc3-4611-9f24-a13e5cf1451c_9d8fe2da-2c43-44e9-bb15-fc460d8384ee.jpg/250x188.webp,2026-08-03T05:31:33.849222,0.86,6
0a6cb87d-9979-414f-bd24-eb9c5646f1c0,https://www.autoscout24.fr/offres/0a6cb87d-9979-414f-bd24-eb9c5646f1c0,fr,Mercedes-Benz,c 220,,Mercedes-Benz C 220220d Cabriolet - Amg line - 9G-tronic -,34989,,True,2021,06-2021,39000,,used,diesel,143,194,1950,,,5.4,,,Boîte automatique,Cabriolet,2,,Noir,,,,,dealer,AGENCY CAR REIMS,FR-51420 Cernay-lès-Reims,FR,1,https://prod.pictures.autoscout24.net/listing-images/0a6cb87d-9979-414f-bd24-eb9c5646f1c0_c93187c8-84c2-421b-8af9-669b2a121ebd.jpg/250x188.webp,2026-08-03T05:31:33.849229,0.9,5
f67fe986-57af-4552-a642-3729e74498f8,https://www.autoscout24.fr/offres/f67fe986-57af-4552-a642-3729e74498f8,fr,Suzuki,vitara,,Suzuki Vitara1.4 BOOSTERJET HYBRID 129 CH PRIVILEGE,16990,,True,2023,10-2023,48600,,used,hybrid,94,129,,,,,,,Boîte manuelle,Break,,,Gris,,,,,dealer,L'Agence Automobilière Villeneuve d'Ascq,FR-59290 Wasquehal,FR,1,https://prod.pictures.autoscout24.net/listing-images/f67fe986-57af-4552-a642-3729e74498f8_adc34b92-371b-492c-852b-d5e6c355879c.jpg/250x188.webp,2026-08-03T05:31:33.849244,0.35,3
7fc1fdbc-fc30-4d1f-a413-f2f12c010a45,https://www.autoscout24.fr/offres/7fc1fdbc-fc30-4d1f-a413-f2f12c010a45,fr,Mini,cooper countryman,,MINI Cooper CountrymanCOOPER D 150 CHILI BVA,17990,,True,2019,04-2019,97410,,used,diesel,110,150,,,,20.0,,,Boîte automatique,Citadine,5,5,Blanc,,,,,dealer,URBAUTO,FR-40000 MONT DE MARSAN,FR,1,https://prod.pictures.autoscout24.net/listing-images/7fc1fdbc-fc30-4d1f-a413-f2f12c010a45_df2640a7-0ee8-4d05-90d8-8a0b1d8277f3.jpg/250x188.webp,2026-08-03T05:31:33.849251,0.18,7
2795c3d5-4f79-4126-b577-8cf7a1928aaf,https://www.autoscout24.fr/offres/2795c3d5-4f79-4126-b577-8cf7a1928aaf,fr,Audi,q5,,Audi Q5S-Line 3.0 V6 231 45 TDI Quattro GPS Virtual Cuir,39990,,True,2019,11-2019,85135,,used,diesel,125,171,,,,20.0,automatic,,Boîte automatique,SUV/4x4/Pick-Up,5,,Noir,,,,,dealer,PFMOTORS,FR-57400 SARRALTROFF,FR,2,https://prod.pictures.autoscout24.net/listing-images/2795c3d5-4f79-4126-b577-8cf7a1928aaf_6e3e2b96-cb07-4af1-aac9-66c4dfa0867d.jpg/250x188.webp,2026-08-03T05:31:33.849258,0.47,7
87c49aaf-354a-4a5b-88e2-1418a848dcca,https://www.autoscout24.fr/offres/87c49aaf-354a-4a5b-88e2-1418a848dcca,fr,BMW,m550,,BMW M550M550d TOURING Xdrive 400ch (G31) BVA8,42900,,True,2018,09-2018,123678,,used,diesel,294,400,,,,2171.0,,,Boîte automatique,Break,5,5,Bleu,,,,,dealer,,FR-35137 PLEUMELEUC,FR,1,https://prod.pictures.autoscout24.net/listing-images/87c49aaf-354a-4a5b-88e2-1418a848dcca_8d135e8b-7688-4402-b2be-62ac96e14740.jpg/250x188.webp,2026-08-03T05:31:33.849265,0.35,8
17190011-1b08-42e5-96d4-5923697be8e0,https://www.autoscout24.fr/offres/17190011-1b08-42e5-96d4-5923697be8e0,fr,Peugeot,5008,,Peugeot 50081.6 THP 165ch SS EAT6 Allure,11480,,True,2018,03-2018,176000,,used,petrol,121,165,,,,2133.0,,,Boîte automatique,Monospace,5,7,Blanc,,,,,dealer,TRANSAKAUTO ANTIBES,FR-06160 Antibes,FR,2,https://prod.pictures.autoscout24.net/listing-images/17190011-1b08-42e5-96d4-5923697be8e0_d41089fc-5578-48af-a217-474777d15fbf.jpg/250x188.webp,2026-08-03T05:31:33.849272,0.07,8
c4d004ec-7c46-4d3f-8d9f-7df95692c889,https://www.autoscout24.fr/offres/c4d004ec-7c46-4d3f-8d9f-7df95692c889,fr,Tesla,model x,,Tesla Model XDUAL MOTOR 670CH LIVRAISON REPRISE CREDIT,69990,,True,2024,04-2024,44850,,used,electric,492,670,,,,20.0,,,Boîte automatique,SUV/4x4/Pick-Up,5,7,Blanc,,,,,dealer,Quatre Vingt Dix Neuf,FR-42160 ANDREZIEUX-BOUTHEON,FR,2,https://prod.pictures.autoscout24.net/listing-images/c4d004ec-7c46-4d3f-8d9f-7df95692c889_5a7ba3d8-3355-4338-b18f-343d83ee49cb.jpg/250x188.webp,2026-08-03T05:31:33.849279,1.56,2
323401c1-de25-47fa-b037-3a85fe3907d1,https://www.autoscout24.fr/offres/323401c1-de25-47fa-b037-3a85fe3907d1,fr,Mercedes-Benz,glc 220,,Mercedes-Benz GLC 220MERCEDES COUPE 220 d 9G-Tronic 4Matic,42990,,True,2021,06-2021,97200,,used,diesel,142,194,,,,20.0,,,Boîte automatique,SUV/4x4/Pick-Up,5,5,Noir,,,,,dealer,RM CONCEPT CAR,FR-59270 METEREN,FR,1,https://prod.pictures.autoscout24.net/listing-images/323401c1-de25-47fa-b037-3a85fe3907d1_e7080eb4-3f2a-4c04-bd8a-e5fef48279fb.jpg/250x188.webp,2026-08-03T05:31:33.849287,0.44,5
62420f37-7ab1-47be-86e8-653190fc4041,https://www.autoscout24.fr/offres/62420f37-7ab1-47be-86e8-653190fc4041,fr,Volvo,s60,,Volvo S60D3 150CH BUSINESS GEARTRONIC,9490,,True,2019,07-2019,161000,,used,diesel,110,150,,,,,,,Boîte automatique,Berline,5,,Gris,,,,,dealer,LOLAN MOBILITY,FR-85470 BRETIGNOLLES-SUR-MER,FR,1,https://prod.pictures.autoscout24.net/listing-images/62420f37-7ab1-47be-86e8-653190fc4041_3a871c2b-919c-46b7-aa95-e0a9eef374c3.jpg/250x188.webp,2026-08-03T05:31:33.849294,0.06,7
70741731-86c1-4c9b-8a7c-49890ea1e306,https://www.autoscout24.fr/offres/70741731-86c1-4c9b-8a7c-49890ea1e306,fr,BMW,x1,,BMW X12.0 D 190 LOUNGE SDRIVE BVA,12990,,True,2018,06-2018,199000,,used,diesel,140,190,,,,20.0,automatic,,Boîte automatique,SUV/4x4/Pick-Up,5,5,Noir,,,,,dealer,BH CAR LYON OUEST,FR-69530 Brignais,FR,1,https://prod.pictures.autoscout24.net/listing-images/70741731-86c1-4c9b-8a7c-49890ea1e306_d2c4db3f-a441-4bf8-800b-5992583e3419.jpg/250x188.webp,2026-08-03T05:31:33.849301,0.07,8
deeab414-6697-4ce2-a80a-568ded5ef24a,https://www.autoscout24.fr/offres/deeab414-6697-4ce2-a80a-568ded5ef24a,fr,Mercedes-Benz,v,,Mercedes-Benz VMercedes 220 D 179G LONG EXCLUSIVE 7G-TRONIC,34490,,True,2018,01-2018,128800,,used,diesel,120,163,,,,20.0,automatic,,Boîte automatique,Monospace,5,2,Noir,,,,,dealer,,FR-67201 ECKBOLSHEIM,FR,1,https://prod.pictures.autoscout24.net/listing-images/deeab414-6697-4ce2-a80a-568ded5ef24a_3df154c0-0a10-4d2d-8e85-3adeb1567bc5.jpg/250x188.webp,2026-08-03T05:31:33.849309,0.27,8
e981d401-dfcf-4e05-89ec-d5fa1dce5bc2,https://www.autoscout24.fr/offres/e981d401-dfcf-4e05-89ec-d5fa1dce5bc2,fr,Porsche,macan,,Porsche Macan2.9 V6 380 GTS,64990,,True,2021,08-2021,71024,,used,petrol,205,280,,,,,,,Boîte automatique,SUV/4x4/Pick-Up,5,,Gris,,,,,dealer,De Angelis Autosport,FR-54190 Tiercelet,FR,2,https://prod.pictures.autoscout24.net/listing-images/e981d401-dfcf-4e05-89ec-d5fa1dce5bc2_23a48e7c-1eb2-473f-8e1b-79f4fe650a81.jpg/250x188.webp,2026-08-03T05:31:33.849317,0.92,5
aa4fc3db-3378-48c0-b310-540134c78df1,https://www.autoscout24.fr/offres/aa4fc3db-3378-48c0-b310-540134c78df1,fr,Mercedes-Benz,eqe 350,,Mercedes-Benz EQE 350350 293 ch / CAMÉRA DE RECUL / VIRTUAL,41490,,True,2023,03-2023,58000,,used,electric,215,293,,,,20.0,,,Boîte automatique,Berline,4,5,Noir,,,,,dealer,Via Automobile Lille,FR-59650 Villeneuve d'Ascq,FR,1,https://prod.pictures.autoscout24.net/listing-images/aa4fc3db-3378-48c0-b310-540134c78df1_5f6bec53-5278-4857-9382-003a4fb867a8.jpg/250x188.webp,2026-08-03T05:31:33.849324,0.72,3
04a3be5b-2a1f-463e-8fc0-78bc521189b3,https://www.autoscout24.fr/offres/04a3be5b-2a1f-463e-8fc0-78bc521189b3,fr,BMW,440,,BMW 440serie gran-coupe 3.0 440i 326 m-sport bva garantie 6,33490,,True,2018,02-2018,51500,,used,petrol,240,326,,,,20.0,,,Boîte automatique,Coupé,5,5,Noir,,,,,dealer,Ewigo Colmar,FR-68000 COLMAR,FR,2,https://prod.pictures.autoscout24.net/listing-images/04a3be5b-2a1f-463e-8fc0-78bc521189b3_b6360a5d-d5f3-4c60-86a4-37f5d47010cf.jpg/250x188.webp,2026-08-03T05:31:33.849331,0.65,8
d27b231c-f571-4910-8614-fb4d33f27f7c,https://www.autoscout24.fr/offres/d27b231c-f571-4910-8614-fb4d33f27f7c,fr,Porsche,macan,,Porsche MacanGTS 381ch - 1ère main !,66900,,True,2020,12-2020,50400,,used,petrol,280,381,,,,2255.0,,,Boîte automatique,SUV/4x4/Pick-Up,,,Rouge,,,,,dealer,,FR-67460 SOUFFELWEYERSHEIM,FR,1,https://prod.pictures.autoscout24.net/listing-images/d27b231c-f571-4910-8614-fb4d33f27f7c_7d0bd821-2e13-4db9-9eb6-299a4c626262.jpg/250x188.webp,2026-08-03T05:31:33.849338,1.33,6
5564056b-fcd6-4c9d-95a6-cfba9d03627e,https://www.autoscout24.fr/offres/5564056b-fcd6-4c9d-95a6-cfba9d03627e,fr,Renault,grand scenic,,Renault Grand ScenicScénic dCi 130 Bose Edition 7 pl,9250,,True,2018,01-2018,154000,,used,diesel,96,130,1598,,,4.6,,,Boîte manuelle,Monospace,5,7,,,,,,dealer,Oliv Center Auto,FR-57880 Ham Sous Varsberg,FR,2,https://prod.pictures.autoscout24.net/listing-images/5564056b-fcd6-4c9d-95a6-cfba9d03627e_748d11da-36e9-47ac-8c49-1dbee931b260.jpg/250x188.webp,2026-08-03T05:31:33.849345,0.06,8
95d76e33-f28d-483c-88d7-5bac866a265b,https://www.autoscout24.fr/offres/95d76e33-f28d-483c-88d7-5bac866a265b,fr,Land Rover,range rover evoque,,Land Rover Range Rover EvoqueRange Rover Evoque eD4 150 BVM,12980,,True,2018,07-2018,124000,,used,diesel,110,149,,,,,,,Boîte manuelle,SUV/4x4/Pick-Up,5,5,Blanc,,,,,dealer,TRANSAKAUTO AVIGNON,FR-84000 Avignon,FR,1,https://prod.pictures.autoscout24.net/listing-images/95d76e33-f28d-483c-88d7-5bac866a265b_5bdd3208-8903-4032-8ee9-efa95a87be74.jpg/250x188.webp,2026-08-03T05:31:33.849352,0.1,8
a340fe36-abe4-4b36-9c6f-b4ef6da6edbd,https://www.autoscout24.fr/offres/a340fe36-abe4-4b36-9c6f-b4ef6da6edbd,fr,Citroen,c5 aircross,,Citroen C5 AircrossBLUEHDI 180CH S\u0026S SHINE EAT8,15900,,True,2018,10-2018,114500,,used,diesel,132,180,1997,,,2124.0,,,Boîte automatique,SUV/4x4/Pick-Up,5,5,Bleu,,,,,dealer,PGP,FR-77720 LA CHAPELLE GAUTHIER,FR,1,https://prod.pictures.autoscout24.net/listing-images/a340fe36-abe4-4b36-9c6f-b4ef6da6edbd_5e8d5a4c-36c2-42ad-9b1c-4c54d3f98cc6.jpg/250x188.webp,2026-08-03T05:31:33.849359,0.14,8
2ca65d1d-ec51-48a0-9d37-258f0411fcf6,https://www.autoscout24.fr/offres/2ca65d1d-ec51-48a0-9d37-258f0411fcf6,fr,Land Rover,range rover evoque,,Land Rover Range Rover Evoque2.0 TD4 180 Executive BVA Mark,16900,,True,2018,01-2018,137860,,used,diesel,133,180,,,,2134.0,,,Boîte automatique,SUV/4x4/Pick-Up,5,5,Gris,,,,,dealer,,FR-92800 Puteaux,FR,1,https://prod.pictures.autoscout24.net/listing-images/2ca65d1d-ec51-48a0-9d37-258f0411fcf6_4815d05a-bc9c-4bd6-aa38-94acfd949bcb.jpg/250x188.webp,2026-08-03T05:31:33.849366,0.12,8
b0eaf00f-0267-419c-8d47-4c2bfc78dfa4,https://www.autoscout24.fr/offres/b0eaf00f-0267-419c-8d47-4c2bfc78dfa4,fr,Mercedes-Benz,gla 200,,Mercedes-Benz GLA 200200d 2.2 cdi 136ch 7-g dct inspiration,17990,,True,2018,10-2018,85000,,used,diesel,99,136,,,,20.0,,,Boîte automatique,SUV/4x4/Pick-Up,,,Blanc,,,,,dealer,,FR-54700 Les Ménils,FR,1,https://prod.pictures.autoscout24.net/listing-images/b0eaf00f-0267-419c-8d47-4c2bfc78dfa4_3ec15f8f-69f4-416a-add4-7f5f54313eaa.jpg/250x188.webp,2026-08-03T05:31:33.849374,0.21,8
ab2e5dba-cc6f-45b8-b9ad-87d0d2de25ac,https://www.autoscout24.fr/offres/ab2e5dba-cc6f-45b8-b9ad-87d0d2de25ac,fr,Ineos,grenadier,,Ineos GrenadierSTATION WAGON FIELDMASTER DIESEL 250CH,59990,,True,2023,09-2023,27500,1,used,diesel,183,250,,,,,,,AWD,SUV/4x4/Pick-Up,5,5,Gris,,,,,dealer,,FR-88650 Saint Léonard,FR,1,https://prod.pictures.autoscout24.net/listing-images/ab2e5dba-cc6f-45b8-b9ad-87d0d2de25ac_7a7f2a51-6482-42dc-b6a8-08f69253428c.jpg/250x188.webp,2026-08-03T05:31:33.849382,2.18,3
75ea09a6-cedc-4f01-bc19-0537ba49ce55,https://www.autoscout24.fr/offres/75ea09a6-cedc-4f01-bc19-0537ba49ce55,fr,Peugeot,5008,,Peugeot 50081.2i PureTech 12V S\u0026S - 130 - BV EAT8  II,15790,,True,2020,06-2020,68500,,used,petrol,70,96,1199,,,6.8,,,Boîte automatique,SUV/4x4/Pick-Up,5,,Blanc,,,,,dealer,AUTO SENSE,FR-78680 Épône,FR,1,https://prod.pictures.autoscout24.net/listing-images/75ea09a6-cedc-4f01-bc19-0537ba49ce55_a1dc29d3-f9ba-4ff7-a228-b3a369ee3a35.jpg/250x188.webp,2026-08-03T05:31:33.849389,0.23,6
280661d5-688f-4ec6-bc0e-0fab13404d7d,https://www.autoscout24.fr/offres/280661d5-688f-4ec6-bc0e-0fab13404d7d,fr,Volkswagen,golf,,Volkswagen Golf2.0 TSI  300 GTI Clubsport  / CIEL ETOILÉ /,28490,,True,2021,09-2021,81000,,used,petrol,162,221,,,,,,,Boîte automatique,Berline,5,5,Noir,,,,,dealer,Via Automobile Lille,FR-59650 Villeneuve d'Ascq,FR,1,https://prod.pictures.autoscout24.net/listing-images/280661d5-688f-4ec6-bc0e-0fab13404d7d_13c7949d-0bd0-4fc3-87ec-3664a39a43c8.jpg/250x188.webp,2026-08-03T05:31:33.849396,0.35,5
0e900aa5-3ef2-437f-8589-af9d8f5cd4fa,https://www.autoscout24.fr/offres/0e900aa5-3ef2-437f-8589-af9d8f5cd4fa,fr,Hyundai,kona,,Hyundai KONA1.6 CRDI 115CH BUSINESS,8480,,True,2019,12-2019,204023,1,used,diesel,84,115,1598,,,2109.0,,,Boîte manuelle,SUV/4x4/Pick-Up,5,5,Blanc,,,,,dealer,Univers occasion sas,FR-24680 Gardonne,FR,2,https://prod.pictures.autoscout24.net/listing-images/0e900aa5-3ef2-437f-8589-af9d8f5cd4fa_facd38cd-fa72-482c-b6bb-a656d916d12a.jpg/250x188.webp,2026-08-03T05:31:33.849403,0.04,7
3322deb0-0489-46ed-b962-bb26f59924f6,https://www.autoscout24.fr/offres/3322deb0-0489-46ed-b962-bb26f59924f6,fr,Mercedes-Benz,c 180,,Mercedes-Benz C 180180 CDI C 180 BlueTec,17990,,True,2018,06-2018,112000,,used,diesel,85,115,,,,,,,Boîte automatique,Berline,4,5,Noir,,,,,dealer,,FR-59494 PETITE-FORET,FR,1,https://prod.pictures.autoscout24.net/listing-images/3322deb0-0489-46ed-b962-bb26f59924f6_6d2ce253-bccb-4575-9b81-b2863b68ba0e.jpg/250x188.webp,2026-08-03T05:31:33.849410,0.16,8
c1280b37-3e8f-42cb-aa97-7cf9d81b2bb5,https://www.autoscout24.fr/offres/c1280b37-3e8f-42cb-aa97-7cf9d81b2bb5,fr,Ds Automobiles,ds 7 crossback,,DS Automobiles DS 7 CrossbackBLUEHDI 180CH PERFORMANCE LINE,16900,,True,2020,01-2020,146000,,used,diesel,132,180,1997,,,2158.0,automatic,,Boîte automatique,SUV/4x4/Pick-Up,5,5,Blanc,,,,,dealer,PGP,FR-77720 LA CHAPELLE GAUTHIER,FR,1,https://prod.pictures.autoscout24.net/listing-images/c1280b37-3e8f-42cb-aa97-7cf9d81b2bb5_f817024c-f2c2-4694-ad80-e6a6e9606774.jpg/250x188.webp,2026-08-03T05:31:33.849417,0.12,6
20c7878e-5c0b-453e-82cc-7c172b60ceb5,https://www.autoscout24.fr/offres/20c7878e-5c0b-453e-82cc-7c172b60ceb5,fr,Peugeot,2008,,Peugeot 20081.6 BlueHDi - 100  Style gps + clim + radar AR,7490,,True,2018,04-2018,185428,,used,diesel,54,74,1560,,,3.7,,,Boîte manuelle,Break,5,,Gris,,,,,dealer,Triplo Auto,FR-19100 Brive La Gaillarde,FR,1,https://prod.pictures.autoscout24.net/listing-images/20c7878e-5c0b-453e-82cc-7c172b60ceb5_75cfdbf8-35cc-4072-8806-5e436fcf767b.jpg/250x188.webp,2026-08-03T05:31:33.849424,0.04,8
1ce348cb-8d2e-4132-8fb1-91f506fc2e63,https://www.autoscout24.fr/offres/1ce348cb-8d2e-4132-8fb1-91f506fc2e63,fr,Volvo,v60,,Volvo V60rdesign,15000,,True,2018,04-2018,156200,,used,diesel,140,190,,,,2120.0,,,Boîte automatique,Break,5,5,Rouge,,,,,dealer,GARAGE A.R.V.T.S.,FR-44770 Préfailles,FR,1,https://prod.pictures.autoscout24.net/listing-images/1ce348cb-8d2e-4132-8fb1-91f506fc2e63_65c76d7a-f456-4c54-b187-a50640065ab4.jpg/250x188.webp,2026-08-03T05:31:33.849432,0.1,8
84962574-5ce3-409f-988a-12ab2c7e2975,https://www.autoscout24.fr/offres/84962574-5ce3-409f-988a-12ab2c7e2975,fr,Audi,a3,,Audi A3A3 Sportback 30 TDI 116 Design Luxe**CUIR++XENON,13900,,True,2018,08-2018,108256,1,used,diesel,85,115,1598,Euro 6b,,6.0,automatic,,Avant,Berline,5,5,Bleu,,,,,dealer,RAMO CARS,FR-69330 Meyzieu,FR,2,https://prod.pictures.autoscout24.net/listing-images/84962574-5ce3-409f-988a-12ab2c7e2975_518ce476-ffd1-4dcc-82a4-e2da5a02008c.jpg/250x188.webp,2026-08-03T05:31:33.849439,0.13,8
8fbcac61-d3d5-4c83-8f2b-34975a706cdf,https://www.autoscout24.fr/offres/8fbcac61-d3d5-4c83-8f2b-34975a706cdf,fr,Ford,mustang mach-e,,Ford Mustang Mach-E72.6 KwH 269 Ch PREMIUM AWD SOH 94%,29990,,True,2023,12-2023,36000,,used,electric,197,269,,,,20.0,automatic,,Boîte automatique,SUV/4x4/Pick-Up,5,5,Bleu,,,,,dealer,Provauto,FR-13600 La Ciotat,FR,1,https://prod.pictures.autoscout24.net/listing-images/8fbcac61-d3d5-4c83-8f2b-34975a706cdf_53675db0-0e65-4d9c-b8c2-50d6e5ffde63.jpg/250x188.webp,2026-08-03T05:31:33.849462,0.83,3
e4119fa3-45ad-4903-94cd-83ede8d621e9,https://www.autoscout24.fr/offres/e4119fa3-45ad-4903-94cd-83ede8d621e9,fr,Peugeot,2008,,Peugeot 2008puretech 130 s eat8 roadtrip distri ok camera,12490,,True,2022,06-2022,82700,,used,petrol,,,,,,20.0,,,Boîte automatique,SUV/4x4/Pick-Up,,,Gris,,,,,dealer,Transak Auto Venelles,FR-13770 Venelles,FR,2,https://prod.pictures.autoscout24.net/listing-images/e4119fa3-45ad-4903-94cd-83ede8d621e9_57601d4a-42fd-465f-8fde-ac3e8f728ef8.jpg/250x188.webp,2026-08-03T05:31:33.849469,0.15,4
a08104e4-e3b3-4d3f-b510-561f1333fb54,https://www.autoscout24.fr/offres/a08104e4-e3b3-4d3f-b510-561f1333fb54,fr,BMW,118,,BMW 118II (F21,13790,,True,2019,01-2019,161989,,used,diesel,110,150,,,,2116.0,automatic,,Boîte automatique,Berline,5,5,Gris,,,,,dealer,CAR CAPITAL,FR-06210 Mandelieu-la-Napoule,FR,1,https://prod.pictures.autoscout24.net/listing-images/a08104e4-e3b3-4d3f-b510-561f1333fb54_3f85e90c-6622-42db-80fa-03f09dfaca43.jpg/250x188.webp,2026-08-03T05:31:33.849476,0.09,7
e455bc87-d2a2-463c-977a-d944dc209105,https://www.autoscout24.fr/offres/e455bc87-d2a2-463c-977a-d944dc209105,fr,Peugeot,208,,Peugeot 2081.2  110 FELINE TOIT PANORAMIQUE ENTRETIEN,5990,,True,2018,02-2018,96850,,used,petrol,81,110,,,,,,,Boîte manuelle,Berline,5,5,Gris,,,,,dealer,,FR-78310 COIGNIERES,FR,1,https://prod.pictures.autoscout24.net/listing-images/e455bc87-d2a2-463c-977a-d944dc209105_59698cb8-dec8-445a-bc78-6a956edf02da.jpg/250x188.webp,2026-08-03T05:31:33.849484,0.06,8
3f362e01-1915-4309-a90a-af986c999c8b,https://www.autoscout24.fr/offres/3f362e01-1915-4309-a90a-af986c999c8b,fr,Jeep,wrangler,,Jeep WranglerWrangler Unlimited 2.0 l T 272 ch 4x4 Overland,37000,,True,2019,12-2019,156000,1,used,petrol,199,272,2000,Euro 6d-TEMP,,6.0,automatic,,AWD,SUV/4x4/Pick-Up,4,2,Blanc,,,,,dealer,BUMPER,FR-13770 VENELLES,FR,2,https://prod.pictures.autoscout24.net/listing-images/3f362e01-1915-4309-a90a-af986c999c8b_a9c7a888-723b-4ea2-8807-182780038b32.jpg/250x188.webp,2026-08-03T05:31:33.849491,0.24,7
24bfc178-48a7-4d06-9bf3-cb3be0de190b,https://www.autoscout24.fr/offres/24bfc178-48a7-4d06-9bf3-cb3be0de190b,fr,Ds Automobiles,n°4,,DS Automobiles N°4E-TENSE 213CH 61KWH PALLAS (TOIT OUVRANT),28990,,True,2025,02-2025,2115,,used,electric,156,213,,,,20.0,,,Boîte automatique,Berline,5,5,VOL DE NUIT,,,,,dealer,NéOVéO,FR-69890 La Tour-de-Salvagny,FR,1,https://prod.pictures.autoscout24.net/listing-images/24bfc178-48a7-4d06-9bf3-cb3be0de190b_1d6d93b7-c43b-4df2-8c40-857f2627af58.png/250x188.webp,2026-08-03T05:31:33.849498,13.71,1
cd9c1058-13d0-4b91-b39b-a25781c66bf5,https://www.autoscout24.fr/offres/cd9c1058-13d0-4b91-b39b-a25781c66bf5,fr,Volkswagen,t-roc,,Volkswagen T-Roc1.0 tsi 110 active,15890,,True,2021,05-2021,89000,,used,petrol,81,110,,,,20.0,,,Boîte manuelle,SUV/4x4/Pick-Up,5,5,Gris,,,,,dealer,,FR-25000 Besancon,FR,1,https://prod.pictures.autoscout24.net/listing-images/cd9c1058-13d0-4b91-b39b-a25781c66bf5_be7bc5d3-c68f-411a-b102-e21eda585718.jpg/250x188.webp,2026-08-03T05:31:33.849505,0.18,5
257a74d4-72bc-4650-bcd3-8f7c4f42ce37,https://www.autoscout24.fr/offres/257a74d4-72bc-4650-bcd3-8f7c4f42ce37,fr,Peugeot,308,,Peugeot 3081.6 BlueHDi S\u0026S - 120 - BVA EAT6  GT Line,9999,,True,2018,02-2018,170000,,used,diesel,88,119,1560,,,3.9,,,Boîte automatique,Berline,5,,Blanc,,,,,dealer,AGENCY CAR REIMS,FR-51420 Cernay-lès-Reims,FR,1,https://prod.pictures.autoscout24.net/listing-images/257a74d4-72bc-4650-bcd3-8f7c4f42ce37_d1593c35-1a7c-4cae-a7c8-d611b7a24428.jpg/250x188.webp,2026-08-03T05:31:33.849513,0.06,8
dcae76c0-4379-44ca-b403-e5cc1e86e004,https://www.autoscout24.fr/offres/dcae76c0-4379-44ca-b403-e5cc1e86e004,fr,Peugeot,508,,Peugeot 508GENERATION-II 1.5 BLUEHDI 130 ALLURE START-STOP,10990,,True,2020,08-2020,107000,,used,diesel,96,130,,,,,,,Boîte manuelle,Berline,5,5,Bleu,,,,,dealer,Degrif Occasion,FR-64990 Mouguerre,FR,1,https://prod.pictures.autoscout24.net/listing-images/dcae76c0-4379-44ca-b403-e5cc1e86e004_0fb1297c-c65d-4ec9-a078-fd9216e3ed11.jpg/250x188.webp,2026-08-03T05:31:33.849520,0.1,6
c3917d93-dc34-4ded-aa80-1a66d1f95f42,https://www.autoscout24.fr/offres/c3917d93-dc34-4ded-aa80-1a66d1f95f42,fr,Citroen,c3,,Citroen C31.2 82cv distribution neuve superbe état,6490,,True,2019,05-2019,59850,,used,petrol,60,82,,,,20.0,,,Boîte manuelle,Citadine,5,5,Autre,,,,,dealer,HORUS CENTRE AUTO,FR-75008 Paris,FR,1,https://prod.pictures.autoscout24.net/listing-images/c3917d93-dc34-4ded-aa80-1a66d1f95f42_198792fa-f7b2-4bd6-a9f3-f4bfc7d1f8d0.jpg/250x188.webp,2026-08-03T05:31:33.849527,0.11,7
b99a83a3-9d55-46a2-921d-cbebf3d35e20,https://www.autoscout24.fr/offres/b99a83a3-9d55-46a2-921d-cbebf3d35e20,fr,Renault,clio,,Renault ClioV TCE 100ch Zen,9990,,True,2020,05-2020,92000,,used,petrol,73,100,,,,2117.0,,,Boîte manuelle,Citadine,5,,Noir,,,,,dealer,,FR-30132 Caissargues,FR,1,https://prod.pictures.autoscout24.net/listing-images/b99a83a3-9d55-46a2-921d-cbebf3d35e20_f71afb39-3c4f-47ec-a61a-a9b508a43df3.jpg/250x188.webp,2026-08-03T05:31:33.849535,0.11,6
ed7d68ad-791d-43aa-8446-75a890792ad8,https://www.autoscout24.fr/offres/ed7d68ad-791d-43aa-8446-75a890792ad8,fr,Peugeot,3008,,Peugeot 30082.0 BLUEHDI 180CH S&S GT EAT8,16990,,True,2019,01-2019,126604,,used,diesel,132,180,,,,20.0,,,Boîte automatique,SUV/4x4/Pick-Up,5,5,Noir,,,,,dealer,Cerran Automobile,FR-57150 Creutzwald,FR,1,https://prod.pictures.autoscout24.net/listing-images/ed7d68ad-791d-43aa-8446-75a890792ad8_89bd3ec4-5091-49b6-8dcf-55ed665ee230.jpg/250x188.webp,2026-08-03T05:31:33.849542,0.13,7
abc5f8bc-4728-4fc8-91f2-25fe4e317e6c,https://www.autoscout24.fr/offres/abc5f8bc-4728-4fc8-91f2-25fe4e317e6c,fr,BMW,x3,,BMW X3xDrive20dA 190ch  M Sport,34880,,True,2020,06-2020,77351,,used,diesel,139,190,1995,,,2154.0,,,Boîte automatique,SUV/4x4/Pick-Up,5,5,Noir,,,,,dealer,AUTO BIDAUD PERE ET FILS,FR-91200 ATHIS MONS,FR,1,https://prod.pictures.autoscout24.net/listing-images/abc5f8bc-4728-4fc8-91f2-25fe4e317e6c_3332c490-0a84-4b02-a36b-4d98ca2a907b.jpg/250x188.webp,2026-08-03T05:31:33.849550,0.45,6
c67761aa-4e32-48de-af65-2f942d33c0d4,https://www.autoscout24.fr/offres/c67761aa-4e32-48de-af65-2f942d33c0d4,fr,Cupra,leon,,CUPRA LeonVZ 2.0 TSI 300 DSG * Cuir* Beats Audio * ACC * Cam,26740,,True,2022,08-2022,88250,,used,petrol,221,300,,,,,,,Boîte automatique,Berline,,,Gris,,,,,dealer,SO Performance,FR-33150 Cenon,FR,2,https://prod.pictures.autoscout24.net/listing-images/c67761aa-4e32-48de-af65-2f942d33c0d4_26d9b4b7-3d40-4719-be37-d2350cd2d0bf.jpg/250x188.webp,2026-08-03T05:31:33.849557,0.3,4
ca6025ee-72a9-4b38-9f01-669e78ff8d8a,https://www.autoscout24.fr/offres/ca6025ee-72a9-4b38-9f01-669e78ff8d8a,fr,Peugeot,2008,,Peugeot 20082008 1.2 PureTech 110ch**GT LINE**CROSSWAY**FULL,8500,,True,2018,03-2018,116895,1,used,petrol,80,110,1199,Euro 6b,,6.0,automatic,,Avant,SUV/4x4/Pick-Up,5,5,Gris,,,,,dealer,RAMO CARS,FR-69330 Meyzieu,FR,2,https://prod.pictures.autoscout24.net/listing-images/ca6025ee-72a9-4b38-9f01-669e78ff8d8a_90f62699-6487-4417-85b3-f39ebbf23fa3.jpg/250x188.webp,2026-08-03T05:31:33.849564,0.07,8
65b0dd61-55eb-43cd-b881-6d0608945c13,https://www.autoscout24.fr/offres/65b0dd61-55eb-43cd-b881-6d0608945c13,fr,Ds Automobiles,ds 4,,DS Automobiles DS 4E-TENSE 225ch Esprit Voyage,26999,,True,2023,10-2023,24701,,used,hybrid,165,225,1598,,,,,,Boîte automatique,Berline,5,5,Noir Perla Nera (N),,,,,dealer,DS CHAMPNIERS-AUTOSPHERE,FR-16430 CHAMPNIERS,FR,2,https://prod.pictures.autoscout24.net/listing-images/65b0dd61-55eb-43cd-b881-6d0608945c13_6e4c74e7-f112-4f9e-8c27-25fce75aaf7b.jpg/250x188.webp,2026-08-03T05:31:33.849571,1.09,3
31b0d18a-b894-49ae-bec0-e3d6d7d11a5d,https://www.autoscout24.fr/offres/31b0d18a-b894-49ae-bec0-e3d6d7d11a5d,fr,Volkswagen,golf,,Volkswagen GolfVIII 1.5 TSI ACT 130 STYLE CARPLAY- CAMERA-,15990,,True,2020,09-2020,89000,,used,petrol,96,130,,,,20.0,,,Boîte manuelle,Berline,5,5,Gris,,,,,dealer,ELEGANCE AUTO 83,FR-83130 La Garde,FR,1,https://prod.pictures.autoscout24.net/listing-images/31b0d18a-b894-49ae-bec0-e3d6d7d11a5d_a6a2b637-0c65-4df4-8102-44eff16f1392.jpg/250x188.webp,2026-08-03T05:31:33.849578,0.18,6
d757e29e-424b-44ee-bf76-0072a7c13b28,https://www.autoscout24.fr/offres/d757e29e-424b-44ee-bf76-0072a7c13b28,fr,Jaguar,xe,,Jaguar XE2.0d r-sport toit pano %2B camere recul 2018 bva,12990,,True,2018,04-2018,192326,,used,diesel,132,180,,,,20.0,automatic,,Boîte automatique,Berline,4,5,Blanc,,,,,dealer,,FR-68310 Wittelsheim,FR,1,https://prod.pictures.autoscout24.net/listing-images/d757e29e-424b-44ee-bf76-0072a7c13b28_2617e183-4e00-4b0e-940b-93f896865e8f.jpg/250x188.webp,2026-08-03T05:31:33.849629,0.07,8
e36eccc1-52d6-4cd2-b20f-0eb6d11d3bce,https://www.autoscout24.fr/offres/e36eccc1-52d6-4cd2-b20f-0eb6d11d3bce,fr,BMW,m2,,BMW M2G87 Clubsport - Full PPF Origine France - Garantie 12,86900,,True,2024,06-2024,18500,,used,petrol,338,459,,,,,,,Boîte automatique,Coupé,4,4,Noir,,,,,dealer,SPIRIT OF RACING,FR-69890 La Tour-de-Salvagny,FR,1,https://prod.pictures.autoscout24.net/listing-images/e36eccc1-52d6-4cd2-b20f-0eb6d11d3bce_45e76b9e-87ba-449c-a07a-1034c5ceb8cd.jpg/250x188.webp,2026-08-03T05:31:33.849638,4.7,2
e06e0204-2132-4a35-9e59-8902732e0e8d,https://www.autoscout24.fr/offres/e06e0204-2132-4a35-9e59-8902732e0e8d,fr,Audi,rs6,,Audi RS6IV 4.0 TFSI 600 53CV QUATTRO TIPTRONIC 8,86900,,True,2023,09-2023,60900,,used,petrol,38,53,,,,2286.0,,,Boîte automatique,Break,5,5,Noir,,,,,dealer,AD SUPERCARS MONACO SARL,FR-98000 Monaco,FR,2,https://prod.pictures.autoscout24.net/listing-images/e06e0204-2132-4a35-9e59-8902732e0e8d_368d661a-f621-468d-8a1d-0e3efa446105.jpg/250x188.webp,2026-08-03T05:31:33.849645,1.43,3
1a78899b-ae1b-498c-a75a-fd81e4dcb243,https://www.autoscout24.fr/offres/1a78899b-ae1b-498c-a75a-fd81e4dcb243,fr,BMW,i4,,BMW i4SERIE GRAN COUPE EDRIVE 35 M SPORT BA,39480,,True,2024,11-2024,23500,,used,electric,211,286,,,,20.0,,,Boîte automatique,Coupé,5,5,Blanc,,,,,dealer,,FR-69730 Genay,FR,1,https://prod.pictures.autoscout24.net/listing-images/1a78899b-ae1b-498c-a75a-fd81e4dcb243_ce6955be-dbac-4a4e-b225-08fb6aeec5bd.jpg/250x188.webp,2026-08-03T05:31:33.849653,1.68,2
8f6d0758-6bb2-420a-a820-dc983d72a326,https://www.autoscout24.fr/offres/8f6d0758-6bb2-420a-a820-dc983d72a326,fr,Land Rover,range rover velar,,Land Rover Range Rover Velar2.0D 240CH S AWD BVA le prix,25900,,True,2020,08-2020,180991,1,used,diesel,176,240,1999,,,2165.0,,,Boîte automatique,SUV/4x4/Pick-Up,5,5,Noir,,,,,dealer,Univers Motors SAS,FR-34740 VENDARGUES,FR,2,https://prod.pictures.autoscout24.net/listing-images/8f6d0758-6bb2-420a-a820-dc983d72a326_1d906f4f-c368-44ed-974f-b301ce673336.jpg/250x188.webp,2026-08-03T05:31:33.849660,0.14,6
c87738eb-8b12-4d31-96f1-3e82dc9ab6bb,https://www.autoscout24.fr/offres/c87738eb-8b12-4d31-96f1-3e82dc9ab6bb,fr,Audi,q7,,Audi Q755 TFSI e 380 Tiptronic 8 Quattro S line 35 825 HT,42990,,True,2021,03-2021,93978,,used,hybrid,280,380,,,,20.0,,,Boîte automatique,SUV/4x4/Pick-Up,5,5,Noir,,,,,dealer,IMPERIAL CARS,FR-78790 Saint-Martin-des-Champs,FR,1,https://prod.pictures.autoscout24.net/listing-images/c87738eb-8b12-4d31-96f1-3e82dc9ab6bb_99a7f66a-03e9-4bac-a715-5917faa66e42.jpg/250x188.webp,2026-08-03T05:31:33.849667,0.46,5
1ec66e65-d011-4d5c-ad76-4159bd6407f7,https://www.autoscout24.fr/offres/1ec66e65-d011-4d5c-ad76-4159bd6407f7,fr,Citroen,c5 aircross,,Citroen C5 Aircross1.5 bluehdi 130 cv Feel,12490,,True,2019,10-2019,127500,,used,diesel,95,130,,,,2107.0,,,Boîte manuelle,SUV/4x4/Pick-Up,5,5,Gris,,,,,dealer,GARAGE CARRIAT,FR-01000 BOURG EN BRESSE,FR,1,https://prod.pictures.autoscout24.net/listing-images/1ec66e65-d011-4d5c-ad76-4159bd6407f7_f36ab690-462d-4e34-a625-66a31f375047.jpg/250x188.webp,2026-08-03T05:31:33.849674,0.1,7
33f4f37b-2837-4225-9585-1707671e9185,https://www.autoscout24.fr/offres/33f4f37b-2837-4225-9585-1707671e9185,fr,Peugeot,3008,,Peugeot 30081.5 BHDI Active Business,11990,,True,2018,06-2018,166000,,used,diesel,96,130,,,,,,,Boîte automatique,Autres,5,5,Noir,,,,,dealer,,FR-59494 PETITE-FORET,FR,1,https://prod.pictures.autoscout24.net/listing-images/33f4f37b-2837-4225-9585-1707671e9185_e0800d7b-2d70-48c8-902a-29f9d70a64a8.jpg/250x188.webp,2026-08-03T05:31:33.849689,0.07,8
1186070d-6103-4c71-b877-bf2c54a6d01b,https://www.autoscout24.fr/offres/1186070d-6103-4c71-b877-bf2c54a6d01b,fr,Mercedes-Benz,a 180,,Mercedes-Benz A 180180 d 7g-dct amg line to burmester,22990,,True,2019,06-2019,71500,,used,diesel,,,,,,20.0,,,Boîte automatique,Autres,,,Gris,,,,,dealer,Transak Auto Venelles,FR-13770 Venelles,FR,2,https://prod.pictures.autoscout24.net/listing-images/1186070d-6103-4c71-b877-bf2c54a6d01b_15e726f4-f96f-4bd2-b793-cb0a3135f5fd.jpg/250x188.webp,2026-08-03T05:31:33.849696,0.32,7
9c95cffb-f90e-4eec-9322-c6a2c8b6d3b1,https://www.autoscout24.fr/offres/9c95cffb-f90e-4eec-9322-c6a2c8b6d3b1,fr,Volkswagen,golf,,Volkswagen Golf2.0 TDI 180 cv BLUEMOTION GTD DSG7 I,22490,,True,2019,03-2019,72990,,used,diesel,132,180,,,,,,,Boîte automatique,Berline,5,5,Gris,,,,,dealer,,FR-91090 Lisses,FR,1,https://prod.pictures.autoscout24.net/listing-images/9c95cffb-f90e-4eec-9322-c6a2c8b6d3b1_6b2d0a42-1010-4527-85a0-c8fa3f741b8b.jpg/250x188.webp,2026-08-03T05:31:33.849703,0.31,7
4b9e0814-bbb5-4214-bcc1-8a27ec38e35c,https://www.autoscout24.fr/offres/4b9e0814-bbb5-4214-bcc1-8a27ec38e35c,fr,Mercedes-Benz,vito,,Mercedes-Benz VitoFOURGON 1.7 110 CDI 102 cv COMPACT L1 I,17490,,True,2021,06-2021,86990,,used,diesel,75,102,,,,,,,Boîte manuelle,Autres,4,3,Noir,,,,,dealer,,FR-91090 Lisses,FR,1,https://prod.pictures.autoscout24.net/listing-images/4b9e0814-bbb5-4214-bcc1-8a27ec38e35c_ba36f08b-3086-4e3c-b3e3-00dc4acefbd4.jpg/250x188.webp,2026-08-03T05:31:33.849709,0.2,5
c12df5c0-ee83-4286-b805-c18823aac34d,https://www.autoscout24.fr/offres/c12df5c0-ee83-4286-b805-c18823aac34d,fr,Peugeot,5008,,Peugeot 5008II 2.0 BlueHDi 177 EAT8 GT - Automatique Toit,20490,,True,2020,03-2020,98816,,used,diesel,130,176,,,,2166.0,automatic,,Boîte automatique,SUV/4x4/Pick-Up,5,7,Gris foncé,,,,,dealer,CapCar,FR-75002 PARIS,FR,2,https://prod.pictures.autoscout24.net/listing-images/c12df5c0-ee83-4286-b805-c18823aac34d_c609a941-8b00-4f61-9940-d818fc16d465.jpg/250x188.webp,2026-08-03T05:31:33.849716,0.21,6
19a90466-2c65-4cdd-a0c1-def23601ab0e,https://www.autoscout24.fr/offres/19a90466-2c65-4cdd-a0c1-def23601ab0e,fr,BMW,ix3,,BMW iX350 XDRIVE,81990,,True,2026,03-2026,6900,,used,electric,346,470,,,,20.0,,,Boîte automatique,SUV/4x4/Pick-Up,5,,Noir,,,,,dealer,,FR-34170 LATTES,FR,1,https://prod.pictures.autoscout24.net/listing-images/19a90466-2c65-4cdd-a0c1-def23601ab0e_3236afb1-43e5-44f4-b834-36e78f5e8851.jpg/250x188.webp,2026-08-03T05:31:33.849723,11.88,0
a43116ed-e35d-4f42-a3ea-4a514adc045c,https://www.autoscout24.fr/offres/a43116ed-e35d-4f42-a3ea-4a514adc045c,fr,Peugeot,308,,Peugeot 308GT 1.6 225 EAT8 - PHASE 2,14990,,True,2018,09-2018,74000,,used,petrol,166,225,,,,2133.0,,,Boîte automatique,Berline,5,5,Gris,,,,,dealer,,FR-42300 Roanne,FR,1,https://prod.pictures.autoscout24.net/listing-images/a43116ed-e35d-4f42-a3ea-4a514adc045c_93402130-40ce-49d3-abe0-27e1aeb9dfdd.jpg/250x188.webp,2026-08-03T05:31:33.849730,0.2,8
58c1410c-63a5-4e60-8bf6-add81430ee8e,https://www.autoscout24.fr/offres/58c1410c-63a5-4e60-8bf6-add81430ee8e,fr,Peugeot,208,,Peugeot 2081.2 PureTech 100ch S\u0026S Allure 118g,11999,,True,2020,09-2020,20192,,used,petrol,73,100,1199,,,,automatic,,Boîte manuelle,Citadine,5,5,Rouge Elixir,,,,,dealer,RENAULT THIONVILLE - AUTOSPHERE,FR-57100 Thionville,FR,2,https://prod.pictures.autoscout24.net/listing-images/58c1410c-63a5-4e60-8bf6-add81430ee8e_fb60a5dc-8b02-48d8-bad5-0618a8bcd79e.jpg/250x188.webp,2026-08-03T05:31:33.849738,0.59,6
4f1fd0d9-1e87-440e-9958-8f8c1023d5c4,https://www.autoscout24.fr/offres/4f1fd0d9-1e87-440e-9958-8f8c1023d5c4,fr,Audi,a3,,Audi A330 TFSI S line 1ERE MAIN,20990,,True,2022,01-2022,95000,,used,petrol,81,110,,,,299.0,automatic,,Boîte automatique,Berline,5,5,Noir,,,,,dealer,GIRO AUTOSPORT,FR-73800 Arbin,FR,1,https://prod.pictures.autoscout24.net/listing-images/4f1fd0d9-1e87-440e-9958-8f8c1023d5c4_f3d233ad-2640-4832-82dd-c99b8e587af3.jpg/250x188.webp,2026-08-03T05:31:33.849745,0.22,4
1d0fe3c3-4dfc-4221-8796-d4ed161e5fe5,https://www.autoscout24.fr/offres/1d0fe3c3-4dfc-4221-8796-d4ed161e5fe5,fr,BMW,x1,,BMW X1sDrive 18d - BVA Sport  xLine,23780,,True,2022,04-2022,106000,,used,diesel,,,1995,,,5.0,,,Boîte automatique,SUV/4x4/Pick-Up,5,,Noir,,,,,dealer,Garage des Stuarts Orléans,FR-45770 Saran,FR,1,https://prod.pictures.autoscout24.net/listing-images/1d0fe3c3-4dfc-4221-8796-d4ed161e5fe5_1e646f07-a477-42d0-9c0f-c84619d5792e.jpg/250x188.webp,2026-08-03T05:31:33.849751,0.22,4
eb6eaa3a-2137-42ab-ba64-68b097d13a2b,https://www.autoscout24.fr/offres/eb6eaa3a-2137-42ab-ba64-68b097d13a2b,fr,Kia,niro,,Kia Niro1.6 GDI 105CH ISG + ELECTRIQUE 43.5CH DCT6 / TEL /,15990,,True,2019,03-2019,52586,,used,hybrid,77,105,1580,,,279.0,,,Boîte automatique,Berline,5,5,Gris,,,,,dealer,AUTO REFERENCE,FR-62136 LESTREM,FR,2,https://prod.pictures.autoscout24.net/listing-images/eb6eaa3a-2137-42ab-ba64-68b097d13a2b_aab2aa31-b022-4501-9269-69118cf482c7.jpg/250x188.webp,2026-08-03T05:31:33.849759,0.3,7
2dad13c5-b56a-4297-a01c-d99bef2f63d3,https://www.autoscout24.fr/offres/2dad13c5-b56a-4297-a01c-d99bef2f63d3,fr,Alfa Romeo,tonale,,Alfa Romeo TonaleTI 1.5 mHEV 160 VGT TCT,25990,,True,2022,12-2022,14,,new,petrol,118,160,1469,,,5.0,,,Boîte automatique,SUV/4x4/Pick-Up,5,,Noir,,,,,dealer,DELUXE AUTO,FR-06550 La Roquette sur Siagne,FR,2,https://prod.pictures.autoscout24.net/listing-images/2dad13c5-b56a-4297-a01c-d99bef2f63d3_8ddd987c-5ea0-408a-bf80-263bd6869bd9.jpg/250x188.webp,2026-08-03T05:31:33.849766,1856.43,4
ab91388f-1229-4621-995a-05e3c7e61729,https://www.autoscout24.fr/offres/ab91388f-1229-4621-995a-05e3c7e61729,fr,Peugeot,2008,,Peugeot 2008ii 1.5 blue hdi 130 allure eat8 2021,15990,,True,2021,08-2021,70100,,used,diesel,97,131,,,,20.0,automatic,,Boîte automatique,SUV/4x4/Pick-Up,5,5,Noir,,,,,dealer,RH AUTO,FR-77165 Saint-Soupplets,FR,1,https://prod.pictures.autoscout24.net/listing-images/ab91388f-1229-4621-995a-05e3c7e61729_c3697788-4402-4af3-afc0-839d6791bb13.jpg/250x188.webp,2026-08-03T05:31:33.849773,0.23,5
91141c24-f920-4b26-8808-d1029440acaa,https://www.autoscout24.fr/offres/91141c24-f920-4b26-8808-d1029440acaa,fr,Peugeot,308,,PEUGEOT 308 SW 1.6 BlueHDi 120ch S\u0026amp;S EAT6 GT Line,8490,,True,2018,07-2018,169000,,used,diesel,88,120,,,,,,,AWD,Break,5,5,Noir,,,,,dealer,TRANSAKAUTO AVIGNON,FR-84000 Avignon,FR,1,https://prod.pictures.autoscout24.net/listing-images/91141c24-f920-4b26-8808-d1029440acaa_020d0e8f-ddb5-4834-b070-c3bb006802ee.jpg/250x188.webp,2026-08-03T05:31:33.849780,0.05,8
907617b8-b20e-48fa-acc9-3b780cbca4b2,https://www.autoscout24.fr/offres/907617b8-b20e-48fa-acc9-3b780cbca4b2,fr,Peugeot,508,,Peugeot 5082.0 bluehdi 163 gt line toit ouvrant camera,15990,,True,2019,07-2019,99800,,used,diesel,,,,,,20.0,,,Boîte automatique,Autres,,,Gris,,,,,dealer,,FR-30140 Bagard,FR,1,https://prod.pictures.autoscout24.net/listing-images/907617b8-b20e-48fa-acc9-3b780cbca4b2_4cc6f5e6-c048-43c1-abf2-d9a0f16cb775.jpg/250x188.webp,2026-08-03T05:31:33.849788,0.16,7
e40841cc-23e7-489e-8a50-0085f0b075c3,https://www.autoscout24.fr/offres/e40841cc-23e7-489e-8a50-0085f0b075c3,fr,Skoda,superb,,Skoda SuperbSuperb 1.6 TDI 120 DSG7 Style,12990,,True,2018,10-2018,168358,,used,diesel,88,119,,,,4.2,,,Semi-automatique,Berline,5,5,Noir,,,,,dealer,,FR-21220 Gevrey-Chambertin,FR,1,https://prod.pictures.autoscout24.net/listing-images/e40841cc-23e7-489e-8a50-0085f0b075c3_adf833e0-0392-4dd5-8aa4-37bd324497e3.jpg/250x188.webp,2026-08-03T05:31:33.849796,0.08,8
85dcf4c9-7b5c-4f5a-b291-a1f1ae09b652,https://www.autoscout24.fr/offres/85dcf4c9-7b5c-4f5a-b291-a1f1ae09b652,fr,Nissan,micra,,Nissan MicraMicra IG 71 Visia Pack,4899,,True,2019,07-2019,177000,1,used,petrol,52,70,999,Euro 6d-TEMP,,6.0,,,Boîte manuelle,Berline,5,5,Blanc,,,,,dealer,Saar Auto,FR-57350 Stiring-Wendel,FR,1,https://prod.pictures.autoscout24.net/listing-images/85dcf4c9-7b5c-4f5a-b291-a1f1ae09b652_38fd18a7-3588-4836-90d7-e0314e08f5e9.jpg/250x188.webp,2026-08-03T05:31:33.849803,0.03,7
8a4f59e7-1c19-4c90-bea7-ac8cabb937af,https://www.autoscout24.fr/offres/8a4f59e7-1c19-4c90-bea7-ac8cabb937af,fr,Isuzu,d-max,,Isuzu D-Max1.9 TD 163 DOUBLE CABINE,26950,,True,2022,04-2022,179800,,used,diesel,120,163,,,,,,,Boîte automatique,Autres,4,5,Blanc,,,,,dealer,,FR-94500 Champigny-sur-Marne,FR,1,https://prod.pictures.autoscout24.net/listing-images/8a4f59e7-1c19-4c90-bea7-ac8cabb937af_d7611804-bcdc-42b3-b1a6-a4b0c28c6783.jpg/250x188.webp,2026-08-03T05:31:33.849810,0.15,4
dfe20d62-d06e-4ca9-b1f5-5ceaa503546b,https://www.autoscout24.fr/offres/dfe20d62-d06e-4ca9-b1f5-5ceaa503546b,fr,Cupra,ateca,,CUPRA Ateca2.0 TSI 300cv Maxton design,26990,,True,2019,07-2019,54500,,used,petrol,220,300,,,,20.0,,,Boîte manuelle,SUV/4x4/Pick-Up,,,Noir,,,,,dealer,,FR-67530 Bœrsch,FR,1,https://prod.pictures.autoscout24.net/listing-images/dfe20d62-d06e-4ca9-b1f5-5ceaa503546b_6132f22d-9968-4953-9569-e2489ef2c68d.jpg/250x188.webp,2026-08-03T05:31:33.849818,0.5,7
44b1c336-28f5-4d9f-aad8-aa5f47f7d4fe,https://www.autoscout24.fr/offres/44b1c336-28f5-4d9f-aad8-aa5f47f7d4fe,fr,Audi,q5,,Audi Q535 TDI advanced LED Navi AHK,29480,,True,2022,06-2022,79992,1,used,diesel,120,163,1968,Euro 6d,,6.0,,,Avant,SUV/4x4/Pick-Up,5,5,Blanc,,,,,dealer,,FR-67480 Strasbourg,FR,1,https://prod.pictures.autoscout24.net/listing-images/44b1c336-28f5-4d9f-aad8-aa5f47f7d4fe_199fa701-10a1-49db-a3c6-0e960b721cd1.jpg/250x188.webp,2026-08-03T05:31:33.849825,0.37,4
de6dfbfc-eed6-4ccb-9c4f-bb4e4b7b1416,https://www.autoscout24.fr/offres/de6dfbfc-eed6-4ccb-9c4f-bb4e4b7b1416,fr,BMW,x2,,BMW X2xDrive,22990,,True,2020,09-2020,53600,,used,petrol,141,191,,,,,,,Boîte automatique,SUV/4x4/Pick-Up,,,Gris,,,,,dealer,SO Performance,FR-33150 Cenon,FR,2,https://prod.pictures.autoscout24.net/listing-images/de6dfbfc-eed6-4ccb-9c4f-bb4e4b7b1416_8e694aaa-a269-4dfa-bb5f-1b71b5e9fb93.jpg/250x188.webp,2026-08-03T05:31:33.849832,0.43,6
e4eab7ba-9909-46b7-af4f-81b6e98b1382,https://www.autoscout24.fr/offres/e4eab7ba-9909-46b7-af4f-81b6e98b1382,fr,Mercedes-Benz,s 400,,Mercedes-Benz S 400400 d 340ch Executive L 4Matic 9G-Tronic,44900,,True,2019,05-2019,113000,,used,diesel,249,340,2925,,,2154.0,,,Boîte automatique,Berline,4,5,Noir,,,,,dealer,,FR-43700 SAINT GERMAIN LAPRADE,FR,1,https://prod.pictures.autoscout24.net/listing-images/e4eab7ba-9909-46b7-af4f-81b6e98b1382_d160e700-1bb7-483b-bb95-52b344b6dd03.jpg/250x188.webp,2026-08-03T05:31:33.849840,0.4,7
6d385d1c-122e-4ec7-b343-1174af87fc91,https://www.autoscout24.fr/offres/6d385d1c-122e-4ec7-b343-1174af87fc91,fr,Audi,a1,,Audi A1A1 Sportback 25 TFSI 95 ch BVM5,19500,,True,2023,05-2023,31000,,used,petrol,69,95,999,,,2129.0,,,Avant,Autres,5,5,Noir,,,,,dealer,AUDI MONACO,FR-98000 Monaco,FR,2,https://prod.pictures.autoscout24.net/listing-images/6d385d1c-122e-4ec7-b343-1174af87fc91_7c4981c7-7617-435c-a32e-118a9b727565.jpg/250x188.webp,2026-08-03T05:31:33.849847,0.63,3
495886f2-1f45-4466-afa5-8ba448bc3be0,https://www.autoscout24.fr/offres/495886f2-1f45-4466-afa5-8ba448bc3be0,fr,Volkswagen,golf,,Volkswagen Golf7 gte 1.4 tsi phase 2,15490,,True,2020,03-2020,129870,,used,hybrid,151,205,,,,20.0,,,Boîte automatique,Break,,,Gris,,,,,dealer,VENTOUX MOTORS,FR-84200 CARPENTRAS,FR,1,https://prod.pictures.autoscout24.net/listing-images/495886f2-1f45-4466-afa5-8ba448bc3be0_7ef9b361-a35c-42fc-a557-cc9f0a9a7930.jpg/250x188.webp,2026-08-03T05:31:33.849854,0.12,6
de7759f1-5a0b-4f5b-834e-7b7da084d471,https://www.autoscout24.fr/offres/de7759f1-5a0b-4f5b-834e-7b7da084d471,fr,Skoda,fabia,,Skoda Fabia1.0 TSI 95 Selection PRIX HT POUR EXPORT DZ,12900,,True,2025,05-2025,19200,,used,petrol,70,95,999,,,5.0,,,Boîte manuelle,Berline,5,,Gris,,,,,dealer,Autocenter81,FR-81580 Soual,FR,2,https://prod.pictures.autoscout24.net/listing-images/de7759f1-5a0b-4f5b-834e-7b7da084d471_5b64fe6f-6416-443d-8b5e-882944d19c02.jpg/250x188.webp,2026-08-03T05:31:33.849861,0.67,1
62c99a80-c597-46c4-b907-0b0f4d9dcd08,https://www.autoscout24.fr/offres/62c99a80-c597-46c4-b907-0b0f4d9dcd08,fr,Peugeot,3008,,Peugeot 30083008 Hybrid4 300 e-EAT8 GT Line,12900,,True,2020,10-2020,99000,,used,hybrid,220,299,1598,Euro 6d-TEMP,,6.0,automatic,,AWD,SUV/4x4/Pick-Up,5,5,Blanc,,,,,dealer,ALP AUTOMOTIVE,FR-38650 Sinard,FR,2,https://prod.pictures.autoscout24.net/listing-images/62c99a80-c597-46c4-b907-0b0f4d9dcd08_aab4f1dd-8489-462c-aa4b-ab0a0399bb52.jpg/250x188.webp,2026-08-03T05:31:33.849868,0.13,6
af1d5360-5ba4-4279-a461-b000b92b4821,https://www.autoscout24.fr/offres/af1d5360-5ba4-4279-a461-b000b92b4821,fr,Lexus,nx 300,,Lexus NX 300300 H BUSINESS / SUIVI COMPLET / CARPLAY /,19900,,True,2018,09-2018,134000,,used,hybrid,2786,3790,,,,20.0,,,Boîte automatique,SUV/4x4/Pick-Up,,,Blanc,,,,,dealer,CAR VIBE,FR-13790 Châteauneuf-le-Rouge,FR,1,https://prod.pictures.autoscout24.net/listing-images/af1d5360-5ba4-4279-a461-b000b92b4821_96d4de15-a1f6-43db-bda5-cc09f818ebea.jpg/250x188.webp,2026-08-03T05:31:33.849875,0.15,8
3b655f83-e6b0-4bb3-ab84-3eeb8edd33d3,https://www.autoscout24.fr/offres/3b655f83-e6b0-4bb3-ab84-3eeb8edd33d3,fr,Volkswagen,golf,,Volkswagen GolfVII GTI Performance 2.0 TSI 245 DSG 7,22490,,True,2019,10-2019,76164,3,used,petrol,180,244,1984,,,7.0,automatic,,Boîte automatique,Berline,5,,Blanc,,,,,dealer,DELUXE AUTO,FR-06550 La Roquette sur Siagne,FR,2,https://prod.pictures.autoscout24.net/listing-images/3b655f83-e6b0-4bb3-ab84-3eeb8edd33d3_07fb7829-3c9a-4443-97f2-0aeac9f6e6df.jpg/250x188.webp,2026-08-03T05:31:33.849882,0.3,7
e7fbed6f-dce4-4278-ab27-6a13dfd4337d,https://www.autoscout24.fr/offres/e7fbed6f-dce4-4278-ab27-6a13dfd4337d,fr,Volkswagen,golf,,Volkswagen Golf1.5 TSI ACT OPF - 130 VIII BERLINE Life 1st,18500,,True,2021,10-2021,41000,,used,petrol,96,130,,,,2123.0,,,Boîte manuelle,Berline,5,5,Noir,,,,,dealer,DRIVE ON,FR-01390 Saint-André-de-Corcy,FR,1,https://prod.pictures.autoscout24.net/listing-images/e7fbed6f-dce4-4278-ab27-6a13dfd4337d_62ee2012-2492-44e6-9406-eae2c8b7a48f.jpg/250x188.webp,2026-08-03T05:31:33.849890,0.45,5
1473f692-2858-4a55-85ab-34dadb6722c2,https://www.autoscout24.fr/offres/1473f692-2858-4a55-85ab-34dadb6722c2,fr,Honda,civic,,Honda Civicx (2) 1.5 i-vtec 182 executive 4p tbe garantie,14450,,True,2018,03-2018,166950,,used,petrol,134,182,,,,20.0,,,Boîte automatique,Berline,4,5,Gris,,,,,dealer,FRIDELLA AUTOMOBILE,FR-92500 Rueil Malmaison,FR,2,https://prod.pictures.autoscout24.net/listing-images/1473f692-2858-4a55-85ab-34dadb6722c2_a47c7a7f-3f7c-46bf-b90b-7da5495445e4.jpg/250x188.webp,2026-08-03T05:31:33.849897,0.09,8
1acb3a5e-99a7-4883-a968-3a13bc92383f,https://www.autoscout24.fr/offres/1acb3a5e-99a7-4883-a968-3a13bc92383f,fr,BMW,230,,BMW 230Coupe (F22) 230I LCI 2018 252ch M Sport entretien,28990,,True,2018,10-2018,89555,,used,petrol,185,252,,,,2132.0,,,Boîte automatique,Coupé,2,4,Blanc,,,,,dealer,,FR-06370 MOUANS-SARTOUX,FR,1,https://prod.pictures.autoscout24.net/listing-images/1acb3a5e-99a7-4883-a968-3a13bc92383f_b041984c-7fd0-4434-b2fa-5caa6206543f.jpg/250x188.webp,2026-08-03T05:31:33.849904,0.32,8
f80407a4-57e3-4bb8-8339-f8b9c1802659,https://www.autoscout24.fr/offres/f80407a4-57e3-4bb8-8339-f8b9c1802659,fr,Skoda,fabia,,Skoda FabiaIII 3 BREAK AMBITION 1.0l TSI 95CH DSG7 SIEGES,13990,,True,2023,04-2023,31000,,used,petrol,69,95,,,,2123.0,,,Boîte automatique,Break,5,5,Blanc,,,,,dealer,BYE BUY CAR ISSOIRE,FR-63500 Le Broc,FR,1,https://prod.pictures.autoscout24.net/listing-images/f80407a4-57e3-4bb8-8339-f8b9c1802659_6301aa46-60af-47ab-a240-74cd18e905ba.jpg/250x188.webp,2026-08-03T05:31:33.849911,0.45,3
226335fe-5d5c-4f23-8306-dcf9aec8bcdf,https://www.autoscout24.fr/offres/226335fe-5d5c-4f23-8306-dcf9aec8bcdf,fr,Peugeot,5008,,Peugeot 50081.5L BlueHDi 130ch Allure EAT8 - SUIVI -,14490,,True,2020,08-2020,156990,,used,diesel,95,130,,,,20.0,,,Boîte automatique,Monospace,5,7,Blanc,,,,,dealer,BH CAR LYON OUEST,FR-69530 Brignais,FR,1,https://prod.pictures.autoscout24.net/listing-images/226335fe-5d5c-4f23-8306-dcf9aec8bcdf_95faed4d-dd61-4435-bd8e-8c42dd855fc0.jpg/250x188.webp,2026-08-03T05:31:33.849918,0.09,6
7cbee0d8-3143-4167-bdff-338bd6960cb9,https://www.autoscout24.fr/offres/7cbee0d8-3143-4167-bdff-338bd6960cb9,fr,Mercedes-Benz,gls 400,,Mercedes-Benz GLS 400400 d 330ch AMG Line 4Matic 9G-Tronic,79900,,True,2020,06-2020,100715,,used,diesel,242,330,2925,,,2210.0,,,Boîte automatique,SUV/4x4/Pick-Up,5,7,Gris,,,,,dealer,,FR-98000 Monaco,FR,1,https://prod.pictures.autoscout24.net/listing-images/7cbee0d8-3143-4167-bdff-338bd6960cb9_2249c39b-b0df-4ad9-bbb6-5c16ee88461d.jpg/250x188.webp,2026-08-03T05:31:33.849926,0.79,6
1000adaf-cace-4a1c-857a-6fb112aea406,https://www.autoscout24.fr/offres/1000adaf-cace-4a1c-857a-6fb112aea406,fr,Jaguar,f-pace,,Jaguar F-Pace2.0 D180 180CH BLACK LIMITED R-SPORT AWD BVA,17790,,True,2018,06-2018,143800,,used,diesel,132,180,,,,,,,Boîte automatique,SUV/4x4/Pick-Up,5,5,Noir,,,,,dealer,BH PREMIUM - BH CAR,FR-45450 FAY-AUX-LOGES,FR,2,https://prod.pictures.autoscout24.net/listing-images/1000adaf-cace-4a1c-857a-6fb112aea406_c43655c0-5945-4de7-891d-6e06576ced29.jpg/250x188.webp,2026-08-03T05:31:33.849932,0.12,8
18f0dd80-aae5-452b-9102-cdb2f54645c4,https://www.autoscout24.fr/offres/18f0dd80-aae5-452b-9102-cdb2f54645c4,fr,Citroen,c5 aircross,,Citroen C5 AircrossBlueHDi 130 S\u0026amp;S EAT8 Business,9990,,True,2019,11-2019,181492,,used,diesel,96,130,1499,,,,,,Boîte automatique,SUV/4x4/Pick-Up,5,5,Gris,,,,,dealer,OCCAZUP,FR-44800 Saint Herblain,FR,2,https://prod.pictures.autoscout24.net/listing-images/18f0dd80-aae5-452b-9102-cdb2f54645c4_d47f6ac4-1daa-405d-bea6-3fee93349f3a.jpg/250x188.webp,2026-08-03T05:31:33.849939,0.06,7
85521104-e6ab-4bd4-bc51-81fcee0321dd,https://www.autoscout24.fr/offres/85521104-e6ab-4bd4-bc51-81fcee0321dd,fr,Seat,ateca,,SEAT Ateca1.5 TSI 150 STYLE,14480,,True,2019,03-2019,110000,,used,petrol,111,150,,,,20.0,automatic,,Boîte manuelle,SUV/4x4/Pick-Up,5,5,Blanc,,,,,dealer,SIMPLICICAR NIMES,FR-30900 Nîmes,FR,1,https://prod.pictures.autoscout24.net/listing-images/85521104-e6ab-4bd4-bc51-81fcee0321dd_d8ff8e39-990e-466e-8912-d556635b2d3d.jpg/250x188.webp,2026-08-03T05:31:33.849946,0.13,7
44e57109-3b45-4d84-be3b-903544e8589f,https://www.autoscout24.fr/offres/44e57109-3b45-4d84-be3b-903544e8589f,fr,Renault,captur,,Renault CapturTCe 130 FAP Intens,11490,,True,2019,11-2019,77131,,used,petrol,96,130,,,,20.0,,,Boîte manuelle,Citadine,5,5,Blanc,,,,,dealer,FRANCE AUTOMOBILE MULTIMARQUE,FR-72300 Sablé-sur-Sarthe,FR,1,https://prod.pictures.autoscout24.net/listing-images/44e57109-3b45-4d84-be3b-903544e8589f_0c744536-cdec-4408-a254-c21cccfa8d1b.jpg/250x188.webp,2026-08-03T05:31:33.849954,0.15,7
e19c057b-76ba-4ac4-8b25-26f0788fa4af,https://www.autoscout24.fr/offres/e19c057b-76ba-4ac4-8b25-26f0788fa4af,fr,Porsche,panamera,,Porsche Panamera4 E-HYBRID EDITION 10 ANS - 2.9 462 ch - TVA,74900,,True,2020,04-2020,41900,,used,hybrid,339,462,2894,,,2.9,,,Boîte automatique,Break,5,,Noir,,,,,dealer,CHARLES POZZI LILLE,FR-59650 Villeneuve-d'Ascq,FR,1,https://prod.pictures.autoscout24.net/listing-images/e19c057b-76ba-4ac4-8b25-26f0788fa4af_a0d10d7e-31a4-460a-93d5-001319a7a7d3.jpg/250x188.webp,2026-08-03T05:31:33.849960,1.79,6
96b641d6-276d-4706-b07e-f94c0580c0d8,https://www.autoscout24.fr/offres/96b641d6-276d-4706-b07e-f94c0580c0d8,fr,Mercedes-Benz,gla 45 amg,,Mercedes-Benz GLA 45 AMGGLA 45 S AMG 8G-DCT Speedshift AMG,42900,,True,2020,10-2020,95000,,used,petrol,310,421,1991,Euro 6d,,6.0,,,Boîte automatique,SUV/4x4/Pick-Up,5,5,Blanc,,,,,dealer,CARESPAGNE Import France,FR-66000 Perpignan,FR,2,https://prod.pictures.autoscout24.net/listing-images/96b641d6-276d-4706-b07e-f94c0580c0d8_e9ace48f-d972-4136-bd69-ae59010fb943.jpg/250x188.webp,2026-08-03T05:31:33.849968,0.45,6
19363919-c180-40f9-b3af-8afe599444a4,https://www.autoscout24.fr/offres/19363919-c180-40f9-b3af-8afe599444a4,fr,Peugeot,traveller,,Peugeot Traveller1.5 HDI 120 BUSINESS,24980,,True,2020,02-2020,59800,,used,diesel,,,,,,,,,Boîte manuelle,Monospace,,,Noir,,,,,dealer,,FR-18700 Aubigny sur Nère,FR,1,https://prod.pictures.autoscout24.net/listing-images/19363919-c180-40f9-b3af-8afe599444a4_ac9da974-1ffc-44f0-9d28-cf6e1e4e3861.jpg/250x188.webp,2026-08-03T05:31:33.849975,0.42,6
9d849f9a-8752-4fce-9a87-e80ea3bd6a03,https://www.autoscout24.fr/offres/9d849f9a-8752-4fce-9a87-e80ea3bd6a03,fr,Volkswagen,golf,,Volkswagen GolfGolf VIII GTI Clubsport Phase 1  2.0 TSI 300,26999,,True,2021,07-2021,119455,,used,petrol,220,300,1984,,,7.0,,,Boîte automatique,Berline,5,,,,,,,dealer,AGENCY CAR PLAISIR,FR-78990 Élancourt,FR,1,https://prod.pictures.autoscout24.net/listing-images/9d849f9a-8752-4fce-9a87-e80ea3bd6a03_411258e3-c543-4627-a69f-6c243264dc77.jpg/250x188.webp,2026-08-03T05:31:33.849981,0.23,5
e8bd4907-4b96-49a6-bb2f-b3600aec902f,https://www.autoscout24.fr/offres/e8bd4907-4b96-49a6-bb2f-b3600aec902f,fr,Nissan,x-trail,,Nissan X-Trail1.6 DCI 130 DISTINCTION-TEKNA%2B 2WD full,13250,,True,2018,08-2018,136324,,used,diesel,97,131,,,,20.0,,,Boîte manuelle,SUV/4x4/Pick-Up,5,5,Marron,,,,,dealer,,FR-68170 Rixheim,FR,1,https://prod.pictures.autoscout24.net/listing-images/e8bd4907-4b96-49a6-bb2f-b3600aec902f_4950849f-1b92-4ee6-b64b-cd008992f8fa.jpg/250x188.webp,2026-08-03T05:31:33.849988,0.1,8
73e1e7c0-b55b-4065-8130-e356bb0c7929,https://www.autoscout24.fr/offres/73e1e7c0-b55b-4065-8130-e356bb0c7929,fr,Peugeot,3008,,Peugeot 3008HYBRID 225CH ALLURE BUSINESS E-EAT8 10CV,15990,,True,2020,10-2020,87650,,used,hybrid,165,225,1598,,,230.0,,,Boîte automatique,SUV/4x4/Pick-Up,5,5,Bleu,,,,,dealer,DREAMAUTO,FR-57300 Mondelange,FR,2,https://prod.pictures.autoscout24.net/listing-images/73e1e7c0-b55b-4065-8130-e356bb0c7929_42ae81c2-4f95-4e18-a354-e1319cd28a98.jpg/250x188.webp,2026-08-03T05:31:33.849995,0.18,6
f80d68a5-2723-4815-a308-41bf522e26ac,https://www.autoscout24.fr/offres/f80d68a5-2723-4815-a308-41bf522e26ac,fr,Kia,sportage,,Kia Sportage1.6 CRDI 136CH MHEV BLACK EDITION 4X2 DCT7,15990,,True,2021,06-2021,127286,,used,diesel,99,136,,,,20.0,,,Boîte automatique,SUV/4x4/Pick-Up,5,5,Noir,,,,,dealer,,FR-83130 La Garde,FR,1,https://prod.pictures.autoscout24.net/listing-images/f80d68a5-2723-4815-a308-41bf522e26ac_7fc7e4c0-4b27-4a4b-8089-6f09129d3b3a.jpg/250x188.webp,2026-08-03T05:31:33.850002,0.13,5
c9947824-625f-4e13-b5cf-aabf642aa20b,https://www.autoscout24.fr/offres/c9947824-625f-4e13-b5cf-aabf642aa20b,fr,Kia,sportage,,Kia SportageKIA SPORTAGE V 1.6 T-GDI 230 ISG HYBRIDE ACTIVE,24000,,True,2023,10-2023,34000,1,used,hybrid,169,229,1598,Euro 6e,,6.0,,,Avant,SUV/4x4/Pick-Up,5,5,Rouge,,,,,dealer,,FR-91560 CROSNE,FR,1,https://prod.pictures.autoscout24.net/listing-images/c9947824-625f-4e13-b5cf-aabf642aa20b_3531f0e7-8500-4894-b5f5-14b6d7a9d5be.jpg/250x188.webp,2026-08-03T05:31:33.850009,0.71,3
c977f503-c76d-469c-805a-ebcfb6eb7283,https://www.autoscout24.fr/offres/c977f503-c76d-469c-805a-ebcfb6eb7283,fr,Peugeot,208,,Peugeot 2081.2i PureTech 12V S&S - 100 II BERLINE Style,9990,,True,2022,03-2022,105709,,used,petrol,54,74,,,,2118.0,,,Boîte automatique,Berline,5,5,Gris,,,,,dealer,HBO INVEST AUTO,FR-71100 Sevrey,FR,1,https://prod.pictures.autoscout24.net/listing-images/c977f503-c76d-469c-805a-ebcfb6eb7283_edb52da0-9fa1-4699-aeef-5cb61b6193f1.jpg/250x188.webp,2026-08-03T05:31:33.850016,0.09,4
714e659d-727a-4b25-8251-88b69793c2f1,https://www.autoscout24.fr/offres/714e659d-727a-4b25-8251-88b69793c2f1,fr,BMW,420,,BMW 420SERIE GRAN-COUPE 2.0 420 D 190 CH M SPORt,23990,,True,2019,06-2019,95000,,used,diesel,139,190,,,,20.0,,,Boîte automatique,Coupé,5,5,Gris,,,,,dealer,,FR-25000 Besancon,FR,1,https://prod.pictures.autoscout24.net/listing-images/714e659d-727a-4b25-8251-88b69793c2f1_ab7ec1bc-4460-40bc-ac8a-0127beb56f96.jpg/250x188.webp,2026-08-03T05:31:33.850022,0.25,7
b5ab13cd-f27a-48ba-aac9-a772fbfa6148,https://www.autoscout24.fr/offres/b5ab13cd-f27a-48ba-aac9-a772fbfa6148,fr,Citroen,c4,,Citroen C41.5 BlueHDi 130 EAT8 MAX + ATTELAGE,18890,,True,2023,10-2023,24441,,used,diesel,97,131,,,,2134.0,,,Boîte automatique,Berline,5,5,Blanc,,,,,dealer,ISSOIRE PARC AUTO,FR-63500 Issoire,FR,2,https://prod.pictures.autoscout24.net/listing-images/b5ab13cd-f27a-48ba-aac9-a772fbfa6148_aef0dd83-37ea-4892-9681-218279c95ac2.jpg/250x188.webp,2026-08-03T05:31:33.850029,0.77,3
6cef9d9f-53ae-466a-89a8-3d5545fa6e8a,https://www.autoscout24.fr/offres/6cef9d9f-53ae-466a-89a8-3d5545fa6e8a,fr,Audi,q8,,Audi Q850 TDI 3.0 V6 286ch - Avus pack S line,47990,,True,2019,06-2019,118000,,used,diesel,210,286,2967,,,8.0,,,Boîte automatique,SUV/4x4/Pick-Up,5,,Brun,,,,,dealer,Luxury & Performance,FR-06600 Antibes,FR,2,https://prod.pictures.autoscout24.net/listing-images/6cef9d9f-53ae-466a-89a8-3d5545fa6e8a_de563b6b-36c6-4679-be37-026644b8b5ec.jpg/250x188.webp,2026-08-03T05:31:33.850036,0.41,7
ef36e50e-ae50-4068-a110-16ec2df9b0ac,https://www.autoscout24.fr/offres/ef36e50e-ae50-4068-a110-16ec2df9b0ac,fr,Land Rover,range rover sport,,Land Rover Range Rover Sport3.0 P510e 510ch PHEV First,89900,,True,2023,06-2023,67082,,used,hybrid,375,510,,,,20.0,,,Boîte automatique,SUV/4x4/Pick-Up,5,5,Rouge,,,,,dealer,,FR-13546 AIX EN PROVENCE CEDEX 4,FR,1,https://prod.pictures.autoscout24.net/listing-images/ef36e50e-ae50-4068-a110-16ec2df9b0ac_b245b828-c6f1-4b46-a119-7ec2d12058f8.jpg/250x188.webp,2026-08-03T05:31:33.850043,1.34,3
797c5e51-5330-4ff9-a4a9-c237dda820fd,https://www.autoscout24.fr/offres/797c5e51-5330-4ff9-a4a9-c237dda820fd,fr,Audi,q2,,Audi Q2Q2 35 TFSI COD 150 S tronic 7,18990,,True,2019,08-2019,56643,,used,petrol,110,149,1498,,,5.2,,,Avant,SUV/4x4/Pick-Up,5,5,Gris,,,,,dealer,Audi Volkswagen Lyon Ouest,FR-69340 Francheville,FR,1,https://prod.pictures.autoscout24.net/listing-images/797c5e51-5330-4ff9-a4a9-c237dda820fd_4806f6c0-b9ee-4d5c-a97d-d076ab76a1f4.jpg/250x188.webp,2026-08-03T05:31:33.850050,0.34,7
253f3326-d3e7-41e3-aa5e-69e15f694f77,https://www.autoscout24.fr/offres/253f3326-d3e7-41e3-aa5e-69e15f694f77,fr,Renault,megane,,Renault MeganeIV (4) 1.5 Blue dCi 115 ch LIMITED Phase 2,10490,,True,2021,03-2021,143000,,used,diesel,84,115,,,,,,,Boîte manuelle,Autres,5,5,Noir,,,,,dealer,AGENCE AUTOMOBILIERE SAINT-DIE,FR-88100 Sainte-Marguerite,FR,1,https://prod.pictures.autoscout24.net/listing-images/253f3326-d3e7-41e3-aa5e-69e15f694f77_648c8ebb-b63e-4d01-b774-ef490ef0b970.jpg/250x188.webp,2026-08-03T05:31:33.850056,0.07,5
e9efc796-ec90-4ee8-a950-acb267543743,https://www.autoscout24.fr/offres/e9efc796-ec90-4ee8-a950-acb267543743,fr,Volkswagen,sharan,,Volkswagen Sharan2.0 TDI 150CH BLUEMOTION TECHNOLOGY LOUNGE,15990,,True,2020,02-2020,170000,,used,diesel,110,150,1968,,,2167.0,,,Boîte manuelle,Monospace,5,7,Gris,,,,,dealer,,FR-83210 La Farlède,FR,1,https://prod.pictures.autoscout24.net/listing-images/e9efc796-ec90-4ee8-a950-acb267543743_00eed97c-3fb6-4351-8392-3fa7958de88e.jpg/250x188.webp,2026-08-03T05:31:33.850064,0.09,6
04fdcd0d-5aac-4afa-9fdb-5ffc3f3f06a8,https://www.autoscout24.fr/offres/04fdcd0d-5aac-4afa-9fdb-5ffc3f3f06a8,fr,Renault,megane,,Renault MeganeIV GT Line TCE 160ch EDC Bose Tête haute,11490,,True,2019,03-2019,173632,,used,petrol,117,160,,,,20.0,,,Boîte automatique,Berline,5,,Bleu,,,,,dealer,,FR-30132 Caissargues,FR,1,https://prod.pictures.autoscout24.net/listing-images/04fdcd0d-5aac-4afa-9fdb-5ffc3f3f06a8_09951e2a-8505-4dfb-839a-1dda7ca85b2b.jpg/250x188.webp,2026-08-03T05:31:33.850071,0.07,7
4f77e5fe-3f0d-4ed6-b7a3-a0d2ebf88eb6,https://www.autoscout24.fr/offres/4f77e5fe-3f0d-4ed6-b7a3-a0d2ebf88eb6,fr,Dacia,sandero,,Dacia SanderoSTEPWAY 1.0 TCE 90 CH EXPRESSION,13490,,True,2025,10-2025,14015,,used,petrol,66,90,,,,20.0,,,Boîte manuelle,Citadine,,,,,,,,dealer,MASSILIA CARS,FR-13016 Marseille,FR,2,https://prod.pictures.autoscout24.net/listing-images/4f77e5fe-3f0d-4ed6-b7a3-a0d2ebf88eb6_090b623a-5ce3-42b8-bd82-d035830f0053.jpg/250x188.webp,2026-08-03T05:31:33.850078,0.96,1
d59ec1d5-8a15-441b-9afc-e776aea116c1,https://www.autoscout24.fr/offres/d59ec1d5-8a15-441b-9afc-e776aea116c1,fr,Audi,q3,,Audi Q335 TFSI 150 ch S line S tronic 7,29990,,True,2021,04-2021,88000,,used,petrol,110,150,,,,2158.0,,,Boîte automatique,SUV/4x4/Pick-Up,5,,Noir,,,,,dealer,AGENCE AUTOMOBILIERE BELFORT,FR-90400 DANJOUTIN,FR,1,https://prod.pictures.autoscout24.net/listing-images/d59ec1d5-8a15-441b-9afc-e776aea116c1_01e23225-719b-470b-91ed-dcdec06f5d29.jpg/250x188.webp,2026-08-03T05:31:33.850127,0.34,5
f6073e8f-ac12-4be4-84b4-329eeaf823a4,https://www.autoscout24.fr/offres/f6073e8f-ac12-4be4-84b4-329eeaf823a4,fr,Volkswagen,golf,,Volkswagen GolfVII 2.0 TDI 150CH FAP CONNECT DSG7 EURO6D-T,12990,,True,2019,10-2019,186804,,used,diesel,110,150,,,,20.0,automatic,,Boîte automatique,Berline,5,5,Blanc,,,,,dealer,Cerran Automobile,FR-57150 Creutzwald,FR,1,https://prod.pictures.autoscout24.net/listing-images/f6073e8f-ac12-4be4-84b4-329eeaf823a4_61a91457-f40a-4a8b-8923-c5ba31b553a5.jpg/250x188.webp,2026-08-03T05:31:33.850134,0.07,7
f11ea1be-5ab7-4934-a93b-8f0b61b0400d,https://www.autoscout24.fr/offres/f11ea1be-5ab7-4934-a93b-8f0b61b0400d,fr,Citroen,c3 aircross,,Citroen C3 AircrossCitroën BlueHDi 110 S&S BVM6 C-SERIES 1,8450,,True,2021,06-2021,123189,,used,diesel,59,81,,,,20.0,,,Boîte manuelle,SUV/4x4/Pick-Up,5,5,Blanc,,,,,dealer,Auto Parck,FR-69008 Lyon,FR,1,https://prod.pictures.autoscout24.net/listing-images/f11ea1be-5ab7-4934-a93b-8f0b61b0400d_dc32006d-54b5-4820-9c1d-03c9a2d7cd54.jpg/250x188.webp,2026-08-03T05:31:33.850141,0.07,5
1627fdef-c421-4683-8e08-21717e689ea8,https://www.autoscout24.fr/offres/1627fdef-c421-4683-8e08-21717e689ea8,fr,Mercedes-Benz,glc 400,,Mercedes-Benz GLC 400400 EQ 489ch AMG Line 4Matic,83990,,True,2026,07-2026,8000,1,used,electric,359,489,,,,20.0,,,Boîte automatique,SUV/4x4/Pick-Up,5,5,Argent Lavande métallisé,,,,,dealer,CEA Bellerive,FR-03700 BELLERIVE-SUR-ALLIER,FR,1,https://prod.pictures.autoscout24.net/listing-images/1627fdef-c421-4683-8e08-21717e689ea8_f4069fe4-115d-4767-a5f4-d9093ef07fe1.jpg/250x188.webp,2026-08-03T05:31:33.850148,10.5,0
834d312a-c5c9-4907-abd4-7a763350e0aa,https://www.autoscout24.fr/offres/834d312a-c5c9-4907-abd4-7a763350e0aa,fr,Peugeot,traveller,,Peugeot Traveller2.0 BlueHDi 150ch S&S Combi Long Business,21490,,True,2019,06-2019,120000,,used,diesel,110,150,,,,20.0,,,Boîte manuelle,Monospace,5,8,Blanc,,,,,dealer,,FR-29850 Gouesnou,FR,1,https://prod.pictures.autoscout24.net/listing-images/834d312a-c5c9-4907-abd4-7a763350e0aa_53c20159-5619-4caa-82f0-1d2781c91128.jpg/250x188.webp,2026-08-03T05:31:33.850154,0.18,7
757a33bc-dc88-4aa7-95e7-31e3189f1dd4,https://www.autoscout24.fr/offres/757a33bc-dc88-4aa7-95e7-31e3189f1dd4,fr,Peugeot,5008,,Peugeot 50085008 1.6 THP 165ch S\u0026amp;S EAT6 Allure,14490,,True,2018,04-2018,113000,,used,petrol,121,165,,,,5.8,,,Boîte automatique,SUV/4x4/Pick-Up,5,7,Blanc,,,,,dealer,,FR-74350 ALLONZIER-LA-CAILLE,FR,1,https://prod.pictures.autoscout24.net/listing-images/757a33bc-dc88-4aa7-95e7-31e3189f1dd4_75345fa0-e997-4b2e-a984-9afd68c67806.jpg/250x188.webp,2026-08-03T05:31:33.850161,0.13,8
cd4b81ca-1895-4aac-8b34-d957b8d1e5f1,https://www.autoscout24.fr/offres/cd4b81ca-1895-4aac-8b34-d957b8d1e5f1,fr,Mitsubishi,asx,,Mitsubishi ASX1.6 mivec 115 black collection 2wd,10175,,True,2019,06-2019,89000,,used,petrol,87,118,,,,20.0,,,Boîte manuelle,SUV/4x4/Pick-Up,5,5,Blanc,,,,,dealer,EWIGO MANOSQUE,FR-04220 Corbières-en-Provence,FR,1,https://prod.pictures.autoscout24.net/listing-images/cd4b81ca-1895-4aac-8b34-d957b8d1e5f1_f4054446-afb4-4660-a4cb-f8ee8eac7063.jpg/250x188.webp,2026-08-03T05:31:33.850167,0.11,7
b46f3978-c4ef-41ad-a79f-67b6a952a4c7,https://www.autoscout24.fr/offres/b46f3978-c4ef-41ad-a79f-67b6a952a4c7,fr,Land Rover,defender,,Land Rover DefenderDefender 130 3.0 P400 MHEV - BVA  II 130,78120,,True,2022,09-2022,16300,,used,petrol,294,399,2996,,,11.0,,,Boîte automatique,Break,5,,,,,,,dealer,UNITED DRIVE,FR-75014 PARIS,FR,2,https://prod.pictures.autoscout24.net/listing-images/b46f3978-c4ef-41ad-a79f-67b6a952a4c7_5177f00b-95d2-43fe-860a-15e7beb74cc2.jpg/250x188.webp,2026-08-03T05:31:33.850174,4.79,4
45aadd15-e862-4589-a62d-47bdc9ccfba7,https://www.autoscout24.fr/offres/45aadd15-e862-4589-a62d-47bdc9ccfba7,fr,Mercedes-Benz,c 220,,Mercedes-Benz C 220220D 220 D 194 AMG LINE / TOIT OUVRANT,24490,,True,2018,11-2018,144000,,used,diesel,143,194,,,,,,,Boîte automatique,Coupé,2,4,Rouge,,,,,dealer,Via Automobile Lille,FR-59650 Villeneuve d'Ascq,FR,1,https://prod.pictures.autoscout24.net/listing-images/45aadd15-e862-4589-a62d-47bdc9ccfba7_ba67fb35-6e56-4fb5-aa7b-89f876683a7d.jpg/250x188.webp,2026-08-03T05:31:33.850181,0.17,8
3608501b-31c0-4bb5-bb8a-92f1e272a3e0,https://www.autoscout24.fr/offres/3608501b-31c0-4bb5-bb8a-92f1e272a3e0,fr,Hyundai,i20,,Hyundai i201.0 T-GDi 100ch Hybrid Intuitive DCT-7,16500,,True,2024,04-2024,15616,,used,petrol,73,100,,,,20.0,,,Boîte automatique,Berline,5,5,Autre,,,,,dealer,EASY AUTO,FR-13580 La Fare-les-Oliviers,FR,1,https://prod.pictures.autoscout24.net/listing-images/3608501b-31c0-4bb5-bb8a-92f1e272a3e0_e9b660c0-ed4f-4cdc-a8c9-f7f5fe4f7a01.jpg/250x188.webp,2026-08-03T05:31:33.850188,1.06,2
cbabd82d-7319-4af5-9ce7-c7f42b5e6b38,https://www.autoscout24.fr/offres/cbabd82d-7319-4af5-9ce7-c7f42b5e6b38,fr,Peugeot,2008,,Peugeot 2008ALLURE 1.2 PURETECH 100CH,14790,,True,2025,04-2025,16440,,used,petrol,73,100,,,,20.0,,,Boîte manuelle,SUV/4x4/Pick-Up,,,,,,,,dealer,MASSILIA CARS,FR-13016 Marseille,FR,2,https://prod.pictures.autoscout24.net/listing-images/cbabd82d-7319-4af5-9ce7-c7f42b5e6b38_796594ec-fbfc-4f3e-a8e0-2b4b0ade2344.jpg/250x188.webp,2026-08-03T05:31:33.850195,0.9,1
7ddaad0a-8a0d-4f11-af48-aa61db956be1,https://www.autoscout24.fr/offres/7ddaad0a-8a0d-4f11-af48-aa61db956be1,fr,Audi,q3,,Audi Q31.5 35 TFSI - 150 - BV S-tronic - S Line,23999,,True,2020,02-2020,82814,,used,petrol,110,149,1498,,,6.0,,,Boîte automatique,SUV/4x4/Pick-Up,5,,Noir,,,,,dealer,AGENCY CAR COIGNIERES,FR-78310 Coignières,FR,1,https://prod.pictures.autoscout24.net/listing-images/7ddaad0a-8a0d-4f11-af48-aa61db956be1_3199edbc-ab39-4755-a6e6-a907ac40aacc.jpg/250x188.webp,2026-08-03T05:31:33.850202,0.29,6
00de3b91-93f8-453e-a415-bca96676088d,https://www.autoscout24.fr/offres/00de3b91-93f8-453e-a415-bca96676088d,fr,Kia,stonic,,Kia Stonic1.0 T-GDi Active,12490,,True,2021,07-2021,64936,2,used,petrol,74,100,998,Euro 6,,6.0,,,Avant,SUV/4x4/Pick-Up,5,5,Blanc,,,,,dealer,AUTOHERO FRANCE,FR-92130 Issy-les-Moulineaux,FR,2,https://prod.pictures.autoscout24.net/listing-images/00de3b91-93f8-453e-a415-bca96676088d_b753f6c4-b7b5-48cf-b044-ae0b6b0f3801.jpg/250x188.webp,2026-08-03T05:31:33.850208,0.19,5
3992f704-af60-4661-982e-0bb008ca754c,https://www.autoscout24.fr/offres/3992f704-af60-4661-982e-0bb008ca754c,fr,Abarth,500,,Abarth 500(2e Generation) 595 TURISMO CABRIOLET 1.4 TURBO,14490,,True,2020,12-2020,59000,,used,petrol,121,165,,,,2171.0,,,Boîte automatique,Cabriolet,3,,Gris,,,,,dealer,L'AGENCE AUTOMOBILIERE AIX EN PROVENCE,FR-13770 Venelles,FR,1,https://prod.pictures.autoscout24.net/listing-images/3992f704-af60-4661-982e-0bb008ca754c_438c114c-4b2d-4f75-9bc3-af073f21120f.jpg/250x188.webp,2026-08-03T05:31:33.850216,0.25,6
43e570a7-ccc0-4186-8d5c-d061397f0ed9,https://www.autoscout24.fr/offres/43e570a7-ccc0-4186-8d5c-d061397f0ed9,fr,Kia,rio,,Kia Rio1.4 CRDI 90 CONNECT BUSINESS ISG BVM6 GARANTIE 1 AN,8990,,True,2018,02-2018,141543,,used,diesel,67,91,,,,20.0,automatic,,Boîte manuelle,Berline,5,5,Gris,,,,,dealer,PARTENAIRE AUTO 17,FR-17220 La Jarne,FR,1,https://prod.pictures.autoscout24.net/listing-images/43e570a7-ccc0-4186-8d5c-d061397f0ed9_e7d7e579-4753-450a-abba-26be26e41b9a.jpg/250x188.webp,2026-08-03T05:31:33.850223,0.06,8
bcce52ec-554a-45a9-8ab6-9b0bd2310f25,https://www.autoscout24.fr/offres/bcce52ec-554a-45a9-8ab6-9b0bd2310f25,fr,Opel,insignia,,Opel Insignia1.6 D 136ch Innovation,8690,,True,2019,07-2019,189500,,used,diesel,99,136,,,,20.0,,,Boîte automatique,Berline,5,5,Noir,,,,,dealer,ÉGÉRIE AUTO,FR-83390 Cuers,FR,1,https://prod.pictures.autoscout24.net/listing-images/bcce52ec-554a-45a9-8ab6-9b0bd2310f25_0b013547-3a2b-4a55-94ff-a3f816860947.jpg/250x188.webp,2026-08-03T05:31:33.850230,0.05,7
ee6e6ce0-af60-4a2e-a73a-c05bd96aef35,https://www.autoscout24.fr/offres/ee6e6ce0-af60-4a2e-a73a-c05bd96aef35,fr,Porsche,macan,,Porsche Macan2.0 250Ch PDK BVA FULL NOIR ENTRETIEN À JOUR,37990,,True,2018,07-2018,94900,,used,petrol,183,250,,,,20.0,,,Boîte automatique,SUV/4x4/Pick-Up,5,5,Noir,,,,,dealer,EWIGO TOULON EST,FR-83320 Carqueiranne,FR,1,https://prod.pictures.autoscout24.net/listing-images/ee6e6ce0-af60-4a2e-a73a-c05bd96aef35_03d2db91-dae5-4e35-be55-48630f6a69bf.jpg/250x188.webp,2026-08-03T05:31:33.850236,0.4,8
8bc7b99a-9cf7-4e0f-a499-e61d98843d39,https://www.autoscout24.fr/offres/8bc7b99a-9cf7-4e0f-a499-e61d98843d39,fr,Peugeot,3008,,Peugeot 3008II SUV ALLURE,13980,,True,2019,03-2019,137000,,used,diesel,97,131,,,,2106.0,,,Boîte manuelle,SUV/4x4/Pick-Up,5,5,Noir,,,,,dealer,,FR-69730 Genay,FR,1,https://prod.pictures.autoscout24.net/listing-images/8bc7b99a-9cf7-4e0f-a499-e61d98843d39_a40a32a6-15b3-4095-9b92-ee84e7e8eefb.jpg/250x188.webp,2026-08-03T05:31:33.850243,0.1,7
57037a35-979f-477e-820f-b75ce97f757a,https://www.autoscout24.fr/offres/57037a35-979f-477e-820f-b75ce97f757a,fr,Dacia,bigster,,Dacia BigsterI 1.8 Hybrid 155 EDC Extreme - Automatique,25990,,True,2025,06-2025,23447,1,used,hybrid,80,108,,,,2106.0,automatic,,Boîte automatique,SUV/4x4/Pick-Up,5,5,Bleu foncé,,,,,dealer,CapCar,FR-75002 PARIS,FR,2,https://prod.pictures.autoscout24.net/listing-images/57037a35-979f-477e-820f-b75ce97f757a_df6c61af-5cf5-4dc6-83bc-17946d2c1507.jpg/250x188.webp,2026-08-03T05:31:33.850249,1.11,1
146b4398-c308-444a-95d5-c19b8f63f325,https://www.autoscout24.fr/offres/146b4398-c308-444a-95d5-c19b8f63f325,fr,Volvo,xc60,,Volvo XC60ii (2) t8 recharge awd 310 %2B 145 ch polestar,39990,,True,2022,02-2022,69500,,used,hybrid,106,145,,,,20.0,,,Boîte automatique,SUV/4x4/Pick-Up,5,5,Noir,,,,,dealer,EWIGO NANCY,FR-54000 Nancy,FR,1,https://prod.pictures.autoscout24.net/listing-images/146b4398-c308-444a-95d5-c19b8f63f325_32d32904-7b6d-467e-bde2-3cb79e273bdd.jpg/250x188.webp,2026-08-03T05:31:33.850256,0.58,4
f8f644eb-b3cf-4e8d-872c-dc41b08901d5,https://www.autoscout24.fr/offres/f8f644eb-b3cf-4e8d-872c-dc41b08901d5,fr,Peugeot,2008,,Peugeot 20081.2L 110ch S\u0026amp;S BVM5 Allure - Courroie,7999,,True,2018,05-2018,56980,,used,petrol,80,110,1199,,,,,,Boîte manuelle,SUV/4x4/Pick-Up,5,5,Blanc,,,,,dealer,,FR-60230 Chambly,FR,1,https://prod.pictures.autoscout24.net/listing-images/f8f644eb-b3cf-4e8d-872c-dc41b08901d5_822642f7-9751-4bfc-b638-e50e2ea09ad3.jpg/250x188.webp,2026-08-03T05:31:33.850263,0.14,8
9d337163-bf20-4450-bf1b-4c7ce49f18d8,https://www.autoscout24.fr/offres/9d337163-bf20-4450-bf1b-4c7ce49f18d8,fr,Volkswagen,polo,,Volkswagen Polo1.0 TSI 95 S&S BVM5 Confortline,9990,,True,2018,10-2018,125362,,used,petrol,70,95,,,,20.0,,,Boîte manuelle,Citadine,5,5,Blanc,,,,,dealer,CAR VENTURE,FR-06800 Cagnes-sur-Mer,FR,1,https://prod.pictures.autoscout24.net/listing-images/9d337163-bf20-4450-bf1b-4c7ce49f18d8_f116adad-ae6a-40e2-af1a-f0d0a616901a.jpg/250x188.webp,2026-08-03T05:31:33.850270,0.08,8
5ac01717-204e-4e10-9f4f-6207e1913c8a,https://www.autoscout24.fr/offres/5ac01717-204e-4e10-9f4f-6207e1913c8a,fr,Kia,sportage,,Kia Sportage1.6 CRDI 115 HYBRID MHEV 48VOLT ACTIVE BUSINESS,14490,,True,2021,02-2021,79000,,used,hybrid,86,116,,,,20.0,automatic,,Boîte manuelle,SUV/4x4/Pick-Up,5,5,Gris,,,,,dealer,Ewigo Montrouge,FR-92120 Montrouge,FR,2,https://prod.pictures.autoscout24.net/listing-images/5ac01717-204e-4e10-9f4f-6207e1913c8a_7055cdac-6937-4f24-9fd7-3458c3ebfd7b.jpg/250x188.webp,2026-08-03T05:31:33.850276,0.18,5
4cda13da-332a-456c-b579-ebe3f625afd7,https://www.autoscout24.fr/offres/4cda13da-332a-456c-b579-ebe3f625afd7,fr,Mercedes-Benz,a 200,,Mercedes-Benz A 200200 d AMG Line – 150 ch Toit pano jantes,35990,,True,2025,09-2025,7000,,used,diesel,110,150,,,,20.0,,,Boîte automatique,Berline,5,5,,,,,,dealer,VEHICULE AND CO,FR-78240 Chambourcy,FR,1,https://prod.pictures.autoscout24.net/listing-images/4cda13da-332a-456c-b579-ebe3f625afd7_b990ffca-72c6-454c-a910-b44f0ef61429.jpg/250x188.webp,2026-08-03T05:31:33.850283,5.14,1
20c92355-dd71-49f0-b680-79e9bb558a50,https://www.autoscout24.fr/offres/20c92355-dd71-49f0-b680-79e9bb558a50,fr,Renault,clio,,Renault ClioTeam Rugby,7980,,True,2020,12-2020,85000,,used,petrol,48,65,,,,2121.0,,,Boîte manuelle,Berline,5,5,Autre,,,,,dealer,SIMPLICICAR TOULON EST,FR-83210 La Farlède,FR,2,https://prod.pictures.autoscout24.net/listing-images/20c92355-dd71-49f0-b680-79e9bb558a50_0e1da93b-5a3d-47c0-b9fc-8da945ba3664.jpg/250x188.webp,2026-08-03T05:31:33.850290,0.09,6
ce76a4ac-d8a3-42cc-bb51-eed199f5c812,https://www.autoscout24.fr/offres/ce76a4ac-d8a3-42cc-bb51-eed199f5c812,fr,Volkswagen,tiguan,,Volkswagen Tiguan1.5 ETSI 150CH DSG7 LIFE PLUS,33998,,True,2025,03-2025,14966,,used,hybrid,110,150,,,,2145.0,,,Boîte automatique,SUV/4x4/Pick-Up,5,5,Gris,,,,,dealer,Star'Terre,FR-69190 Saint-Fons,FR,1,https://prod.pictures.autoscout24.net/listing-images/ce76a4ac-d8a3-42cc-bb51-eed199f5c812_2386226a-9658-49e0-a64a-f8836165d611.jpg/250x188.webp,2026-08-03T05:31:33.850297,2.27,1
838165e6-36d5-4558-b7ac-60ee5c4c6607,https://www.autoscout24.fr/offres/838165e6-36d5-4558-b7ac-60ee5c4c6607,fr,Audi,q2,,Audi Q235 TFSI 1.5 150 DEISGN S TRONIC,16980,,True,2019,07-2019,91000,,used,petrol,111,150,,,,20.0,,,Boîte automatique,SUV/4x4/Pick-Up,5,5,Noir,,,,,dealer,,FR-69730 Genay,FR,1,https://prod.pictures.autoscout24.net/listing-images/838165e6-36d5-4558-b7ac-60ee5c4c6607_3dc8aebd-de63-4349-8f72-e68fc83a1e61.jpg/250x188.webp,2026-08-03T05:31:33.850304,0.19,7
37ce4b28-b5bc-4a6b-a239-769b46aa2159,https://www.autoscout24.fr/offres/37ce4b28-b5bc-4a6b-a239-769b46aa2159,fr,Toyota,hilux,,Toyota HiluxIV 4WD 2.4 D-4D 150 DOUBLE CABINE,23950,,True,2019,04-2019,169800,,used,diesel,110,149,,,,,,,Boîte manuelle,SUV/4x4/Pick-Up,4,5,Gris foncé,,,,,dealer,,FR-94500 Champigny-sur-Marne,FR,1,https://prod.pictures.autoscout24.net/listing-images/37ce4b28-b5bc-4a6b-a239-769b46aa2159_9d2f71a6-7b31-4a08-abcb-981748bed6a2.jpg/250x188.webp,2026-08-03T05:31:33.850311,0.14,7
6fbd1879-ef20-490c-8609-534170bf5953,https://www.autoscout24.fr/offres/6fbd1879-ef20-490c-8609-534170bf5953,fr,Mg,mg4,,MG MG44 STANDARD,19980,,True,2025,06-2025,13900,,used,electric,126,171,,,,20.0,,,Boîte automatique,Berline,5,5,Gris,,,,,dealer,,FR-69730 Genay,FR,1,https://prod.pictures.autoscout24.net/listing-images/6fbd1879-ef20-490c-8609-534170bf5953_283c262f-0f69-455b-a26e-60114ee1ddf6.jpg/250x188.webp,2026-08-03T05:31:33.850318,1.44,1
229f591e-94f9-4ab5-adae-bd7dcb24f842,https://www.autoscout24.fr/offres/229f591e-94f9-4ab5-adae-bd7dcb24f842,fr,BMW,420,,BMW 420SERIE (F36) 420DA XDRIVE 190CH M SPORT EURO6D-T,18990,,True,2018,09-2018,136500,,used,diesel,139,190,,,,20.0,automatic,,Boîte automatique,Coupé,5,5,Noir,,,,,dealer,,FR-74380 Cranves-Sales,FR,1,https://prod.pictures.autoscout24.net/listing-images/229f591e-94f9-4ab5-adae-bd7dcb24f842_2b18efda-39c7-400b-bb59-f0c597ab34ad.jpg/250x188.webp,2026-08-03T05:31:33.850326,0.14,8
058bcc91-2edf-405a-bf2b-00292786e5f0,https://www.autoscout24.fr/offres/058bcc91-2edf-405a-bf2b-00292786e5f0,fr,Audi,a7,,Audi A755 TFSIe 367ch Compétition quattro S tronic 7,40999,,True,2020,12-2020,99300,,used,hybrid,269,367,1984,,,,automatic,,Boîte automatique,Berline,4,5,Gris Vésuve,,,,,dealer,BMW SECLIN - AUTOSPHERE,FR-59113 Seclin,FR,2,https://prod.pictures.autoscout24.net/listing-images/058bcc91-2edf-405a-bf2b-00292786e5f0_2ad613c3-9ca9-46a0-9fdd-5cc421bbabbd.jpg/250x188.webp,2026-08-03T05:31:33.850332,0.41,6
c534f65e-9dfc-48ff-baa6-461896322284,https://www.autoscout24.fr/offres/c534f65e-9dfc-48ff-baa6-461896322284,fr,Kia,picanto,,Kia Picanto1.0 T-GDI - 100 -  GT Line,10799,,True,2020,02-2020,47645,,used,petrol,74,100,998,,,5.0,,,Boîte manuelle,Berline,5,,Noir,,,,,dealer,AGENCY CAR COIGNIERES,FR-78310 Coignières,FR,1,https://prod.pictures.autoscout24.net/listing-images/c534f65e-9dfc-48ff-baa6-461896322284_f0760267-d104-4d5a-83d3-521b16282fd8.jpg/250x188.webp,2026-08-03T05:31:33.850339,0.23,6
e77d6626-5632-4466-bf31-49cb6a24520d,https://www.autoscout24.fr/offres/e77d6626-5632-4466-bf31-49cb6a24520d,fr,Audi,q5,,Audi Q555 TFSI e 367ch S line quattro S tronic 7 Euro6d-T,35480,,True,2020,10-2020,87906,,used,petrol,269,367,1984,,,256.0,,,Boîte automatique,SUV/4x4/Pick-Up,5,5,Noir,,,,,dealer,AUTO BIDAUD PERE ET FILS,FR-91200 ATHIS MONS,FR,1,https://prod.pictures.autoscout24.net/listing-images/e77d6626-5632-4466-bf31-49cb6a24520d_c167add3-0a81-4601-a466-3c98b479003a.jpg/250x188.webp,2026-08-03T05:31:33.850346,0.4,6
58592b6f-0d04-4e17-87f0-d8814e9621b7,https://www.autoscout24.fr/offres/58592b6f-0d04-4e17-87f0-d8814e9621b7,fr,Volkswagen,polo,,Volkswagen PoloVI CONFORT LINE BUSINESS,11980,,True,2018,04-2018,92500,,used,petrol,70,95,,,,20.0,,,Boîte manuelle,Citadine,5,5,Blanc,,,,,dealer,,FR-69730 Genay,FR,1,https://prod.pictures.autoscout24.net/listing-images/58592b6f-0d04-4e17-87f0-d8814e9621b7_789e1792-1738-4838-85b7-ac8cb407b513.jpg/250x188.webp,2026-08-03T05:31:33.850352,0.13,8
a8aa3e76-7288-40de-a694-c80d17241276,https://www.autoscout24.fr/offres/a8aa3e76-7288-40de-a694-c80d17241276,fr,Mercedes-Benz,a 180,,Mercedes-Benz A 180180 d 7G-DCT AMG Line,18490,,True,2019,01-2019,151000,,used,diesel,,,,,,20.0,,,Boîte automatique,Berline,,,,,,,,dealer,ESPRIT AUTO 44,FR-44600 SAINT NAZAIRE,FR,1,https://prod.pictures.autoscout24.net/listing-images/a8aa3e76-7288-40de-a694-c80d17241276_db295f51-4651-4319-8e68-c1072ed042a7.jpg/250x188.webp,2026-08-03T05:31:33.850359,0.12,7
4b537832-60af-4a10-8418-729ac3c71fd3,https://www.autoscout24.fr/offres/4b537832-60af-4a10-8418-729ac3c71fd3,fr,Peugeot,508,,Peugeot 5081.6i - 225 - BV EAT8 BERLINE GT Suivi Complet,19990,,True,2019,06-2019,52000,,used,petrol,165,224,1598,,,6.0,,,Boîte automatique,Berline,5,,Blanc,,,,,dealer,,FR-59650 Villeneuve-d'Ascq,FR,1,https://prod.pictures.autoscout24.net/listing-images/4b537832-60af-4a10-8418-729ac3c71fd3_932337e9-c677-4e2d-83c2-8b0020fc0370.jpg/250x188.webp,2026-08-03T05:31:33.850367,0.38,7
8286c603-4f77-4c24-aa75-1b3e1cb9c73f,https://www.autoscout24.fr/offres/8286c603-4f77-4c24-aa75-1b3e1cb9c73f,fr,Mercedes-Benz,e 300,,Mercedes-Benz E 300Mercedes e300 AMG line,26990,,True,2020,12-2020,179000,,used,diesel,226,307,,,,20.0,,,Boîte automatique,Berline,4,5,Noir,,,,,dealer,SÉLECTION AUTOMOBILE 63,FR-63260 Aubiat,FR,1,https://prod.pictures.autoscout24.net/listing-images/8286c603-4f77-4c24-aa75-1b3e1cb9c73f_8193c652-64b6-45e4-99f8-bacb2509ff92.jpg/250x188.webp,2026-08-03T05:31:33.850373,0.15,6
4327edd4-c42d-4f5d-9411-53cbe96c5073,https://www.autoscout24.fr/offres/4327edd4-c42d-4f5d-9411-53cbe96c5073,fr,BMW,330,,BMW 330e (G20) 292 ch M-SPORT - 1ère Main Française - TVA,27490,,True,2019,12-2019,74990,,used,hybrid,214,292,,,,,,,Boîte automatique,Berline,4,5,Bleu,,,,,dealer,,FR-87280 Limoges,FR,1,https://prod.pictures.autoscout24.net/listing-images/4327edd4-c42d-4f5d-9411-53cbe96c5073_30c9e497-0758-4980-be28-33b806507794.jpg/250x188.webp,2026-08-03T05:31:33.850380,0.37,7
ceffd33b-62f2-4acb-bfa2-a8581b59f4b9,https://www.autoscout24.fr/offres/ceffd33b-62f2-4acb-bfa2-a8581b59f4b9,fr,Peugeot,208,,Peugeot 208ALLURE 1.2 PURETECH 100CH,12790,,True,2025,03-2025,12250,,used,petrol,73,100,,,,20.0,,,Boîte manuelle,Citadine,,,,,,,,dealer,MASSILIA CARS,FR-13016 Marseille,FR,2,https://prod.pictures.autoscout24.net/listing-images/ceffd33b-62f2-4acb-bfa2-a8581b59f4b9_54a5d058-09a6-4977-84cc-e27cc5e02fbd.jpg/250x188.webp,2026-08-03T05:31:33.850386,1.04,1
967a1eef-34c1-4018-9ac5-649956407cca,https://www.autoscout24.fr/offres/967a1eef-34c1-4018-9ac5-649956407cca,fr,Peugeot,308,,Peugeot 3081.5 HDI 130 ACTIVE,8990,,True,2021,02-2021,169887,,used,diesel,96,130,,,,,,,Boîte automatique,Break,5,,Noir,,,,,dealer,De Angelis Autosport,FR-54190 Tiercelet,FR,2,https://prod.pictures.autoscout24.net/listing-images/967a1eef-34c1-4018-9ac5-649956407cca_9a179c78-3d4e-47ca-a4eb-c1dcce92cd27.jpg/250x188.webp,2026-08-03T05:31:33.850393,0.05,5
54f6834b-f183-45f5-82e1-afd9256987cd,https://www.autoscout24.fr/offres/54f6834b-f183-45f5-82e1-afd9256987cd,fr,Kia,stonic,,Kia Stonic1.0 T-GDi 120 ch ISG DCT7 Design / FULL SUIVI,11990,,True,2019,02-2019,103100,,used,petrol,88,120,,,,2120.0,,,Boîte automatique,SUV/4x4/Pick-Up,5,5,Blanc,,,,,dealer,Lounge Car Perrigny,FR-39570 Perrigny,FR,2,https://prod.pictures.autoscout24.net/listing-images/54f6834b-f183-45f5-82e1-afd9256987cd_5fbc2cd6-8347-4446-a6dd-ca99871fc25d.jpg/250x188.webp,2026-08-03T05:31:33.850400,0.12,7
e4ac0350-98f8-4035-a857-4a8946e82808,https://www.autoscout24.fr/offres/e4ac0350-98f8-4035-a857-4a8946e82808,fr,Volkswagen,t-cross,,Volkswagen T-Cross1.0 TSI 115 CV DSG7 LOUNGE,12990,,True,2019,04-2019,101587,,used,petrol,84,115,,,,,,,Boîte automatique,SUV/4x4/Pick-Up,5,5,Blanc,,,,,dealer,,FR-78310 COIGNIERES,FR,1,https://prod.pictures.autoscout24.net/listing-images/e4ac0350-98f8-4035-a857-4a8946e82808_0d1f7183-405c-4b87-b0fb-2cb33ae04e42.jpg/250x188.webp,2026-08-03T05:31:33.850407,0.13,7
2f107a70-2305-4a62-a2d8-cc2cf49df639,https://www.autoscout24.fr/offres/2f107a70-2305-4a62-a2d8-cc2cf49df639,fr,Peugeot,e-208,,Peugeot e-208e-208 136ch GT Line,13499,,True,2020,06-2020,107009,,used,electric,99,136,,,,20.0,,,Boîte automatique,Berline,5,5,Noir,,,,,dealer,A B C PEUGEOT HIRSON,FR-02500 HIRSON,FR,2,https://prod.pictures.autoscout24.net/listing-images/2f107a70-2305-4a62-a2d8-cc2cf49df639_13c197eb-c96a-4cd7-b8e2-f4cd95dc2406.jpg/250x188.webp,2026-08-03T05:31:33.850414,0.13,6
642692ee-4649-44ba-8837-962f0fe60cb8,https://www.autoscout24.fr/offres/642692ee-4649-44ba-8837-962f0fe60cb8,fr,Volvo,xc60,,Volvo XC60D4 AdBlue 190 ch Geartronic 8 Momentum TOIT,17980,,True,2020,02-2020,220000,,used,diesel,139,190,,,,2129.0,,,Boîte automatique,SUV/4x4/Pick-Up,5,5,Bleu,,,,,dealer,,FR-01400 Châtillon-sur-Chalaronne,FR,1,https://prod.pictures.autoscout24.net/listing-images/642692ee-4649-44ba-8837-962f0fe60cb8_a8469ebd-ca13-4011-8967-ed013e4466eb.jpg/250x188.webp,2026-08-03T05:31:33.850421,0.08,6
1ede68e8-e7a7-4df1-b778-b2f0f5ca7b71,https://www.autoscout24.fr/offres/1ede68e8-e7a7-4df1-b778-b2f0f5ca7b71,fr,Hyundai,i20,,Hyundai i20i20 1.0 T-GDi 100,13990,,True,2023,06-2023,39779,,used,petrol,73,99,998,,,2115.0,,,Avant,Autres,5,5,Blanc,,,,,dealer,L'OCEANE AUTOMOBILES HYUNDAI LA ROCHE,FR-85000 Mouilleron-le-Captif,FR,2,https://prod.pictures.autoscout24.net/listing-images/1ede68e8-e7a7-4df1-b778-b2f0f5ca7b71_c34c3e28-2265-42fd-8759-170dd69eee3f.jpg/250x188.webp,2026-08-03T05:31:33.850429,0.35,3
68f9ae8a-51ec-41ac-a52e-305cba0881e9,https://www.autoscout24.fr/offres/68f9ae8a-51ec-41ac-a52e-305cba0881e9,fr,Gmc,canyon,,GMC CanyonAT4X Tout compris hors homologation 4500e,58907,,True,2024,07-2024,38839,1,used,petrol,228,310,2700,Euro 6,,6.0,,,AWD,SUV/4x4/Pick-Up,4,4,Noir,,,,,dealer,Us Cars Importation,FR-75008 Paris,FR,2,https://prod.pictures.autoscout24.net/listing-images/68f9ae8a-51ec-41ac-a52e-305cba0881e9_5bfeb86f-c358-4125-a48c-14e7c7b803dd.jpg/250x188.webp,2026-08-03T05:31:33.850454,1.52,2
38108fb1-6b83-4546-80d8-2a13ce83e2bb,https://www.autoscout24.fr/offres/38108fb1-6b83-4546-80d8-2a13ce83e2bb,fr,Renault,megane,,Renault MeganeESTATE 1.5 BLUE DCi 115 EVOLUTION 06.2022,10990,,True,2022,06-2022,130515,,used,diesel,85,115,,,,20.0,,,Boîte manuelle,Break,,5,Gris,,,,,dealer,,FR-38460 Crémieu,FR,1,https://prod.pictures.autoscout24.net/listing-images/38108fb1-6b83-4546-80d8-2a13ce83e2bb_5c85374c-46a0-49be-8abe-4e93fbe44176.jpg/250x188.webp,2026-08-03T05:31:33.850462,0.08,4
5715ece8-1347-4ef9-a822-991e7e32586d,https://www.autoscout24.fr/offres/5715ece8-1347-4ef9-a822-991e7e32586d,fr,Volkswagen,golf,,Volkswagen Golf2.0 200 GTD Toit ouvrant / IQ Light / Sieges,31990,,True,2024,02-2024,48000,,used,diesel,108,147,,,,,,,Boîte automatique,Berline,5,5,Gris,,,,,dealer,Via Automobile Roncq,FR-59223 Roncq,FR,2,https://prod.pictures.autoscout24.net/listing-images/5715ece8-1347-4ef9-a822-991e7e32586d_cd6c05a1-9865-45cb-b26a-d0ad4b48a718.jpg/250x188.webp,2026-08-03T05:31:33.850469,0.67,2
1f21b070-0bc7-437e-a9c5-73b82eb62586,https://www.autoscout24.fr/offres/1f21b070-0bc7-437e-a9c5-73b82eb62586,fr,Seat,arona,,SEAT AronaBUSINESS 1.6 TDI 95ch DSG7 Style Business / Full,9990,,True,2018,11-2018,159900,,used,diesel,69,95,,,,2115.0,,,Boîte automatique,SUV/4x4/Pick-Up,5,5,Rouge,,,,,dealer,Lounge Car Perrigny,FR-39570 Perrigny,FR,2,https://prod.pictures.autoscout24.net/listing-images/1f21b070-0bc7-437e-a9c5-73b82eb62586_6ba7f3ba-ff07-4d90-98f5-564924273e89.jpg/250x188.webp,2026-08-03T05:31:33.850476,0.06,8
5548a06d-0580-46ab-b29e-ad1c28f8e1f4,https://www.autoscout24.fr/offres/5548a06d-0580-46ab-b29e-ad1c28f8e1f4,fr,BMW,235,,BMW 235M235i xDrive Gran Coupé - BVA Sport  GRAN COUPE F44,35999,,True,2020,03-2020,47000,,used,petrol,225,306,1998,,,7.0,,,Boîte automatique,Berline,4,,Noir,,,,,dealer,AGENCY CAR COIGNIERES,FR-78310 Coignières,FR,1,https://prod.pictures.autoscout24.net/listing-images/5548a06d-0580-46ab-b29e-ad1c28f8e1f4_ba975d2d-3cb8-42d7-85cc-eeade48ecea8.jpg/250x188.webp,2026-08-03T05:31:33.850483,0.77,6
17f7b8bd-732c-4caa-82d3-d9911aa01022,https://www.autoscout24.fr/offres/17f7b8bd-732c-4caa-82d3-d9911aa01022,fr,BMW,218,,BMW 218Gran Tourer 218d Business Design BVA8,16890,,True,2020,07-2020,118489,2,used,diesel,110,149,1995,Euro 6,,6.0,,,Avant,Monospace,5,7,Noir,,,,,dealer,AUTOHERO FRANCE,FR-92130 Issy-les-Moulineaux,FR,2,https://prod.pictures.autoscout24.net/listing-images/17f7b8bd-732c-4caa-82d3-d9911aa01022_9aaf0ae8-6e14-448b-864e-5fc20cdd5061.jpg/250x188.webp,2026-08-03T05:31:33.850490,0.14,6
3d9c71ed-2bd2-44dc-9aae-59c241b702a0,https://www.autoscout24.fr/offres/3d9c71ed-2bd2-44dc-9aae-59c241b702a0,fr,Ds Automobiles,ds 4,,DS Automobiles DS 4BlueHDi 130 EAT8 Performance Line+,25900,,True,2024,03-2024,12034,,used,diesel,96,130,1499,Euro 6,,6.0,,,Boîte automatique,Berline,5,5,Noir,,,,,dealer,E-Motors France Troyes,FR-10150 LAVAU,FR,2,https://prod.pictures.autoscout24.net/listing-images/3d9c71ed-2bd2-44dc-9aae-59c241b702a0_b35dfa0c-dc44-4df1-883a-b49c6b2fcc79.jpg/250x188.webp,2026-08-03T05:31:33.850496,2.15,2
7ddc1bbf-e4f8-4023-a865-a7202dcae5b7,https://www.autoscout24.fr/offres/7ddc1bbf-e4f8-4023-a865-a7202dcae5b7,fr,Audi,rs3,,Audi RS3RS3 Sportback 2.5 TFSI 400 S tronic 7 Quattro,44900,,True,2018,06-2018,88300,4,used,petrol,294,399,2480,Euro 6d-TEMP,,6.0,,,AWD,Berline,5,5,Gris,,,,,dealer,Douai Vehicules Occasions,FR-59552 Douai,FR,2,https://prod.pictures.autoscout24.net/listing-images/7ddc1bbf-e4f8-4023-a865-a7202dcae5b7_8b7c3b4c-c921-4721-a8a7-1f8fc3aef11f.jpg/250x188.webp,2026-08-03T05:31:33.850503,0.51,8
8f99aa73-efb4-4353-807e-daa4554b8a9f,https://www.autoscout24.fr/offres/8f99aa73-efb4-4353-807e-daa4554b8a9f,fr,BMW,340,,BMW 340SERIE GRAN COUPE G16 840d xDrive 340 BVA8 M Sport,59890,,True,2020,11-2020,69000,,used,diesel,184,251,,,,2143.0,,,Boîte automatique,Coupé,4,5,Gris,,,,,dealer,DB CARS,FR-83580 Gassin,FR,1,https://prod.pictures.autoscout24.net/listing-images/8f99aa73-efb4-4353-807e-daa4554b8a9f_ace50ecc-d1f9-49db-ab57-f75ae7e133db.jpg/250x188.webp,2026-08-03T05:31:33.850510,0.87,6
b7c8ac15-2359-4d19-8afc-f11abac2344f,https://www.autoscout24.fr/offres/b7c8ac15-2359-4d19-8afc-f11abac2344f,fr,BMW,x3,,BMW X3xDrive 30e - BVA G01 M Sport PHASE 2,40990,,True,2022,04-2022,58000,,used,hybrid,136,184,,,,247.0,,,Boîte automatique,SUV/4x4/Pick-Up,5,5,Gris,,,,,dealer,Agency car Montélimar,FR-26740 Montboucher-sur-Jabron,FR,1,https://prod.pictures.autoscout24.net/listing-images/b7c8ac15-2359-4d19-8afc-f11abac2344f_9447de5b-34a8-4462-9a7c-641ce0afb2ee.jpg/250x188.webp,2026-08-03T05:31:33.850518,0.71,4
7909fb36-53bc-482b-91ab-d25ff011dda4,https://www.autoscout24.fr/offres/7909fb36-53bc-482b-91ab-d25ff011dda4,fr,Peugeot,308,,Peugeot 3082.0 BlueHDi 150ch SS EAT6 GT Line / Full,8290,,True,2018,03-2018,192805,,used,diesel,110,150,,,,2112.0,,,Boîte automatique,Break,5,5,Blanc,,,,,dealer,Lounge Car Perrigny,FR-39570 Perrigny,FR,2,https://prod.pictures.autoscout24.net/listing-images/7909fb36-53bc-482b-91ab-d25ff011dda4_88894d78-7b2d-4780-a3f0-6bd614951333.jpg/250x188.webp,2026-08-03T05:31:33.850525,0.04,8
bc7436fb-8795-45fd-b044-cff7c6917901,https://www.autoscout24.fr/offres/bc7436fb-8795-45fd-b044-cff7c6917901,fr,BMW,116,,BMW 116i 109ch M Sport Ultimate 5p,14990,,True,2019,05-2019,96300,,used,petrol,80,109,,,,20.0,,,Boîte manuelle,Berline,5,5,Blanc,,,,,dealer,,FR-54425 Pulnoy,FR,1,https://prod.pictures.autoscout24.net/listing-images/bc7436fb-8795-45fd-b044-cff7c6917901_24612163-e484-41ad-8517-3869d5248b5a.jpg/250x188.webp,2026-08-03T05:31:33.850532,0.16,7
dcced28a-f858-4b1d-bfca-e91f89ece8ab,https://www.autoscout24.fr/offres/dcced28a-f858-4b1d-bfca-e91f89ece8ab,fr,Volvo,xc40,,Volvo XC40T5 Recharge 180 %2B 82ch Inscription Business DCT,23990,,True,2021,12-2021,74400,,used,hybrid,60,82,,,,247.0,,,Boîte automatique,SUV/4x4/Pick-Up,5,5,Gris,,,,,dealer,SAS SCA,FR-92400 Courbevoie,FR,1,https://prod.pictures.autoscout24.net/listing-images/dcced28a-f858-4b1d-bfca-e91f89ece8ab_c4405dac-3221-4082-8691-8dba4118e37f.jpg/250x188.webp,2026-08-03T05:31:33.850539,0.32,5
e094f78b-1fa2-4a35-b4d2-286d4f61df45,https://www.autoscout24.fr/offres/e094f78b-1fa2-4a35-b4d2-286d4f61df45,fr,Volkswagen,tiguan allspace,,Volkswagen Tiguan Allspace2.0 TDI 150 DSG7 Carat -,24990,,True,2019,10-2019,115328,,used,diesel,110,149,,,,2129.0,automatic,,Boîte automatique,SUV/4x4/Pick-Up,5,7,Gris foncé,,,,,dealer,CapCar,FR-75002 PARIS,FR,2,https://prod.pictures.autoscout24.net/listing-images/e094f78b-1fa2-4a35-b4d2-286d4f61df45_3d0528cd-ff5d-4522-9e17-4b7fb3795b8b.jpg/250x188.webp,2026-08-03T05:31:33.850546,0.22,7
72210ba9-94fb-4f71-934d-aa3c088f7a5e,https://www.autoscout24.fr/offres/72210ba9-94fb-4f71-934d-aa3c088f7a5e,fr,Audi,a7,,Audi A750 TDI S LINE QUATTRO | SOFT CLOSE CARPLAY,33490,,True,2018,11-2018,129500,,used,diesel,211,286,,,,20.0,,,Boîte automatique,Berline,4,5,Gris,,,,,dealer,ENBAYAMOTORS,FR-95750 Chars,FR,1,https://prod.pictures.autoscout24.net/listing-images/72210ba9-94fb-4f71-934d-aa3c088f7a5e_75f3503f-9fb9-475b-b785-a59af01681fb.jpg/250x188.webp,2026-08-03T05:31:33.850553,0.26,8
da648651-cc25-499b-b96c-0f8ba1c5b048,https://www.autoscout24.fr/offres/da648651-cc25-499b-b96c-0f8ba1c5b048,fr,Seat,ateca,,SEAT Ateca1.4 TSI 150 ACT FR DSG 7,15980,,True,2018,03-2018,101101,,used,petrol,111,150,,,,20.0,automatic,,Boîte automatique,SUV/4x4/Pick-Up,5,5,Bleu,,,,,dealer,SIMPLICICAR REIMS,FR-51430 Tinqueux,FR,1,https://prod.pictures.autoscout24.net/listing-images/da648651-cc25-499b-b96c-0f8ba1c5b048_a18d1b13-37de-4bb8-923e-78c18d6ae3b3.jpg/250x188.webp,2026-08-03T05:31:33.850560,0.16,8
273f1190-c99b-4980-8f3d-97ec3fc43688,https://www.autoscout24.fr/offres/273f1190-c99b-4980-8f3d-97ec3fc43688,fr,Peugeot,208,,Peugeot 20870ch Active- Distribution Ok,4990,,True,2018,05-2018,94000,,used,petrol,51,70,,,,20.0,,,Boîte manuelle,Citadine,5,5,Noir,,,,,dealer,,FR-69800 SAINT-PRIEST,FR,1,https://prod.pictures.autoscout24.net/listing-images/273f1190-c99b-4980-8f3d-97ec3fc43688_2dcf44c2-12d6-4798-a079-108760a33620.jpg/250x188.webp,2026-08-03T05:31:33.850567,0.05,8
a6f57090-1d61-476b-b2c8-1c36226b2122,https://www.autoscout24.fr/offres/a6f57090-1d61-476b-b2c8-1c36226b2122,fr,Audi,a3,,Audi A3berline 35 tfsi 150 ch s tronic 7 design - seconde,14990,,True,2020,07-2020,152000,,used,petrol,110,150,,,,20.0,automatic,,Boîte automatique,Berline,,,Blanc,,,,,dealer,,FR-54700 Les Ménils,FR,1,https://prod.pictures.autoscout24.net/listing-images/a6f57090-1d61-476b-b2c8-1c36226b2122_968321bf-151e-4784-afd4-422739739f4e.jpg/250x188.webp,2026-08-03T05:31:33.850573,0.1,6
717a8552-6035-4d34-ae9d-b01f424dd553,https://www.autoscout24.fr/offres/717a8552-6035-4d34-ae9d-b01f424dd553,fr,Opel,grandland x,,Opel Grandland X1.5 D 130CH ULTIMATE BVA8,13490,,True,2021,01-2021,100000,,used,diesel,95,130,,,,20.0,,,Boîte automatique,SUV/4x4/Pick-Up,5,5,Gris,,,,,dealer,,FR-67201 ECKBOLSHEIM,FR,1,https://prod.pictures.autoscout24.net/listing-images/717a8552-6035-4d34-ae9d-b01f424dd553_0b37b20c-eb09-4ab7-86bd-370805b81241.jpg/250x188.webp,2026-08-03T05:31:33.850622,0.13,5
5a53ef85-15fe-4146-ae30-a68c5200321d,https://www.autoscout24.fr/offres/5a53ef85-15fe-4146-ae30-a68c5200321d,fr,Renault,austral,,Renault Austral1.2 E-TECH 200 ch HYBRID TECHNO BVA -,16490,,True,2022,11-2022,159990,,used,hybrid,147,200,,,,20.0,,,Boîte automatique,SUV/4x4/Pick-Up,5,5,Noir,,,,,dealer,BH CAR LYON OUEST,FR-69530 Brignais,FR,1,https://prod.pictures.autoscout24.net/listing-images/5a53ef85-15fe-4146-ae30-a68c5200321d_24d1c74f-a680-4413-baad-e507660d568e.jpg/250x188.webp,2026-08-03T05:31:33.850630,0.1,4
0ddd40bd-973e-42d1-85b4-0b6f30a1ae5e,https://www.autoscout24.fr/offres/0ddd40bd-973e-42d1-85b4-0b6f30a1ae5e,fr,Ineos,grenadier,,Ineos Grenadier3.0 Twin Turbo 249ch 2 places TVA Récuperable,57990,,True,2023,06-2023,26400,1,used,diesel,183,249,2998,,,14.4,,,Boîte automatique,Autres,6,,,,,,,dealer,LIGNON AUTOMOBILES,FR-26800 ETOILE-SUR-RHONE,FR,2,https://prod.pictures.autoscout24.net/listing-images/0ddd40bd-973e-42d1-85b4-0b6f30a1ae5e_34fcc0be-d8aa-4ee0-941a-69dd0f7298ca.jpg/250x188.webp,2026-08-03T05:31:33.850637,2.2,3
33cbde07-3192-4e5f-b76a-9903f448815a,https://www.autoscout24.fr/offres/33cbde07-3192-4e5f-b76a-9903f448815a,fr,Ds Automobiles,ds 7,,DS Automobiles DS 7BlueHDI 130 Performance Line,14990,,True,2019,10-2019,119500,,used,diesel,96,130,,,,,,,Boîte manuelle,Autres,5,5,Noir,,,,,dealer,,FR-59494 PETITE-FORET,FR,1,https://prod.pictures.autoscout24.net/listing-images/33cbde07-3192-4e5f-b76a-9903f448815a_8f8b556a-ea64-4654-a533-a781e376a60d.jpg/250x188.webp,2026-08-03T05:31:33.850644,0.13,7
682049c8-e8e3-4e88-a12a-4aac108506ef,https://www.autoscout24.fr/offres/682049c8-e8e3-4e88-a12a-4aac108506ef,fr,Dacia,duster,,Dacia Duster(2) 1.2 TCE 125 ESSENTIEL 4X2,8499,,True,2018,03-2018,89600,,used,petrol,92,125,,,,20.0,automatic,,Boîte manuelle,SUV/4x4/Pick-Up,5,5,Bleu,,,,,dealer,LM AUTO GAGNY,FR-93220 GAGNY,FR,1,https://prod.pictures.autoscout24.net/listing-images/682049c8-e8e3-4e88-a12a-4aac108506ef_6b8b7d87-e47b-4fe3-9c50-51d39656d9e2.jpg/250x188.webp,2026-08-03T05:31:33.850651,0.09,8
8940b9cc-f377-4a33-bc30-6e4d6564db96,https://www.autoscout24.fr/offres/8940b9cc-f377-4a33-bc30-6e4d6564db96,fr,Peugeot,3008,,Peugeot 30081.2i PureTech 12V S\u0026S - 130 - BV EAT8  II,19990,,True,2023,11-2023,20833,,used,petrol,70,96,1199,,,6.0,,,Boîte automatique,SUV/4x4/Pick-Up,5,,Bleu,,,,,dealer,OCCASION RHONE AUTOMOBILES 7,FR-26200 Montélimar,FR,1,https://prod.pictures.autoscout24.net/listing-images/8940b9cc-f377-4a33-bc30-6e4d6564db96_795bb345-4893-48fb-b1dc-2f892e6fa7cd.jpg/250x188.webp,2026-08-03T05:31:33.850657,0.96,3
a00e9b3e-bcb7-431d-8d4d-e80575614e0d,https://www.autoscout24.fr/offres/a00e9b3e-bcb7-431d-8d4d-e80575614e0d,fr,BMW,x5,,BMW X5xDrive45e 394ch M Sport,38999,,True,2019,12-2019,158108,,used,hybrid,289,394,2998,,,,,,Boîte automatique,SUV/4x4/Pick-Up,5,5,Mineralweiss métallisé,,,,,dealer,BMW AIX EN PROVENCE - AUTOSPHERE,FR-13100 Aix en Provence,FR,2,https://prod.pictures.autoscout24.net/listing-images/a00e9b3e-bcb7-431d-8d4d-e80575614e0d_1f72a812-c2da-49be-995e-d82132867a8f.jpg/250x188.webp,2026-08-03T05:31:33.850665,0.25,7
32f2d68e-c8d4-4251-a3f1-e680cbd24605,https://www.autoscout24.fr/offres/32f2d68e-c8d4-4251-a3f1-e680cbd24605,fr,Renault,clio,,Renault ClioV STE 1.5 BLUE DCI 85CH AIR,7990,,True,2020,12-2020,90825,,used,diesel,62,85,,,,2109.0,,,Boîte manuelle,Autres,5,,Blanc,,,,,dealer,BCI CHARTRES,FR-28630 NOGENT-LE-PHAYE,FR,1,https://prod.pictures.autoscout24.net/listing-images/32f2d68e-c8d4-4251-a3f1-e680cbd24605_9e75483a-51bf-4544-ae6f-d73b44d87bd7.jpg/250x188.webp,2026-08-03T05:31:33.850672,0.09,6
e9fd2793-1657-40d7-91f0-7695ce9ab0a2,https://www.autoscout24.fr/offres/e9fd2793-1657-40d7-91f0-7695ce9ab0a2,fr,Peugeot,2008,,Peugeot 20081.2 PureTech 100ch S\u0026S Style,12299,,True,2023,04-2023,82242,,used,petrol,73,100,1199,,,2123.0,automatic,,Boîte manuelle,SUV/4x4/Pick-Up,5,5,Noir,,,,,dealer,A B C PEUGEOT CHARLEVILLE,FR-80000 CHARLEVILLE MEZIERES,FR,2,https://prod.pictures.autoscout24.net/listing-images/e9fd2793-1657-40d7-91f0-7695ce9ab0a2_32411df4-3c32-47e9-9c6c-c4b69f125aa6.jpg/250x188.webp,2026-08-03T05:31:33.850679,0.15,3
588a624e-4dc4-4a10-9666-4dfe3e27c4cc,https://www.autoscout24.fr/offres/588a624e-4dc4-4a10-9666-4dfe3e27c4cc,fr,BMW,z4,,BMW Z4sDrive20i M Sport,34900,,True,2021,12-2021,118788,,used,petrol,145,197,,,,20.0,,,,Cabriolet,,,Noir,,,,,dealer,L'ECRIN AUTOMOBILE,FR-60950 Ver-sur-Launette,FR,2,https://prod.pictures.autoscout24.net/listing-images/588a624e-4dc4-4a10-9666-4dfe3e27c4cc_292dad62-fea0-4bb4-a500-661af67fd271.jpg/250x188.webp,2026-08-03T05:31:33.850686,0.29,5
8242a485-13d8-4f26-85c7-06bbfad7295e,https://www.autoscout24.fr/offres/8242a485-13d8-4f26-85c7-06bbfad7295e,fr,Ford,mustang,,Ford MustangV8,35370,,True,2021,03-2021,24567,,used,petrol,343,466,,,,,,,Boîte automatique,Cabriolet,,,Orange,,,,,dealer,SO Performance,FR-33150 Cenon,FR,2,https://prod.pictures.autoscout24.net/listing-images/8242a485-13d8-4f26-85c7-06bbfad7295e_d58b2950-b1f3-48ba-987c-9b13a0851cac.jpg/250x188.webp,2026-08-03T05:31:33.850694,1.44,5
7827f9cd-54c1-439f-9dba-74266b798f36,https://www.autoscout24.fr/offres/7827f9cd-54c1-439f-9dba-74266b798f36,fr,Fiat,tipo,,Fiat Tipo1.6 MULTIJET 120CH LOUNGE S,7490,,True,2018,03-2018,130000,1,used,diesel,88,120,1598,,,298.0,automatic,,Boîte manuelle,Break,5,5,Beige,,,,,dealer,DREAMAUTO,FR-57300 Mondelange,FR,2,https://prod.pictures.autoscout24.net/listing-images/7827f9cd-54c1-439f-9dba-74266b798f36_ddd034d5-fd54-49ba-9d3b-d52dc476933e.jpg/250x188.webp,2026-08-03T05:31:33.850701,0.06,8
79b4c01e-797a-4e0f-a67b-d89e1fdbce88,https://www.autoscout24.fr/offres/79b4c01e-797a-4e0f-a67b-d89e1fdbce88,fr,Audi,a3,,Audi A340 tfsie 204 cv s-tronic 6 design luxe toit ouvrant,26990,,True,2021,03-2021,65000,,used,hybrid,150,204,,,,20.0,,,Boîte automatique,Autres,,,Noir,,,,,dealer,TRANSAKAUTO PERTUIS,FR-84120 Pertuis,FR,2,https://prod.pictures.autoscout24.net/listing-images/79b4c01e-797a-4e0f-a67b-d89e1fdbce88_8f8dab22-33f9-41ed-b087-504986613b14.jpg/250x188.webp,2026-08-03T05:31:33.850708,0.42,5
1eb54379-b5af-4745-9f95-2ea9c94a679a,https://www.autoscout24.fr/offres/1eb54379-b5af-4745-9f95-2ea9c94a679a,fr,Volkswagen,golf,,Volkswagen Golf2.0 GTD 200ch DSG7,27990,,True,2021,02-2021,49990,2,used,diesel,147,200,,,,2115.0,,,Boîte automatique,Citadine,5,5,Gris,,,,,dealer,,FR-67800 HOENHEIM,FR,1,https://prod.pictures.autoscout24.net/listing-images/1eb54379-b5af-4745-9f95-2ea9c94a679a_51e1b542-5c1a-4e8c-b4b1-5798115c9933.jpg/250x188.webp,2026-08-03T05:31:33.850716,0.56,5
5fede3de-4444-4cab-a396-ef760809b942,https://www.autoscout24.fr/offres/5fede3de-4444-4cab-a396-ef760809b942,fr,Nissan,qashqai,,Nissan QashqaiIII 1.5 dCi 110 Acenta,11990,,True,2018,01-2018,117498,,used,diesel,81,110,,,,299.0,,,Boîte manuelle,SUV/4x4/Pick-Up,5,5,Noir,,,,,dealer,CapCar,FR-75002 PARIS,FR,2,https://prod.pictures.autoscout24.net/listing-images/5fede3de-4444-4cab-a396-ef760809b942_a8faf485-e4a9-4c22-a6db-a0e5976edcbe.jpg/250x188.webp,2026-08-03T05:31:33.850724,0.1,8
f865a051-8ad0-45f6-b591-61eec1557123,https://www.autoscout24.fr/offres/f865a051-8ad0-45f6-b591-61eec1557123,fr,Audi,a5,,Audi A5A5 Sportback 40 TDI 190 S tronic 7 Quattro S Line,28490,,True,2019,09-2019,105000,,used,diesel,140,190,,,,2136.0,,,AWD,Berline,5,5,Gris,,,,,dealer,,FR-67114 Eschau,FR,1,https://prod.pictures.autoscout24.net/listing-images/f865a051-8ad0-45f6-b591-61eec1557123_1284e3c6-74f9-406c-afe1-9bbb4644d780.jpg/250x188.webp,2026-08-03T05:31:33.850731,0.27,7
246f7bc4-2d99-4beb-acd1-3f137bd23f28,https://www.autoscout24.fr/offres/246f7bc4-2d99-4beb-acd1-3f137bd23f28,fr,Audi,a8,,Audi A8(4) 55 TFSI 340 qtt tiptronic 8 LWB Avus Ext,38150,,True,2018,04-2018,86000,,used,hybrid,251,341,,,,2180.0,,,Boîte automatique,Berline,4,5,Noir,,,,,dealer,Oliv'auto,FR-57050 Le Ban-Saint-Martin,FR,2,https://prod.pictures.autoscout24.net/listing-images/246f7bc4-2d99-4beb-acd1-3f137bd23f28_cc7e1b80-b913-4f53-98ad-ec36dc15114d.jpg/250x188.webp,2026-08-03T05:31:33.850739,0.44,8
2f59880f-c601-4ed1-9ba2-9a42eaa4cd06,https://www.autoscout24.fr/offres/2f59880f-c601-4ed1-9ba2-9a42eaa4cd06,fr,Nissan,ariya,,Nissan AriyaElectrique 306ch 87kWh e-4ORCE Evolve,27999,,True,2022,09-2022,111999,,used,electric,224,306,,,,20.0,,,Boîte automatique,SUV/4x4/Pick-Up,5,5,Bleu,,,,,dealer,MILLAUTO LAXOU,FR-54520 Laxou,FR,2,https://prod.pictures.autoscout24.net/listing-images/2f59880f-c601-4ed1-9ba2-9a42eaa4cd06_7a9fa495-944a-48f0-a5b9-9b6fc83ff86d.jpg/250x188.webp,2026-08-03T05:31:33.850746,0.25,4
f16e3ba9-15c8-49dc-ac44-a991ce0e2a4e,https://www.autoscout24.fr/offres/f16e3ba9-15c8-49dc-ac44-a991ce0e2a4e,fr,Volkswagen,t-roc,,Volkswagen T-Roc1.5 eTSI 116ch DSG7,26990,,True,2026,06-2026,100,,new,hybrid,85,116,1498,,,,,,Boîte automatique,SUV/4x4/Pick-Up,5,5,Gris Loup métallisée,,,,,dealer,VOLKSWAGEN MAGENTA - AUTOSPHERE,FR-51530 Magenta,FR,2,https://prod.pictures.autoscout24.net/listing-images/f16e3ba9-15c8-49dc-ac44-a991ce0e2a4e_a97f48a4-a2d6-4501-8ffd-df72f79628cf.jpg/250x188.webp,2026-08-03T05:31:33.850754,269.9,0
808eef7e-d4ef-4f00-832f-d7a1ebfb31f4,https://www.autoscout24.fr/offres/808eef7e-d4ef-4f00-832f-d7a1ebfb31f4,fr,Mini,one,,MINI OneJCW 231CH EDITION PREMIUM PLUS BVA8,25990,,True,2023,01-2023,44347,,used,petrol,169,231,,,,20.0,,,Boîte automatique,Berline,3,4,Gris,,,,,dealer,,FR-57970 Illange,FR,1,https://prod.pictures.autoscout24.net/listing-images/808eef7e-d4ef-4f00-832f-d7a1ebfb31f4_96feefad-69ba-44fa-a79e-71bb244a80de.jpg/250x188.webp,2026-08-03T05:31:33.850761,0.59,3
8ad9bb75-d18d-45ae-8b9e-c94f498d4d59,https://www.autoscout24.fr/offres/8ad9bb75-d18d-45ae-8b9e-c94f498d4d59,fr,Seat,ateca,,SEAT AtecaAteca 1.0 TSI - 110 Start\u0026Stop  Style,14490,,True,2022,06-2022,109278,,used,petrol,81,110,999,,,6.0,automatic,,Boîte manuelle,Break,5,,Gris,,,,,dealer,,FR-77100 Meaux,FR,1,https://prod.pictures.autoscout24.net/listing-images/8ad9bb75-d18d-45ae-8b9e-c94f498d4d59_789231c5-c3e2-4e49-b5d1-0e362733467b.jpg/250x188.webp,2026-08-03T05:31:33.850769,0.13,4
9af38baa-8530-4c08-8fc4-8999964a5523,https://www.autoscout24.fr/offres/9af38baa-8530-4c08-8fc4-8999964a5523,fr,BMW,530,,BMW 530d 265 ch BVA8,34990,,True,2020,06-2020,96575,,used,diesel,194,265,2993,,,5.1,,,Arrière,Berline,4,5,Noir,,,,,dealer,Alpine Store Rennes,FR-35760 Saint-Grégoire,FR,1,,2026-08-03T05:31:33.850776,0.36,6
014c4251-7f01-4721-85fa-e1073cfa6fc2,https://www.autoscout24.fr/offres/014c4251-7f01-4721-85fa-e1073cfa6fc2,fr,Skoda,kodiaq,,Skoda Kodiaq2.0 TDI 150ch AMBITION 4X2 DSG7,21990,,True,2023,01-2023,130990,1,used,diesel,110,150,,,,20.0,,,Boîte automatique,Citadine,5,5,Bleu,,,,,dealer,,FR-67800 HOENHEIM,FR,1,https://prod.pictures.autoscout24.net/listing-images/014c4251-7f01-4721-85fa-e1073cfa6fc2_aa8a58df-6d6f-45fc-996d-35f2ec5b61b4.jpg/250x188.webp,2026-08-03T05:31:33.850784,0.17,3
c2010957-a02f-47da-a26e-7887a66085e1,https://www.autoscout24.fr/offres/c2010957-a02f-47da-a26e-7887a66085e1,fr,Audi,a4,,Audi A4AVANT 30 TDI 136 BUSINESS LINE 1ère main 12.2022,19990,,True,2022,12-2022,127945,,used,diesel,101,137,,,,20.0,,,Boîte automatique,Break,5,5,Gris,,,,,dealer,,FR-38460 Crémieu,FR,1,https://prod.pictures.autoscout24.net/listing-images/c2010957-a02f-47da-a26e-7887a66085e1_cb758242-a254-4bf8-92ba-466aca3c6084.jpg/250x188.webp,2026-08-03T05:31:33.850791,0.16,4
ef58fed5-576a-4e26-9512-2e967389b3d1,https://www.autoscout24.fr/offres/ef58fed5-576a-4e26-9512-2e967389b3d1,fr,Mini,cooper,,MINI Coopercabriolet f57 lci 136 cv bva7 finition chili -,15990,,True,2019,06-2019,90000,,used,petrol,99,136,,,,20.0,,,Boîte automatique,Cabriolet,,,Gris,,,,,dealer,TRANSAKAUTO PERTUIS,FR-84120 Pertuis,FR,2,https://prod.pictures.autoscout24.net/listing-images/ef58fed5-576a-4e26-9512-2e967389b3d1_fa9ece52-b6ee-48d9-a830-8cd7d6fc47ed.jpg/250x188.webp,2026-08-03T05:31:33.850798,0.18,7
2a97dd50-7c67-43b8-aa83-81e5b6d3e210,https://www.autoscout24.fr/offres/2a97dd50-7c67-43b8-aa83-81e5b6d3e210,fr,Lexus,nx 300h,,Lexus NX 300h2.5 VVT-i 197 Hybrid AWD E-CVT Luxe -,21990,,True,2020,02-2020,109990,,used,hybrid,83,114,,,,2132.0,automatic,,Boîte automatique,SUV/4x4/Pick-Up,5,5,Gris clair,,,,,dealer,CapCar,FR-75002 PARIS,FR,2,https://prod.pictures.autoscout24.net/listing-images/2a97dd50-7c67-43b8-aa83-81e5b6d3e210_9e4ebd36-e501-4523-844a-669bc232ad27.jpg/250x188.webp,2026-08-03T05:31:33.850805,0.2,6
62b09554-78c3-40b9-9256-76164092d8cb,https://www.autoscout24.fr/offres/62b09554-78c3-40b9-9256-76164092d8cb,fr,Volkswagen,t-roc,,Volkswagen T-Roc1.5 TSI 150ch ACTIVE START-STOP VIRTUAL,15490,,True,2022,01-2022,113950,,used,petrol,110,150,,,,20.0,,,Boîte manuelle,SUV/4x4/Pick-Up,5,5,Blanc,,,,,dealer,,FR-57130 Jouy-aux-Arches,FR,1,https://prod.pictures.autoscout24.net/listing-images/62b09554-78c3-40b9-9256-76164092d8cb_72009340-b96a-4912-941f-d3d57d5a625f.jpg/250x188.webp,2026-08-03T05:31:33.850813,0.14,4
c67c84ba-4d2c-4b21-8bf0-33893ae7b1db,https://www.autoscout24.fr/offres/c67c84ba-4d2c-4b21-8bf0-33893ae7b1db,fr,Audi,q8,,Audi Q83.0 50 TDI 285 HYBRID MHEV S-LINE QUATTRO TIPTRONIC,40990,,True,2019,02-2019,149900,,used,diesel,210,285,,,,,,,Boîte automatique,SUV/4x4/Pick-Up,5,5,Noir,,,,,dealer,,FR-59494 PETITE-FORET,FR,1,https://prod.pictures.autoscout24.net/listing-images/c67c84ba-4d2c-4b21-8bf0-33893ae7b1db_1d9db926-6f60-447b-a1d9-83ab418d6322.jpg/250x188.webp,2026-08-03T05:31:33.850820,0.27,7
165f0537-025d-4c20-a46d-fa0fb1759c9b,https://www.autoscout24.fr/offres/165f0537-025d-4c20-a46d-fa0fb1759c9b,fr,Renault,clio,,Renault Clio1.0 Tce 90 Equilibre \PRIX HT POUR EXPORT DZ\,9200,,True,2022,12-2022,82700,,used,petrol,66,89,999,,,5.0,,,Boîte manuelle,Citadine,5,,Blanc,,,,,dealer,Autocenter81,FR-81580 Soual,FR,2,https://prod.pictures.autoscout24.net/listing-images/165f0537-025d-4c20-a46d-fa0fb1759c9b_b7d646ce-dba7-4917-a9ac-289287a001e9.jpg/250x188.webp,2026-08-03T05:31:33.850828,0.11,4
139e6c77-1aae-4aca-a125-5a87c9c515c9,https://www.autoscout24.fr/offres/139e6c77-1aae-4aca-a125-5a87c9c515c9,fr,Opel,corsa,,Opel Corsa1.2 Turbo 100ch Edition BVA,14299,,True,2024,03-2024,27831,1,used,petrol,73,100,1199,,,299.0,,,Boîte automatique,Berline,5,5,Gris,,,,,dealer,JCL MOTORS OPEL DIJON NORD,FR-21000 Dijon,FR,2,https://prod.pictures.autoscout24.net/listing-images/139e6c77-1aae-4aca-a125-5a87c9c515c9_39999c66-30df-4983-9ca2-24d64d6a05b4.jpg/250x188.webp,2026-08-03T05:31:33.850835,0.51,2
24a3ef8b-c0b3-4925-80db-0e2cb8e20757,https://www.autoscout24.fr/offres/24a3ef8b-c0b3-4925-80db-0e2cb8e20757,fr,Nissan,juke,,Nissan Juke1.0 digt 115 acenta 2wd bva,12590,,True,2021,04-2021,109000,,used,petrol,87,118,,,,20.0,,,Boîte automatique,SUV/4x4/Pick-Up,,,Gris,,,,,dealer,,FR-67240 BISCHWILLER,FR,1,https://prod.pictures.autoscout24.net/listing-images/24a3ef8b-c0b3-4925-80db-0e2cb8e20757_89d9986d-ad6e-447e-8bae-d5ed57bb5157.jpg/250x188.webp,2026-08-03T05:31:33.850843,0.12,5
908fe7a4-041d-4b3c-9255-715e04ffae9a,https://www.autoscout24.fr/offres/908fe7a4-041d-4b3c-9255-715e04ffae9a,fr,Suzuki,sx4 s-cross,,"Suzuki SX4 S-Cross1.4 BOOSTERJET  PRIVILEGE 2WD, sieges",16990,,True,2022,02-2022,36500,,used,hybrid,69,95,,,,,,,Boîte manuelle,SUV/4x4/Pick-Up,5,5,Noir,,,,,dealer,,FR-59494 PETITE-FORET,FR,1,https://prod.pictures.autoscout24.net/listing-images/908fe7a4-041d-4b3c-9255-715e04ffae9a_d7d61795-000f-48fe-8eac-9ed708cca3d3.jpg/250x188.webp,2026-08-03T05:31:33.850850,0.47,4
939a5d8e-ca1b-4946-b1d4-9c6a2f49efba,https://www.autoscout24.fr/offres/939a5d8e-ca1b-4946-b1d4-9c6a2f49efba,fr,Volkswagen,tayron,,Volkswagen Tayron1.5 eTSI 150ch DSG7 7pl Life Plus,36998,,True,2025,10-2025,25482,,used,hybrid,110,150,,,,2144.0,,,Boîte automatique,SUV/4x4/Pick-Up,5,7,Gris,,,,,dealer,Star'Terre,FR-69190 Saint-Fons,FR,1,https://prod.pictures.autoscout24.net/listing-images/939a5d8e-ca1b-4946-b1d4-9c6a2f49efba_edf4519e-132a-4754-90f0-25e5b37013a4.jpg/250x188.webp,2026-08-03T05:31:33.850858,1.45,1
2b913a32-4da4-42c0-a279-76fd820e986b,https://www.autoscout24.fr/offres/2b913a32-4da4-42c0-a279-76fd820e986b,fr,Volkswagen,arteon,,Volkswagen Arteon1.4 eHybrid 218 Elegance - DSG 6,25490,,True,2022,09-2022,55652,1,used,hybrid,160,217,1395,,,229.0,,,Boîte automatique,Berline,5,,Noir,,,,,dealer,DELUXE AUTO,FR-06550 La Roquette sur Siagne,FR,2,https://prod.pictures.autoscout24.net/listing-images/2b913a32-4da4-42c0-a279-76fd820e986b_a0d96da6-8fac-42dc-9ce7-6a8472747e35.jpg/250x188.webp,2026-08-03T05:31:33.850865,0.46,4
07d1858b-a8d4-498e-bb38-829e3dc4f069,https://www.autoscout24.fr/offres/07d1858b-a8d4-498e-bb38-829e3dc4f069,fr,Peugeot,508,,Peugeot 508(2) BlueHDi 130 S&S EAT8 ALLURE BUSINESS,14990,,True,2019,07-2019,89990,,used,diesel,97,131,,,,299.0,,,Boîte automatique,Berline,5,5,Bleu,,,,,dealer,VBA AUTOMOBILES,FR-45770 SARAN,FR,2,https://prod.pictures.autoscout24.net/listing-images/07d1858b-a8d4-498e-bb38-829e3dc4f069_965f94a4-398d-4309-8450-105883d6e101.jpg/250x188.webp,2026-08-03T05:31:33.850873,0.17,7
13cc16dc-9f51-4c07-a2a2-c3770de92ee6,https://www.autoscout24.fr/offres/13cc16dc-9f51-4c07-a2a2-c3770de92ee6,fr,Skoda,kamiq,,Skoda Kamiq1.5 TSI 150 ch DSG7 Style,18990,,True,2021,06-2021,63997,,used,petrol,110,150,1498,,,,,,Boîte automatique,SUV/4x4/Pick-Up,5,5,Bleu,,,,,dealer,SAS S.BEKE,FR-94320 Thiais Cedex,FR,2,https://prod.pictures.autoscout24.net/listing-images/13cc16dc-9f51-4c07-a2a2-c3770de92ee6_06b7ac83-9df2-4115-a99e-81c4a6e10d7c.jpg/250x188.webp,2026-08-03T05:31:33.850880,0.3,5
d80c4904-b828-419a-a35c-eb102340cdd4,https://www.autoscout24.fr/offres/d80c4904-b828-419a-a35c-eb102340cdd4,fr,Honda,e:ny1,,Honda e:Ny1Electrique 204ch Advance,24499,,True,2023,09-2023,15800,,used,electric,150,204,,,,20.0,,,Boîte automatique,SUV/4x4/Pick-Up,5,5,Bleu Topaz métallisée,,,,,dealer,PEUGEOT ANGOULEME - AUTOSPHERE,FR-16430 Champniers,FR,2,https://prod.pictures.autoscout24.net/listing-images/d80c4904-b828-419a-a35c-eb102340cdd4_1095cdc5-b69d-412e-becd-d9273051b3bc.jpg/250x188.webp,2026-08-03T05:31:33.850888,1.55,3
fdbf9ed6-c9ac-4912-a650-809031d85d44,https://www.autoscout24.fr/offres/fdbf9ed6-c9ac-4912-a650-809031d85d44,fr,Porsche,panamera,,Porsche Panamera4 e-hybrid 462ch ppf traitement ceramique,79000,,True,2019,10-2019,35000,,used,hybrid,339,462,,,,20.0,,,Boîte automatique,Berline,,,Noir,,,,,dealer,MASANI,FR-91070 Bondoufle,FR,1,https://prod.pictures.autoscout24.net/listing-images/fdbf9ed6-c9ac-4912-a650-809031d85d44_2dd0176d-895c-41b5-8f00-81fdb9ea3791.jpg/250x188.webp,2026-08-03T05:31:33.850895,2.26,7
e5a1ca08-ef24-4602-9d6e-9ca8dd7909b7,https://www.autoscout24.fr/offres/e5a1ca08-ef24-4602-9d6e-9ca8dd7909b7,fr,Renault,captur,,Renault Captur1.6 E-Tech hybride 145ch Business -21,19990,,True,2021,06-2021,34652,,used,hybrid,106,145,1598,,,,,,Boîte automatique,SUV/4x4/Pick-Up,5,5,Bleu Celadon/Noir Etoile,,,,,dealer,RENAULT REIMS - AUTOSPHERE,FR-51100 Reims,FR,2,https://prod.pictures.autoscout24.net/listing-images/e5a1ca08-ef24-4602-9d6e-9ca8dd7909b7_fdac2060-98ea-449e-b00f-0bd7426564cb.jpg/250x188.webp,2026-08-03T05:31:33.850902,0.58,5
740f86fd-acd4-4e9a-9466-e364f9ee6f17,https://www.autoscout24.fr/offres/740f86fd-acd4-4e9a-9466-e364f9ee6f17,fr,Alfa Romeo,giulia,,Alfa Romeo GiuliaAlfa-Romeo 2.2 JTD 190ch Sprint 110ans,24490,,True,2021,09-2021,83500,,used,diesel,139,190,,,,20.0,automatic,,Boîte automatique,Berline,5,5,Noir,,,,,dealer,,FR-29850 Gouesnou,FR,1,https://prod.pictures.autoscout24.net/listing-images/740f86fd-acd4-4e9a-9466-e364f9ee6f17_5a644fec-ce3b-4c7f-b4f5-6248c5dd0519.jpg/250x188.webp,2026-08-03T05:31:33.850910,0.29,5
76045de6-0976-48f8-b186-291e63ef1edc,https://www.autoscout24.fr/offres/76045de6-0976-48f8-b186-291e63ef1edc,fr,Mercedes-Benz,e 220,,Mercedes-Benz E 220220D 194 PACK AMG 9G-TRONIC 4 MATIC -,33990,,True,2020,07-2020,95900,,used,diesel,143,194,,,,20.0,,,Boîte automatique,Coupé,4,4,Noir,,,,,dealer,BH CAR Chateau Gaillard,FR-01500 Château-Gaillard,FR,1,https://prod.pictures.autoscout24.net/listing-images/76045de6-0976-48f8-b186-291e63ef1edc_91aa44a6-b98d-411c-b8f4-98687b359512.jpg/250x188.webp,2026-08-03T05:31:33.850917,0.35,6
20595c1b-ccbd-4a67-9bf9-9c70c8aa8972,https://www.autoscout24.fr/offres/20595c1b-ccbd-4a67-9bf9-9c70c8aa8972,fr,Mercedes-Benz,gla 200,,Mercedes-Benz GLA 200Classe 200 d 136ch Inspiration 7G-DCT,15990,,True,2018,07-2018,160000,,used,diesel,99,136,,,,2141.0,,,Boîte automatique,SUV/4x4/Pick-Up,5,,Gris,,,,,dealer,AGENCE AUTOMOBILIERE BELFORT,FR-90400 DANJOUTIN,FR,1,https://prod.pictures.autoscout24.net/listing-images/20595c1b-ccbd-4a67-9bf9-9c70c8aa8972_22fde6c2-42d0-4b13-a96c-03eab3689b5d.jpg/250x188.webp,2026-08-03T05:31:33.850925,0.1,8
58fed4da-7cb4-4349-9fd0-02af339a37bb,https://www.autoscout24.fr/offres/58fed4da-7cb4-4349-9fd0-02af339a37bb,fr,Skoda,octavia,,Skoda OctaviaOCTAV.IV 1.4 TSI PHEV iV 204ch Business DSG6e,18900,,True,2021,09-2021,79584,,used,hybrid,150,204,,,,222.0,automatic,,Boîte automatique,Berline,,,Gris,,,,,dealer,Dog Distribution,FR-92400 Courbevoie,FR,1,https://prod.pictures.autoscout24.net/listing-images/58fed4da-7cb4-4349-9fd0-02af339a37bb_9c887b5f-c345-4c17-8be2-ad7f0980eb72.jpg/250x188.webp,2026-08-03T05:31:33.850932,0.24,5
fb9c48de-eafd-46f5-8246-ed7bd74f8bd0,https://www.autoscout24.fr/offres/fb9c48de-eafd-46f5-8246-ed7bd74f8bd0,fr,BMW,440,,BMW 440(F36) 440IA 326CH M SPORT EURO6D-T,41990,,True,2018,12-2018,22500,,used,petrol,239,326,2998,,,2164.0,,,Boîte automatique,Berline,5,5,Gris,,,,,dealer,AUTO TURBO 38,FR-38800 Le Pont-de-Claix,FR,1,https://prod.pictures.autoscout24.net/listing-images/fb9c48de-eafd-46f5-8246-ed7bd74f8bd0_8147468c-5d9b-42a9-bc15-45f511a2a3c6.png/250x188.webp,2026-08-03T05:31:33.850939,1.87,8
33f0b6da-db52-4173-9c88-0833c688592e,https://www.autoscout24.fr/offres/33f0b6da-db52-4173-9c88-0833c688592e,fr,Volkswagen,polo,,Volkswagen Polo1.6 16V TDI - 95 - BV DSG 7 VI AW Lounge,13490,,True,2019,12-2019,128000,,used,diesel,70,95,,,,2132.0,,,Boîte automatique,Citadine,5,5,Gris,,,,,dealer,DRIVE ON,FR-01390 Saint-André-de-Corcy,FR,1,https://prod.pictures.autoscout24.net/listing-images/33f0b6da-db52-4173-9c88-0833c688592e_feee4ca3-dd51-47b7-b627-6f4fedf3ef69.jpg/250x188.webp,2026-08-03T05:31:33.850947,0.11,7
9e961581-abce-47b3-abb0-9d0ad0cf02ce,https://www.autoscout24.fr/offres/9e961581-abce-47b3-abb0-9d0ad0cf02ce,fr,Volkswagen,golf,,Volkswagen Golfe- VII PHASE 2,12990,,True,2019,08-2019,99257,,used,electric,101,137,,,,20.0,,,Boîte automatique,Berline,5,5,Gris,,,,,dealer,ISSOIRE PARC AUTO,FR-63500 Issoire,FR,2,https://prod.pictures.autoscout24.net/listing-images/9e961581-abce-47b3-abb0-9d0ad0cf02ce_d3790e0c-1e04-42c4-9f82-4f828098c325.jpg/250x188.webp,2026-08-03T05:31:33.850954,0.13,7
6970f203-bf0d-44db-9a14-5a5d3b415185,https://www.autoscout24.fr/offres/6970f203-bf0d-44db-9a14-5a5d3b415185,fr,Peugeot,308,,Peugeot 3081.2 PureTech 130ch S\u0026S Allure 7cv,9799,,True,2020,05-2020,90992,,used,petrol,95,130,1199,,,2132.0,,,Boîte manuelle,Break,5,5,Blanc,,,,,dealer,MILLAUTO PEUGEOT REIMS,FR-51100 Reims,FR,2,https://prod.pictures.autoscout24.net/listing-images/6970f203-bf0d-44db-9a14-5a5d3b415185_d8c07498-0a53-4193-8a63-2f4dbfa71b67.jpg/250x188.webp,2026-08-03T05:31:33.850961,0.11,6
b01b209b-c532-4a4c-9572-2d0df8d5f535,https://www.autoscout24.fr/offres/b01b209b-c532-4a4c-9572-2d0df8d5f535,fr,Skoda,scala,,Skoda Scala1.0 TSI Evo 110ch Active DSG7,15999,,True,2022,02-2022,33178,,used,petrol,80,110,999,,,,,,Boîte automatique,Berline,5,5,Gris,,,,,dealer,BMW MARIGNANE - AUTOSPHERE,FR-13700 Marignane,FR,2,https://prod.pictures.autoscout24.net/listing-images/b01b209b-c532-4a4c-9572-2d0df8d5f535_e912e1d1-9d55-44fb-8afc-f98dd064d7c8.jpg/250x188.webp,2026-08-03T05:31:33.850968,0.48,4
2b835724-ccb5-4e9e-8b6d-bd2054c202f5,https://www.autoscout24.fr/offres/2b835724-ccb5-4e9e-8b6d-bd2054c202f5,fr,Ds Automobiles,ds 7 crossback,,DS Automobiles DS 7 Crossback1.6L 225ch Grand Chic OPÉRA,16950,,True,2018,05-2018,88950,,used,petrol,165,225,,,,20.0,automatic,,Boîte automatique,SUV/4x4/Pick-Up,5,5,Autre,,,,,dealer,FRIDELLA AUTOMOBILE,FR-92500 Rueil Malmaison,FR,2,https://prod.pictures.autoscout24.net/listing-images/2b835724-ccb5-4e9e-8b6d-bd2054c202f5_19f40c1b-8233-43cd-bf1c-abaef1b9ff8d.jpg/250x188.webp,2026-08-03T05:31:33.850976,0.19,8
466518e0-6243-47cc-a74a-505c184df1c7,https://www.autoscout24.fr/offres/466518e0-6243-47cc-a74a-505c184df1c7,fr,BMW,ix3,,BMW iX3M Sport 286ch Inspiring,41499,,True,2024,04-2024,27126,,used,electric,210,286,,,,20.0,,,Boîte automatique,SUV/4x4/Pick-Up,5,5,Sophistograu 2 metallise,,,,,dealer,BMW MERIGNAC - AUTOSPHERE,FR-33700 Merignac,FR,2,https://prod.pictures.autoscout24.net/listing-images/466518e0-6243-47cc-a74a-505c184df1c7_52ccca36-ee81-486a-bb6f-e419a95aadc4.jpg/250x188.webp,2026-08-03T05:31:33.850983,1.53,2
f3f41ba4-f2cd-4327-bbfc-e4433a3b7f06,https://www.autoscout24.fr/offres/f3f41ba4-f2cd-4327-bbfc-e4433a3b7f06,fr,Citroen,c5 aircross,,Citroen C5 AircrossBlueHDi 130ch S\u0026S Shine E6.d,15299,,True,2021,05-2021,117627,,used,diesel,95,130,1499,,,2130.0,,,Boîte manuelle,SUV/4x4/Pick-Up,5,5,Gris,,,,,dealer,A B C PEUGEOT CHARLEVILLE,FR-80000 CHARLEVILLE MEZIERES,FR,2,https://prod.pictures.autoscout24.net/listing-images/f3f41ba4-f2cd-4327-bbfc-e4433a3b7f06_62e2efcb-2395-4ba4-a4b3-46288a5b8c4e.jpg/250x188.webp,2026-08-03T05:31:33.850990,0.13,5
a1a52445-bf8e-4c93-a4db-66b496486bba,https://www.autoscout24.fr/offres/a1a52445-bf8e-4c93-a4db-66b496486bba,fr,Mercedes-Benz,gla 200,,Mercedes-Benz GLA 200200 D PROGRESSIVE LINE DCT,27480,,True,2021,10-2021,80000,,used,diesel,111,150,,,,20.0,automatic,,Boîte automatique,SUV/4x4/Pick-Up,5,5,Noir,,,,,dealer,SIMPLICICAR NIMES,FR-30900 Nîmes,FR,1,https://prod.pictures.autoscout24.net/listing-images/a1a52445-bf8e-4c93-a4db-66b496486bba_34e2a988-1705-469d-ae37-1a3a18f76d8e.jpg/250x188.webp,2026-08-03T05:31:33.850998,0.34,5
81b3ef84-66c9-4ba7-8873-4826b2ca0746,https://www.autoscout24.fr/offres/81b3ef84-66c9-4ba7-8873-4826b2ca0746,fr,Renault,megane,,Renault MeganeMégane IV Berline Blue dCi 115 - 20 Business,10990,,True,2020,11-2020,117000,,used,diesel,85,115,,,,2102.0,,,Boîte manuelle,Berline,5,5,Gris,,,,,dealer,,FR-76700 HARFLEUR,FR,1,https://prod.pictures.autoscout24.net/listing-images/81b3ef84-66c9-4ba7-8873-4826b2ca0746_88f11445-bc76-406a-81fb-8f45b4a5cb67.jpg/250x188.webp,2026-08-03T05:31:33.851005,0.09,6
3a365183-78f4-4557-af1a-9c9f67e445ad,https://www.autoscout24.fr/offres/3a365183-78f4-4557-af1a-9c9f67e445ad,fr,Opel,grandland,,Opel GrandlandGrandland 1.2 Turbo 130 ch BVA8 Elegance,13840,,True,2022,02-2022,75020,,used,petrol,95,130,,,,2112.0,,,Boîte automatique,SUV/4x4/Pick-Up,5,5,Gris,,,,,dealer,Simplicicar Nice,FR-06000 Nice,FR,2,https://prod.pictures.autoscout24.net/listing-images/3a365183-78f4-4557-af1a-9c9f67e445ad_20e54fcf-e37b-412c-92cd-a6b1bc6b2c08.jpg/250x188.webp,2026-08-03T05:31:33.851012,0.18,4
d7833980-c6e6-43a8-b04a-9e1dc6ef10ec,https://www.autoscout24.fr/offres/d7833980-c6e6-43a8-b04a-9e1dc6ef10ec,fr,Mini,one,,MINI OneJCW 2.0 231CV BVA8 - HARMAN KARDON / TOIT OUVRANT /,20490,,True,2020,01-2020,117000,,used,petrol,169,231,,,,2137.0,,,Boîte automatique,Citadine,3,,Noir,,,,,dealer,L'AGENCE AUTOMOBILIERE AIX EN PROVENCE,FR-13770 Venelles,FR,1,https://prod.pictures.autoscout24.net/listing-images/d7833980-c6e6-43a8-b04a-9e1dc6ef10ec_e3301344-8286-4e5c-a6e2-c3de463cbc81.jpg/250x188.webp,2026-08-03T05:31:33.851019,0.18,6
5f94b85d-7712-46f5-80f7-5be1157a5edc,https://www.autoscout24.fr/offres/5f94b85d-7712-46f5-80f7-5be1157a5edc,fr,BMW,320,,BMW 320serie g20 320d 190 ch bva8 m sport camera 360 siege,25990,,True,2019,05-2019,155000,,used,diesel,139,190,,,,20.0,,,Boîte automatique,Autres,,,Gris,,,,,dealer,Transak Auto Venelles,FR-13770 Venelles,FR,2,https://prod.pictures.autoscout24.net/listing-images/5f94b85d-7712-46f5-80f7-5be1157a5edc_69bbee52-bba9-4ae3-b73f-55684108d444.jpg/250x188.webp,2026-08-03T05:31:33.851026,0.17,7
0ee8449e-e6f3-498d-b24b-4e96752197cd,https://www.autoscout24.fr/offres/0ee8449e-e6f3-498d-b24b-4e96752197cd,fr,Hyundai,kona,,Hyundai KONA1.6 GDI 141CH HYBRID BUSINESS DCT-6,12980,,True,2022,06-2022,158568,1,used,hybrid,103,141,1580,,,2112.0,,,Boîte automatique,SUV/4x4/Pick-Up,5,5,Gris,,,,,dealer,Univers occasion sas,FR-24680 Gardonne,FR,2,https://prod.pictures.autoscout24.net/listing-images/0ee8449e-e6f3-498d-b24b-4e96752197cd_60af09ac-8a03-46fb-8ef0-f385573d6cc3.jpg/250x188.webp,2026-08-03T05:31:33.851034,0.08,4
9fe1ff08-93a5-4b37-aa33-db21522556bc,https://www.autoscout24.fr/offres/9fe1ff08-93a5-4b37-aa33-db21522556bc,fr,Renault,captur,,Renault Captur1.5 DCI Intens - 115cv / Apple Carplay /,13490,,True,2020,03-2020,84000,,used,diesel,84,115,,,,,,,Boîte manuelle,SUV/4x4/Pick-Up,5,5,Gris,,,,,dealer,,FR-70000 Vaivre-et-Montoille,FR,1,https://prod.pictures.autoscout24.net/listing-images/9fe1ff08-93a5-4b37-aa33-db21522556bc_fbdc78ff-fb1b-420f-82e8-70cbad2eba47.jpg/250x188.webp,2026-08-03T05:31:33.851040,0.16,6
c77fbb00-08c0-4a7e-b1f5-5cca8cef4154,https://www.autoscout24.fr/offres/c77fbb00-08c0-4a7e-b1f5-5cca8cef4154,fr,BMW,x5,,BMW X5xDrive50e 489ch M Sport,82499,,True,2023,08-2023,36995,,used,hybrid,359,489,2998,,,,,,Boîte automatique,SUV/4x4/Pick-Up,5,5,Manhattan métallisée,,,,,dealer,BMW SALON DE PROVENCE - AUTOSPHERE,FR-13300 Salon de Provence,FR,2,https://prod.pictures.autoscout24.net/listing-images/c77fbb00-08c0-4a7e-b1f5-5cca8cef4154_aa24688f-f879-4035-bc9f-721980ef6584.jpg/250x188.webp,2026-08-03T05:31:33.851047,2.23,3
d34d5f05-07df-42be-8bd8-f9e1579180ed,https://www.autoscout24.fr/offres/d34d5f05-07df-42be-8bd8-f9e1579180ed,fr,Mg,marvel r,,MG Marvel REV 2WD Luxury 70kWh,23790,,True,2022,03-2022,30330,3,used,electric,70,95,,,,20.0,,,Arrière,SUV/4x4/Pick-Up,5,5,Noir,,,,,dealer,AUTOHERO FRANCE,FR-92130 Issy-les-Moulineaux,FR,2,https://prod.pictures.autoscout24.net/listing-images/d34d5f05-07df-42be-8bd8-f9e1579180ed_35d030a2-4e11-4947-9a20-08db80d79637.jpg/250x188.webp,2026-08-03T05:31:33.851054,0.78,4
16a87ee5-53eb-4390-8d4b-05ec0a7c7e74,https://www.autoscout24.fr/offres/16a87ee5-53eb-4390-8d4b-05ec0a7c7e74,fr,Citroen,c4 x,,Citroen C4 X1.2 PT 130 CV FEEL PACK EAT8 11000HT EXPORT 09,11000,,True,2023,09-2023,76725,,used,petrol,95,130,,,,,,,Boîte automatique,Berline,5,5,Noir,,,,,dealer,,FR-78310 COIGNIERES,FR,1,https://prod.pictures.autoscout24.net/listing-images/16a87ee5-53eb-4390-8d4b-05ec0a7c7e74_c281a786-cf6b-462e-ab13-5ce30800c77f.jpg/250x188.webp,2026-08-03T05:31:33.851061,0.14,3
bc67661e-fa93-458d-8df3-ddb4bf18d6b5,https://www.autoscout24.fr/offres/bc67661e-fa93-458d-8df3-ddb4bf18d6b5,fr,Ds Automobiles,ds 7 crossback,,DS Automobiles DS 7 CrossbackPureTech 180ch Performance,17499,,True,2020,02-2020,105000,,used,petrol,132,180,1598,,,2119.0,automatic,,Boîte automatique,SUV/4x4/Pick-Up,5,5,Gris,,,,,dealer,FRANCHE AUTOMOBILES FIAT BESANCON,FR-67800 BISCHHEIM,FR,2,https://prod.pictures.autoscout24.net/listing-images/bc67661e-fa93-458d-8df3-ddb4bf18d6b5_0a565640-472c-4c45-95d3-09fd603afa67.jpg/250x188.webp,2026-08-03T05:31:33.851068,0.17,6
54ba07b6-c633-4762-a53b-f76828db9798,https://www.autoscout24.fr/offres/54ba07b6-c633-4762-a53b-f76828db9798,fr,Fiat,500,,Fiat 5001.0l Hybride 70 CV BVM 6,8990,,True,2022,11-2022,49000,,used,hybrid,51,70,,,,20.0,,,Boîte manuelle,Citadine,3,,Noir,,,,,dealer,,FR-06100 NICE,FR,1,https://prod.pictures.autoscout24.net/listing-images/54ba07b6-c633-4762-a53b-f76828db9798_f7ff843b-25ef-4c5b-a690-4b3eefc20bf0.jpg/250x188.webp,2026-08-03T05:31:33.851075,0.18,4
eb013b0d-7486-43ff-a038-50bed6b16122,https://www.autoscout24.fr/offres/eb013b0d-7486-43ff-a038-50bed6b16122,fr,Peugeot,208,,Peugeot 208e-208 136ch Style,10999,,True,2022,02-2022,159862,,used,electric,99,136,,,,20.0,,,Boîte automatique,Citadine,5,5,Gris Artense (M),,,,,dealer,RENAULT AVION - AUTOSPHERE,FR-62210 Avion,FR,2,https://prod.pictures.autoscout24.net/listing-images/eb013b0d-7486-43ff-a038-50bed6b16122_bd9102d9-83bf-4991-b83d-f9c052e507eb.jpg/250x188.webp,2026-08-03T05:31:33.851124,0.07,4
29332458-11a3-47c5-a6d7-59e39a906696,https://www.autoscout24.fr/offres/29332458-11a3-47c5-a6d7-59e39a906696,fr,Peugeot,308,,Peugeot 308bluehdi 130ch s eat8 active carplay radar ar,11990,,True,2020,11-2020,83000,,used,diesel,95,130,,,,20.0,,,Boîte automatique,Break,,,Gris,,,,,dealer,Transak Auto Venelles,FR-13770 Venelles,FR,2,https://prod.pictures.autoscout24.net/listing-images/29332458-11a3-47c5-a6d7-59e39a906696_47b3a835-4208-43b3-986e-27a8e500ab5e.jpg/250x188.webp,2026-08-03T05:31:33.851133,0.14,6
d06c8e57-ae88-449b-b459-3cf509656d68,https://www.autoscout24.fr/offres/d06c8e57-ae88-449b-b459-3cf509656d68,fr,Hyundai,ioniq,,Hyundai IONIQ(2) 1.6 plug-in 141 executive %2B faible conso,14490,,True,2019,12-2019,111350,,used,hybrid,57,78,,,,20.0,,,Boîte automatique,Berline,5,5,Gris,,,,,dealer,EWIGO NANCY,FR-54000 Nancy,FR,1,https://prod.pictures.autoscout24.net/listing-images/d06c8e57-ae88-449b-b459-3cf509656d68_88c53105-fe78-42d5-8bb2-395a2e99859f.jpg/250x188.webp,2026-08-03T05:31:33.851140,0.13,7
17bf159a-0525-4747-87f1-6c73a7b40d83,https://www.autoscout24.fr/offres/17bf159a-0525-4747-87f1-6c73a7b40d83,fr,Mercedes-Benz,a 180,,Mercedes-Benz A 180MERCEDES 180D 116 Ch STYLE LINE,17990,,True,2020,06-2020,104500,,used,diesel,85,116,,,,20.0,,,Boîte manuelle,Berline,5,5,Gris,,,,,dealer,AU CAR DE TOUR,FR-37390 Chanceaux sur choisille,FR,1,https://prod.pictures.autoscout24.net/listing-images/17bf159a-0525-4747-87f1-6c73a7b40d83_9738c0de-76ec-4dd7-8a62-ef11f75ce7cd.jpg/250x188.webp,2026-08-03T05:31:33.851147,0.17,6
67bbfb94-a79c-4a2e-84d7-0bf7147d6c54,https://www.autoscout24.fr/offres/67bbfb94-a79c-4a2e-84d7-0bf7147d6c54,fr,Land Rover,range rover sport,,Land Rover Range Rover Sport2.0 P400e 404ch HSE Dynamic,39950,,True,2019,10-2019,100500,,used,hybrid,297,404,,,,269.0,,,Boîte automatique,SUV/4x4/Pick-Up,5,5,Bleu,,,,,dealer,,FR-92100 Boulogne Billancourt,FR,1,https://prod.pictures.autoscout24.net/listing-images/67bbfb94-a79c-4a2e-84d7-0bf7147d6c54_3dcf95a8-801b-411f-adf6-0ecb22ec0b29.jpg/250x188.webp,2026-08-03T05:31:33.851154,0.4,7
4e2161c1-8329-43d9-82f6-cbbc7c6df589,https://www.autoscout24.fr/offres/4e2161c1-8329-43d9-82f6-cbbc7c6df589,fr,Volkswagen,tiguan,,Volkswagen Tiguan2.0 TDI 150 4X2 DSG PH2,18480,,True,2018,12-2018,148150,,used,diesel,111,150,,,,20.0,automatic,,Boîte automatique,SUV/4x4/Pick-Up,5,5,Blanc,,,,,dealer,SIMPLICICAR FONTAINEBLEAU,FR-77870 Vulaines-sur-Seine,FR,1,https://prod.pictures.autoscout24.net/listing-images/4e2161c1-8329-43d9-82f6-cbbc7c6df589_77fb25dd-dbb2-4e3f-8969-9270c5269dc5.jpg/250x188.webp,2026-08-03T05:31:33.851160,0.12,8
ed5b06f2-bfd1-4f6d-8695-7bdf6b6bebd5,https://www.autoscout24.fr/offres/ed5b06f2-bfd1-4f6d-8695-7bdf6b6bebd5,fr,BMW,320,,BMW 320TOURING 2.0 320 D 190 Lounge BVA Entretien suivi,15490,,True,2018,07-2018,144500,,used,diesel,140,190,,,,20.0,,,Boîte automatique,Break,5,5,Noir,,,,,dealer,Ewigo Colmar,FR-68000 COLMAR,FR,2,https://prod.pictures.autoscout24.net/listing-images/ed5b06f2-bfd1-4f6d-8695-7bdf6b6bebd5_8a724908-bc91-4a82-a232-d415e0ec39ab.jpg/250x188.webp,2026-08-03T05:31:33.851168,0.11,8
0d1657f0-2013-45e0-a126-307d8533ff78,https://www.autoscout24.fr/offres/0d1657f0-2013-45e0-a126-307d8533ff78,fr,Opel,corsa,,Opel Corsa1.2i 75Cv S&S 02-2020,9990,,True,2020,02-2020,49000,,used,petrol,55,75,,,,20.0,,,Boîte manuelle,Citadine,,,,,,,,dealer,MGA MOTORS,FR-21000 Dijon,FR,1,https://prod.pictures.autoscout24.net/listing-images/0d1657f0-2013-45e0-a126-307d8533ff78_3995f5c2-18fe-447b-9ab5-620a4e844c30.jpg/250x188.webp,2026-08-03T05:31:33.851175,0.2,6
9d13e05f-4b24-42ca-85b3-d1237c35b8de,https://www.autoscout24.fr/offres/9d13e05f-4b24-42ca-85b3-d1237c35b8de,fr,Peugeot,208,,Peugeot 2081.5 BlueHDi 100ch S\u0026S Active,11499,,True,2022,08-2022,63366,,used,diesel,73,100,1499,,,2106.0,automatic,,Boîte manuelle,Berline,5,5,Blanc,,,,,dealer,A B C PEUGEOT HIRSON,FR-02500 HIRSON,FR,2,https://prod.pictures.autoscout24.net/listing-images/9d13e05f-4b24-42ca-85b3-d1237c35b8de_df9d2da6-f4d3-42d7-8f89-b13271b3f6fd.jpg/250x188.webp,2026-08-03T05:31:33.851181,0.18,4
6ffe3401-c3fe-4e90-aa13-eb20004120b8,https://www.autoscout24.fr/offres/6ffe3401-c3fe-4e90-aa13-eb20004120b8,fr,Ford,fiesta,,Ford Fiesta1.0 140 SCTI ST-Line,9990,,True,2018,11-2018,94500,,used,petrol,103,140,,,,,,,Boîte manuelle,Berline,5,5,Gris,,,,,dealer,Via Automobile Roncq,FR-59223 Roncq,FR,2,https://prod.pictures.autoscout24.net/listing-images/6ffe3401-c3fe-4e90-aa13-eb20004120b8_6dada509-45d7-495f-930b-0ad006886821.jpg/250x188.webp,2026-08-03T05:31:33.851188,0.11,8
0532faaf-edf6-4f97-be3f-57df670bc94f,https://www.autoscout24.fr/offres/0532faaf-edf6-4f97-be3f-57df670bc94f,fr,Ds Automobiles,ds 3,,DS Automobiles DS 31.2i 100 Performance Line PHASE 2,16990,,True,2024,03-2024,7164,,used,petrol,74,100,1199,,,5.6,automatic,,Boîte manuelle,SUV/4x4/Pick-Up,5,,Noir,,,,,dealer,,FR-69360 Sérézin-du-Rhône,FR,1,https://prod.pictures.autoscout24.net/listing-images/0532faaf-edf6-4f97-be3f-57df670bc94f_0ff1beda-0602-4569-9df2-5dff8cb47900.jpg/250x188.webp,2026-08-03T05:31:33.851196,2.37,2
ea3976fb-8425-4e34-b771-b6ad0c072635,https://www.autoscout24.fr/offres/ea3976fb-8425-4e34-b771-b6ad0c072635,fr,Cupra,formentor,,CUPRA Formentor1.4 E-HYBRID 245CH VZ DSG6,28990,,True,2024,04-2024,34369,,used,hybrid,180,245,1395,,,232.0,,,Boîte automatique,SUV/4x4/Pick-Up,5,5,Gris,,,,,dealer,LTA Trading,FR-94340 Joinville-le-Pont,FR,2,https://prod.pictures.autoscout24.net/listing-images/ea3976fb-8425-4e34-b771-b6ad0c072635_b807334a-fab3-4fb3-86a8-eea29f7f881d.jpg/250x188.webp,2026-08-03T05:31:33.851203,0.84,2
0801be1c-2897-4720-8c75-e50ff6b6b259,https://www.autoscout24.fr/offres/0801be1c-2897-4720-8c75-e50ff6b6b259,fr,Citroen,c4 cactus,,Citroen C4 CactusPureTech 110 Feel,8990,,True,2018,10-2018,89000,,used,petrol,59,81,,,,91.0,,,Boîte automatique,Autres,5,5,Noir,,,,,dealer,L'AGENCE AUTOMOBILIERE EPONE 78,FR-78680 Épône,FR,1,https://prod.pictures.autoscout24.net/listing-images/0801be1c-2897-4720-8c75-e50ff6b6b259_b4e90f6b-c754-4153-9bf6-29ae42410a52.jpg/250x188.webp,2026-08-03T05:31:33.851210,0.1,8
8eeb79b0-ef8d-4166-8b0c-295e70aff3b8,https://www.autoscout24.fr/offres/8eeb79b0-ef8d-4166-8b0c-295e70aff3b8,fr,Renault,arkana,,Renault Arkana1.6 E-TECH HYBRIDE 145CH EVOLUTION -22,15290,,True,2023,07-2023,102942,,used,hybrid,106,145,,,,2105.0,,,Boîte automatique,SUV/4x4/Pick-Up,5,,Noir,,,,,dealer,BCI CHARTRES,FR-28630 NOGENT-LE-PHAYE,FR,1,https://prod.pictures.autoscout24.net/listing-images/8eeb79b0-ef8d-4166-8b0c-295e70aff3b8_b94bfde5-a4d6-43e5-b999-cd67e1e6dd9a.jpg/250x188.webp,2026-08-03T05:31:33.851217,0.15,3
a7bd4d7a-7877-45c8-adc9-7cab5c417461,https://www.autoscout24.fr/offres/a7bd4d7a-7877-45c8-adc9-7cab5c417461,fr,Lexus,ux 300e,,Lexus UX 300e300e Pack,19999,,True,2021,06-2021,74000,,used,electric,152,206,,,,20.0,,,Boîte automatique,SUV/4x4/Pick-Up,5,5,Noir Ebène,,,,,dealer,LEXUS CHAMBOURCY - AUTOSPHERE,FR-78240 Chambourcy,FR,2,https://prod.pictures.autoscout24.net/listing-images/a7bd4d7a-7877-45c8-adc9-7cab5c417461_149010e6-12c1-4fe8-afb6-23427fbffe20.jpg/250x188.webp,2026-08-03T05:31:33.851224,0.27,5
21b6376b-e291-4e12-9d9b-d44cc425108b,https://www.autoscout24.fr/offres/21b6376b-e291-4e12-9d9b-d44cc425108b,fr,Opel,grandland x,,Opel Grandland XULTIMATE 1.5D 130cv BVA / CAMERA 360° /,12990,,True,2019,07-2019,67300,,used,diesel,95,130,,,,20.0,,,Boîte automatique,SUV/4x4/Pick-Up,5,5,Blanc,,,,,dealer,ML TRANSACTIONS,FR-83130 La Garde,FR,1,https://prod.pictures.autoscout24.net/listing-images/21b6376b-e291-4e12-9d9b-d44cc425108b_f36451cb-6814-46cd-847b-3b4753733d05.jpg/250x188.webp,2026-08-03T05:31:33.851231,0.19,7
c6fb8055-1ad0-4e4a-a2cc-8f677e114cea,https://www.autoscout24.fr/offres/c6fb8055-1ad0-4e4a-a2cc-8f677e114cea,fr,Mercedes-Benz,b 200,,Mercedes-Benz B 200200D 136CH STARLIGHT EDITION 7G-DCT,7800,,True,2018,11-2018,199405,1,used,diesel,99,136,2143,,,2141.0,,,Boîte automatique,Monospace,5,5,Noir,,,,,dealer,SELF AUTO,FR-91170 Viry Chatillon,FR,2,https://prod.pictures.autoscout24.net/listing-images/c6fb8055-1ad0-4e4a-a2cc-8f677e114cea_b5beaf10-3656-4113-b5a8-413b9b894535.jpg/250x188.webp,2026-08-03T05:31:33.851239,0.04,8
c688922e-96c9-4d98-98af-0071871b0a29,https://www.autoscout24.fr/offres/c688922e-96c9-4d98-98af-0071871b0a29,fr,Peugeot,508,,Peugeot 5082.0 BlueHDi 160 BVA EAT8 GT Line - CAMERA DE,14990,,True,2019,10-2019,132840,,used,diesel,118,160,1997,,,5.0,,,Boîte automatique,Berline,5,,Type de peintureMétallisé,,,,,dealer,ALSACE AUTO LIVE II,FR-67520 MARLENHEIM,FR,1,https://prod.pictures.autoscout24.net/listing-images/c688922e-96c9-4d98-98af-0071871b0a29_bf5213cf-d9cc-464e-9811-e3f7f705f0b7.jpg/250x188.webp,2026-08-03T05:31:33.851246,0.11,7
51ad0106-3c36-4781-a837-e754d04d490f,https://www.autoscout24.fr/offres/51ad0106-3c36-4781-a837-e754d04d490f,fr,Mini,cooper se,,MINI Cooper SEMINI Electric 184 F56 LCI Cooper SE Greenwich,13750,,True,2020,02-2020,112000,,used,electric,99,135,,,,20.0,,,Boîte automatique,Coupé,3,,Vert,,,,,dealer,AGENCY CAR PLAISIR,FR-78990 Élancourt,FR,1,https://prod.pictures.autoscout24.net/listing-images/51ad0106-3c36-4781-a837-e754d04d490f_ce4af507-eb15-4de1-91cf-b06dfa1a3d57.jpg/250x188.webp,2026-08-03T05:31:33.851253,0.12,6
18ee2e3c-4c72-4e88-94b2-86a9a705bd75,https://www.autoscout24.fr/offres/18ee2e3c-4c72-4e88-94b2-86a9a705bd75,fr,Mercedes-Benz,a 180,,Mercedes-Benz A 180180 d 116ch Progressive Line 7G-DCT,14490,,True,2019,05-2019,218000,,used,diesel,85,116,,,,2100.0,,,Boîte automatique,Berline,5,,Noir,,,,,dealer,AGENCE AUTOMOBILIERE BELFORT,FR-90400 DANJOUTIN,FR,1,https://prod.pictures.autoscout24.net/listing-images/18ee2e3c-4c72-4e88-94b2-86a9a705bd75_d02e4399-4836-4a5b-9368-6a279b2f13d6.jpg/250x188.webp,2026-08-03T05:31:33.851260,0.07,7
216a2b5f-9a55-4e26-93e2-2cd008c664ef,https://www.autoscout24.fr/offres/216a2b5f-9a55-4e26-93e2-2cd008c664ef,fr,Renault,arkana,,Renault Arkana1.6 E-Tech 145ch Intens -21B,24499,,True,2021,11-2021,45000,,used,hybrid,106,145,1598,,,,,,Boîte automatique,SUV/4x4/Pick-Up,5,5,Noir Métal,,,,,dealer,RENAULT REIMS - AUTOSPHERE,FR-51100 Reims,FR,2,https://prod.pictures.autoscout24.net/listing-images/216a2b5f-9a55-4e26-93e2-2cd008c664ef_bab381c0-38eb-492c-b6cc-ae196cb09025.jpg/250x188.webp,2026-08-03T05:31:33.851268,0.54,5
26324722-02d3-44fa-ac24-3381b56a92ff,https://www.autoscout24.fr/offres/26324722-02d3-44fa-ac24-3381b56a92ff,fr,Volkswagen,golf,,Volkswagen Golf2.0 TDI SCR 116 BVM6 Life Business,15990,,True,2022,05-2022,118000,,used,diesel,86,116,,,,296.0,,,Boîte manuelle,Berline,5,5,Noir,,,,,dealer,,FR-62300 Lens,FR,1,https://prod.pictures.autoscout24.net/listing-images/26324722-02d3-44fa-ac24-3381b56a92ff_72352022-8f82-4ec3-ba99-aa2a6c010a1a.jpg/250x188.webp,2026-08-03T05:31:33.851275,0.14,4
43657642-f08c-4ea5-b30f-fb34c3bb698c,https://www.autoscout24.fr/offres/43657642-f08c-4ea5-b30f-fb34c3bb698c,fr,Volkswagen,t-roc,,Volkswagen T-Roc1.0 TSI 110CH LIFE,17990,,True,2022,08-2022,28800,,used,petrol,80,110,,,,20.0,automatic,,Boîte manuelle,SUV/4x4/Pick-Up,5,5,Bleu,,,,,dealer,VOGUE,FR-83160 LA VALETTE DU VAR,FR,1,https://prod.pictures.autoscout24.net/listing-images/43657642-f08c-4ea5-b30f-fb34c3bb698c_0a5658de-b612-4cba-9192-2d73fc86ba29.jpg/250x188.webp,2026-08-03T05:31:33.851283,0.62,4
e94f7b89-3e61-4d02-a7a2-0ccda1a5227c,https://www.autoscout24.fr/offres/e94f7b89-3e61-4d02-a7a2-0ccda1a5227c,fr,BMW,x1,,BMW X118d sdrive 150 lounge ba ph2,19990,,True,2021,08-2021,103000,,used,diesel,111,150,,,,20.0,automatic,,Boîte automatique,SUV/4x4/Pick-Up,,,Bleu,,,,,dealer,VENTOUX MOTORS,FR-84200 CARPENTRAS,FR,1,https://prod.pictures.autoscout24.net/listing-images/e94f7b89-3e61-4d02-a7a2-0ccda1a5227c_edf80058-1cd8-459e-aea3-382ce15a41b4.jpg/250x188.webp,2026-08-03T05:31:33.851290,0.19,5
ebb16636-993e-4b97-835d-bbae2667fd4d,https://www.autoscout24.fr/offres/ebb16636-993e-4b97-835d-bbae2667fd4d,fr,Peugeot,2008,,Peugeot 20081.2 PURETECH 155CH S&S GT PACK EAT8,16790,,True,2022,03-2022,52992,,used,petrol,113,155,,,,20.0,,,Boîte automatique,SUV/4x4/Pick-Up,5,5,Gris,,,,,dealer,IDF AUTO,FR-95310 Saint Ouen l'Aumone,FR,1,https://prod.pictures.autoscout24.net/listing-images/ebb16636-993e-4b97-835d-bbae2667fd4d_c8b23c07-355f-4585-a993-19dc156d9548.jpg/250x188.webp,2026-08-03T05:31:33.851298,0.32,4
686f6ddd-ba56-45e0-8bd6-bb75d9360f91,https://www.autoscout24.fr/offres/686f6ddd-ba56-45e0-8bd6-bb75d9360f91,fr,Peugeot,308,,Peugeot 308II 1.5 BLUE HDI 130 ALLURE BUSINESS EAT,8980,,True,2019,04-2019,158000,,used,diesel,96,130,,,,20.0,,,Boîte automatique,Berline,5,5,Autre,,,,,dealer,SIMPLICICAR TOULON EST,FR-83210 La Farlède,FR,2,https://prod.pictures.autoscout24.net/listing-images/686f6ddd-ba56-45e0-8bd6-bb75d9360f91_94707d0e-82c5-41c1-b127-e8c2f2f4d84a.jpg/250x188.webp,2026-08-03T05:31:33.851305,0.06,7
63f23624-93cd-4f3d-bfb4-54d09c23f1d0,https://www.autoscout24.fr/offres/63f23624-93cd-4f3d-bfb4-54d09c23f1d0,fr,Skoda,karoq,,Skoda Karoq1.0 TSI Ambition,18290,,True,2022,03-2022,38490,,used,petrol,81,110,,,,20.0,automatic,,Boîte manuelle,SUV/4x4/Pick-Up,5,5,Blanc,,,,,dealer,LOKAZ 73,FR-73420 VIVIERS-DU-LAC,FR,2,https://prod.pictures.autoscout24.net/listing-images/63f23624-93cd-4f3d-bfb4-54d09c23f1d0_d8cedd3b-6e2d-411c-97bc-d45fa89bf625.jpg/250x188.webp,2026-08-03T05:31:33.851312,0.48,4
8d78a008-f875-485d-8220-62f37ecfb305,https://www.autoscout24.fr/offres/8d78a008-f875-485d-8220-62f37ecfb305,fr,Opel,mokka,,Opel Mokka1.2 Turbo 130 ch BVA8 GS Line,14998,,True,2022,05-2022,44516,,used,petrol,95,130,,,,2134.0,,,Boîte automatique,SUV/4x4/Pick-Up,5,5,Vert,,,,,dealer,Star'Terre,FR-69190 Saint-Fons,FR,1,https://prod.pictures.autoscout24.net/listing-images/8d78a008-f875-485d-8220-62f37ecfb305_f250306a-8d23-4a5a-be67-6e69184735f8.jpg/250x188.webp,2026-08-03T05:31:33.851319,0.34,4
401c7c0e-d952-49ea-a303-774370a51e34,https://www.autoscout24.fr/offres/401c7c0e-d952-49ea-a303-774370a51e34,fr,Land Rover,range rover sport,,Land Rover Range Rover Sport2.0 P400e 404ch HSE Dynamic,49900,,True,2020,12-2020,76290,,used,hybrid,297,404,1997,,,,,,Boîte automatique,SUV/4x4/Pick-Up,5,5,Santorini Black,,,,,dealer,JAGUAR PARIS - AUTOSPHERE,FR-75019 Paris,FR,2,https://prod.pictures.autoscout24.net/listing-images/401c7c0e-d952-49ea-a303-774370a51e34_345a488e-d2aa-47dc-a51d-1a79efb3a5b0.jpg/250x188.webp,2026-08-03T05:31:33.851327,0.65,6
1194de8a-46fb-4449-9c85-87a1f9472aff,https://www.autoscout24.fr/offres/1194de8a-46fb-4449-9c85-87a1f9472aff,fr,Mercedes-Benz,glb 220,,Mercedes-Benz GLB 220220d 190ch AMG Line 4Matic 8G DCT,44900,,True,2022,07-2022,65200,,used,diesel,139,190,1950,,,2150.0,,,Boîte automatique,SUV/4x4/Pick-Up,5,7,Noir,,,,,dealer,,FR-98000 Monaco,FR,1,https://prod.pictures.autoscout24.net/listing-images/1194de8a-46fb-4449-9c85-87a1f9472aff_6ba0a161-4868-4121-b51a-f67a92ca9354.jpg/250x188.webp,2026-08-03T05:31:33.851334,0.69,4
9f686a4e-7d4f-4f03-99d5-bc24c36f9759,https://www.autoscout24.fr/offres/9f686a4e-7d4f-4f03-99d5-bc24c36f9759,fr,Renault,grand scenic,,Renault Grand ScenicIV 1.3 TCe 140 Limited - 7 PLACES /,13990,,True,2019,01-2019,113000,,used,petrol,103,140,1333,,,6.8,,,Boîte manuelle,Monospace,5,,Gris,,,,,dealer,,FR-68000 Colmar,FR,1,https://prod.pictures.autoscout24.net/listing-images/9f686a4e-7d4f-4f03-99d5-bc24c36f9759_6a7a5366-67f6-4343-a542-034a01dfad79.jpg/250x188.webp,2026-08-03T05:31:33.851341,0.12,7
181f09c9-26b2-4be6-b917-501baeef9c3a,https://www.autoscout24.fr/offres/181f09c9-26b2-4be6-b917-501baeef9c3a,fr,Volkswagen,golf,,Volkswagen GolfGolf 1.6 TDI 115 BVM5 Trendline,8990,,True,2019,03-2019,205000,,used,diesel,85,115,,,,2100.0,,,Boîte manuelle,Berline,5,5,Blanc,,,,,dealer,,FR-52100 Saint-Dizier,FR,1,https://prod.pictures.autoscout24.net/listing-images/181f09c9-26b2-4be6-b917-501baeef9c3a_e87123c9-9315-4849-8919-d413899b7ac2.jpg/250x188.webp,2026-08-03T05:31:33.851348,0.04,7
a0b5e86e-0d17-411d-9605-0d24f7e1506f,https://www.autoscout24.fr/offres/a0b5e86e-0d17-411d-9605-0d24f7e1506f,fr,Skoda,karoq,,Skoda Karoq1.6 tdi 116 ch dsg7 ambition - seconde main,12990,,True,2019,08-2019,184000,,used,diesel,85,116,,,,20.0,automatic,,Boîte automatique,SUV/4x4/Pick-Up,,,Gris,,,,,dealer,,FR-54700 Les Ménils,FR,1,https://prod.pictures.autoscout24.net/listing-images/a0b5e86e-0d17-411d-9605-0d24f7e1506f_179afeac-91a2-4f21-a7f6-2025e189a2b1.jpg/250x188.webp,2026-08-03T05:31:33.851355,0.07,7
2e26553e-2d38-4fe5-8172-b3450d2526cc,https://www.autoscout24.fr/offres/2e26553e-2d38-4fe5-8172-b3450d2526cc,fr,BMW,x3,,BMW X3xDrive 30e - BVA  G01 F97 LCI Business Design PHASE 2,30990,,True,2022,12-2022,80263,,used,hybrid,135,183,1998,,,2.0,,,Boîte automatique,Break,5,,Gris,,,,,dealer,,FR-77100 Meaux,FR,1,https://prod.pictures.autoscout24.net/listing-images/2e26553e-2d38-4fe5-8172-b3450d2526cc_414fd4b3-ca98-41ec-aebf-1ada17fc4f80.jpg/250x188.webp,2026-08-03T05:31:33.851362,0.39,4
b28ed54f-6d29-4bb9-9f32-e314154e55df,https://www.autoscout24.fr/offres/b28ed54f-6d29-4bb9-9f32-e314154e55df,fr,BMW,420,,BMW 420SERIE GRAND COUPE SERIE 420D F36 BUISNESS DESIGN /,24990,,True,2020,06-2020,133000,,used,diesel,102,140,,,,20.0,automatic,,Boîte automatique,Coupé,5,,Noir,,,,,dealer,,FR-06100 NICE,FR,1,https://prod.pictures.autoscout24.net/listing-images/b28ed54f-6d29-4bb9-9f32-e314154e55df_59eee7aa-e74d-4cb2-9bce-10139f14ca12.jpg/250x188.webp,2026-08-03T05:31:33.851369,0.19,6
d6aff96c-a251-49e5-9885-aab01a6b4b5b,https://www.autoscout24.fr/offres/d6aff96c-a251-49e5-9885-aab01a6b4b5b,fr,Volkswagen,amarok,,Volkswagen Amarok3.0 V6 TDI 258CH CARAT 4MOTION 4X4,19990,,True,2020,02-2020,268770,,used,diesel,189,258,,,,2220.0,automatic,,Boîte automatique,Autres,,,Gris,,,,,dealer,,FR-59930 LA CHAPELLE-D'ARMENTIERES,FR,1,https://prod.pictures.autoscout24.net/listing-images/d6aff96c-a251-49e5-9885-aab01a6b4b5b_d26f8187-df72-4951-841d-611da67d5873.jpg/250x188.webp,2026-08-03T05:31:33.851377,0.07,6
184cfa58-e73d-42dc-ae91-8a5cd74125cf,https://www.autoscout24.fr/offres/184cfa58-e73d-42dc-ae91-8a5cd74125cf,fr,Volkswagen,golf,,Volkswagen Golfvii (2) 1.0 tsi 115 confortline dsg7 5p %2B,11990,,True,2019,09-2019,156990,,used,petrol,62,85,,,,20.0,automatic,,Boîte automatique,Berline,5,5,Gris,,,,,dealer,EWIGO NANCY,FR-54000 Nancy,FR,1,https://prod.pictures.autoscout24.net/listing-images/184cfa58-e73d-42dc-ae91-8a5cd74125cf_540f2bb7-27da-4fcf-95e7-4ae923b5bdea.jpg/250x188.webp,2026-08-03T05:31:33.851384,0.08,7
c5b3cf07-5b7d-4bb7-863b-79e6acd1d91b,https://www.autoscout24.fr/offres/c5b3cf07-5b7d-4bb7-863b-79e6acd1d91b,fr,BMW,x3,,BMW X3X3 M40d G01 LCI 340ch BVA8,49900,,True,2023,01-2023,75900,5,used,diesel,249,340,2993,Euro 6,,6.0,,,AWD,SUV/4x4/Pick-Up,5,5,Noir,,,,,dealer,Wheel Become,FR-78280 Guyancourt,FR,2,https://prod.pictures.autoscout24.net/listing-images/c5b3cf07-5b7d-4bb7-863b-79e6acd1d91b_74705e96-4163-49d1-9897-9e346f0bdbad.jpg/250x188.webp,2026-08-03T05:31:33.851392,0.66,3
25caaf3f-3517-40e3-9923-7e19352035bd,https://www.autoscout24.fr/offres/25caaf3f-3517-40e3-9923-7e19352035bd,fr,Seat,ibiza,,SEAT IbizaStyle,11750,,True,2022,02-2022,95400,2,used,petrol,70,95,999,,,,automatic,,Avant,Berline,4,,Blanc,,,,,dealer,Auto Brass,FR-75006 Paris,FR,2,https://prod.pictures.autoscout24.net/listing-images/25caaf3f-3517-40e3-9923-7e19352035bd_e6e4ec91-cb10-424d-88fa-77d79fbae911.jpg/250x188.webp,2026-08-03T05:31:33.851398,0.12,4
fe97eb6c-8e18-494c-9276-cf56e9281712,https://www.autoscout24.fr/offres/fe97eb6c-8e18-494c-9276-cf56e9281712,fr,Audi,rs e-tron gt,,Audi RS e-tron GTRS e-tron GT 598 ch quattro,79990,,True,2021,03-2021,12900,,used,electric,439,598,,,,20.0,,,Boîte automatique,Coupé,4,5,Rouge,,,,,dealer,Audi Volkswagen Saint-Genis,FR-69230 Saint-Genis-Laval,FR,1,https://prod.pictures.autoscout24.net/listing-images/fe97eb6c-8e18-494c-9276-cf56e9281712_86303d2c-c103-4dc2-a368-c4afb580df21.jpg/250x188.webp,2026-08-03T05:31:33.851406,6.2,5
cef1b4d9-74c5-4647-ba8e-e32765719d78,https://www.autoscout24.fr/offres/cef1b4d9-74c5-4647-ba8e-e32765719d78,fr,BMW,x5 m,,BMW X5 MX5 xDrive45e 394 ch BVA8 M Sport,41900,,True,2020,02-2020,135000,2,used,hybrid,289,394,2998,Euro 6d-TEMP,,6.0,,,AWD,SUV/4x4/Pick-Up,5,5,Noir,,,,,dealer,,FR-13600 La Ciotat,FR,1,https://prod.pictures.autoscout24.net/listing-images/cef1b4d9-74c5-4647-ba8e-e32765719d78_3322341a-7dc6-475d-a08b-e7c34c2d8dab.jpg/250x188.webp,2026-08-03T05:31:33.851413,0.31,6
36fa0638-1099-4449-bfaa-6d4a944b7abc,https://www.autoscout24.fr/offres/36fa0638-1099-4449-bfaa-6d4a944b7abc,fr,Citroen,ds4,,Citroen DS4DS 4 II HYBRIDE 145 ETOILE ALCANTARA E-DCT6,23990,,True,2025,04-2025,46900,,used,petrol,,,,,,20.0,,,Boîte automatique,Autres,5,,Gris,,,,,dealer,Carwouest,FR-56920 Noyal-Pontivy,FR,1,https://prod.pictures.autoscout24.net/listing-images/36fa0638-1099-4449-bfaa-6d4a944b7abc_49571fd0-c1a6-4c15-93d3-b3fe2dafc7e8.jpg/250x188.webp,2026-08-03T05:31:33.851420,0.51,1
7c4af193-8bce-4f2d-834c-38dc543ca07b,https://www.autoscout24.fr/offres/7c4af193-8bce-4f2d-834c-38dc543ca07b,fr,Mercedes-Benz,amg gt,,Mercedes-Benz AMG GTCOUPE (07,89900,,True,2019,09-2019,67900,,used,petrol,270,367,2999,Euro 6d-TEMP,,6.0,,,AWD,Coupé,4,5,Noir,,,,,dealer,MD LEASE,FR-69006 LYON,FR,2,https://prod.pictures.autoscout24.net/listing-images/7c4af193-8bce-4f2d-834c-38dc543ca07b_2928247b-c641-4aa5-8ee2-dedf6b314350.jpg/250x188.webp,2026-08-03T05:31:33.851427,1.32,7
e4f348c7-d9a6-49be-be5f-af8e4cdd691d,https://www.autoscout24.fr/offres/e4f348c7-d9a6-49be-be5f-af8e4cdd691d,fr,Mercedes-Benz,gle 400,,Mercedes-Benz GLE 4002.9 400 D 330 AMG LINE PREMIUM PLUS,49990,,True,2020,02-2020,165000,,used,diesel,243,330,,,,,,,Boîte automatique,SUV/4x4/Pick-Up,5,5,Noir,,,,,dealer,,FR-41000 Blois,FR,1,https://prod.pictures.autoscout24.net/listing-images/e4f348c7-d9a6-49be-be5f-af8e4cdd691d_c9a95520-b3cf-4006-9ac3-5aee21abe41f.jpg/250x188.webp,2026-08-03T05:31:33.851434,0.3,6
d2edb5be-143e-4c99-9173-830a46058895,https://www.autoscout24.fr/offres/d2edb5be-143e-4c99-9173-830a46058895,fr,Dacia,bigster,,Dacia Bigsterjourney hybrid 155 noir nacre pack parking,30499,,True,2026,03-2026,10,,new,hybrid,115,156,,,,20.0,,,Boîte automatique,SUV/4x4/Pick-Up,5,5,Noir,,,,,dealer,MG AUTO,FR-08230 Gué-d'Hossus,FR,1,https://prod.pictures.autoscout24.net/listing-images/d2edb5be-143e-4c99-9173-830a46058895_365b6ca1-2e08-4041-80b2-6cfc4ac0ba09.jpg/250x188.webp,2026-08-03T05:31:33.851453,3049.9,0
5c4f02fd-380e-4119-8577-0cecad36cddc,https://www.autoscout24.fr/offres/5c4f02fd-380e-4119-8577-0cecad36cddc,fr,Volkswagen,golf,,Volkswagen Golf2.0 TSI 300ch GTI Clubsport 45 DSG7,27980,,True,2021,05-2021,124500,,used,petrol,220,300,,,,20.0,,,Boîte automatique,Berline,5,5,Blanc,,,,,dealer,,FR-69800 SAINT-PRIEST,FR,1,https://prod.pictures.autoscout24.net/listing-images/5c4f02fd-380e-4119-8577-0cecad36cddc_06fc820f-5684-40a5-b62a-1efa6a719c1e.jpg/250x188.webp,2026-08-03T05:31:33.851461,0.22,5
84f3249d-8876-4d86-b4b3-aff27264ef6c,https://www.autoscout24.fr/offres/84f3249d-8876-4d86-b4b3-aff27264ef6c,fr,Renault,kangoo,,Renault KangooGRAND CONFORT 1.3 TCE 100 Ch BVM6 TVA,11990,,True,2022,12-2022,87900,,used,petrol,73,100,,,,20.0,,,Boîte manuelle,Autres,4,,Blanc,,,,,dealer,Provauto,FR-13600 La Ciotat,FR,1,https://prod.pictures.autoscout24.net/listing-images/84f3249d-8876-4d86-b4b3-aff27264ef6c_dbb16667-32f6-4c8f-beb8-12d2cfe794d2.jpg/250x188.webp,2026-08-03T05:31:33.851468,0.14,4
df5d5d65-3e6d-4004-a837-31c5a18a257f,https://www.autoscout24.fr/offres/df5d5d65-3e6d-4004-a837-31c5a18a257f,fr,Opel,grandland x,,Opel Grandland X2.0 CDTI - 177 - BVA - S&S Ultimate PHASE 1,14990,,True,2020,02-2020,128000,,used,diesel,131,178,,,,2162.0,,,Boîte automatique,SUV/4x4/Pick-Up,5,5,Blanc,,,,,dealer,DRIVE ON,FR-01390 Saint-André-de-Corcy,FR,1,https://prod.pictures.autoscout24.net/listing-images/df5d5d65-3e6d-4004-a837-31c5a18a257f_33f5d858-f868-45d2-bca7-255b17decade.jpg/250x188.webp,2026-08-03T05:31:33.851475,0.12,6
e6046930-e179-4ae9-b695-91abaa45b4df,https://www.autoscout24.fr/offres/e6046930-e179-4ae9-b695-91abaa45b4df,fr,Lynk & Co,01,,Lynk & Co 011.5 261 CH 180 PHEV HYBRID DCTH BVa,21490,,True,2022,11-2022,39400,,used,hybrid,191,261,,,,20.0,automatic,,Boîte automatique,SUV/4x4/Pick-Up,5,5,Autre,,,,,dealer,,FR-68170 Rixheim,FR,1,https://prod.pictures.autoscout24.net/listing-images/e6046930-e179-4ae9-b695-91abaa45b4df_e47a4a2c-051e-4691-9f7f-d2974f0c403a.jpg/250x188.webp,2026-08-03T05:31:33.851483,0.55,4
33321a4a-21ab-46ac-b8c7-ead54f8afee5,https://www.autoscout24.fr/offres/33321a4a-21ab-46ac-b8c7-ead54f8afee5,fr,Land Rover,range rover evoque,,Land Rover Range Rover Evoque1.5 P270e PHEV 269ch Hoxton,72900,,True,2026,05-2026,8000,1,used,petrol,197,269,1498,,,285.0,,,Boîte automatique,SUV/4x4/Pick-Up,5,5,Bronze,,,,,dealer,,FR-78560 Le Port-Marly,FR,1,https://prod.pictures.autoscout24.net/listing-images/33321a4a-21ab-46ac-b8c7-ead54f8afee5_8adb8ac3-0455-449c-87b0-73dc7d651ab7.jpg/250x188.webp,2026-08-03T05:31:33.851490,9.11,0
ec0e4086-b261-4c62-9b05-5fe15ed0259e,https://www.autoscout24.fr/offres/ec0e4086-b261-4c62-9b05-5fe15ed0259e,fr,Peugeot,2008,,Peugeot 20081.2 PureTech 155ch S\u0026S GT EAT8,15299,,True,2020,03-2020,73073,,used,petrol,113,155,1199,,,2140.0,,,Boîte automatique,SUV/4x4/Pick-Up,5,5,Noir,,,,,dealer,MILLAUTO PEUGEOT REIMS,FR-51100 Reims,FR,2,https://prod.pictures.autoscout24.net/listing-images/ec0e4086-b261-4c62-9b05-5fe15ed0259e_d007a5db-bda2-449e-b907-fc2af6c0a3aa.jpg/250x188.webp,2026-08-03T05:31:33.851497,0.21,6
a7476834-c223-4d46-8027-cb1b76b3d883,https://www.autoscout24.fr/offres/a7476834-c223-4d46-8027-cb1b76b3d883,fr,Jaguar,e-pace,,Jaguar E-PaceP300e PHEV 309ch R-Dynamic HSE,46900,,True,2024,03-2024,16424,1,used,petrol,227,309,1498,,,231.0,automatic,,Boîte automatique,SUV/4x4/Pick-Up,5,5,Gris,,,,,dealer,,FR-78560 Le Port-Marly,FR,1,https://prod.pictures.autoscout24.net/listing-images/a7476834-c223-4d46-8027-cb1b76b3d883_1a75d7f1-7d1a-4a1f-920c-154456717c39.jpg/250x188.webp,2026-08-03T05:31:33.851504,2.86,2
c8f85b30-55aa-4cdb-85f6-c64d1c5f78cc,https://www.autoscout24.fr/offres/c8f85b30-55aa-4cdb-85f6-c64d1c5f78cc,fr,Audi,q3,,Audi Q345 TFSI e 245ch S line 2023 S tronic 6 1ère main,36990,,True,2023,03-2023,31690,,used,hybrid,180,245,,,,245.0,,,Boîte automatique,SUV/4x4/Pick-Up,5,5,Gris,,,,,dealer,,FR-06370 MOUANS-SARTOUX,FR,1,https://prod.pictures.autoscout24.net/listing-images/c8f85b30-55aa-4cdb-85f6-c64d1c5f78cc_e42f985d-3e2a-4ba0-a3ba-1bc9910311e3.jpg/250x188.webp,2026-08-03T05:31:33.851512,1.17,3
f4d7468c-f8de-411b-81ad-01983b558cee,https://www.autoscout24.fr/offres/f4d7468c-f8de-411b-81ad-01983b558cee,fr,Audi,q5,,Audi Q5Q5 Sportback 50 TFSIe 299 S tronic 7 Quattro S line,38490,,True,2021,09-2021,120000,,used,hybrid,195,265,,,,239.0,,,Semi-automatique,SUV/4x4/Pick-Up,5,5,Gris,,,,,dealer,,FR-74350 ALLONZIER-LA-CAILLE,FR,1,https://prod.pictures.autoscout24.net/listing-images/f4d7468c-f8de-411b-81ad-01983b558cee_5459dd12-71b0-484c-8322-903577b4e818.jpg/250x188.webp,2026-08-03T05:31:33.851519,0.32,5
50401721-92b9-4b1a-b939-e4c3a3e05980,https://www.autoscout24.fr/offres/50401721-92b9-4b1a-b939-e4c3a3e05980,fr,Toyota,rav 4,,Toyota RAV 4RAV4 Hybride Pro 218 ch 2WD Dynamic,26990,,True,2021,06-2021,58000,,used,hybrid,160,218,,,,,,,Boîte automatique,Break,5,5,Gris,,,,,dealer,TRANSAKAUTO DOUAI,FR-59553 CUINCY,FR,1,https://prod.pictures.autoscout24.net/listing-images/50401721-92b9-4b1a-b939-e4c3a3e05980_1246803f-0f4d-40d6-a8c9-20e246db24bc.jpg/250x188.webp,2026-08-03T05:31:33.851526,0.47,5
8b7d6c0f-49b4-4775-ad8e-29899c988f8e,https://www.autoscout24.fr/offres/8b7d6c0f-49b4-4775-ad8e-29899c988f8e,fr,Audi,q5,,Audi Q555 TFSI E 367CH S LINE QUATTRO TRONIC 7 EURO6D-T,32990,,True,2020,03-2020,43310,,used,hybrid,269,367,,,,20.0,automatic,,Boîte automatique,SUV/4x4/Pick-Up,5,5,Blanc,,,,,dealer,,FR-83130 La Garde,FR,1,https://prod.pictures.autoscout24.net/listing-images/8b7d6c0f-49b4-4775-ad8e-29899c988f8e_383790be-69a6-4d76-acde-7224d1c23448.jpg/250x188.webp,2026-08-03T05:31:33.851533,0.76,6
10aade39-0d37-4417-a771-42f0e84635a0,https://www.autoscout24.fr/offres/10aade39-0d37-4417-a771-42f0e84635a0,fr,Volkswagen,tiguan,,Volkswagen TiguanTiguan 1.4 TSI 125 BMT Trendline,13990,,True,2018,05-2018,129000,,used,petrol,92,125,,,,6.0,,,Boîte manuelle,SUV/4x4/Pick-Up,5,5,Gris,,,,,dealer,,FR-52100 Saint-Dizier,FR,1,https://prod.pictures.autoscout24.net/listing-images/10aade39-0d37-4417-a771-42f0e84635a0_e17cd05e-e0d4-47b4-a2ca-a8eeaabe07cd.jpg/250x188.webp,2026-08-03T05:31:33.851540,0.11,8
bcdc98d0-ecc5-49f1-8139-e3dea07ed7a4,https://www.autoscout24.fr/offres/bcdc98d0-ecc5-49f1-8139-e3dea07ed7a4,fr,Audi,a3,,Audi A3S line 35 Tdi Toit ouvrant,31990,,True,2023,09-2023,19980,,used,diesel,111,150,,,,20.0,automatic,,Boîte automatique,Berline,5,5,Noir,,,,,dealer,VEHICULE AND CO,FR-78240 Chambourcy,FR,1,https://prod.pictures.autoscout24.net/listing-images/bcdc98d0-ecc5-49f1-8139-e3dea07ed7a4_71c362e6-ee53-4f06-b81f-3812715ee6c5.jpg/250x188.webp,2026-08-03T05:31:33.851547,1.6,3
4acf737c-146f-4e37-918a-e59fa32b44d2,https://www.autoscout24.fr/offres/4acf737c-146f-4e37-918a-e59fa32b44d2,fr,Audi,sq2,,Audi SQ250 TFSI QUATTRO S TRONIC 7,29990,,True,2019,03-2019,54900,,used,petrol,,,,,,20.0,,,Boîte automatique,Autres,5,,Noir,,,,,dealer,Carwouest,FR-56920 Noyal-Pontivy,FR,1,https://prod.pictures.autoscout24.net/listing-images/4acf737c-146f-4e37-918a-e59fa32b44d2_888847a0-d1f4-47fa-89d9-f359c49dd8f4.jpg/250x188.webp,2026-08-03T05:31:33.851554,0.55,7
fda51b59-75bb-4802-845f-c0536e8065c2,https://www.autoscout24.fr/offres/fda51b59-75bb-4802-845f-c0536e8065c2,fr,Peugeot,rifter,,Peugeot Rifter1.5 BlueHDi 130ch S\u0026S Standard Allure,15999,,True,2019,01-2019,133591,,used,diesel,95,130,1499,,,,,,Boîte automatique,Monospace,5,5,Silky Grey (M),,,,,dealer,PEUGEOT SALON DE PROVENCE - AUTOSPHERE,FR-13300 Salon de Provence,FR,2,https://prod.pictures.autoscout24.net/listing-images/fda51b59-75bb-4802-845f-c0536e8065c2_0021b8fd-73fc-4d1e-82d4-2f1f1b358096.jpg/250x188.webp,2026-08-03T05:31:33.851561,0.12,7
5d916dea-00c4-4b18-b999-bf412abef39e,https://www.autoscout24.fr/offres/5d916dea-00c4-4b18-b999-bf412abef39e,fr,Seat,ibiza,,SEAT Ibiza1.0 MPI 80CH START,8990,,True,2019,07-2019,103000,,used,petrol,58,80,999,,,2122.0,,,Boîte manuelle,Berline,5,5,Gris,,,,,dealer,DREAMAUTO,FR-57300 Mondelange,FR,2,https://prod.pictures.autoscout24.net/listing-images/5d916dea-00c4-4b18-b999-bf412abef39e_244b2599-b0f6-44b3-9066-7387a20ed57c.jpg/250x188.webp,2026-08-03T05:31:33.851568,0.09,7
536a89ad-97dd-4d02-a3fd-4ac21c3e892b,https://www.autoscout24.fr/offres/536a89ad-97dd-4d02-a3fd-4ac21c3e892b,fr,Hyundai,tucson,,Hyundai TUCSON1.6 CRDI 115 CREATIVE 2WD,11990,,True,2019,03-2019,150000,,used,diesel,85,115,,,,,,,Boîte manuelle,SUV/4x4/Pick-Up,5,5,Blanc,,,,,dealer,,FR-33980 Audenge,FR,1,https://prod.pictures.autoscout24.net/listing-images/536a89ad-97dd-4d02-a3fd-4ac21c3e892b_b240ad88-b6e8-440c-91b4-165753bd1db2.jpg/250x188.webp,2026-08-03T05:31:33.851575,0.08,7
313054b1-6dc4-411f-9d34-b2e571b66077,https://www.autoscout24.fr/offres/313054b1-6dc4-411f-9d34-b2e571b66077,fr,Ford,tourneo custom,,Ford Tourneo CustomTourneo 320 L2H1 2.0 EcoBlue 150 ch,34950,,True,2024,04-2024,69987,,used,diesel,110,150,,,,20.0,,,Boîte manuelle,Break,5,2,Blanc,,,,,dealer,Auto Parck,FR-69008 Lyon,FR,1,https://prod.pictures.autoscout24.net/listing-images/313054b1-6dc4-411f-9d34-b2e571b66077_954a303f-d4eb-4f96-ba89-e7feb9caeba2.jpg/250x188.webp,2026-08-03T05:31:33.851581,0.5,2
11a5e0fd-9307-43bb-babf-e844fb6e91da,https://www.autoscout24.fr/offres/11a5e0fd-9307-43bb-babf-e844fb6e91da,fr,Peugeot,3008,,Peugeot 3008III 1.2 HYBRID 145 ALLURE E-DCS6 NAV / 360° /,28490,,True,2026,05-2026,10,,new,hybrid,73,100,1199,,,5.0,,,Boîte automatique,SUV/4x4/Pick-Up,5,,Bleu,,,,,dealer,,FR-71200 Le Creusot,FR,1,https://prod.pictures.autoscout24.net/listing-images/11a5e0fd-9307-43bb-babf-e844fb6e91da_841bd16e-69f2-4cbc-a504-d6ec3c22a82b.jpg/250x188.webp,2026-08-03T05:31:33.851588,2849.0,0
f938177d-1d86-4f3e-a507-841928a95620,https://www.autoscout24.fr/offres/f938177d-1d86-4f3e-a507-841928a95620,fr,Mercedes-Benz,cla 250,,Mercedes-Benz CLA 250250e,28900,,True,2020,12-2020,115877,1,used,hybrid,160,217,1332,Euro 6,,6.0,,,Avant,Coupé,4,5,Noir,,,,,dealer,Falcomotive bv,FR-59000 Lille,FR,3,https://prod.pictures.autoscout24.net/listing-images/f938177d-1d86-4f3e-a507-841928a95620_23827845-2dbd-4392-863a-c365d7f498d0.jpg/250x188.webp,2026-08-03T05:31:33.851641,0.25,6
a35a592a-48c3-4761-85c3-119552a30a03,https://www.autoscout24.fr/offres/a35a592a-48c3-4761-85c3-119552a30a03,fr,Peugeot,308,,Peugeot 3081.2 PureTech 130ch S\u0026S Allure,16490,,True,2024,03-2024,32690,,used,petrol,95,130,1199,,,,,,Boîte manuelle,Break,5,5,Noir Perla Nera (M),,,,,dealer,JAGUAR LAND-ROVER LYON SUD - AUTOSPHERE,FR-69200 VENISSIEUX,FR,2,https://prod.pictures.autoscout24.net/listing-images/a35a592a-48c3-4761-85c3-119552a30a03_f4e338e8-882c-42ec-b998-a15409c68fb2.jpg/250x188.webp,2026-08-03T05:31:33.851649,0.5,2
b5c78898-43d7-4867-87c4-87e33e6b7ea0,https://www.autoscout24.fr/offres/b5c78898-43d7-4867-87c4-87e33e6b7ea0,fr,Mercedes-Benz,x 350,,Mercedes-Benz X 350350D 258CH POWER 4MATIC BVA7,49900,,True,2018,10-2018,44200,,used,diesel,189,258,2987,,,2236.0,,,Boîte automatique,SUV/4x4/Pick-Up,4,5,Bleu,,,,,dealer,Factory Automobiles,FR-54280 Seichamps,FR,2,https://prod.pictures.autoscout24.net/listing-images/b5c78898-43d7-4867-87c4-87e33e6b7ea0_52e3920c-ccde-4af6-9dbf-aa2bb9b37844.png/250x188.webp,2026-08-03T05:31:33.851656,1.13,8
a9d6c13c-30b7-4581-a93c-7d6246ca90d3,https://www.autoscout24.fr/offres/a9d6c13c-30b7-4581-a93c-7d6246ca90d3,fr,Peugeot,2008,,Peugeot 2008II 1.2 PURE TECH 130 ALLURE,15980,,True,2023,10-2023,50300,,used,petrol,70,96,,,,20.0,,,Boîte automatique,SUV/4x4/Pick-Up,5,5,Noir,,,,,dealer,SIMPLICICAR COEUR D'YVELINES,FR-78640 Saint-Germain-de-la-Grange,FR,1,https://prod.pictures.autoscout24.net/listing-images/a9d6c13c-30b7-4581-a93c-7d6246ca90d3_1342a536-fd32-4f30-8916-cf65a868dbeb.jpg/250x188.webp,2026-08-03T05:31:33.851663,0.32,3
a6afa80f-5b6f-4750-b5e7-b53fc1553705,https://www.autoscout24.fr/offres/a6afa80f-5b6f-4750-b5e7-b53fc1553705,fr,Mercedes-Benz,glb 200,,Mercedes-Benz GLB 200200 d 8g-dct amg line 7 places to,29990,,True,2020,02-2020,94000,,used,diesel,,,,,,20.0,,,Boîte automatique,SUV/4x4/Pick-Up,,,Gris,,,,,dealer,Transak Auto Venelles,FR-13770 Venelles,FR,2,https://prod.pictures.autoscout24.net/listing-images/a6afa80f-5b6f-4750-b5e7-b53fc1553705_171fb4d5-8948-40a0-9d21-f09b33efeb5c.jpg/250x188.webp,2026-08-03T05:31:33.851670,0.32,6
76a7424e-9bfa-4c65-8f3f-c74ba86852a0,https://www.autoscout24.fr/offres/76a7424e-9bfa-4c65-8f3f-c74ba86852a0,fr,BMW,440,,BMW 440SERIE COUPE (G22) M440DA XDRIVE 340CH,39990,,True,2021,10-2021,99990,,used,diesel,249,340,,,,20.0,,,Boîte automatique,Coupé,2,4,Noir,,,,,dealer,,FR-67201 ECKBOLSHEIM,FR,1,https://prod.pictures.autoscout24.net/listing-images/76a7424e-9bfa-4c65-8f3f-c74ba86852a0_3cb384cd-c5b4-4622-aeac-0c889b04c4ba.jpg/250x188.webp,2026-08-03T05:31:33.851677,0.4,5
fbf9a78b-41a7-4503-a02a-5e5d3d08fd54,https://www.autoscout24.fr/offres/fbf9a78b-41a7-4503-a02a-5e5d3d08fd54,fr,Peugeot,3008,,Peugeot 3008HYBRID4 300ch GT Pack e-EAT8,19999,,True,2021,12-2021,66442,,used,hybrid,220,300,1598,,,,,,Boîte automatique,SUV/4x4/Pick-Up,5,5,Blanc Nacré (N),,,,,dealer,,FR-33260 La Teste de Buch,FR,1,https://prod.pictures.autoscout24.net/listing-images/fbf9a78b-41a7-4503-a02a-5e5d3d08fd54_c163d200-f589-48cb-9590-7bc5f63a4a71.jpg/250x188.webp,2026-08-03T05:31:33.851684,0.3,5
2fd98ec1-86d6-456e-a8fc-bd54590a7996,https://www.autoscout24.fr/offres/2fd98ec1-86d6-456e-a8fc-bd54590a7996,fr,Cupra,leon,,CUPRA LeonVZ 1.4 e-Hybrid 245 DSG 6,26990,,True,2022,07-2022,26739,1,used,hybrid,180,244,1395,,,1.3,,,Boîte automatique,Berline,5,,Noir,,,,,dealer,DELUXE AUTO,FR-06550 La Roquette sur Siagne,FR,2,https://prod.pictures.autoscout24.net/listing-images/2fd98ec1-86d6-456e-a8fc-bd54590a7996_dd4a028e-9d23-4b0f-a028-fda9e3286b85.jpg/250x188.webp,2026-08-03T05:31:33.851691,1.01,4
6d444596-81f3-4e36-a31b-611070b86306,https://www.autoscout24.fr/offres/6d444596-81f3-4e36-a31b-611070b86306,fr,Peugeot,2008,,Peugeot 20082008 PureTech 130 S\u0026amp;S BVM6 Active,12490,,True,2020,02-2020,32000,,used,petrol,70,96,,,,2102.0,,,Boîte manuelle,SUV/4x4/Pick-Up,5,5,Gris,,,,,dealer,Renault Angerville CANO et Fils,FR-91670 ANGERVILLE,FR,1,https://prod.pictures.autoscout24.net/listing-images/6d444596-81f3-4e36-a31b-611070b86306_71f90ba0-6fb3-4c2e-be0b-93856eb507fa.jpg/250x188.webp,2026-08-03T05:31:33.851699,0.39,6
99bfed02-9a26-4706-9a2f-cbdb994b7e07,https://www.autoscout24.fr/offres/99bfed02-9a26-4706-9a2f-cbdb994b7e07,fr,Audi,s3,,Audi S3SPORTBACK Sportback TFSI 310 S tronic 7 Quattro,38900,,True,2022,07-2022,68338,,used,petrol,229,311,,,,2185.0,automatic,,Boîte automatique,Berline,5,5,Gris,,,,,dealer,Luxe Occasions (Audi occasions :plus),FR-06320 CAP D'AIL,FR,2,https://prod.pictures.autoscout24.net/listing-images/99bfed02-9a26-4706-9a2f-cbdb994b7e07_f050c992-5273-489a-a42e-dba9287ae39c.jpg/250x188.webp,2026-08-03T05:31:33.851706,0.57,4
9a9ea20e-3da8-4c14-9fb8-07e83a3d4d5f,https://www.autoscout24.fr/offres/9a9ea20e-3da8-4c14-9fb8-07e83a3d4d5f,fr,Peugeot,208,,PEUGEOT 208 PureTech 100 S\u0026amp;S BVM6 GT Line,9990,,True,2020,04-2020,73000,,used,petrol,54,74,,,,296.0,,,Boîte manuelle,Berline,5,5,Bleu,,,,,dealer,TRANSAKAUTO ÉPINAL,FR-88190 Golbey,FR,2,https://prod.pictures.autoscout24.net/listing-images/9a9ea20e-3da8-4c14-9fb8-07e83a3d4d5f_93bb7464-c30a-485c-befe-cacdf6b87e64.jpg/250x188.webp,2026-08-03T05:31:33.851713,0.14,6
dec39837-8cb5-4d40-9a7c-ef0035fe5834,https://www.autoscout24.fr/offres/dec39837-8cb5-4d40-9a7c-ef0035fe5834,fr,Peugeot,2008,,Peugeot 2008II 1.2 PureTech 130 EAT8 GT Line - Automatique,10990,,True,2021,02-2021,101245,,used,petrol,70,96,,,,2136.0,automatic,,Boîte automatique,SUV/4x4/Pick-Up,5,5,Orange,,,,,dealer,CapCar,FR-75002 PARIS,FR,2,https://prod.pictures.autoscout24.net/listing-images/dec39837-8cb5-4d40-9a7c-ef0035fe5834_5fbd5457-3959-481a-b7ca-d4ec63310a9e.jpg/250x188.webp,2026-08-03T05:31:33.851720,0.11,5
a2594e4f-2be7-47f8-9051-d96e87757f55,https://www.autoscout24.fr/offres/a2594e4f-2be7-47f8-9051-d96e87757f55,fr,Seat,arona,,SEAT Arona1.0 TSI 95 FR  PRIX HT POUR EXPORT DZ,13900,,True,2025,03-2025,31600,,used,petrol,70,95,999,,,2120.0,automatic,,Boîte manuelle,SUV/4x4/Pick-Up,5,,Gris,,,,,dealer,Autocenter81,FR-81580 Soual,FR,2,https://prod.pictures.autoscout24.net/listing-images/a2594e4f-2be7-47f8-9051-d96e87757f55_80ea6286-58aa-4241-b2f4-209b4c72de05.jpg/250x188.webp,2026-08-03T05:31:33.851728,0.44,1
e7f1779f-e49c-4b3a-98f7-bb416fe7346d,https://www.autoscout24.fr/offres/e7f1779f-e49c-4b3a-98f7-bb416fe7346d,fr,Hyundai,kona,,Hyundai KONA136 39kWh Intuitive,11990,,True,2020,09-2020,100447,,used,electric,39,53,,,,20.0,,,Boîte automatique,SUV/4x4/Pick-Up,5,5,Gris foncé,,,,,dealer,CapCar,FR-75002 PARIS,FR,2,https://prod.pictures.autoscout24.net/listing-images/e7f1779f-e49c-4b3a-98f7-bb416fe7346d_4ed4d9b1-5658-49a2-bac6-0e1d77947b03.jpg/250x188.webp,2026-08-03T05:31:33.851735,0.12,6
50520f10-0119-4f91-b459-3da8d9157b9c,https://www.autoscout24.fr/offres/50520f10-0119-4f91-b459-3da8d9157b9c,fr,Renault,clio,,Renault ClioIV ESTATE 1.5 DCI 90CH ENERGY BUSINESS // GPS,9490,,True,2019,07-2019,99146,,used,diesel,66,90,,,,2104.0,,,Boîte manuelle,Break,,,Gris,,,,,dealer,,FR-59930 LA CHAPELLE-D'ARMENTIERES,FR,1,https://prod.pictures.autoscout24.net/listing-images/50520f10-0119-4f91-b459-3da8d9157b9c_5998540b-d7bf-4c5c-ab66-2c0e97272313.jpg/250x188.webp,2026-08-03T05:31:33.851742,0.1,7
53655368-38aa-4b7c-be21-92146898095c,https://www.autoscout24.fr/offres/53655368-38aa-4b7c-be21-92146898095c,fr,Peugeot,308,,Peugeot 308generation-ii 1.2 puretech 130ch allure bva,10990,,True,2019,07-2019,43980,,used,petrol,95,130,,,,20.0,,,Boîte automatique,Berline,5,5,Blanc,,,,,dealer,EWIGO SAINT CANNAT,FR-13760 Saint-Cannat,FR,1,https://prod.pictures.autoscout24.net/listing-images/53655368-38aa-4b7c-be21-92146898095c_69425de6-81de-46a6-9420-f70dd8f5d0f3.jpg/250x188.webp,2026-08-03T05:31:33.851749,0.25,7
78636ebe-636d-4312-90ed-3dab9d6026e6,https://www.autoscout24.fr/offres/78636ebe-636d-4312-90ed-3dab9d6026e6,fr,Ds Automobiles,ds 3 crossback,,DS Automobiles DS 3 CrossbackE-Tense Grand Chic,14999,,True,2020,08-2020,46251,,used,electric,74,101,,,,20.0,automatic,,Boîte automatique,Citadine,5,5,Whisper (M) - Toit Blanc Opale,,,,,dealer,PEUGEOT NIORT - AUTOSPHERE,FR-79000 Niort,FR,2,https://prod.pictures.autoscout24.net/listing-images/78636ebe-636d-4312-90ed-3dab9d6026e6_75fb2364-34b2-4886-aac7-d8b7b4be4084.jpg/250x188.webp,2026-08-03T05:31:33.851756,0.32,6
7fafbaa0-6f59-48ca-9251-445eb4ad0302,https://www.autoscout24.fr/offres/7fafbaa0-6f59-48ca-9251-445eb4ad0302,fr,BMW,116,,BMW 116dA 116ch Business Design DKG7,15900,,True,2023,03-2023,142783,1,used,diesel,85,116,1496,,,2121.0,automatic,,Boîte automatique,Berline,5,5,Gris,,,,,dealer,,FR-49302 CHOLET CEDEX,FR,2,https://prod.pictures.autoscout24.net/listing-images/7fafbaa0-6f59-48ca-9251-445eb4ad0302_9f09d6d4-d12d-423d-98fb-9962640f465d.jpg/250x188.webp,2026-08-03T05:31:33.851763,0.11,3
e16618dd-40fb-4937-805c-1f878c345877,https://www.autoscout24.fr/offres/e16618dd-40fb-4937-805c-1f878c345877,fr,Hyundai,kona,,Hyundai KONA1.0 T-GDI 120 EDITION 1ere MAIN,9490,,True,2018,03-2018,132500,,used,petrol,89,121,,,,20.0,automatic,,Boîte manuelle,SUV/4x4/Pick-Up,5,5,Noir,,,,,dealer,Ewigo Marignane,FR-13700 Marignane,FR,2,https://prod.pictures.autoscout24.net/listing-images/e16618dd-40fb-4937-805c-1f878c345877_dca89685-002b-4bb9-9c01-6725f8988ea2.jpg/250x188.webp,2026-08-03T05:31:33.851770,0.07,8
58a3d5ff-a38d-4138-a565-cbd2892d23da,https://www.autoscout24.fr/offres/58a3d5ff-a38d-4138-a565-cbd2892d23da,fr,Mercedes-Benz,a 180,,Mercedes-Benz A 180BUSINESS 180 BM6 Business Line - CAMERA,18990,,True,2022,10-2022,37900,,used,petrol,101,137,,,,20.0,,,Boîte manuelle,Berline,5,5,Noir,,,,,dealer,CAR VIBE,FR-13790 Châteauneuf-le-Rouge,FR,1,https://prod.pictures.autoscout24.net/listing-images/58a3d5ff-a38d-4138-a565-cbd2892d23da_92734ebb-49eb-4742-a22d-100c0d211143.jpg/250x188.webp,2026-08-03T05:31:33.851778,0.5,4
f8f5e37c-e29a-4bfc-b114-33b7a8568716,https://www.autoscout24.fr/offres/f8f5e37c-e29a-4bfc-b114-33b7a8568716,fr,BMW,x1,,BMW X1(3) xDrive23i M Sport DKG7 1ere Main ATTELAGE,34990,,True,2023,06-2023,76200,,used,petrol,161,218,,,,2152.0,,,Boîte automatique,SUV/4x4/Pick-Up,5,5,Gris,,,,,dealer,Orleans cars shop,FR-45140 INGRE,FR,2,https://prod.pictures.autoscout24.net/listing-images/f8f5e37c-e29a-4bfc-b114-33b7a8568716_8108a810-2a3f-4153-bfc0-fdd19974c1ce.jpg/250x188.webp,2026-08-03T05:31:33.851785,0.46,3
0fd57711-237c-49f8-ad10-289a507d593c,https://www.autoscout24.fr/offres/0fd57711-237c-49f8-ad10-289a507d593c,fr,Volkswagen,golf,,Volkswagen Golf8 (VIII) 2.0 TDI SCR 150 CH DSG 7 Life 1st,18490,,True,2021,01-2021,138500,2,used,diesel,110,150,1968,,,4.0,,,Boîte automatique,Berline,5,,Bleu,,,,,dealer,Naudé Automobiles,FR-69630 Chaponost,FR,2,https://prod.pictures.autoscout24.net/listing-images/0fd57711-237c-49f8-ad10-289a507d593c_906b9c34-52e5-42cb-8c16-a7531d732ecf.jpg/250x188.webp,2026-08-03T05:31:33.851792,0.13,5
a15a62bb-122a-4d64-b2fb-0c842c814ea1,https://www.autoscout24.fr/offres/a15a62bb-122a-4d64-b2fb-0c842c814ea1,fr,Jaguar,xe,,Jaguar XED180 HSE STANDARD AUTO 4WD TOIT OUVRANT 11659HT,13990,,True,2019,09-2019,179505,,used,diesel,132,179,,,,,,,Boîte automatique,Berline,5,5,Beige,,,,,dealer,,FR-78310 COIGNIERES,FR,1,https://prod.pictures.autoscout24.net/listing-images/a15a62bb-122a-4d64-b2fb-0c842c814ea1_85bda4c0-6ea1-410f-96dd-342a7ac79fa0.jpg/250x188.webp,2026-08-03T05:31:33.851799,0.08,7
1ca51e16-931a-43ed-9850-3d1077b905ef,https://www.autoscout24.fr/offres/1ca51e16-931a-43ed-9850-3d1077b905ef,fr,BMW,x2,,BMW X2sDrive 16d - BV DKG - S\u0026S  F39 Business Design,16990,,True,2022,09-2022,136900,,used,diesel,85,115,1496,,,5.0,,,Boîte automatique,SUV/4x4/Pick-Up,5,,Bleu,,,,,dealer,,FR-77100 Meaux,FR,1,https://prod.pictures.autoscout24.net/listing-images/1ca51e16-931a-43ed-9850-3d1077b905ef_abcabe14-1e1d-4131-aa35-42a1a2b4e6bd.jpg/250x188.webp,2026-08-03T05:31:33.851806,0.12,4
52bc5368-ce36-4e59-856f-336c57f9b720,https://www.autoscout24.fr/offres/52bc5368-ce36-4e59-856f-336c57f9b720,fr,Renault,clio,,Renault ClioPHASE 2 Tce 90 Evolution PRIX HT POUR EXPORT DZ,11900,,True,2024,08-2024,25500,,used,petrol,66,89,999,,,5.0,automatic,,Boîte manuelle,Berline,5,,Blanc,,,,,dealer,Autocenter81,FR-81580 Soual,FR,2,https://prod.pictures.autoscout24.net/listing-images/52bc5368-ce36-4e59-856f-336c57f9b720_e66ab375-eb5b-445c-a0dc-eab17bd7db4f.jpg/250x188.webp,2026-08-03T05:31:33.851814,0.47,2
f7a4dcf6-e22b-4a8a-8a20-5d38ef01a8cf,https://www.autoscout24.fr/offres/f7a4dcf6-e22b-4a8a-8a20-5d38ef01a8cf,fr,Mini,cooper countryman,,MINI Cooper CountrymanCooper SE 136ch %2B 88ch Business,19490,,True,2020,10-2020,75500,,used,hybrid,99,136,,,,240.0,,,Boîte automatique,SUV/4x4/Pick-Up,5,5,Vert,,,,,dealer,SAS SCA,FR-92400 Courbevoie,FR,1,https://prod.pictures.autoscout24.net/listing-images/f7a4dcf6-e22b-4a8a-8a20-5d38ef01a8cf_823d8540-24bb-4d27-9326-e3d8e940d836.jpg/250x188.webp,2026-08-03T05:31:33.851821,0.26,6
b778ca76-dfec-4140-94d9-d77d366913a2,https://www.autoscout24.fr/offres/b778ca76-dfec-4140-94d9-d77d366913a2,fr,Audi,a6,,Audi A6Standard,34530,,True,2021,06-2021,73200,,used,diesel,210,285,,,,,,,Boîte automatique,Break,,,Noir,,,,,dealer,SO Performance,FR-33150 Cenon,FR,2,https://prod.pictures.autoscout24.net/listing-images/b778ca76-dfec-4140-94d9-d77d366913a2_2f54f499-e51b-4e60-bdd2-1edacd74fce8.jpg/250x188.webp,2026-08-03T05:31:33.851829,0.47,5
258d7db9-e1df-4263-b396-4ae0640679fd,https://www.autoscout24.fr/offres/258d7db9-e1df-4263-b396-4ae0640679fd,fr,Tesla,model x,,Tesla Model XStandard,36840,,True,2019,11-2019,91000,,used,electric,421,572,,,,20.0,,,Boîte automatique,SUV/4x4/Pick-Up,,,Blanc,,,,,dealer,SO Performance,FR-33150 Cenon,FR,2,https://prod.pictures.autoscout24.net/listing-images/258d7db9-e1df-4263-b396-4ae0640679fd_120fc8a2-45f0-49cf-80aa-d7a41687e155.jpg/250x188.webp,2026-08-03T05:31:33.851836,0.4,7
abcaef21-cef9-43b1-a87d-dd003172620b,https://www.autoscout24.fr/offres/abcaef21-cef9-43b1-a87d-dd003172620b,fr,BMW,ix,,BMW iXxDrive40*76.6kWh*TOP SPEC!*97.6% SOH*95k = NEWPRICE,39750,,True,2022,05-2022,59901,1,used,electric,240,326,0,,,20.0,,,AWD,SUV/4x4/Pick-Up,5,5,Bleu,,,,,dealer,Falcomotive bv,FR-59000 Lille,FR,3,https://prod.pictures.autoscout24.net/listing-images/abcaef21-cef9-43b1-a87d-dd003172620b_b0e8244c-929b-4eb4-ae84-7277b3938f45.jpg/250x188.webp,2026-08-03T05:31:33.851844,0.66,4
aa099bd0-8b63-4a14-a996-7d44f6ddfca1,https://www.autoscout24.fr/offres/aa099bd0-8b63-4a14-a996-7d44f6ddfca1,fr,Tesla,model 3,,Tesla Model 3Model-3 PHASE 2 - 325ch STANDARD-PLUS 2020,23490,,True,2020,09-2020,78000,,used,electric,238,325,,,,20.0,,,Boîte automatique,Berline,5,5,Noir,,,,,dealer,,FR-69330 Pusignan,FR,1,https://prod.pictures.autoscout24.net/listing-images/aa099bd0-8b63-4a14-a996-7d44f6ddfca1_02009223-eb2f-4fa6-803f-31084a95d332.jpg/250x188.webp,2026-08-03T05:31:33.851851,0.3,6
f56d34f9-e927-430c-b999-2b628b24730f,https://www.autoscout24.fr/offres/f56d34f9-e927-430c-b999-2b628b24730f,fr,Audi,a4,,Audi A4AVANT BUSINESS Avant 35 TDI 150 S tronic 7 Business,16500,,True,2019,05-2019,126264,,used,diesel,111,150,,,,20.0,,,Boîte automatique,Break,5,5,Blanc,,,,,dealer,Car legend,FR-26750 Saint-Paul-lès-Romans,FR,2,https://prod.pictures.autoscout24.net/listing-images/f56d34f9-e927-430c-b999-2b628b24730f_61cb6c66-3253-499a-b7b7-d15af6df62b2.jpg/250x188.webp,2026-08-03T05:31:33.851858,0.13,7
6b826652-2183-4161-8634-55b43a8cf09d,https://www.autoscout24.fr/offres/6b826652-2183-4161-8634-55b43a8cf09d,fr,Volvo,xc60,,Volvo XC602.0 T6 253ch %2B 145ch Hybride Rechargeable,38990,,True,2023,05-2023,38000,,used,hybrid,186,253,,,,20.0,,,Boîte automatique,SUV/4x4/Pick-Up,5,5,Gris,,,,,dealer,Ewigo Colmar,FR-68000 COLMAR,FR,2,https://prod.pictures.autoscout24.net/listing-images/6b826652-2183-4161-8634-55b43a8cf09d_c485bb0a-075f-47f5-a3b4-d54edda28988.jpg/250x188.webp,2026-08-03T05:31:33.851866,1.03,3
508024f6-e8f2-4520-baa3-8d3c69520249,https://www.autoscout24.fr/offres/508024f6-e8f2-4520-baa3-8d3c69520249,fr,Volkswagen,polo,,Volkswagen Polo1.6 TDI 95 cv CONFORTLINE BUSINESS DSG7 I,12490,,True,2019,06-2019,129990,,used,diesel,69,95,,,,,,,Boîte automatique,Berline,5,5,Noir,,,,,dealer,,FR-91090 Lisses,FR,1,https://prod.pictures.autoscout24.net/listing-images/508024f6-e8f2-4520-baa3-8d3c69520249_9766a9eb-832f-40f4-86d3-8c449c8fa5ce.jpg/250x188.webp,2026-08-03T05:31:33.851873,0.1,7
7c82d017-5a15-4cef-8d9c-7a5c4679da80,https://www.autoscout24.fr/offres/7c82d017-5a15-4cef-8d9c-7a5c4679da80,fr,Opel,mokka,,Opel MokkaMokka-e - 136,16990,,True,2024,10-2024,28000,,used,electric,101,137,,,,20.0,,,Boîte automatique,SUV/4x4/Pick-Up,5,5,Blanc,,,,,dealer,AGENCY CAR AIX EN PROVENCE,FR-13770 Venelles,FR,1,https://prod.pictures.autoscout24.net/listing-images/7c82d017-5a15-4cef-8d9c-7a5c4679da80_325347f1-2d18-47f0-8cd6-356810551a34.jpg/250x188.webp,2026-08-03T05:31:33.851880,0.61,2
467c56dd-6742-4f99-9480-f31c978b3d7c,https://www.autoscout24.fr/offres/467c56dd-6742-4f99-9480-f31c978b3d7c,fr,Audi,a3,,Audi A330 TFSI S line ERE MAIN,18990,,True,2021,09-2021,150000,,used,petrol,81,110,,,,299.0,automatic,,Boîte automatique,Citadine,5,5,Gris,,,,,dealer,GIRO AUTOSPORT,FR-73800 Arbin,FR,1,https://prod.pictures.autoscout24.net/listing-images/467c56dd-6742-4f99-9480-f31c978b3d7c_bdf540ac-ee47-4a38-b352-03ee0354efa6.jpg/250x188.webp,2026-08-03T05:31:33.851888,0.13,5
a7c4375e-0e71-4061-8992-8b3613dc915d,https://www.autoscout24.fr/offres/a7c4375e-0e71-4061-8992-8b3613dc915d,fr,Volkswagen,tiguan,,Volkswagen TiguanII 2.0 TDi 16V BMT DSG7 150 cv CARAT /,17490,,True,2019,01-2019,158200,,used,diesel,110,150,,,,20.0,,,Boîte automatique,SUV/4x4/Pick-Up,5,,,,,,,dealer,RODYAL AUTOMOBILES,FR-37390 Chanceaux-sur-Choisille,FR,2,https://prod.pictures.autoscout24.net/listing-images/a7c4375e-0e71-4061-8992-8b3613dc915d_3d0d20a3-3f1a-4a4e-be63-ddbe1cbbb1da.jpg/250x188.webp,2026-08-03T05:31:33.851895,0.11,7
e2a3a5b8-68a0-453f-994c-c0c57a5ab3c3,https://www.autoscout24.fr/offres/e2a3a5b8-68a0-453f-994c-c0c57a5ab3c3,fr,BMW,x5,,BMW X5xDrive50e M Sport Pro – Individual Frozen Grey,93897,,True,2024,11-2024,17829,,used,hybrid,360,489,,,,20.0,,,Boîte automatique,SUV/4x4/Pick-Up,5,5,Gris,,,,,dealer,ARC MOTORS,FR-75116 Paris,FR,1,https://prod.pictures.autoscout24.net/listing-images/e2a3a5b8-68a0-453f-994c-c0c57a5ab3c3_14319b6b-5d3c-4fdb-b5b7-8651c5e8c38a.jpg/250x188.webp,2026-08-03T05:31:33.851902,5.27,2
792d61d9-28c9-4bee-a606-e114e2f743a7,https://www.autoscout24.fr/offres/792d61d9-28c9-4bee-a606-e114e2f743a7,fr,Mg,zs,,MG ZS1.5L VTi  Tech - 106  Comfort,13490,,True,2023,12-2023,73334,,used,petrol,57,78,1498,,,6.6,,,Boîte manuelle,SUV/4x4/Pick-Up,5,,Gris,,,,,dealer,MILTON AVENUE,FR-23000 Guéret,FR,2,https://prod.pictures.autoscout24.net/listing-images/792d61d9-28c9-4bee-a606-e114e2f743a7_8610a93e-ca4b-4bf0-a6fe-7d29c9c8632b.jpg/250x188.webp,2026-08-03T05:31:33.851910,0.18,3
5a0ca923-a940-4397-99ff-b862f06488d0,https://www.autoscout24.fr/offres/5a0ca923-a940-4397-99ff-b862f06488d0,fr,Peugeot,308,,Peugeot 3081.6 Hybride 180 ALLURE EAT8,16990,,True,2023,06-2023,60000,,used,hybrid,132,179,,,,,,,Boîte automatique,Berline,5,5,Vert,,,,,dealer,Degrif Occasion,FR-64990 Mouguerre,FR,1,https://prod.pictures.autoscout24.net/listing-images/5a0ca923-a940-4397-99ff-b862f06488d0_f6b0b562-286b-40ea-9806-a4044286598d.jpg/250x188.webp,2026-08-03T05:31:33.851917,0.28,3
9f8c8662-cc1c-4cf7-a85d-312612c81e69,https://www.autoscout24.fr/offres/9f8c8662-cc1c-4cf7-a85d-312612c81e69,fr,Audi,q5,,Audi Q5S-Line 40 TDI 190 Quattro GPS Virtual ACC Attelage,29990,,True,2019,02-2019,98495,,used,diesel,102,140,,,,20.0,automatic,,Boîte automatique,SUV/4x4/Pick-Up,5,,Gris,,,,,dealer,PFMOTORS,FR-57400 SARRALTROFF,FR,2,https://prod.pictures.autoscout24.net/listing-images/9f8c8662-cc1c-4cf7-a85d-312612c81e69_28de3ddd-cb93-4d1a-a857-2ba7713979b4.jpg/250x188.webp,2026-08-03T05:31:33.851924,0.3,7
34c56a60-f066-4fb7-b6a9-33922e945140,https://www.autoscout24.fr/offres/34c56a60-f066-4fb7-b6a9-33922e945140,fr,Volvo,xc60,,Volvo XC60d4 ADBLUE BUSINESS EXECUTIVE,29000,,True,2019,08-2019,55000,,used,diesel,140,190,1969,,,5.9,automatic,,Boîte automatique,SUV/4x4/Pick-Up,5,,Noir,,,,,dealer,FORZA,FR-68730 Blotzheim,FR,2,https://prod.pictures.autoscout24.net/listing-images/34c56a60-f066-4fb7-b6a9-33922e945140_77389cbf-2c6f-4c67-9e85-112fe802c55d.jpg/250x188.webp,2026-08-03T05:31:33.851932,0.53,7
01918db9-a621-489d-b2d2-ea9328a32f76,https://www.autoscout24.fr/offres/01918db9-a621-489d-b2d2-ea9328a32f76,fr,Audi,a5,,Audi A5Advanced 40 TFSI 150(204) kW(PS) S,29850,,True,2022,02-2022,86925,2,used,petrol,150,204,1984,,,4.0,,,Avant,Cabriolet,2,4,Noir,,,,,dealer,Auto Brass,FR-75006 Paris,FR,2,https://prod.pictures.autoscout24.net/listing-images/01918db9-a621-489d-b2d2-ea9328a32f76_bf1b250a-37de-4527-9fff-39978f45e77d.jpg/250x188.webp,2026-08-03T05:31:33.851939,0.34,4
11c77d34-cb6c-4edc-9b27-11cef68363a3,https://www.autoscout24.fr/offres/11c77d34-cb6c-4edc-9b27-11cef68363a3,fr,Renault,clio,,Renault Clio1.6 E-Tech hybride 140ch Intens -21N,19990,,True,2022,02-2022,50000,,used,hybrid,102,140,1598,,,,,,Boîte automatique,Berline,5,5,Gris Titanium,,,,,dealer,RENAULT REIMS - AUTOSPHERE,FR-51100 Reims,FR,2,https://prod.pictures.autoscout24.net/listing-images/11c77d34-cb6c-4edc-9b27-11cef68363a3_e728e279-a0e3-45f5-be72-1ff7645532db.jpg/250x188.webp,2026-08-03T05:31:33.851947,0.4,4
b35df204-6923-4a38-8aed-309825b82406,https://www.autoscout24.fr/offres/b35df204-6923-4a38-8aed-309825b82406,fr,Porsche,cayenne,,Porsche Cayenne3.0 V6 470ch E-Hybrid,89490,,True,2024,03-2024,51365,,used,hybrid,345,470,2995,,,,,,Boîte automatique,Autres,5,5,Craie Spéciale,,,,,dealer,MERCEDES MELUN - AUTOSPHERE,FR-77240 Vert St Denis,FR,2,https://prod.pictures.autoscout24.net/listing-images/b35df204-6923-4a38-8aed-309825b82406_e5e9f29a-e649-468c-87a4-4d55ec06159d.jpg/250x188.webp,2026-08-03T05:31:33.851954,1.74,2
aa467141-5ec9-4282-9305-edf1d801c60a,https://www.autoscout24.fr/offres/aa467141-5ec9-4282-9305-edf1d801c60a,fr,Dacia,duster,,Dacia Duster1.5 BLUE DCI 115 4x2 SL EXTREME,15680,,True,2022,06-2022,93000,,used,diesel,85,115,,,,20.0,,,Boîte manuelle,SUV/4x4/Pick-Up,5,5,Gris,,,,,dealer,SIMPLICICAR COEUR D'YVELINES,FR-78640 Saint-Germain-de-la-Grange,FR,1,https://prod.pictures.autoscout24.net/listing-images/aa467141-5ec9-4282-9305-edf1d801c60a_5f2b17b8-92dd-4448-a558-cab9bc7a261b.jpg/250x188.webp,2026-08-03T05:31:33.851961,0.17,4
da53863a-8603-4a04-ae08-dfd6b5ec5a1d,https://www.autoscout24.fr/offres/da53863a-8603-4a04-ae08-dfd6b5ec5a1d,fr,Volkswagen,t-roc,,Volkswagen T-RocT-Roc 2.0 TSI 190 Start,18480,,True,2018,10-2018,117000,,used,petrol,140,190,,,,6.8,,,Semi-automatique,SUV/4x4/Pick-Up,5,5,Blanc,,,,,dealer,,FR-72100 Le Mans,FR,1,https://prod.pictures.autoscout24.net/listing-images/da53863a-8603-4a04-ae08-dfd6b5ec5a1d_e56a8685-b3f1-48d0-9fca-369daf3f2448.jpg/250x188.webp,2026-08-03T05:31:33.851969,0.16,8
c4409f7c-7f6a-4f45-aa3d-f9b328e9fa25,https://www.autoscout24.fr/offres/c4409f7c-7f6a-4f45-aa3d-f9b328e9fa25,fr,Peugeot,208,,Peugeot 2081.2 Hybrid 145ch GT e-DCS6,24999,,True,2026,06-2026,10,,new,hybrid,106,145,1199,,,,,,Boîte automatique,Citadine,5,5,Teinte metallisee blanc okenit,,,,,dealer,PEUGEOT AVIGNON - AUTOSPHERE,FR-84000 Avignon,FR,2,https://prod.pictures.autoscout24.net/listing-images/c4409f7c-7f6a-4f45-aa3d-f9b328e9fa25_4000b10b-cfff-413d-82b6-f7a15325bd5f.jpg/250x188.webp,2026-08-03T05:31:33.851977,2499.9,0
c1039b67-c350-4f80-a7a2-585877eacdd2,https://www.autoscout24.fr/offres/c1039b67-c350-4f80-a7a2-585877eacdd2,fr,Peugeot,rifter,,Peugeot Rifter1.5 BlueHDi 130ch S\u0026S Standard Allure,22999,,True,2022,04-2022,13105,,used,diesel,95,130,1499,,,,,,Boîte manuelle,Monospace,5,5,Gris Platinium (M),,,,,dealer,PEUGEOT NIORT - AUTOSPHERE,FR-79000 Niort,FR,2,https://prod.pictures.autoscout24.net/listing-images/c1039b67-c350-4f80-a7a2-585877eacdd2_0810592e-b229-4c26-a5b6-0992214cc89b.jpg/250x188.webp,2026-08-03T05:31:33.851985,1.75,4
7a693e94-378a-4d24-82d5-8e2f5301ac20,https://www.autoscout24.fr/offres/7a693e94-378a-4d24-82d5-8e2f5301ac20,fr,Mazda,mx-30,,Mazda MX-30MX-30 e-Skyactiv 145 ch,14490,,True,2021,11-2021,58189,,used,electric,106,145,,,,20.0,,,Avant,SUV/4x4/Pick-Up,5,5,Gris,,,,,dealer,XAV AUTO SUZUKI / MAZDA / XPENG / OMODA JAECOO,FR-79000 Niort,FR,2,https://prod.pictures.autoscout24.net/listing-images/7a693e94-378a-4d24-82d5-8e2f5301ac20_b5ca902a-8c2e-4aa9-aca4-786d48f2afef.jpg/250x188.webp,2026-08-03T05:31:33.851992,0.25,5
64fa181b-44a0-4160-8b87-248979d45ddd,https://www.autoscout24.fr/offres/64fa181b-44a0-4160-8b87-248979d45ddd,fr,Lexus,is 300,,Lexus IS 300300h Luxe Euro6d-T,26999,,True,2019,07-2019,84491,,used,hybrid,135,183,2494,,,2104.0,,,Boîte automatique,Berline,4,5,Gris,,,,,dealer,Lexus Strasbourg,FR-67460 SOUFFELWEYERSHEIM,FR,2,https://prod.pictures.autoscout24.net/listing-images/64fa181b-44a0-4160-8b87-248979d45ddd_69ac2e84-2db2-4eab-916f-44cd7706b498.jpg/250x188.webp,2026-08-03T05:31:33.852000,0.32,7
8e4d1dc2-9c5a-413a-92c4-d20423505094,https://www.autoscout24.fr/offres/8e4d1dc2-9c5a-413a-92c4-d20423505094,fr,Renault,espace,,Renault EspaceV 2.0 BLUEDCI 160 ZEN EDC 7 PLACES 1ère MAIN,15490,,True,2020,09-2020,147190,,used,diesel,118,160,,,,20.0,,,Boîte automatique,Autres,5,2,Noir,,,,,dealer,,FR-38460 Crémieu,FR,1,https://prod.pictures.autoscout24.net/listing-images/8e4d1dc2-9c5a-413a-92c4-d20423505094_0016c998-b601-414f-a939-ca068bd730d2.jpg/250x188.webp,2026-08-03T05:31:33.852007,0.11,6
8d2cfb46-8364-4f79-8214-63bf0de2001e,https://www.autoscout24.fr/offres/8d2cfb46-8364-4f79-8214-63bf0de2001e,fr,BMW,118,,BMW 118SERIE 2.0 118 D 150 PACK-M BVA CARPLAy,22490,,True,2022,03-2022,89000,,used,diesel,111,150,,,,20.0,automatic,,Boîte automatique,Berline,5,5,Blanc,,,,,dealer,,FR-25000 Besancon,FR,1,https://prod.pictures.autoscout24.net/listing-images/8d2cfb46-8364-4f79-8214-63bf0de2001e_3d26572c-85ff-4c4f-89b2-ffcb2ff747c2.jpg/250x188.webp,2026-08-03T05:31:33.852014,0.25,4
5df3d8d6-f9b8-43f4-b4bf-55f93658c4c5,https://www.autoscout24.fr/offres/5df3d8d6-f9b8-43f4-b4bf-55f93658c4c5,fr,Lexus,nx 450h+,,Lexus NX 450h+450h+ F SPORT Executive 4WD,42990,,True,2022,05-2022,97079,,used,hybrid,138,187,2487,,,,,,Boîte automatique,SUV/4x4/Pick-Up,5,5,Gris De Payne métallisé,,,,,dealer,LEXUS LEVALLOIS - AUTOSPHERE,FR-92300 LEVALLOIS PERRET,FR,2,https://prod.pictures.autoscout24.net/listing-images/5df3d8d6-f9b8-43f4-b4bf-55f93658c4c5_3a9a4fa7-c3f4-48ba-80b7-c023331af1ad.jpg/250x188.webp,2026-08-03T05:31:33.852021,0.44,4
7600b710-bf11-45eb-8585-f508f97350fa,https://www.autoscout24.fr/offres/7600b710-bf11-45eb-8585-f508f97350fa,fr,Peugeot,308,,Peugeot 3081.2i 130 III Allure - Caméra - Navigation,16490,,True,2024,05-2024,21696,,used,petrol,96,130,1199,,,5.0,,,Boîte manuelle,Berline,5,,Blanc,,,,,dealer,OCCASION RHONE AUTOMOBILES 7,FR-26200 Montélimar,FR,1,https://prod.pictures.autoscout24.net/listing-images/7600b710-bf11-45eb-8585-f508f97350fa_37ebbbc3-2bd8-43b7-8c60-5d86e53b6801.jpg/250x188.webp,2026-08-03T05:31:33.852029,0.76,2
2b857b55-0a09-4e79-8893-bb18196a63bc,https://www.autoscout24.fr/offres/2b857b55-0a09-4e79-8893-bb18196a63bc,fr,Ford,kuga,,Ford Kuga2.0 tdci 150 4x2 vignale camera sieges chauffants,13490,,True,2018,07-2018,92500,,used,diesel,81,111,,,,20.0,,,Boîte manuelle,SUV/4x4/Pick-Up,5,5,Blanc,,,,,dealer,Ewigo Colmar,FR-68000 COLMAR,FR,2,https://prod.pictures.autoscout24.net/listing-images/2b857b55-0a09-4e79-8893-bb18196a63bc_d655476f-3f21-41a5-9313-16f8e934cc53.jpg/250x188.webp,2026-08-03T05:31:33.852036,0.15,8
710428bf-6751-4a48-9410-18256e5b0654,https://www.autoscout24.fr/offres/710428bf-6751-4a48-9410-18256e5b0654,fr,Suzuki,sx4 s-cross,,Suzuki SX4 S-Cross1.0 BOOSTERJET 111CH PRIVILEGE ALLGRIP,9990,,True,2019,02-2019,124000,,used,petrol,81,111,,,,20.0,,,Boîte manuelle,SUV/4x4/Pick-Up,5,5,Blanc,,,,,dealer,,FR-83130 La Garde,FR,1,https://prod.pictures.autoscout24.net/listing-images/710428bf-6751-4a48-9410-18256e5b0654_0fdd66c5-c8ec-4ec7-b117-30aa9a9854ba.jpg/250x188.webp,2026-08-03T05:31:33.852043,0.08,7
a1667f04-136a-4dbb-82ba-2eda7df33304,https://www.autoscout24.fr/offres/a1667f04-136a-4dbb-82ba-2eda7df33304,fr,Renault,koleos,,Renault KoleosII dCi 190 X-Tronic 4WD Initiale,16988,,True,2019,11-2019,99850,,used,diesel,140,190,4,,,7.0,,,Boîte automatique,Autres,5,5,Noir,,,,,dealer,Tabor Automobiles,FR-67000 Strasbourg,FR,2,https://prod.pictures.autoscout24.net/listing-images/a1667f04-136a-4dbb-82ba-2eda7df33304_08ecba66-7b56-4997-971d-b045bb684ae9.jpg/250x188.webp,2026-08-03T05:31:33.852050,0.17,7
45a9b2c7-5c72-455b-8e4a-9ac1cdcc2067,https://www.autoscout24.fr/offres/45a9b2c7-5c72-455b-8e4a-9ac1cdcc2067,fr,Porsche,cayenne,,Porsche CayenneCayenne Coupe E-Hybrid 3.0 V6 462 ch,72990,,True,2022,08-2022,55000,,used,hybrid,339,462,,,,256.0,,,Boîte automatique,SUV/4x4/Pick-Up,5,5,Noir,,,,,dealer,TRANSAKAUTO MARIGNANE,FR-13700 Marignane,FR,2,https://prod.pictures.autoscout24.net/listing-images/45a9b2c7-5c72-455b-8e4a-9ac1cdcc2067_d9c249c0-b0d8-4dba-9ebc-333431766e50.jpg/250x188.webp,2026-08-03T05:31:33.852058,1.33,4
89ecd32a-02eb-4122-be88-aad72e8ee93c,https://www.autoscout24.fr/offres/89ecd32a-02eb-4122-be88-aad72e8ee93c,fr,Fiat,tipo,,Fiat TipoSW Cross 1.5 FireFly Turbo 130cv BVA DCT Mild,14990,,True,2023,04-2023,46164,,used,petrol,95,130,1469,,,2116.0,automatic,,Boîte automatique,Break,5,5,Noir,,,,,dealer,NeufMoinsCher,FR-21000 Dijon,FR,2,https://prod.pictures.autoscout24.net/listing-images/89ecd32a-02eb-4122-be88-aad72e8ee93c_1522350e-3a91-4b4b-b2cf-71d0c21ac52a.jpg/250x188.webp,2026-08-03T05:31:33.852065,0.32,3
a64b7f94-be7f-4941-a8d4-947e5ee95059,https://www.autoscout24.fr/offres/a64b7f94-be7f-4941-a8d4-947e5ee95059,fr,Mg,mg3,,MG MG31.5 HYBRID + 195 COMFORT GPS Caméra JA,16250,,True,2024,12-2024,26000,,used,hybrid,55,75,1498,,,2100.0,,,Boîte automatique,Berline,5,5,Noir,,,,,dealer,SN DIFFUSION,FR-81380 LESCURE D'ALBI,FR,2,https://prod.pictures.autoscout24.net/listing-images/a64b7f94-be7f-4941-a8d4-947e5ee95059_044f91c9-d32f-4ce4-b144-0e85c45c4713.jpg/250x188.webp,2026-08-03T05:31:33.852073,0.62,2
26194438-0b73-4071-b896-199fb0dafd09,https://www.autoscout24.fr/offres/26194438-0b73-4071-b896-199fb0dafd09,fr,Mercedes-Benz,glc 300,,Mercedes-Benz GLC 300300 de 4Matic Hybride,41200,,True,2023,10-2023,80501,,used,hybrid,246,334,,,,210.0,automatic,,Boîte automatique,SUV/4x4/Pick-Up,5,5,Noir,,,,,dealer,Trading Motors,FR-69100 VILLEURBANNE,FR,1,https://prod.pictures.autoscout24.net/listing-images/26194438-0b73-4071-b896-199fb0dafd09_5f06c31d-54e4-4a59-bf65-5b64bc580d5b.jpg/250x188.webp,2026-08-03T05:31:33.852080,0.51,3
238c0d38-9af2-4ff0-bbab-7b7ede1007ff,https://www.autoscout24.fr/offres/238c0d38-9af2-4ff0-bbab-7b7ede1007ff,fr,Hyundai,tucson,,Hyundai TUCSON1.6 T-GDI 230CH HYBRID CREATIVE BVA6,24990,,True,2023,03-2023,50510,,used,hybrid,169,230,,,,20.0,,,Boîte automatique,SUV/4x4/Pick-Up,5,5,Gris,,,,,dealer,Cerran Automobile,FR-57150 Creutzwald,FR,1,https://prod.pictures.autoscout24.net/listing-images/238c0d38-9af2-4ff0-bbab-7b7ede1007ff_bbd45454-b2ba-4607-b74b-8b95ec459309.jpg/250x188.webp,2026-08-03T05:31:33.852087,0.49,3
4aab235e-fab2-476b-abff-41b942b42f2d,https://www.autoscout24.fr/offres/4aab235e-fab2-476b-abff-41b942b42f2d,fr,Peugeot,208,,Peugeot 2081.2 PureTech 110ch E6.c GT Line S\u0026S EAT6 5p,9499,,True,2018,05-2018,81640,,used,petrol,80,110,1199,,,,automatic,,Boîte automatique,Citadine,5,5,Blanc Perle nacré,,,,,dealer,PEUGEOT CHATELLERAULT - AUTOSPHERE,FR-86100 Chatellerault,FR,2,https://prod.pictures.autoscout24.net/listing-images/4aab235e-fab2-476b-abff-41b942b42f2d_5f81a177-d79b-44e5-a34e-c3a039b2b054.jpg/250x188.webp,2026-08-03T05:31:33.852094,0.12,8
7a99347d-f520-48ac-b2e1-74da807c0a9d,https://www.autoscout24.fr/offres/7a99347d-f520-48ac-b2e1-74da807c0a9d,fr,Peugeot,3008,,Peugeot 3008HYBRID 225CH ALLURE PACK E-EAT8,17490,,True,2021,03-2021,73303,,used,hybrid,165,225,,,,20.0,,,Boîte automatique,SUV/4x4/Pick-Up,5,5,Noir,,,,,dealer,IDF AUTO,FR-95310 Saint Ouen l'Aumone,FR,1,https://prod.pictures.autoscout24.net/listing-images/7a99347d-f520-48ac-b2e1-74da807c0a9d_51e03bd7-4b61-44ac-8da6-2497d7ed7ab2.jpg/250x188.webp,2026-08-03T05:31:33.852101,0.24,5
a959b7ec-1b82-47d4-90ac-7c464b32e832,https://www.autoscout24.fr/offres/a959b7ec-1b82-47d4-90ac-7c464b32e832,fr,Dacia,sandero,,Dacia Sandero0.9 TCe 90ch Stepway - 19,11999,,True,2020,11-2020,20437,,used,petrol,66,90,898,,,,,,Boîte manuelle,Citadine,5,5,Noir nacré,,,,,dealer,TOYOTA MONTLUEL - AUTOSPHERE,FR-01120 DAGNEUX,FR,2,https://prod.pictures.autoscout24.net/listing-images/a959b7ec-1b82-47d4-90ac-7c464b32e832_abbdd4b8-e064-486d-8e17-6c50fee08bd0.jpg/250x188.webp,2026-08-03T05:31:33.852150,0.59,6
71bcf6c2-92c3-486d-8331-c7b89aae9457,https://www.autoscout24.fr/offres/71bcf6c2-92c3-486d-8331-c7b89aae9457,fr,Opel,grandland x,,Opel Grandland XHybrid 225ch Elegance Business,16999,,True,2021,11-2021,55257,,used,petrol,165,225,1598,,,231.0,,,Boîte automatique,SUV/4x4/Pick-Up,5,5,Noir,,,,,dealer,A B C PEUGEOT CHARLEVILLE,FR-80000 CHARLEVILLE MEZIERES,FR,2,https://prod.pictures.autoscout24.net/listing-images/71bcf6c2-92c3-486d-8331-c7b89aae9457_84a04938-6c77-4789-8877-ae8b3874a5ee.jpg/250x188.webp,2026-08-03T05:31:33.852158,0.31,5
c068cb98-3931-47dc-8b7a-1d965572fb97,https://www.autoscout24.fr/offres/c068cb98-3931-47dc-8b7a-1d965572fb97,fr,Kia,stonic,,Kia Stonic1.0 TGDI GT Line,13990,,True,2023,05-2023,64000,,used,hybrid,88,119,,,,,,,Boîte manuelle,Autres,5,5,Noir,,,,,dealer,,FR-59494 PETITE-FORET,FR,1,https://prod.pictures.autoscout24.net/listing-images/c068cb98-3931-47dc-8b7a-1d965572fb97_47c5703f-936d-412a-8715-2c7ab390d4e0.jpg/250x188.webp,2026-08-03T05:31:33.852164,0.22,3
bf20f09b-7ff5-47cc-8581-3c36209f0e42,https://www.autoscout24.fr/offres/bf20f09b-7ff5-47cc-8581-3c36209f0e42,fr,Maserati,levante,,Maserati Levante3.0 V6 TWINTURBO 430 GRANSPORT SQ4 / PHASE,45990,,True,2021,10-2021,74000,,used,petrol,317,431,,,,2286.0,,,Boîte automatique,SUV/4x4/Pick-Up,5,5,Bleu,,,,,dealer,,FR-06700 Saint Laurent du Var,FR,1,https://prod.pictures.autoscout24.net/listing-images/bf20f09b-7ff5-47cc-8581-3c36209f0e42_e25d80f5-433c-4171-90eb-d4b1f4ec668f.jpg/250x188.webp,2026-08-03T05:31:33.852172,0.62,5
8c92489c-8436-49d4-a345-11ee392219c9,https://www.autoscout24.fr/offres/8c92489c-8436-49d4-a345-11ee392219c9,fr,Peugeot,408,,Peugeot 408PHEV 180 e-EAT8 Allure Pack,21990,,True,2024,01-2024,53432,,used,hybrid,111,150,,,,20.0,,,Boîte automatique,Berline,5,5,Bleu,,,,,dealer,TC AUTOMOBILES,FR-60200 COMPIEGNE,FR,1,https://prod.pictures.autoscout24.net/listing-images/8c92489c-8436-49d4-a345-11ee392219c9_eba8aff7-96e2-447a-8dbb-9f53df94027e.jpg/250x188.webp,2026-08-03T05:31:33.852179,0.41,2
24435c86-2445-41ff-94f4-b05911d65283,https://www.autoscout24.fr/offres/24435c86-2445-41ff-94f4-b05911d65283,fr,BMW,x3,,BMW X3xDrive30e 299ch M Sport,61890,,True,2025,01-2025,25761,,used,hybrid,219,299,1998,,,,,,Boîte automatique,SUV/4x4/Pick-Up,5,5,Sophistograu métallisé,,,,,dealer,BMW SECLIN - AUTOSPHERE,FR-59113 Seclin,FR,2,https://prod.pictures.autoscout24.net/listing-images/24435c86-2445-41ff-94f4-b05911d65283_59896867-9051-49d3-b862-a3d2da719c50.jpg/250x188.webp,2026-08-03T05:31:33.852186,2.4,1
94faa22c-9bf0-48eb-9246-af7e8f3f6a24,https://www.autoscout24.fr/offres/94faa22c-9bf0-48eb-9246-af7e8f3f6a24,fr,Peugeot,2008,,Peugeot 20081.2 100ch S\u0026S Style,16490,,True,2025,04-2025,16895,,used,petrol,73,100,1199,,,,automatic,,Boîte manuelle,Citadine,5,5,Gris Artense (M),,,,,dealer,JAGUAR LAND-ROVER LYON SUD - AUTOSPHERE,FR-69200 VENISSIEUX,FR,2,https://prod.pictures.autoscout24.net/listing-images/94faa22c-9bf0-48eb-9246-af7e8f3f6a24_3346ce76-c93c-4c2e-b405-176fb3ee74e0.jpg/250x188.webp,2026-08-03T05:31:33.852193,0.98,1
b99d2613-9927-4725-b112-fe1db8f880e1,https://www.autoscout24.fr/offres/b99d2613-9927-4725-b112-fe1db8f880e1,fr,Alfa Romeo,giulia,,Alfa Romeo Giulia2.2 JTD 160ch Super AT8 MY19,20999,,True,2019,04-2019,65749,,used,diesel,117,160,2143,,,2126.0,automatic,,Boîte automatique,Berline,4,5,Bleu,,,,,dealer,,FR-25770 Franois,FR,1,https://prod.pictures.autoscout24.net/listing-images/b99d2613-9927-4725-b112-fe1db8f880e1_25ffe205-ea3a-471f-a037-6139d080bb29.jpg/250x188.webp,2026-08-03T05:31:33.852200,0.32,7
9122a942-463e-4c23-9ec2-97324cdad829,https://www.autoscout24.fr/offres/9122a942-463e-4c23-9ec2-97324cdad829,fr,Mercedes-Benz,glb 220,,Mercedes-Benz GLB 220GLB 220 d - BV 8G-DCT  SUV - BM X247,34490,,True,2021,06-2021,75000,,used,diesel,140,190,1950,,,5.9,,,Boîte automatique,SUV/4x4/Pick-Up,5,,Gris,,,,,dealer,IMPORT CAR HOME,FR-78300 POISSY,FR,1,https://prod.pictures.autoscout24.net/listing-images/9122a942-463e-4c23-9ec2-97324cdad829_9d96ebcf-a15e-4708-90d5-9842bb558bdf.jpg/250x188.webp,2026-08-03T05:31:33.852207,0.46,5
622bcf78-7e36-4909-b5e4-f1c475eae6f5,https://www.autoscout24.fr/offres/622bcf78-7e36-4909-b5e4-f1c475eae6f5,fr,Opel,astra,,Opel Astra1.2 TURBO 130CH ELEGANCE BUSINESS BVA8,14990,,True,2023,04-2023,74234,,used,petrol,95,130,,,,20.0,,,Boîte automatique,Citadine,5,5,Blanc,,,,,dealer,IDF AUTO,FR-95310 Saint Ouen l'Aumone,FR,1,https://prod.pictures.autoscout24.net/listing-images/622bcf78-7e36-4909-b5e4-f1c475eae6f5_1b5db062-3716-4ffd-898a-12e98ef449d2.jpg/250x188.webp,2026-08-03T05:31:33.852215,0.2,3
bc1f7507-841c-44b9-9c01-d2bc10cbeb9a,https://www.autoscout24.fr/offres/bc1f7507-841c-44b9-9c01-d2bc10cbeb9a,fr,Porsche,taycan,,Porsche TaycanTaycan Turbo 680 ch,72990,,True,2020,07-2020,70500,1,used,electric,499,680,,,,20.0,,,AWD,Berline,4,4,Noir,,,,,private,,,FR,1,https://prod.pictures.autoscout24.net/listing-images/bc1f7507-841c-44b9-9c01-d2bc10cbeb9a_9bde66fe-e028-45c0-9a3a-a60aa925cd80.jpg/250x188.webp,2026-08-03T05:31:33.852222,1.04,6
096fd8b2-2e5a-4e5a-9c3f-d05d6c449518,https://www.autoscout24.fr/offres/096fd8b2-2e5a-4e5a-9c3f-d05d6c449518,fr,Land Rover,range rover evoque,,Land Rover Range Rover EvoqueD200 200 ch AWD BVA R-Dynamic,27990,,True,2022,04-2022,103000,,used,diesel,147,200,1997,,,6.0,,,Boîte automatique,SUV/4x4/Pick-Up,5,,Noir,,,,,dealer,Naudé Automobiles,FR-69630 Chaponost,FR,2,https://prod.pictures.autoscout24.net/listing-images/096fd8b2-2e5a-4e5a-9c3f-d05d6c449518_7bbcd047-4df6-42ad-8c95-a512da3a16fd.jpg/250x188.webp,2026-08-03T05:31:33.852230,0.27,4
d8ada13e-5a04-4b5a-9418-065007ee9fc9,https://www.autoscout24.fr/offres/d8ada13e-5a04-4b5a-9418-065007ee9fc9,fr,Audi,a6,,Audi A6Avant 2.0 40 TDI - 204 - BV S-tronic  AVANT BREAK S,26490,,True,2018,12-2018,95000,,used,diesel,150,204,1968,,,5.7,,,Boîte automatique,Break,5,,Gris,,,,,dealer,IMPORT CAR HOME,FR-78300 POISSY,FR,1,https://prod.pictures.autoscout24.net/listing-images/d8ada13e-5a04-4b5a-9418-065007ee9fc9_15aaa0b0-cb3d-49d4-bdb7-bd73213ac1fc.jpg/250x188.webp,2026-08-03T05:31:33.852237,0.28,8
f792c337-852b-448f-85c9-3924df4f699c,https://www.autoscout24.fr/offres/f792c337-852b-448f-85c9-3924df4f699c,fr,Jeep,gladiator,,Jeep Gladiator3.0 V6 MultiJet - 264 - BVA PICK UP DOUBLE,54141,,True,2021,11-2021,20400,,used,diesel,143,195,,,,2254.0,,,Boîte automatique,SUV/4x4/Pick-Up,4,4,Blanc,,,,,dealer,INDIAN CARS,FR-78310 Coignières,FR,1,https://prod.pictures.autoscout24.net/listing-images/f792c337-852b-448f-85c9-3924df4f699c_dfe421d2-8ba7-4906-9d1c-2c29c46cbb07.jpg/250x188.webp,2026-08-03T05:31:33.852244,2.65,5
26415ae1-f04f-4e8c-bef0-82c5cbe63a67,https://www.autoscout24.fr/offres/26415ae1-f04f-4e8c-bef0-82c5cbe63a67,fr,Renault,austral,,Renault Austral1.2 E-Tech full hybrid 200ch Iconic esprit,25499,,True,2024,03-2024,85041,1,used,hybrid,147,200,1199,,,2106.0,automatic,,Boîte automatique,SUV/4x4/Pick-Up,5,5,Noir,,,,,dealer,LE VEODROME,FR-67800 Bischheim,FR,2,https://prod.pictures.autoscout24.net/listing-images/26415ae1-f04f-4e8c-bef0-82c5cbe63a67_7f7b0c2c-7280-4262-8c6b-b78e269c0436.jpg/250x188.webp,2026-08-03T05:31:33.852251,0.3,2
e0aa1694-36d0-4fc5-8efd-89bccdcff223,https://www.autoscout24.fr/offres/e0aa1694-36d0-4fc5-8efd-89bccdcff223,fr,Opel,mokka,,Opel Mokka1.2 Turbo 100ch Elegance,12999,,True,2022,07-2022,61200,,used,petrol,73,100,1199,,,2125.0,automatic,,Boîte manuelle,SUV/4x4/Pick-Up,5,5,Noir,,,,,dealer,Auto Prestige Fiat Belfort,FR-90000 Belfort,FR,2,https://prod.pictures.autoscout24.net/listing-images/e0aa1694-36d0-4fc5-8efd-89bccdcff223_37481775-b4d1-45d1-b455-6cea75bc192f.jpg/250x188.webp,2026-08-03T05:31:33.852258,0.21,4
e1307f15-1e58-4699-8662-4eb5c8f0edc1,https://www.autoscout24.fr/offres/e1307f15-1e58-4699-8662-4eb5c8f0edc1,fr,Mercedes-Benz,a 220,,Mercedes-Benz A 220220 190ch AMG Line 7G-DCT Pack Aéro,22990,,True,2019,01-2019,128490,,used,petrol,139,190,,,,20.0,,,Boîte automatique,Berline,5,,,,,,,dealer,RODYAL AUTOMOBILES,FR-37390 Chanceaux-sur-Choisille,FR,2,https://prod.pictures.autoscout24.net/listing-images/e1307f15-1e58-4699-8662-4eb5c8f0edc1_112e7d92-648c-452b-bebd-26982f4efca0.jpg/250x188.webp,2026-08-03T05:31:33.852266,0.18,7
2f662553-fc4e-4e1a-aae9-c4119702243c,https://www.autoscout24.fr/offres/2f662553-fc4e-4e1a-aae9-c4119702243c,fr,Volvo,ex30,,Volvo EX30Single Extended Range 272ch Plus,35999,,True,2025,06-2025,12000,,used,electric,199,272,,,,20.0,,,Boîte automatique,SUV/4x4/Pick-Up,5,5,Sable Dune,,,,,dealer,ESPACE NORD AUTOMOBILES VOLVO JAGUAR STRASBOURG,FR-67460 SOUFFELWEYERSHEIM,FR,2,https://prod.pictures.autoscout24.net/listing-images/2f662553-fc4e-4e1a-aae9-c4119702243c_4bef8ebe-d88f-4bed-991c-8470977976ac.jpg/250x188.webp,2026-08-03T05:31:33.852273,3.0,1
3888633d-177a-45c6-8544-abdadd614c9f,https://www.autoscout24.fr/offres/3888633d-177a-45c6-8544-abdadd614c9f,fr,Peugeot,308,,Peugeot 308PHEV 180ch Active Pack e-EAT8,17999,,True,2022,05-2022,57292,1,used,petrol,132,180,1598,,,224.0,,,Boîte automatique,Berline,5,5,Vert,,,,,dealer,MILLAUTO PEUGEOT REIMS,FR-51100 Reims,FR,2,https://prod.pictures.autoscout24.net/listing-images/3888633d-177a-45c6-8544-abdadd614c9f_de9804cb-b51e-454a-a076-df56f52f940f.jpg/250x188.webp,2026-08-03T05:31:33.852280,0.31,4
bc261a4f-35fd-4bbf-a336-ae4eaf5e0291,https://www.autoscout24.fr/offres/bc261a4f-35fd-4bbf-a336-ae4eaf5e0291,fr,Skoda,scala,,Skoda Scala1.5 TSI 150 Style Pano GPS SmartLi,13788,,True,2020,12-2020,92050,,used,petrol,80,110,4,,,5.3,,,Boîte manuelle,Autres,5,5,Bleu,,,,,dealer,Tabor Automobiles,FR-67000 Strasbourg,FR,2,https://prod.pictures.autoscout24.net/listing-images/bc261a4f-35fd-4bbf-a336-ae4eaf5e0291_b33dbbac-b4a6-43ed-849e-3e72b8231033.jpg/250x188.webp,2026-08-03T05:31:33.852288,0.15,6
d5ae3b2a-288b-4515-9d45-90db2246473a,https://www.autoscout24.fr/offres/d5ae3b2a-288b-4515-9d45-90db2246473a,fr,Jaguar,f-pace,,Jaguar F-Pace(2) SVR 5.0 S,39990,,True,2021,04-2021,155990,1,used,petrol,405,550,4999,Euro 6d-TEMP,,6.0,automatic,,AWD,SUV/4x4/Pick-Up,5,5,Gris,,,,,dealer,,FR-83600 FREJUS,FR,1,https://prod.pictures.autoscout24.net/listing-images/d5ae3b2a-288b-4515-9d45-90db2246473a_fc636c37-d829-4271-9c60-aa080fdaa8eb.jpg/250x188.webp,2026-08-03T05:31:33.852295,0.26,5
b89a0baa-46ee-4c72-b057-d31295208f6e,https://www.autoscout24.fr/offres/b89a0baa-46ee-4c72-b057-d31295208f6e,fr,Mazda,mx-5,,Mazda MX-5MAZDA MX5 IV ST 1.5 SKYACTIV-G 132 DYNAMIQUE,20500,,True,2019,05-2019,34000,,used,petrol,97,131,1496,,,6.3,,,Boîte manuelle,Cabriolet,2,,Gris,,,,,dealer,,FR-06250 Mougins,FR,1,https://prod.pictures.autoscout24.net/listing-images/b89a0baa-46ee-4c72-b057-d31295208f6e_0c56f52a-ac47-4fab-8ee7-17090cf71ed4.jpg/250x188.webp,2026-08-03T05:31:33.852303,0.6,7
ed069e64-218e-4d47-8d9f-743708350335,https://www.autoscout24.fr/offres/ed069e64-218e-4d47-8d9f-743708350335,fr,Peugeot,208,,Peugeot 208PEUGEOT 208 GENERATION-I 1.5 BLUEHDI 100 GT LINE,14900,,True,2020,02-2020,66435,,used,diesel,,,,,,,,,Boîte manuelle,Berline,,,Gris,,,,,dealer,,FR-45520 CERCOTTES,FR,1,https://prod.pictures.autoscout24.net/listing-images/ed069e64-218e-4d47-8d9f-743708350335_d0c5af4a-ffa8-470f-be0a-e2098b722749.jpg/250x188.webp,2026-08-03T05:31:33.852310,0.22,6
71a268a3-1c90-4a93-95ba-0dfa9e51d233,https://www.autoscout24.fr/offres/71a268a3-1c90-4a93-95ba-0dfa9e51d233,fr,Peugeot,3008,,Peugeot 30081.5 Blue-HDi Allure EAT8,13290,,True,2018,12-2018,139323,4,used,diesel,96,130,1499,Euro 6,,6.0,,,Avant,SUV/4x4/Pick-Up,5,5,Blanc,,,,,dealer,AUTOHERO FRANCE,FR-92130 Issy-les-Moulineaux,FR,2,https://prod.pictures.autoscout24.net/listing-images/71a268a3-1c90-4a93-95ba-0dfa9e51d233_377fbb5f-0008-4186-a872-2d3aca55c263.jpg/250x188.webp,2026-08-03T05:31:33.852317,0.1,8
2f2e3ad7-7112-4af6-a926-c3c30bd164db,https://www.autoscout24.fr/offres/2f2e3ad7-7112-4af6-a926-c3c30bd164db,fr,BMW,i5,,BMW i5TOURING 40 ELECTRIC 340ch E-DRIVE  EDITION M-SPORT -,44990,,True,2024,09-2024,83000,,used,electric,249,340,,,,20.0,,,Boîte automatique,Break,5,5,Noir,,,,,dealer,NM Motors,FR-34130 Saint Aunes,FR,2,https://prod.pictures.autoscout24.net/listing-images/2f2e3ad7-7112-4af6-a926-c3c30bd164db_6bd78315-096f-4b2b-b02e-864b6128a656.jpg/250x188.webp,2026-08-03T05:31:33.852325,0.54,2
95a71ee4-f392-4130-81f9-fe035c0434ce,https://www.autoscout24.fr/offres/95a71ee4-f392-4130-81f9-fe035c0434ce,fr,Volkswagen,passat,,Volkswagen Passat7 1.4 TSI 156 GTE DSG PH2,25990,,True,2022,05-2022,30600,,used,hybrid,112,152,,,,225.0,,,Boîte automatique,Berline,4,5,Noir,,,,,dealer,Dog Distribution,FR-92400 Courbevoie,FR,1,https://prod.pictures.autoscout24.net/listing-images/95a71ee4-f392-4130-81f9-fe035c0434ce_ea905283-94c6-4216-9866-dc23841dbc1e.jpg/250x188.webp,2026-08-03T05:31:33.852332,0.85,4
4d6b4350-cec8-4096-9c91-3d1bff7e83ee,https://www.autoscout24.fr/offres/4d6b4350-cec8-4096-9c91-3d1bff7e83ee,fr,Mazda,mx-30,,Mazda MX-30MX-30 e-Skyactiv 145 ch,15990,,True,2020,09-2020,25718,,used,electric,106,145,,,,20.0,,,Avant,SUV/4x4/Pick-Up,5,5,Beige,,,,,dealer,XAV AUTO SUZUKI / MAZDA / XPENG / OMODA JAECOO,FR-79000 Niort,FR,2,https://prod.pictures.autoscout24.net/listing-images/4d6b4350-cec8-4096-9c91-3d1bff7e83ee_06d7fc25-4523-4330-ba88-6f341d8f733a.jpg/250x188.webp,2026-08-03T05:31:33.852339,0.62,6
f1745ecf-28f0-4ffb-8adf-91d536ccb909,https://www.autoscout24.fr/offres/f1745ecf-28f0-4ffb-8adf-91d536ccb909,fr,Mercedes-Benz,eqc 400,,Mercedes-Benz EQC 400Mercedes 400 408CH AMG LINE 4MATIC 11CV,44990,,True,2022,04-2022,50800,,used,electric,300,408,,,,20.0,,,Boîte automatique,SUV/4x4/Pick-Up,5,5,Noir,,,,,dealer,,FR-67201 ECKBOLSHEIM,FR,1,https://prod.pictures.autoscout24.net/listing-images/f1745ecf-28f0-4ffb-8adf-91d536ccb909_3b9f306e-6581-4954-badc-dd281929d14e.jpg/250x188.webp,2026-08-03T05:31:33.852347,0.89,4
6285cef2-6544-4c5a-8727-924d7d02ab1e,https://www.autoscout24.fr/offres/6285cef2-6544-4c5a-8727-924d7d02ab1e,fr,Jeep,gladiator,,Jeep GladiatorRubicon 4x4 Tout compris hors homologation,51262,,True,2021,07-2021,58197,1,used,petrol,209,284,3600,Euro 6,,6.0,,,Avant,SUV/4x4/Pick-Up,4,4,Gris,,,,,dealer,Us Cars Importation,FR-75008 Paris,FR,2,https://prod.pictures.autoscout24.net/listing-images/6285cef2-6544-4c5a-8727-924d7d02ab1e_30dffc82-23f2-4eb2-9e14-b6c8fbf68d59.jpg/250x188.webp,2026-08-03T05:31:33.852354,0.88,5
707560cf-8c0a-4231-9910-f331a72572e6,https://www.autoscout24.fr/offres/707560cf-8c0a-4231-9910-f331a72572e6,fr,Citroen,c5 aircross,,Citroen C5 AircrossC5 Aircross 1.2 PureTech 12V - 130,14490,,True,2023,02-2023,94576,,used,petrol,70,96,1199,,,6.5,,,Boîte automatique,SUV/4x4/Pick-Up,5,,Gris,,,,,dealer,,FR-77100 Meaux,FR,1,https://prod.pictures.autoscout24.net/listing-images/707560cf-8c0a-4231-9910-f331a72572e6_c070f730-a43e-447a-b8f0-c4fa3fce86ff.jpg/250x188.webp,2026-08-03T05:31:33.852361,0.15,3
de6c80ac-ac5c-4cf7-8092-de33f9df81d7,https://www.autoscout24.fr/offres/de6c80ac-ac5c-4cf7-8092-de33f9df81d7,fr,Renault,captur,,Renault CapturE-TECH 140 Ch INITIALE PARIS EDC TOIT OUVRANT,13990,,True,2021,09-2021,96500,,used,hybrid,102,140,,,,20.0,,,Boîte automatique,Citadine,5,,Noir,,,,,dealer,Provauto,FR-13600 La Ciotat,FR,1,https://prod.pictures.autoscout24.net/listing-images/de6c80ac-ac5c-4cf7-8092-de33f9df81d7_0a6127d6-a81d-47d5-ae2b-e5fd53a375d6.jpg/250x188.webp,2026-08-03T05:31:33.852369,0.14,5
ad8bb4dd-06cb-4db6-b0e8-f072bf3a4391,https://www.autoscout24.fr/offres/ad8bb4dd-06cb-4db6-b0e8-f072bf3a4391,fr,Peugeot,2008,,Peugeot 20081.2 PureTech 130ch S\u0026S Allure,12799,,True,2022,12-2022,60148,,used,petrol,95,130,1199,,,2125.0,,,Boîte manuelle,SUV/4x4/Pick-Up,5,5,Bleu,,,,,dealer,A B C PEUGEOT CHARLEVILLE,FR-80000 CHARLEVILLE MEZIERES,FR,2,https://prod.pictures.autoscout24.net/listing-images/ad8bb4dd-06cb-4db6-b0e8-f072bf3a4391_98db0abc-72eb-4fe8-8c59-a58fbaa6776c.jpg/250x188.webp,2026-08-03T05:31:33.852376,0.21,4
7b1dd213-1d8c-4a19-9371-e02878f303ba,https://www.autoscout24.fr/offres/7b1dd213-1d8c-4a19-9371-e02878f303ba,fr,Toyota,c-hr,,Toyota C-HRhybride mc19 2.0l 184 cv re me audio jbl apple,19990,,True,2020,05-2020,83000,,used,hybrid,135,184,,,,20.0,automatic,,Boîte automatique,SUV/4x4/Pick-Up,,,Or,,,,,dealer,TRANSAKAUTO PERTUIS,FR-84120 Pertuis,FR,2,https://prod.pictures.autoscout24.net/listing-images/7b1dd213-1d8c-4a19-9371-e02878f303ba_dfb143c0-b209-47f8-a5b1-7ab9d46ccbb0.jpg/250x188.webp,2026-08-03T05:31:33.852383,0.24,6
eb7aa736-c5a2-4bf3-ab85-585341b13200,https://www.autoscout24.fr/offres/eb7aa736-c5a2-4bf3-ab85-585341b13200,fr,Renault,captur,,Renault Captur1.6 E-Tech hybride 145ch Business -21,21990,,True,2022,06-2022,44594,,used,hybrid,106,145,1598,,,,,,Boîte automatique,SUV/4x4/Pick-Up,5,5,Gris Cassiopee,,,,,dealer,RENAULT REIMS - AUTOSPHERE,FR-51100 Reims,FR,2,https://prod.pictures.autoscout24.net/listing-images/eb7aa736-c5a2-4bf3-ab85-585341b13200_8df75f72-5e3a-4e9f-aa0b-ad916ceccfe2.jpg/250x188.webp,2026-08-03T05:31:33.852391,0.49,4
2b7ba6b4-5da9-4bde-870e-7ef849f15d78,https://www.autoscout24.fr/offres/2b7ba6b4-5da9-4bde-870e-7ef849f15d78,fr,Peugeot,2008,,Peugeot 2008I 1.6 BlueHdi 120 EAT6 Allure,8590,,True,2018,11-2018,139972,,used,diesel,88,119,,,,2101.0,,,Boîte automatique,SUV/4x4/Pick-Up,5,5,Gris foncé,,,,,dealer,CapCar,FR-75002 PARIS,FR,2,https://prod.pictures.autoscout24.net/listing-images/2b7ba6b4-5da9-4bde-870e-7ef849f15d78_56e7657e-aa41-49c1-89f4-7f039e605ad2.jpg/250x188.webp,2026-08-03T05:31:33.852398,0.06,8
e0a0533e-268e-400a-9eb5-306833f61c9b,https://www.autoscout24.fr/offres/e0a0533e-268e-400a-9eb5-306833f61c9b,fr,Volkswagen,tiguan,,Volkswagen TiguanTiguan 2.0 TDI 150ch DSG7 R-Line,28990,,True,2021,09-2021,117000,,used,diesel,110,150,,,,2116.0,,,Semi-automatique,SUV/4x4/Pick-Up,5,5,Blanc,,,,,dealer,Transakauto Dieppe,FR-76200 DIEPPE,FR,2,https://prod.pictures.autoscout24.net/listing-images/e0a0533e-268e-400a-9eb5-306833f61c9b_f6232c97-5494-4e41-8d78-9fc76dbcf42b.jpg/250x188.webp,2026-08-03T05:31:33.852405,0.25,5
14d73927-d0f4-4de5-b966-dd2a77b4e626,https://www.autoscout24.fr/offres/14d73927-d0f4-4de5-b966-dd2a77b4e626,fr,Volkswagen,tiguan,,Volkswagen Tiguan2.0 TDI 150CH LIFE PLUS DSG7 TVA,23990,,True,2023,11-2023,86542,,used,diesel,110,150,,,,20.0,,,Boîte automatique,SUV/4x4/Pick-Up,5,5,Gris,,,,,dealer,,FR-83130 La Garde,FR,1,https://prod.pictures.autoscout24.net/listing-images/14d73927-d0f4-4de5-b966-dd2a77b4e626_d4c8db20-a29d-4d77-ba28-f733975634f2.jpg/250x188.webp,2026-08-03T05:31:33.852412,0.28,3
13c8c3bd-e8cf-447e-965e-84ab751ab2a3,https://www.autoscout24.fr/offres/13c8c3bd-e8cf-447e-965e-84ab751ab2a3,fr,Mercedes-Benz,glc 220,,Mercedes-Benz GLC 220Classe 2.2 220 D 170 4MATIC 9G-TRONIC,22490,,True,2018,04-2018,123000,,used,diesel,126,171,,,,20.0,automatic,,Boîte automatique,SUV/4x4/Pick-Up,5,5,Blanc,,,,,dealer,Ewigo Colmar,FR-68000 COLMAR,FR,2,https://prod.pictures.autoscout24.net/listing-images/13c8c3bd-e8cf-447e-965e-84ab751ab2a3_49ffb8e5-37d1-4a42-b134-ae64b55a7cf6.jpg/250x188.webp,2026-08-03T05:31:33.852420,0.18,8
cf58c65f-2f60-4f10-b64c-f9f370965878,https://www.autoscout24.fr/offres/cf58c65f-2f60-4f10-b64c-f9f370965878,fr,BMW,i8,,BMW i8Coupé 374cv A,99890,,True,2020,09-2020,2000,,used,hybrid,275,374,,,,20.0,,,Boîte automatique,Coupé,2,4,Gris,,,,,dealer,,FR-18230 Saint-Doulchard,FR,1,https://prod.pictures.autoscout24.net/listing-images/cf58c65f-2f60-4f10-b64c-f9f370965878_bec75d40-fa90-4f86-aac6-e5223fcc6b62.jpg/250x188.webp,2026-08-03T05:31:33.852427,49.95,6
954138ee-e567-4321-888c-8ea3aa913722,https://www.autoscout24.fr/offres/954138ee-e567-4321-888c-8ea3aa913722,fr,Peugeot,3008,,Peugeot 30081.5 BlueHDi 130ch S&S Style EAT8,15990,,True,2022,01-2022,129988,,used,diesel,95,130,,,,20.0,,,Boîte automatique,SUV/4x4/Pick-Up,5,5,Noir,,,,,dealer,EASY AUTO,FR-13580 La Fare-les-Oliviers,FR,1,https://prod.pictures.autoscout24.net/listing-images/954138ee-e567-4321-888c-8ea3aa913722_545b17fe-3fc0-40fc-8b03-ff0dfcad6f85.jpg/250x188.webp,2026-08-03T05:31:33.852434,0.12,4
1c30fdd9-b1b2-4634-8a38-143674481c0c,https://www.autoscout24.fr/offres/1c30fdd9-b1b2-4634-8a38-143674481c0c,fr,Cupra,formentor,,"CUPRA Formentor1.5 TSI Automatik, Pano Beats, Navi",26480,,True,2023,10-2023,24575,2,used,petrol,110,149,1498,,,4.0,automatic,,Avant,SUV/4x4/Pick-Up,5,5,Gris,,,,,dealer,Auto Brass,FR-75006 Paris,FR,2,https://prod.pictures.autoscout24.net/listing-images/1c30fdd9-b1b2-4634-8a38-143674481c0c_72e02c53-ae45-49ee-80e5-b10b06bd4a12.jpg/250x188.webp,2026-08-03T05:31:33.852458,1.08,3
9b8d25aa-918d-450a-9773-f629dbcd3ffb,https://www.autoscout24.fr/offres/9b8d25aa-918d-450a-9773-f629dbcd3ffb,fr,Hyundai,tucson,,Hyundai TUCSON1.6 T-GDi 230ch Hybrid Executive BVA6,28999,,True,2022,09-2022,52319,1,used,hybrid,169,230,1598,,,2131.0,,,Boîte automatique,SUV/4x4/Pick-Up,5,5,Dark Knight Métal,,,,,dealer,FRANCE AUTOMOBILES,FR-67800 BISCHHEIM,FR,2,https://prod.pictures.autoscout24.net/listing-images/9b8d25aa-918d-450a-9773-f629dbcd3ffb_db88bdbd-42b7-4f72-8d40-d92bcc2bfc24.jpg/250x188.webp,2026-08-03T05:31:33.852467,0.55,4
130d1d1a-525b-47a1-8024-940d47bececa,https://www.autoscout24.fr/offres/130d1d1a-525b-47a1-8024-940d47bececa,fr,Nissan,qashqai,,Nissan Qashqai1.5 dCi 115ch N-Connecta 2019,14499,,True,2019,07-2019,113406,,used,diesel,84,115,1461,,,,,,Boîte manuelle,SUV/4x4/Pick-Up,5,5,Gris Perle,,,,,dealer,PEUGEOT CHAMBRAY LES TOURS - AUTOSPHERE,FR-31170 Chambray les Tours,FR,2,https://prod.pictures.autoscout24.net/listing-images/130d1d1a-525b-47a1-8024-940d47bececa_fc21a787-614c-4035-a189-0026b1c7f9a6.jpg/250x188.webp,2026-08-03T05:31:33.852475,0.13,7
e3cea9d0-df15-4b6a-9b9d-f1ec02b4f12a,https://www.autoscout24.fr/offres/e3cea9d0-df15-4b6a-9b9d-f1ec02b4f12a,fr,Volvo,v60,,Volvo V60D4 190CH AWD ADBLUE R-DESIGN GEARTRONIC,25990,,True,2019,01-2019,99000,,used,diesel,139,190,,,,20.0,,,Boîte automatique,Break,5,5,Noir,,,,,dealer,,FR-83130 La Garde,FR,1,https://prod.pictures.autoscout24.net/listing-images/e3cea9d0-df15-4b6a-9b9d-f1ec02b4f12a_5084322d-93ff-4cab-adb0-3fd17ac2c7ae.jpg/250x188.webp,2026-08-03T05:31:33.852482,0.26,7
55459321-fa77-4f00-8312-5a96b3a9f463,https://www.autoscout24.fr/offres/55459321-fa77-4f00-8312-5a96b3a9f463,fr,Nissan,juke,,Nissan JukeJuke 1.0 114 Acenta - Navi,15990,,True,2023,03-2023,20629,,used,petrol,84,114,999,,,5.8,,,Boîte manuelle,SUV/4x4/Pick-Up,5,,Gris,,,,,dealer,,FR-69360 Sérézin-du-Rhône,FR,1,https://prod.pictures.autoscout24.net/listing-images/55459321-fa77-4f00-8312-5a96b3a9f463_fec2091b-7876-44ce-a06a-89bc51ba9362.jpg/250x188.webp,2026-08-03T05:31:33.852490,0.78,3
4a787adc-4a48-43fc-aaef-c63971f6b474,https://www.autoscout24.fr/offres/4a787adc-4a48-43fc-aaef-c63971f6b474,fr,BMW,x1,,BMW X1Sdrive 18d 150Ch BVA,17990,,True,2018,12-2018,103834,,used,diesel,110,150,,,,20.0,,,Boîte automatique,SUV/4x4/Pick-Up,5,5,Noir,,,,,dealer,,FR-57140 Woippy,FR,1,https://prod.pictures.autoscout24.net/listing-images/4a787adc-4a48-43fc-aaef-c63971f6b474_b2ec47ca-35b0-423f-a1f2-902c2f2d66d2.jpg/250x188.webp,2026-08-03T05:31:33.852497,0.17,8
a3272563-1d52-42fd-8336-13f8873b0f26,https://www.autoscout24.fr/offres/a3272563-1d52-42fd-8336-13f8873b0f26,fr,Volkswagen,golf,,Volkswagen Golfdsg sw break 115cv état neuf,12990,,True,2019,04-2019,99800,,used,petrol,84,115,,,,20.0,,,Boîte automatique,Break,5,5,Autre,,,,,dealer,HORUS CENTRE AUTO,FR-75008 Paris,FR,1,https://prod.pictures.autoscout24.net/listing-images/a3272563-1d52-42fd-8336-13f8873b0f26_2dbbf03e-b47a-4658-ba6f-6dd95d6e6a72.jpg/250x188.webp,2026-08-03T05:31:33.852504,0.13,7
ebae48c4-a6b1-49c6-af36-fe8318a83e85,https://www.autoscout24.fr/offres/ebae48c4-a6b1-49c6-af36-fe8318a83e85,fr,Hyundai,ioniq 6,,Hyundai IONIQ 6Ioniq 6 77 kWh 229 ch,37990,,True,2023,01-2023,5000,,used,electric,77,104,,,,20.0,,,Arrière,Berline,5,5,Blanc,,,,,dealer,Hyundai Vienne - Groupe Central Autos,FR-38200 Vienne,FR,1,https://prod.pictures.autoscout24.net/listing-images/ebae48c4-a6b1-49c6-af36-fe8318a83e85_9b1deae1-ea81-46e1-a177-ffa986ee80ae.jpg/250x188.webp,2026-08-03T05:31:33.852512,7.6,3
eeb5fa2f-dd03-410c-8411-28b52ad00068,https://www.autoscout24.fr/offres/eeb5fa2f-dd03-410c-8411-28b52ad00068,fr,Volkswagen,t-roc,,Volkswagen T-Roc2.0 TDI 150CH CARAT 4MOTION DSG7,12990,,True,2019,02-2019,200000,,used,diesel,110,150,1968,,,2134.0,,,Boîte automatique,SUV/4x4/Pick-Up,5,5,Gris,,,,,dealer,,FR-83130 La Garde,FR,1,https://prod.pictures.autoscout24.net/listing-images/eeb5fa2f-dd03-410c-8411-28b52ad00068_7267f271-835f-4c4b-ac09-d2628d5c5a3a.jpg/250x188.webp,2026-08-03T05:31:33.852519,0.06,7
a69fe0a4-cb4c-4a56-9af2-853d0a4f98cf,https://www.autoscout24.fr/offres/a69fe0a4-cb4c-4a56-9af2-853d0a4f98cf,fr,Porsche,cayenne,,Porsche CayenneCOUPE 3.0 V6 E-HYBRID 462ch TIPTRONIC,49900,,True,2019,10-2019,178721,,used,hybrid,339,462,,,,270.0,,,Boîte automatique,SUV/4x4/Pick-Up,5,5,Noir,,,,,dealer,,FR-35137 PLEUMELEUC,FR,1,https://prod.pictures.autoscout24.net/listing-images/a69fe0a4-cb4c-4a56-9af2-853d0a4f98cf_7a8484df-8a6b-4999-8ff7-b5f060c33546.jpg/250x188.webp,2026-08-03T05:31:33.852527,0.28,7
f7c3aa1a-8d5a-45c8-beef-c0032ae40812,https://www.autoscout24.fr/offres/f7c3aa1a-8d5a-45c8-beef-c0032ae40812,fr,Renault,clio,,Renault ClioIV dCi 90 Limited-SUIVI COMPLET-LIM,9990,,True,2019,01-2019,94000,,used,diesel,67,91,,,,2104.0,,,Boîte manuelle,Berline,5,5,Noir,,,,,dealer,CARLTON AUTOMOBILE,FR-74600 Annecy,FR,2,https://prod.pictures.autoscout24.net/listing-images/f7c3aa1a-8d5a-45c8-beef-c0032ae40812_e04a0758-c99c-4759-96e4-16d60ccdbab1.jpg/250x188.webp,2026-08-03T05:31:33.852534,0.11,7
46fc7f74-f0ea-43ee-b65f-ea7846e9a40f,https://www.autoscout24.fr/offres/46fc7f74-f0ea-43ee-b65f-ea7846e9a40f,fr,Mercedes-Benz,gla 200,,Mercedes-Benz GLA 200200d Fascination AMG Line 7-G DCT /,17490,,True,2018,10-2018,140000,,used,diesel,101,137,,,,2141.0,,,Boîte automatique,SUV/4x4/Pick-Up,5,5,Noir,,,,,dealer,DB CARS,FR-83580 Gassin,FR,1,https://prod.pictures.autoscout24.net/listing-images/46fc7f74-f0ea-43ee-b65f-ea7846e9a40f_32f14706-d96b-4a0b-8080-dd0fd8bf41cd.jpg/250x188.webp,2026-08-03T05:31:33.852542,0.12,8
4683503d-c6ba-45a4-8971-80b6be7361f4,https://www.autoscout24.fr/offres/4683503d-c6ba-45a4-8971-80b6be7361f4,fr,BMW,x3,,BMW X3xDrive30d 286ch M Sport,48900,,True,2021,06-2021,68690,,used,diesel,210,286,,,,20.0,automatic,,Boîte automatique,SUV/4x4/Pick-Up,5,5,Bleu,,,,,dealer,,FR-13546 AIX EN PROVENCE CEDEX 4,FR,1,https://prod.pictures.autoscout24.net/listing-images/4683503d-c6ba-45a4-8971-80b6be7361f4_b253a731-8e09-417f-be46-39b7d207afd4.jpg/250x188.webp,2026-08-03T05:31:33.852549,0.71,5
2a54f5bd-c6ea-4143-8d74-7d3f08410e76,https://www.autoscout24.fr/offres/2a54f5bd-c6ea-4143-8d74-7d3f08410e76,fr,Opel,corsa,,Opel Corsa1.2 Turbo 100ch BVM6 GS %2B FEUX LED CAMERA DE,17989,,True,2025,10-2025,10,,new,petrol,73,100,,,,20.0,,,Boîte manuelle,Citadine,5,5,Gris,,,,,dealer,Ewigo Dijon Nord,FR-21850 SAINT-APOLLINAIRE,FR,1,https://prod.pictures.autoscout24.net/listing-images/2a54f5bd-c6ea-4143-8d74-7d3f08410e76_1804cb22-8550-4320-a57e-e68823809f22.jpg/250x188.webp,2026-08-03T05:31:33.852556,1798.9,1
4c7ac61c-be1e-49ed-9823-be5590075c5b,https://www.autoscout24.fr/offres/4c7ac61c-be1e-49ed-9823-be5590075c5b,fr,Renault,zoe,,Renault ZOEE-Tech Equilibre charge normale R110 Achat,12999,,True,2022,06-2022,30312,,used,electric,59,81,,,,20.0,,,Boîte automatique,Citadine,5,5,Violet,,,,,dealer,RENAULT LONGWY - AUTOSPHERE,FR-54135 Mexy,FR,2,https://prod.pictures.autoscout24.net/listing-images/4c7ac61c-be1e-49ed-9823-be5590075c5b_d9d5de2a-5889-43eb-93ec-2b9825d570aa.jpg/250x188.webp,2026-08-03T05:31:33.852564,0.43,4
bcfe8b81-c431-4818-a7ce-66a264d79835,https://www.autoscout24.fr/offres/bcfe8b81-c431-4818-a7ce-66a264d79835,fr,Ford,focus,,Ford FocusSW 1.5 TDCI 105CH ECONETIC EXECUTIVE * GPS *,9490,,True,2018,08-2018,81674,,used,diesel,77,105,,,,288.0,,,Boîte manuelle,Autres,,,Beige,,,,,dealer,,FR-59930 LA CHAPELLE-D'ARMENTIERES,FR,1,https://prod.pictures.autoscout24.net/listing-images/bcfe8b81-c431-4818-a7ce-66a264d79835_3b693ecd-7c9e-4a3a-a629-e5d3fb87a77c.jpg/250x188.webp,2026-08-03T05:31:33.852571,0.12,8
bf83821b-a34e-4075-a0c5-009c61019f9e,https://www.autoscout24.fr/offres/bf83821b-a34e-4075-a0c5-009c61019f9e,fr,Seat,arona,,SEAT AronaArona 1.0 TSI 110 ch Start,16950,,True,2024,05-2024,19500,,used,petrol,80,110,,,,,,,Semi-automatique,SUV/4x4/Pick-Up,5,5,Blanc,,,,,dealer,Renault Angerville CANO et Fils,FR-91670 ANGERVILLE,FR,1,https://prod.pictures.autoscout24.net/listing-images/bf83821b-a34e-4075-a0c5-009c61019f9e_5d837cd7-a8b4-4e6e-88fe-550ad8266202.jpg/250x188.webp,2026-08-03T05:31:33.852578,0.87,2
7eb0d5f6-92ad-4252-ba78-467db7fab23c,https://www.autoscout24.fr/offres/7eb0d5f6-92ad-4252-ba78-467db7fab23c,fr,Peugeot,408,,Peugeot 408PHEV 225ch GT e-EAT8,21299,,True,2023,06-2023,117326,,used,hybrid,165,225,1598,,,,,,Boîte automatique,Berline,5,5,Gris Sélénium (M),,,,,dealer,PEUGEOT BEAUVAIS - AUTOSPHERE,FR-60000 Beauvais,FR,2,https://prod.pictures.autoscout24.net/listing-images/7eb0d5f6-92ad-4252-ba78-467db7fab23c_29a59152-9497-4e04-9a42-bcc141fda161.jpg/250x188.webp,2026-08-03T05:31:33.852585,0.18,3
bcbbcbad-fb78-47bd-938e-9d3d7585b0ce,https://www.autoscout24.fr/offres/bcbbcbad-fb78-47bd-938e-9d3d7585b0ce,fr,Land Rover,range rover evoque,,Land Rover Range Rover Evoque2.0 D 150CH R-DYNAMIC AWD BVA,17490,,True,2018,02-2018,99147,,used,diesel,110,150,,,,2176.0,,,Boîte automatique,SUV/4x4/Pick-Up,,,Noir,,,,,dealer,,FR-59930 LA CHAPELLE-D'ARMENTIERES,FR,1,https://prod.pictures.autoscout24.net/listing-images/bcbbcbad-fb78-47bd-938e-9d3d7585b0ce_a994d573-138b-4577-8cf7-536bc3ef08b7.jpg/250x188.webp,2026-08-03T05:31:33.852592,0.18,8
9b45d7f1-092a-4627-b7ee-3fa46a09d8cf,https://www.autoscout24.fr/offres/9b45d7f1-092a-4627-b7ee-3fa46a09d8cf,fr,Mercedes-Benz,c 220,,Mercedes-Benz C 220220D 2.0 194 9G-TRONIC AMG,26990,,True,2019,08-2019,94578,,used,diesel,143,194,,,,,,,Boîte automatique,Coupé,2,,Noir,,,,,dealer,De Angelis Autosport,FR-54190 Tiercelet,FR,2,https://prod.pictures.autoscout24.net/listing-images/9b45d7f1-092a-4627-b7ee-3fa46a09d8cf_d83e1f0d-832d-4468-9688-e165fa48cb94.jpg/250x188.webp,2026-08-03T05:31:33.852599,0.29,7
8e242bf6-a496-415c-9e22-8a93a9500d6e,https://www.autoscout24.fr/offres/8e242bf6-a496-415c-9e22-8a93a9500d6e,fr,Renault,scenic,,Renault Scenic1.6 dCi Energy Business,11490,,True,2018,05-2018,137366,2,used,diesel,96,130,1598,Euro 6,,6.0,,,Avant,Monospace,5,5,Gris,,,,,dealer,AUTOHERO FRANCE,FR-92130 Issy-les-Moulineaux,FR,2,https://prod.pictures.autoscout24.net/listing-images/8e242bf6-a496-415c-9e22-8a93a9500d6e_d2eaa4f3-c1c5-4c20-acfb-6a8316ea4db7.jpg/250x188.webp,2026-08-03T05:31:33.852606,0.08,8
ddaa4baa-949b-4e27-a758-0a308552e224,https://www.autoscout24.fr/offres/ddaa4baa-949b-4e27-a758-0a308552e224,fr,Mercedes-Benz,a 220,,Mercedes-Benz A 220220 d 190ch Progressive Line 8G-DCT 10cv,22499,,True,2021,05-2021,110528,,used,diesel,139,190,1950,,,2133.0,,,Boîte automatique,Berline,5,5,Gris,,,,,dealer,LE VEODROME,FR-67800 Bischheim,FR,2,https://prod.pictures.autoscout24.net/listing-images/ddaa4baa-949b-4e27-a758-0a308552e224_73547d84-836a-4ad8-b866-9c6de2f71609.jpg/250x188.webp,2026-08-03T05:31:33.852614,0.2,5
dc27bb01-8d77-480b-ae5a-f4fb86a3b5d1,https://www.autoscout24.fr/offres/dc27bb01-8d77-480b-ae5a-f4fb86a3b5d1,fr,Peugeot,208,,Peugeot 2081.2 PureTech 100ch S\u0026S Style EAT8,12299,,True,2023,06-2023,94052,,used,petrol,73,100,1199,,,2121.0,,,Boîte automatique,Berline,5,5,Gris,,,,,dealer,MILLAUTO PEUGEOT REIMS,FR-51100 Reims,FR,2,https://prod.pictures.autoscout24.net/listing-images/dc27bb01-8d77-480b-ae5a-f4fb86a3b5d1_c7d9ff14-3e69-43b7-9248-8d7af045aee2.jpg/250x188.webp,2026-08-03T05:31:33.852622,0.13,3
dd841edb-136c-445d-8db5-ccac2b90e6b6,https://www.autoscout24.fr/offres/dd841edb-136c-445d-8db5-ccac2b90e6b6,fr,Ford,kuga,,Ford Kuga1.5L 120 CV *  BVA8 Titanium * REPRISE POSSIBLE,14990,,True,2020,12-2020,89500,,used,diesel,88,120,1499,,,,,,Boîte automatique,SUV/4x4/Pick-Up,5,5,Rouge,,,,,dealer,Luxauto,FR-59600 Maubeuge,FR,1,https://prod.pictures.autoscout24.net/listing-images/dd841edb-136c-445d-8db5-ccac2b90e6b6_536f8b62-2062-4fb7-a948-f627102742ee.jpg/250x188.webp,2026-08-03T05:31:33.852670,0.17,6
ee879bd2-25e7-43f4-985c-29db44328465,https://www.autoscout24.fr/offres/ee879bd2-25e7-43f4-985c-29db44328465,fr,Porsche,cayenne,,Porsche CayenneE-HYBRID 3.0 V6 462CH,74900,,True,2022,06-2022,49500,,used,hybrid,339,462,2995,,,3.1,,,Boîte automatique,SUV/4x4/Pick-Up,5,,Gris,,,,,dealer,CHARLES POZZI LILLE,FR-59650 Villeneuve-d'Ascq,FR,1,https://prod.pictures.autoscout24.net/listing-images/ee879bd2-25e7-43f4-985c-29db44328465_4667f26e-315d-44d5-89c4-dfba77888ec1.jpg/250x188.webp,2026-08-03T05:31:33.852680,1.51,4
6417c1ad-4e4c-429b-ac1a-8196f0069c29,https://www.autoscout24.fr/offres/6417c1ad-4e4c-429b-ac1a-8196f0069c29,fr,Opel,crossland,,Opel Crossland1.2 Turbo 110 Elégance PHASE 2,11900,,True,2024,07-2024,10600,,used,petrol,81,110,1199,,,5.0,automatic,,Boîte manuelle,SUV/4x4/Pick-Up,5,,Gris,,,,,dealer,Autocenter81,FR-81580 Soual,FR,2,https://prod.pictures.autoscout24.net/listing-images/6417c1ad-4e4c-429b-ac1a-8196f0069c29_29d4244b-e58f-4e2f-bf0c-e68e68a9e139.jpg/250x188.webp,2026-08-03T05:31:33.852686,1.12,2
3bb70d68-efe3-47ea-817d-3c075ea093a9,https://www.autoscout24.fr/offres/3bb70d68-efe3-47ea-817d-3c075ea093a9,fr,Renault,clio,,Renault Clio1.0 Tce 90 Evolution PHASE 2  PRIX HT POUR,12500,,True,2024,04-2024,36600,,used,petrol,66,89,999,,,5.0,,,Boîte manuelle,Berline,5,,Gris,,,,,dealer,Autocenter81,FR-81580 Soual,FR,2,https://prod.pictures.autoscout24.net/listing-images/3bb70d68-efe3-47ea-817d-3c075ea093a9_5df0d7a7-bdc7-4b64-a32f-3b707c5d60bb.jpg/250x188.webp,2026-08-03T05:31:33.852693,0.34,2
dc0351b9-574a-414f-89c2-ddad0f28c9b0,https://www.autoscout24.fr/offres/dc0351b9-574a-414f-89c2-ddad0f28c9b0,fr,Jeep,compass,,Jeep CompassLIMITED,12480,,True,2018,02-2018,165000,,used,diesel,104,141,,,,20.0,,,Boîte automatique,SUV/4x4/Pick-Up,5,5,Blanc,,,,,dealer,SIMPLICICAR NIMES,FR-30900 Nîmes,FR,1,https://prod.pictures.autoscout24.net/listing-images/dc0351b9-574a-414f-89c2-ddad0f28c9b0_01c54e8c-dcf8-4716-9280-e3163348783d.jpg/250x188.webp,2026-08-03T05:31:33.852699,0.08,8
505a10d0-0aa5-45cd-9115-7085ebd50c12,https://www.autoscout24.fr/offres/505a10d0-0aa5-45cd-9115-7085ebd50c12,fr,Citroen,c5 aircross,,Citroen C5 AircrossDéstockage Citroën Air Cross 2022 diesel,13800,,True,2022,06-2022,80000,,used,diesel,,,,,,20.0,,,Boîte manuelle,Autres,,,,,,,,dealer,FULL CARS SERVICES,FR-92120 MONTROUGE,FR,1,https://prod.pictures.autoscout24.net/listing-images/505a10d0-0aa5-45cd-9115-7085ebd50c12_784539c6-ff72-400c-af14-74e89d9d8573.jpg/250x188.webp,2026-08-03T05:31:33.852706,0.17,4
503bffaa-8cf9-4dec-a5d2-8a67a7c0a040,https://www.autoscout24.fr/offres/503bffaa-8cf9-4dec-a5d2-8a67a7c0a040,fr,Renault,megane,,Renault MeganeIV 1.0 TCE 115CH BUSINESS -21N,13790,,True,2022,06-2022,51016,,used,petrol,84,115,,,,20.0,,,Boîte manuelle,Berline,5,5,Gris,,,,,dealer,IDF AUTO,FR-95310 Saint Ouen l'Aumone,FR,1,https://prod.pictures.autoscout24.net/listing-images/503bffaa-8cf9-4dec-a5d2-8a67a7c0a040_b8fe22a6-51e3-446a-bdf5-359643c8d4fd.jpg/250x188.webp,2026-08-03T05:31:33.852713,0.27,4
7018ff7d-1989-4089-850f-4c084d9c1c28,https://www.autoscout24.fr/offres/7018ff7d-1989-4089-850f-4c084d9c1c28,fr,Cupra,formentor,,CUPRA Formentor1.5 eTSI Hybrid 150 DSG7 1ère main,28490,,True,2025,08-2025,10900,,used,petrol,111,150,,,,2130.0,automatic,,Boîte automatique,SUV/4x4/Pick-Up,5,5,Gris,,,,,dealer,KDV MOTORS,FR-77440 Ocquerre,FR,1,https://prod.pictures.autoscout24.net/listing-images/7018ff7d-1989-4089-850f-4c084d9c1c28_26e08984-dd19-40bc-881f-957ef398e057.jpg/250x188.webp,2026-08-03T05:31:33.852719,2.61,1
e06068ec-b4c5-4dc6-b47a-0bcbea813330,https://www.autoscout24.fr/offres/e06068ec-b4c5-4dc6-b47a-0bcbea813330,fr,Dacia,sandero,,Dacia Sandero1.0 SCE 75CH AMBIANCE 4CV,4990,,True,2018,06-2018,120679,,used,petrol,55,75,998,,,2117.0,,,Boîte manuelle,Berline,5,5,Blanc,,,,,dealer,GAGNY AUTO JANTE,FR-93220 GAGNY,FR,1,https://prod.pictures.autoscout24.net/listing-images/e06068ec-b4c5-4dc6-b47a-0bcbea813330_30469a74-24ed-48e1-bacc-bd6d8a04eaaa.jpg/250x188.webp,2026-08-03T05:31:33.852726,0.04,8
39ce6f6c-47eb-4025-af81-fd86b8c7a0b9,https://www.autoscout24.fr/offres/39ce6f6c-47eb-4025-af81-fd86b8c7a0b9,fr,Volkswagen,polo,,Volkswagen PoloComfortline 1.6 TDI 95cv + Régulateur de,15490,,True,2020,08-2020,70433,,used,diesel,69,95,1598,,,2127.0,,,Boîte manuelle,Citadine,5,5,Gris,,,,,dealer,NeufMoinsCher,FR-21000 Dijon,FR,2,https://prod.pictures.autoscout24.net/listing-images/39ce6f6c-47eb-4025-af81-fd86b8c7a0b9_1665ee85-0274-4c63-a747-e24d2fed72d1.jpg/250x188.webp,2026-08-03T05:31:33.852733,0.22,6
faf43e3e-bfda-4e1d-9219-f869e440fb6a,https://www.autoscout24.fr/offres/faf43e3e-bfda-4e1d-9219-f869e440fb6a,fr,BMW,745,,BMW 745eA 394ch Exclusive,45999,,True,2019,05-2019,65798,,used,hybrid,289,394,2998,,,,,,AWD,Berline,4,5,Noir,,,,,dealer,BMW LILLE - AUTOSPHERE,FR-59650 Villeneuve d'Ascq,FR,2,https://prod.pictures.autoscout24.net/listing-images/faf43e3e-bfda-4e1d-9219-f869e440fb6a_d3405f1e-4364-4ead-acef-659ef85303c9.jpg/250x188.webp,2026-08-03T05:31:33.852739,0.7,7
ef8c1c88-fdd6-4c58-b3a5-1d7bb9bde537,https://www.autoscout24.fr/offres/ef8c1c88-fdd6-4c58-b3a5-1d7bb9bde537,fr,Audi,q4 e-tron,,Audi Q4 e-tron45 e-tron 285ch Design,33999,,True,2024,03-2024,35712,,used,electric,209,285,,,,20.0,,,Boîte automatique,SUV/4x4/Pick-Up,5,5,Gris Typhon métallisé,,,,,dealer,AUDI REIMS - AUTOSPHERE,FR-51100 Reims,FR,2,https://prod.pictures.autoscout24.net/listing-images/ef8c1c88-fdd6-4c58-b3a5-1d7bb9bde537_4b023ecc-abd8-4c0f-af10-1366d2ff871e.jpg/250x188.webp,2026-08-03T05:31:33.852746,0.95,2
6371f4af-f63c-4705-a0a2-34ffc7ccd616,https://www.autoscout24.fr/offres/6371f4af-f63c-4705-a0a2-34ffc7ccd616,fr,Toyota,bz4x,,Toyota bZ4X11kW 218 AWD 204 CH Origin - 1ère Main,36490,,True,2026,01-2026,250,1,used,electric,11,14,,,,20.0,automatic,,Boîte automatique,SUV/4x4/Pick-Up,5,,Gris,,,,,dealer,Naudé Automobiles,FR-69380 Lozanne,FR,2,https://prod.pictures.autoscout24.net/listing-images/6371f4af-f63c-4705-a0a2-34ffc7ccd616_847aca18-8739-466a-a96b-5b1458151ae6.jpg/250x188.webp,2026-08-03T05:31:33.852752,145.96,0
f91624f6-6ec9-4bd5-88b1-383b0474edea,https://www.autoscout24.fr/offres/f91624f6-6ec9-4bd5-88b1-383b0474edea,fr,Ds Automobiles,ds 4,,DS Automobiles DS 4? DS4 Blue Hdi 130 eat8 PALLAS + sièges,24990,,True,2025,06-2025,13000,,used,diesel,70,96,,,,20.0,,,Boîte automatique,Berline,5,5,Noir,,,,,dealer,ES ITINERAIRE,FR-68580 FRIESEN,FR,1,https://prod.pictures.autoscout24.net/listing-images/f91624f6-6ec9-4bd5-88b1-383b0474edea_a31d8e73-49e5-46ac-86a0-755f44dc53fb.jpg/250x188.webp,2026-08-03T05:31:33.852759,1.92,1
41a3b100-b359-491c-8881-38e5d1824b30,https://www.autoscout24.fr/offres/41a3b100-b359-491c-8881-38e5d1824b30,fr,Fiat,500x,,Fiat 500X1.4 MultiAir S-Design 4x2,10790,,True,2018,01-2018,78721,2,used,petrol,103,140,1368,Euro 6,,6.0,,,Avant,SUV/4x4/Pick-Up,5,5,Blanc,,,,,dealer,AUTOHERO FRANCE,FR-92130 Issy-les-Moulineaux,FR,2,https://prod.pictures.autoscout24.net/listing-images/41a3b100-b359-491c-8881-38e5d1824b30_9f2a50f8-33c6-4c8e-b41b-d79247bfcc2e.jpg/250x188.webp,2026-08-03T05:31:33.852765,0.14,8
2a80f3fc-42c8-4d99-9137-1fec26abe754,https://www.autoscout24.fr/offres/2a80f3fc-42c8-4d99-9137-1fec26abe754,fr,Renault,kangoo,,Renault Kangoo1.5 Blue dCi 95ch Zen,17799,,True,2022,06-2022,99500,,used,diesel,69,95,1461,,,,,,Boîte manuelle,Monospace,5,5,Gris,,,,,dealer,DACIA LIEVIN - AUTOSPHERE,FR-62800 LIEVIN,FR,1,https://prod.pictures.autoscout24.net/listing-images/2a80f3fc-42c8-4d99-9137-1fec26abe754_8afaec09-ab31-46b7-999e-79d3a1739ab9.jpg/250x188.webp,2026-08-03T05:31:33.852771,0.18,4
3b09828a-0fe6-4d64-8adb-43acf125eb34,https://www.autoscout24.fr/offres/3b09828a-0fe6-4d64-8adb-43acf125eb34,fr,Audi,q8,,Audi Q855 TFSI E 381 ch QUATTRO S-LINE / ACC / Caméra 360°,59990,,True,2022,08-2022,69900,,used,hybrid,280,381,,,,20.0,,,Boîte automatique,SUV/4x4/Pick-Up,5,5,Noir,,,,,dealer,EVOCARS LYON,FR-69400 GLEIZE,FR,2,https://prod.pictures.autoscout24.net/listing-images/3b09828a-0fe6-4d64-8adb-43acf125eb34_09186eeb-7882-46fc-b60b-6aedeb703277.jpg/250x188.webp,2026-08-03T05:31:33.852777,0.86,4
5dda2a81-5a4c-488b-8220-5f836d18cacd,https://www.autoscout24.fr/offres/5dda2a81-5a4c-488b-8220-5f836d18cacd,fr,BMW,x2,,BMW X2(F39) SDRIVE20IA 192CH M SPORT DKG7,25980,,True,2020,01-2020,41800,,used,petrol,141,192,1998,,,2163.0,,,Boîte automatique,SUV/4x4/Pick-Up,5,5,Gris,,,,,dealer,,FR-59910 Bondues,FR,1,https://prod.pictures.autoscout24.net/listing-images/5dda2a81-5a4c-488b-8220-5f836d18cacd_37f0b5d3-cb48-4d37-aaec-bc19624a6033.jpg/250x188.webp,2026-08-03T05:31:33.852784,0.62,6
dc474928-9fb4-49ca-aa2a-519d43643f7e,https://www.autoscout24.fr/offres/dc474928-9fb4-49ca-aa2a-519d43643f7e,fr,Alfa Romeo,stelvio,,Alfa Romeo Stelvio2.2 DIESEL 180CH ADVANCED EFFICIENCY,16990,,True,2018,08-2018,111408,,used,diesel,132,180,2143,,,2119.0,,,Semi-automatique,SUV/4x4/Pick-Up,5,5,Gris,,,,,dealer,,FR-77144 MONTEVRAIN,FR,1,https://prod.pictures.autoscout24.net/listing-images/dc474928-9fb4-49ca-aa2a-519d43643f7e_c2933fc3-826c-4244-806e-d86065dc1024.jpg/250x188.webp,2026-08-03T05:31:33.852790,0.15,8
55b9d36c-04b4-48ac-a363-790acc8ea9d8,https://www.autoscout24.fr/offres/55b9d36c-04b4-48ac-a363-790acc8ea9d8,fr,Peugeot,308,,"Peugeot 308GTI 1,6 263 PHASE 2 TOIT PANORAMIQUE GPS CAMERA",24990,,True,2021,01-2021,62900,,used,petrol,142,194,,,,20.0,,,,Autres,,,Noir,,,,,dealer,As Motors,FR-57370 Phalsbourg,FR,1,https://prod.pictures.autoscout24.net/listing-images/55b9d36c-04b4-48ac-a363-790acc8ea9d8_923d7efd-9800-44de-a49f-4e390ee78818.jpg/250x188.webp,2026-08-03T05:31:33.852796,0.4,5
4f23ae1a-f5d0-49d6-970e-3cdaeb913f02,https://www.autoscout24.fr/offres/4f23ae1a-f5d0-49d6-970e-3cdaeb913f02,fr,Renault,megane,,Renault MeganeMégane IV Berline Blue dCi 115 EDC Intens,15950,,True,2021,06-2021,97100,,used,diesel,85,115,1461,,,4.1,,,Boîte automatique,Berline,5,5,,,,,,dealer,CG Motors,FR-39000 Lons-le-Saunier,FR,2,https://prod.pictures.autoscout24.net/listing-images/4f23ae1a-f5d0-49d6-970e-3cdaeb913f02_51186f53-3486-437c-964b-459682508681.jpg/250x188.webp,2026-08-03T05:31:33.852802,0.16,5
690fc4df-380e-4eea-a185-0dc6857ab237,https://www.autoscout24.fr/offres/690fc4df-380e-4eea-a185-0dc6857ab237,fr,Audi,q4 e-tron,,Audi Q4 e-trons line 40 204 cv 82 kwh camera de recul,29990,,True,2021,11-2021,89000,,used,electric,150,204,,,,20.0,,,Boîte automatique,SUV/4x4/Pick-Up,,,Gris,,,,,dealer,TRANSAKAUTO MANOSQUE,FR-04100 MANOSQUE,FR,2,https://prod.pictures.autoscout24.net/listing-images/690fc4df-380e-4eea-a185-0dc6857ab237_76e3b8d0-73cb-4529-9ff9-63878821ea2d.jpg/250x188.webp,2026-08-03T05:31:33.852809,0.34,5
1acf1a10-117e-4a06-b7bc-cdacd2df49e8,https://www.autoscout24.fr/offres/1acf1a10-117e-4a06-b7bc-cdacd2df49e8,fr,Land Rover,range rover sport,,Land Rover Range Rover SportLand P440e HSE Dynamic –,82900,,True,2023,11-2023,95950,,used,hybrid,324,440,,,,20.0,,,Boîte automatique,SUV/4x4/Pick-Up,5,5,Noir,,,,,dealer,WEST MOTORS,FR-69570 Dardilly,FR,1,https://prod.pictures.autoscout24.net/listing-images/1acf1a10-117e-4a06-b7bc-cdacd2df49e8_4e660faa-9617-4e57-96fd-43ac2016dfb8.jpg/250x188.webp,2026-08-03T05:31:33.852815,0.86,3
73dc71a0-2982-4106-849b-786e23b06719,https://www.autoscout24.fr/offres/73dc71a0-2982-4106-849b-786e23b06719,fr,Hyundai,ioniq,,Hyundai IONIQElectric 120ch Creative SOH 94.8 %,10990,,True,2018,11-2018,148000,,used,electric,88,120,,,,20.0,,,Boîte automatique,Berline,5,,Blanc,,,,,dealer,AGENCE AUTOMOBILIERE BELFORT,FR-90400 DANJOUTIN,FR,1,https://prod.pictures.autoscout24.net/listing-images/73dc71a0-2982-4106-849b-786e23b06719_2d8870ba-284b-41ab-8a1b-8a02e7a78eac.jpg/250x188.webp,2026-08-03T05:31:33.852821,0.07,8
bece678e-8781-402a-9166-eb6a7c5a53a0,https://www.autoscout24.fr/offres/bece678e-8781-402a-9166-eb6a7c5a53a0,fr,Mini,countryman c,,MINI Countryman CCooper SD 190ch Northwood BVA8,27699,,True,2021,01-2021,81244,,used,diesel,139,190,1995,,,,,,Boîte automatique,SUV/4x4/Pick-Up,5,5,White Silver,,,,,dealer,BMW SALON DE PROVENCE - AUTOSPHERE,FR-13300 Salon de Provence,FR,2,https://prod.pictures.autoscout24.net/listing-images/bece678e-8781-402a-9166-eb6a7c5a53a0_7138df36-8b81-445c-8b33-6b188dd8ed1f.jpg/250x188.webp,2026-08-03T05:31:33.852828,0.34,5
f3d21f98-39e4-4c1f-875f-b1d543703d6b,https://www.autoscout24.fr/offres/f3d21f98-39e4-4c1f-875f-b1d543703d6b,fr,Toyota,camry,,Toyota CamryCamry Hybride 218ch 2WD Lounge,26480,,True,2020,08-2020,79500,,used,hybrid,160,218,,,,,,,Boîte automatique,Berline,4,5,Gris,,,,,dealer,TRANSAKAUTO AVIGNON,FR-84000 Avignon,FR,1,https://prod.pictures.autoscout24.net/listing-images/f3d21f98-39e4-4c1f-875f-b1d543703d6b_8877ee86-74d3-44c9-af94-03aa3be6514f.jpg/250x188.webp,2026-08-03T05:31:33.852834,0.33,6
89921c22-f441-4a84-ba40-a065a1821d04,https://www.autoscout24.fr/offres/89921c22-f441-4a84-ba40-a065a1821d04,fr,BMW,118,,BMW 118SERIE (F40) 118I 136 M SPORT DKG7,25990,,True,2023,11-2023,49850,,used,petrol,101,137,,,,2129.0,,,Boîte automatique,Berline,5,5,Noir,,,,,dealer,FLIP MY CAR 78,FR-78240 Chambourcy,FR,1,https://prod.pictures.autoscout24.net/listing-images/89921c22-f441-4a84-ba40-a065a1821d04_ab3e46ad-b5c6-4e99-853f-24a96930ecc9.jpg/250x188.webp,2026-08-03T05:31:33.852840,0.52,3
97ac8ddf-d695-4975-a183-052d7add7036,https://www.autoscout24.it/annunci/97ac8ddf-d695-4975-a183-052d7add7036,it,Audi,rs6,,Audi RS6Avant 4.0 mhev IVA ESPOSTA,79999,,False,2022,08-2022,58900,,used,hybrid,441,599,3996,,280,,semiautomatico,,AWD,Station Wagon,5,5,,,,,,dealer,Jn Automobili Srl,IT-38121 Trento - TN,IT,2,https://prod.pictures.autoscout24.net/listing-images/97ac8ddf-d695-4975-a183-052d7add7036_9ba3a7f8-4ab3-46c0-b872-f54229c8e20c.jpg/250x188.webp,2026-08-03T05:37:54.455029,1.36,4
75d42435-ed4b-4809-ae48-d2ab551a1672,https://www.autoscout24.it/annunci/75d42435-ed4b-4809-ae48-d2ab551a1672,it,Honda,civic,,Honda Civic2.0 Type-R SCARICO HKS-ASP MISHIMOTO-INTERCOOLER,35990,,False,2019,12-2019,44724,1,used,petrol,235,319,1996,,178,,manual,,FWD,Berlina,5,5,Nero,,,,,dealer,Dream Car Srl,IT-17100 Savona,IT,2,https://prod.pictures.autoscout24.net/listing-images/75d42435-ed4b-4809-ae48-d2ab551a1672_c37c33fc-41ce-4689-842a-932d9f35e992.jpg/250x188.webp,2026-08-03T05:37:54.455086,0.8,7
269eb6b2-e09f-4637-b0b1-a5f72f6f5673,https://www.autoscout24.it/annunci/269eb6b2-e09f-4637-b0b1-a5f72f6f5673,it,Volkswagen,golf r,,Volkswagen Golf R4Motione 2.0 333 cv + Tetto apribile +,46899,,False,2024,02-2024,9698,,used,petrol,244,333,1984,,1,,automatic,,AWD,Berlina,5,5,Nero,,,,,dealer,Autoviemme Olgiate S.r.l.,IT-22077 Olgiate Comasco - Como -  Co,IT,2,https://prod.pictures.autoscout24.net/listing-images/269eb6b2-e09f-4637-b0b1-a5f72f6f5673_7d8297b7-fdc4-430f-b5cb-09badd596189.png/250x188.webp,2026-08-03T05:37:54.455131,4.84,2
102eb018-f96f-41b1-9008-1a76cd41ff6a,https://www.autoscout24.it/annunci/102eb018-f96f-41b1-9008-1a76cd41ff6a,it,Audi,q8,,Audi Q8Q8 3.0 tfsi 55 mhev S line quattro 340cv- tetto -,79800,,False,2025,11-2025,18000,,used,hybrid,249,340,2995,,,,semiautomatico,,AWD,SUV/Fuoristrada/Pick-up,5,5,Nero,,,,,dealer,Motors Monza Srl,IT-20900 Monza Brianza - Mb,IT,2,https://prod.pictures.autoscout24.net/listing-images/102eb018-f96f-41b1-9008-1a76cd41ff6a_24dd5f21-dba2-45a5-aaf8-b62aaa6c1d93.jpg/250x188.webp,2026-08-03T05:37:54.455139,4.43,1
1a639703-f911-48aa-ba25-08fb9ed6a221,https://www.autoscout24.it/annunci/1a639703-f911-48aa-ba25-08fb9ed6a221,it,Jaecoo,j7,,Jaecoo J7Jaecoo 7 1.5 TGDI SHS-P Exclusive,33900,,False,2026,04-2026,1,1,new,hybrid,205,278,1500,,54,,automatic,,FWD,SUV/Fuoristrada/Pick-up,5,5,Bianco,,,,,dealer,Panoramauto Torino srl,IT-10156 Torino - To,IT,2,https://prod.pictures.autoscout24.net/listing-images/1a639703-f911-48aa-ba25-08fb9ed6a221_adb394ab-75cd-4210-bf4e-19b8f418cd68.jpg/250x188.webp,2026-08-03T05:37:54.455148,33900.0,0
407d4350-dc85-47db-87b9-250f4c8001e8,https://www.autoscout24.it/annunci/407d4350-dc85-47db-87b9-250f4c8001e8,it,Maserati,levante,,Maserati Levante330cv MHEV AWD GT Tetto Navi Blis Cerchi 21”,39700,,False,2022,01-2022,69000,1,used,hybrid,242,330,1995,,265,,automatic,,AWD,SUV/Fuoristrada/Pick-up,5,5,Grigio,,,,,dealer,Pluricar Srl,IT-25126 Brescia,IT,2,https://prod.pictures.autoscout24.net/listing-images/407d4350-dc85-47db-87b9-250f4c8001e8_2788b23e-1c95-499b-85f4-7427ca131298.jpg/250x188.webp,2026-08-03T05:37:54.455165,0.58,4
0fbf0083-2127-460e-81e9-d013793d202a,https://www.autoscout24.it/annunci/0fbf0083-2127-460e-81e9-d013793d202a,it,Land Rover,range rover velar,,Land Rover Range Rover Velar2.0d i4 R-Dynamic S 180cv auto,22999,,False,2021,09-2021,135000,,used,diesel,132,180,1999,,177,,automatic,,AWD,SUV/Fuoristrada/Pick-up,5,5,,,,,,dealer,Jn Automobili Srl,IT-38121 Trento - TN,IT,2,https://prod.pictures.autoscout24.net/listing-images/0fbf0083-2127-460e-81e9-d013793d202a_76055e5f-514c-4c86-8016-90885477836e.jpg/250x188.webp,2026-08-03T05:37:54.455173,0.17,5
c483d607-b0b2-4167-aa88-6e4576ee854b,https://www.autoscout24.it/annunci/c483d607-b0b2-4167-aa88-6e4576ee854b,it,BMW,320,,BMW 320e,31900,,False,2023,03-2023,46267,1,used,hybrid,120,163,1998,,,,automatic,,RWD,Berlina,4,5,Blu/Azzurro,,,,,dealer,,IT-37135 Verona - VR,IT,1,https://prod.pictures.autoscout24.net/listing-images/c483d607-b0b2-4167-aa88-6e4576ee854b_6cc92b41-1aba-4fb5-9c94-782f0010c060.jpg/250x188.webp,2026-08-03T05:37:54.455181,0.69,3
ef37a6c3-23ff-4c76-9ea5-231100196751,https://www.autoscout24.it/annunci/ef37a6c3-23ff-4c76-9ea5-231100196751,it,Porsche,taycan,,Porsche TaycanTaycan Sport Turismo Performance Battery Plus,72400,,False,2024,06-2024,27000,,used,electric,88,120,,,0,,automatic,,€ 0,Berlina,4,5,Grigio,,,,,dealer,Motors Monza Srl,IT-20900 Monza Brianza - Mb,IT,2,https://prod.pictures.autoscout24.net/listing-images/ef37a6c3-23ff-4c76-9ea5-231100196751_8839c0fe-366f-4e2e-b5dd-0f004f47d797.jpg/250x188.webp,2026-08-03T05:37:54.455190,2.68,2
98dc76c3-5248-41da-985a-1f93988de126,https://www.autoscout24.it/annunci/98dc76c3-5248-41da-985a-1f93988de126,it,Volkswagen,golf gti,,Volkswagen Golf GTIGolf VII 2.0 tsi Performance 245cv dsg,26700,,False,2018,06-2018,47947,2,used,petrol,180,245,1984,,89,,automatic,,FWD,Berlina,5,5,Blu/Azzurro,,,,,dealer,Italiana Automobili srl,IT-21042 Caronno Pertusella - Varese - VA,IT,2,https://prod.pictures.autoscout24.net/listing-images/98dc76c3-5248-41da-985a-1f93988de126_2ac2a442-8f3d-4c82-a44d-b07662929b64.jpg/250x188.webp,2026-08-03T05:37:54.455198,0.56,8
696e6281-8e43-414a-bbf5-d6d4740930ca,https://www.autoscout24.it/annunci/696e6281-8e43-414a-bbf5-d6d4740930ca,it,Audi,a3,,Audi A3sportback 40 1.4 tfsi e identity black s-tronic,31900,,False,2024,06-2024,25773,1,used,hybrid,150,204,1395,,24,,automatic,,FWD,Berlina,5,5,Bianco,,,,,dealer,Eurocar Italia Srl - Sondrio,IT-23010 Postalesio - Sondrio - SO,IT,3,https://prod.pictures.autoscout24.net/listing-images/696e6281-8e43-414a-bbf5-d6d4740930ca_753dce0f-bf47-4fbc-954b-a18e8ffce6c6.jpg/250x188.webp,2026-08-03T05:37:54.456076,1.24,2
b35b4dcc-e650-424d-9e28-059a3d9d3bd8,https://www.autoscout24.it/annunci/b35b4dcc-e650-424d-9e28-059a3d9d3bd8,it,Porsche,macan,,Porsche Macan,44000,,False,2019,07-2019,89900,,used,petrol,132,180,1984,,,,automatic,,Keine Angabe,Berlina,,5,Argento,,,,,dealer,Sport Car srl,IT-36075 Montecchio Maggiore - Vicenza,IT,2,https://prod.pictures.autoscout24.net/listing-images/b35b4dcc-e650-424d-9e28-059a3d9d3bd8_10bbba44-fbd4-414b-965f-f10348aeb74e.jpg/250x188.webp,2026-08-03T05:37:54.456092,0.49,7
72498a68-01ff-4aaa-9088-6867ff404b38,https://www.autoscout24.it/annunci/72498a68-01ff-4aaa-9088-6867ff404b38,it,BMW,m2,,BMW M2AKRAPOVIC - TETTO CARBONIO - HARMANN,59990,,False,2023,08-2023,23700,,used,petrol,338,459,2993,,167,,automatic,,RWD,Coupé,2,4,Nero,,,,,dealer,Brothers Car Sas,IT-17011 Albisola Superiore - Savona- SV,IT,2,https://prod.pictures.autoscout24.net/listing-images/72498a68-01ff-4aaa-9088-6867ff404b38_bb4d51df-4c79-451d-bafc-b31188b25f04.jpg/250x188.webp,2026-08-03T05:37:54.456100,2.53,3
02104a4c-0167-4e10-a2bf-458792b26d94,https://www.autoscout24.it/annunci/02104a4c-0167-4e10-a2bf-458792b26d94,it,Porsche,macan,,Porsche Macan2.0 252cv pdk 39.000KM!!!,43900,,False,2019,03-2019,39000,,used,petrol,185,252,1984,,,,automatic,,Keine Angabe,SUV/Fuoristrada/Pick-up,5,5,Grigio,,,,,dealer,AutoDoc di Simone D'Oca,IT-29121 Piacenza - PC,IT,2,https://prod.pictures.autoscout24.net/listing-images/02104a4c-0167-4e10-a2bf-458792b26d94_a399ee94-2a9f-4c01-9f7a-d03e415ea851.jpg/250x188.webp,2026-08-03T05:37:54.456108,1.13,7
5d5c8d18-77e6-4a06-9b13-97404dd50c60,https://www.autoscout24.it/annunci/5d5c8d18-77e6-4a06-9b13-97404dd50c60,it,Volvo,xc40,,Volvo XC40T4 Recharge Plug-in Hybrid automatico Essential,21900,,False,2022,05-2022,38000,,used,hybrid,69,95,1477,,,,automatic,,FWD,SUV/Fuoristrada/Pick-up,5,5,Beige,,,,,dealer,TM Wagen Pistoia Srl,IT-51100 Pistoia - Pt,IT,2,https://prod.pictures.autoscout24.net/listing-images/5d5c8d18-77e6-4a06-9b13-97404dd50c60_7d39e4bf-ae75-40ef-9ce7-6f39d35a3067.jpg/250x188.webp,2026-08-03T05:37:54.456115,0.58,4
fbff014f-ad58-41d7-93d8-7cac8f1a5789,https://www.autoscout24.it/annunci/fbff014f-ad58-41d7-93d8-7cac8f1a5789,it,Mercedes-Benz,a 35 amg,,Mercedes-Benz A 35 AMGClasse A - W177 Premium Plus 4matic -,43000,,False,2024,02-2024,24646,,used,hybrid,225,306,1991,,184,,semiautomatico,,AWD,Berlina,5,5,Nero,,,,,dealer,AGT Motors,IT-45032 Bergantino,IT,2,https://prod.pictures.autoscout24.net/listing-images/fbff014f-ad58-41d7-93d8-7cac8f1a5789_f20b3707-f105-4a3f-8409-1e7a2cc44d9a.jpg/250x188.webp,2026-08-03T05:37:54.456123,1.74,2
4725a719-b5b0-409e-8e67-a69ef0d92a43,https://www.autoscout24.it/annunci/4725a719-b5b0-409e-8e67-a69ef0d92a43,it,Audi,a1,,Audi A1A1 SPB 30 TFSI S line edition,22900,,False,2025,04-2025,19000,1,used,petrol,85,115,999,,,,manual,,FWD,Berlina,5,5,Grigio,,,,,dealer,Panoramauto Torino srl,IT-10156 Torino - To,IT,2,https://prod.pictures.autoscout24.net/listing-images/4725a719-b5b0-409e-8e67-a69ef0d92a43_af83486e-0203-4544-8744-e9b0b945f586.jpg/250x188.webp,2026-08-03T05:37:54.456131,1.21,1
539b64ab-6407-4bb6-802e-cf3bc4072a0a,https://www.autoscout24.it/annunci/539b64ab-6407-4bb6-802e-cf3bc4072a0a,it,Audi,q3,,Audi Q340 2.0 TDI 200Cv quattro S line Plus S-Tronic ACC,32900,,False,2022,04-2022,99980,1,used,diesel,147,200,1968,,175,,automatic,,AWD,SUV/Fuoristrada/Pick-up,5,5,Nero,,,,,dealer,Auto Tscholl,IT-39100 Bolzano - Bz,IT,2,https://prod.pictures.autoscout24.net/listing-images/539b64ab-6407-4bb6-802e-cf3bc4072a0a_11066c28-7c86-476d-abb5-9fb1e7edbd7c.jpg/250x188.webp,2026-08-03T05:37:54.456147,0.33,4
0aa8974f-246b-48c9-8e94-2afa95d2c3c6,https://www.autoscout24.it/annunci/0aa8974f-246b-48c9-8e94-2afa95d2c3c6,it,Land Rover,range rover velar,,Land Rover Range Rover Velar2.0D I4 180CV R-Dynamic S,25900,,False,2020,05-2020,124020,1,used,diesel,132,180,1999,,152,,automatic,,AWD,SUV/Fuoristrada/Pick-up,5,5,Nero,,,,,dealer,Gruppo Auto srl,IT-20051 Cassina De' Pecchi,IT,2,https://prod.pictures.autoscout24.net/listing-images/0aa8974f-246b-48c9-8e94-2afa95d2c3c6_28669b27-41c2-41b9-a5a5-a7b704d460c8.jpg/250x188.webp,2026-08-03T05:37:54.456162,0.21,6
5274e9ed-56f2-415d-8ee9-547c8fe47507,https://www.autoscout24.it/annunci/5274e9ed-56f2-415d-8ee9-547c8fe47507,it,Audi,rs3,,Audi RS3Sportback 2.5 tfsi quattro s-tronic,49990,,False,2024,04-2024,48000,1,used,petrol,294,399,2480,,205,,semiautomatico,,AWD,Berlina,5,5,Grigio,,,,,dealer,Bonansone Automobili Di Bonansone Samuel,IT-10061 Cavour - Torino - TO,IT,2,https://prod.pictures.autoscout24.net/listing-images/5274e9ed-56f2-415d-8ee9-547c8fe47507_613f0e73-9137-4e7c-9b41-165aa393bd42.jpg/250x188.webp,2026-08-03T05:37:54.456177,1.04,2
a7264aaa-757b-4e8f-b3a2-b47870b2f48a,https://www.autoscout24.it/annunci/a7264aaa-757b-4e8f-b3a2-b47870b2f48a,it,Audi,q8,,Audi Q855 3.0 tfsi mhev Sport quattro tiptronic,52800,,False,2022,07-2022,44000,,used,hybrid,250,340,2995,,232,,automatic,,AWD,SUV/Fuoristrada/Pick-up,5,5,Nero,,,,,dealer,Bercar Srl,IT-37135 Verona - VR,IT,2,https://prod.pictures.autoscout24.net/listing-images/a7264aaa-757b-4e8f-b3a2-b47870b2f48a_52f4e3e2-65ae-4818-8b4a-c6382c35b13f.jpg/250x188.webp,2026-08-03T05:37:54.456185,1.2,4
bb936583-f0cd-45e7-969f-9c2638863337,https://www.autoscout24.it/annunci/bb936583-f0cd-45e7-969f-9c2638863337,it,Mercedes-Benz,cla 180,,Mercedes-Benz CLA 180CLA Coupe 180 AMG Line Premium auto,33600,,False,2025,10-2025,19900,,used,hybrid,100,136,1332,,,,automatic,,FWD,Coupé,4,5,Grigio,,,,,dealer,Race Car Srl,IT-37040 Z.a.i. - Verona - VR,IT,2,https://prod.pictures.autoscout24.net/listing-images/bb936583-f0cd-45e7-969f-9c2638863337_968fa831-84f7-4ddf-9970-e90a30ba9444.jpg/250x188.webp,2026-08-03T05:37:54.456192,1.69,1
acd7bb08-3f43-456b-8af7-7d5e54b41a7a,https://www.autoscout24.it/annunci/acd7bb08-3f43-456b-8af7-7d5e54b41a7a,it,Cupra,formentor,,CUPRA Formentor1.5 TSI 150CV DSG LED NAVI,23800,,False,2021,04-2021,18000,1,used,petrol,110,150,1498,,140,,automatic,,FWD,SUV/Fuoristrada/Pick-up,5,5,Nero,,,,,dealer,Autosandonà di Vio C. & Furlan E. snc,IT-30027 San Donà di Piave,IT,2,https://prod.pictures.autoscout24.net/listing-images/acd7bb08-3f43-456b-8af7-7d5e54b41a7a_45581b52-532e-42c7-93a2-fdf76397605a.jpg/250x188.webp,2026-08-03T05:37:54.456200,1.32,5
9a657ce8-98c5-4c84-bdd8-9ea12bed59f8,https://www.autoscout24.it/annunci/9a657ce8-98c5-4c84-bdd8-9ea12bed59f8,it,Honda,civic,,Honda Civic2.0 Type-R SCARICO REMUS -ASP MISHIMOTO -,36990,,False,2021,10-2021,22436,,used,petrol,235,319,1996,,178,,manual,,FWD,Berlina,5,5,Bianco,,,,,dealer,Dream Car Srl,IT-17100 Savona,IT,2,https://prod.pictures.autoscout24.net/listing-images/9a657ce8-98c5-4c84-bdd8-9ea12bed59f8_a465badb-f2e1-48e2-a71e-91cfe06e29bc.jpg/250x188.webp,2026-08-03T05:37:54.456208,1.65,5
90f726a9-cea2-41bc-b104-a8ce787ac791,https://www.autoscout24.it/annunci/90f726a9-cea2-41bc-b104-a8ce787ac791,it,Audi,q3,,Audi Q345 1.4 TFSI e Business S-Tronic - VETTURA IN ARRIVO,24990,,False,2022,05-2022,35000,1,used,hybrid,110,149,1395,,30,,automatic,,FWD,SUV/Fuoristrada/Pick-up,5,5,Grigio,,,,,dealer,Ultu Selection srl,IT-25035 Ospitaletto -  BS,IT,2,https://prod.pictures.autoscout24.net/listing-images/90f726a9-cea2-41bc-b104-a8ce787ac791_6c0d6ea4-083b-492f-b590-cff96dedad52.jpg/250x188.webp,2026-08-03T05:37:54.456230,0.71,4
4ebfd386-a422-4874-938f-23697f7d38b5,https://www.autoscout24.it/annunci/4ebfd386-a422-4874-938f-23697f7d38b5,it,Geely,starray em-i,,Geely Starray EM-iStarray EM-i 1.5 phev Pro auto,25900,,False,2026,05-2026,15,,new,hybrid,73,99,1499,,,,automatic,,FWD,SUV/Fuoristrada/Pick-up,5,5,Nero,,,,,dealer,Autofour Srl,IT-10137 Torino - TO,IT,2,https://prod.pictures.autoscout24.net/listing-images/4ebfd386-a422-4874-938f-23697f7d38b5_6d63c19b-7218-4cff-bfc6-4d171bb652ee.jpg/250x188.webp,2026-08-03T05:37:54.456237,1726.67,0
9f1deef7-72cb-41bf-894e-a09f7c6d43e7,https://www.autoscout24.it/annunci/9f1deef7-72cb-41bf-894e-a09f7c6d43e7,it,Mercedes-Benz,c 63 amg,,Mercedes-Benz C 63 AMGS e Performance hybrid EQ S.W.Premium,82900,,False,2024,07-2024,29000,,used,hybrid,499,680,1991,,,,automatic,,AWD,Station Wagon,5,5,Grigio,,,,,dealer,Corte Auto Srl,IT-29016 Cortemaggiore - Piacenza - Pc,IT,2,https://prod.pictures.autoscout24.net/listing-images/9f1deef7-72cb-41bf-894e-a09f7c6d43e7_216a5e7d-ecbd-4abc-a36d-d8144462f751.jpg/250x188.webp,2026-08-03T05:37:54.456245,2.86,2
9a2e1b86-1ca0-4de0-8fa7-d1a72e088404,https://www.autoscout24.it/annunci/9a2e1b86-1ca0-4de0-8fa7-d1a72e088404,it,Porsche,macan,,Porsche MacanMacan I 2022 2.0 T 265cv pdk,63400,,False,2023,06-2023,65770,1,used,petrol,194,265,1984,,,,automatic,,AWD,SUV/Fuoristrada/Pick-up,5,5,Nero,,,,,dealer,Febon Auto di Federico Pierobon,IT-20037 Paderno Dugnano - Milano - MI,IT,2,https://prod.pictures.autoscout24.net/listing-images/9a2e1b86-1ca0-4de0-8fa7-d1a72e088404_48dc29b1-9269-49ba-bb40-f7af642efb2b.jpg/250x188.webp,2026-08-03T05:37:54.456261,0.96,3
870590e8-f09d-4106-85ff-aac1b2ba69eb,https://www.autoscout24.it/annunci/870590e8-f09d-4106-85ff-aac1b2ba69eb,it,Audi,a1,,Audi A1A1 SPB 30 TFSI S tronic Identity Black,23500,,False,2025,01-2025,28700,1,used,petrol,85,115,999,,,,automatic,,FWD,Berlina,5,5,Nero,,,,,dealer,Panoramauto Torino srl,IT-10156 Torino - To,IT,2,https://prod.pictures.autoscout24.net/listing-images/870590e8-f09d-4106-85ff-aac1b2ba69eb_1222ec26-0975-41fc-b362-f1ca90f1cde3.jpg/250x188.webp,2026-08-03T05:37:54.456269,0.82,1
8b88e9d1-fd90-4fd0-861a-ce37734333ca,https://www.autoscout24.it/annunci/8b88e9d1-fd90-4fd0-861a-ce37734333ca,it,Maserati,levante,,Maserati Levante3.0 V6 350cv GranSport Q4 auto,35900,,False,2020,09-2020,90000,1,used,petrol,257,350,2979,,251,,automatic,,AWD,SUV/Fuoristrada/Pick-up,5,5,Nero,,,,,dealer,478 Rent srl,IT-25038 Rovato,IT,2,https://prod.pictures.autoscout24.net/listing-images/8b88e9d1-fd90-4fd0-861a-ce37734333ca_a7f8d157-7b2a-463e-8e6c-7826bc900ab9.jpg/250x188.webp,2026-08-03T05:37:54.456277,0.4,6
c14a5dda-5b5e-4121-bd73-c79d0d6b820b,https://www.autoscout24.it/annunci/c14a5dda-5b5e-4121-bd73-c79d0d6b820b,it,Mercedes-Benz,vito,,Mercedes-Benz Vito116 cdi 2.2cc TOURER 5posti N1,26850,,False,2020,06-2020,121000,1,used,diesel,88,120,2143,,159,,manual,,RWD,Monovolume,6,5,Nero,,,,,dealer,Eurotopcar by Starcom srl,IT-20060 Truccazzano - MI,IT,2,https://prod.pictures.autoscout24.net/listing-images/c14a5dda-5b5e-4121-bd73-c79d0d6b820b_824d45f8-ff5b-4a49-abe0-9c523248d57f.jpg/250x188.webp,2026-08-03T05:37:54.456285,0.22,6
9ce21c1c-abf7-4ee0-9c26-8e79dafc8245,https://www.autoscout24.it/annunci/9ce21c1c-abf7-4ee0-9c26-8e79dafc8245,it,Ford,puma,,Ford PumaPuma 1.0 EcoBoost Hybrid 125 CV S&S Titanium,14100,,False,2023,11-2023,12000,1,used,hybrid,91,125,999,,,,manual,,FWD,SUV/Fuoristrada/Pick-up,5,5,Blu/Azzurro,,,,,dealer,Panoramauto Torino srl,IT-10156 Torino - To,IT,2,https://prod.pictures.autoscout24.net/listing-images/9ce21c1c-abf7-4ee0-9c26-8e79dafc8245_4e88e880-c257-4d7a-9cc6-25fcaec5d96c.jpg/250x188.webp,2026-08-03T05:37:54.456293,1.18,3
fbe91228-16ba-490f-989c-305b5c17894c,https://www.autoscout24.it/annunci/fbe91228-16ba-490f-989c-305b5c17894c,it,Jaecoo,j7,,Jaecoo J71.6 TGDI 7DCT SELECT ANCHE GPL,23890,,False,2026,07-2026,10,,new,petrol,79,108,1598,,,,automatic,,FWD,SUV/Fuoristrada/Pick-up,,5,Grigio,,,,,dealer,Nuova Autoalpina Torino - Sede di Corso Grosseto,IT-10123 Torino - TO,IT,2,https://prod.pictures.autoscout24.net/listing-images/fbe91228-16ba-490f-989c-305b5c17894c_57c3504d-0e81-46b8-9ee2-199056cb6e97.jpg/250x188.webp,2026-08-03T05:37:54.456301,2389.0,0
2907a33a-c5c6-43b6-942d-c02d69c6cc2d,https://www.autoscout24.it/annunci/2907a33a-c5c6-43b6-942d-c02d69c6cc2d,it,Audi,q5,,Audi Q535 TDI Sportback SPB S-Tronic S-Line - ADAS,34750,,False,2023,05-2023,54000,1,used,diesel,88,120,1968,,147,,automatic,,AWD,SUV/Fuoristrada/Pick-up,5,5,Nero,,,,,dealer,Mazza Group Service Srl,IT-40013 Castel Maggiore - Bologna - Bo,IT,2,https://prod.pictures.autoscout24.net/listing-images/2907a33a-c5c6-43b6-942d-c02d69c6cc2d_e16f2eb0-a2a4-4439-99dd-d291b01b9bf0.jpg/250x188.webp,2026-08-03T05:37:54.456310,0.64,3
fdf6bb87-d735-4ca6-902d-9d2c82fa7de2,https://www.autoscout24.it/annunci/fdf6bb87-d735-4ca6-902d-9d2c82fa7de2,it,BMW,ix,,BMW iXX1 iX1 xdrive 30 MSport- tetto pan apribile- cerchi,37800,,False,2023,03-2023,37000,,used,electric,76,104,,,0,,automatic,,AWD,SUV/Fuoristrada/Pick-up,5,5,Grigio,,,,,dealer,Motors Monza Srl,IT-20900 Monza Brianza - Mb,IT,2,https://prod.pictures.autoscout24.net/listing-images/fdf6bb87-d735-4ca6-902d-9d2c82fa7de2_f814726b-64be-447c-9a8d-86fed6fa01db.jpg/250x188.webp,2026-08-03T05:37:54.456318,1.02,3
701936c9-1cc4-4486-8f18-dd35d269b2fa,https://www.autoscout24.it/annunci/701936c9-1cc4-4486-8f18-dd35d269b2fa,it,Mercedes-Benz,glb 200,,Mercedes-Benz GLB 200d Business Extra auto - TETTO APRIBILE,29900,,False,2021,05-2021,29900,,used,diesel,110,149,1950,,,,automatic,,FWD,SUV/Fuoristrada/Pick-up,5,5,Nero,,,,,dealer,TM Wagen Pistoia Srl,IT-51100 Pistoia - Pt,IT,2,https://prod.pictures.autoscout24.net/listing-images/701936c9-1cc4-4486-8f18-dd35d269b2fa_fe174c0c-0ae4-41d6-96f5-0b56d0943f5b.jpg/250x188.webp,2026-08-03T05:37:54.456326,1.0,5
b475f64c-aa6c-4797-90a7-1b15bc78d2f1,https://www.autoscout24.it/annunci/b475f64c-aa6c-4797-90a7-1b15bc78d2f1,it,Mercedes-Benz,cle 200,,Mercedes-Benz CLE 200CLE Coupe 200 AMG Line Premium auto,48900,,False,2025,06-2025,11900,,used,hybrid,150,204,1999,,,,semiautomatico,,RWD,Coupé,2,4,Nero,,,,,dealer,Race Car Srl,IT-37040 Z.a.i. - Verona - VR,IT,2,https://prod.pictures.autoscout24.net/listing-images/b475f64c-aa6c-4797-90a7-1b15bc78d2f1_b2b62618-85f2-40f6-87d3-f662935ca4c9.jpg/250x188.webp,2026-08-03T05:37:54.456342,4.11,1
44cb992a-2168-4e18-bd35-0aac3639a2ed,https://www.autoscout24.it/annunci/44cb992a-2168-4e18-bd35-0aac3639a2ed,it,BMW,x4,,BMW X4xDrive 20i MHEV M-Sport auto,43990,,False,2024,02-2024,35000,1,used,hybrid,135,183,1998,,170,,automatic,,AWD,SUV/Fuoristrada/Pick-up,5,5,Nero,,,,,dealer,Ultu Selection srl,IT-25035 Ospitaletto -  BS,IT,2,https://prod.pictures.autoscout24.net/listing-images/44cb992a-2168-4e18-bd35-0aac3639a2ed_80daf0a1-70ae-45ea-85ce-784b5c2ac29a.jpg/250x188.webp,2026-08-03T05:37:54.456358,1.26,2
aca384e0-0420-48b6-96c4-354b1f8a67c4,https://www.autoscout24.it/annunci/aca384e0-0420-48b6-96c4-354b1f8a67c4,it,Land Rover,range rover evoque,,Land Rover Range Rover Evoque2.0 i4 mhev awd TETTO APRIBILE,31500,,False,2022,04-2022,36000,1,used,hybrid,183,248,1997,,,,automatic,,AWD,SUV/Fuoristrada/Pick-up,5,5,Grigio,,,,,dealer,Avenuecar Srl,IT-20900 Monza - Monza  Brianza - Mb,IT,2,https://prod.pictures.autoscout24.net/listing-images/aca384e0-0420-48b6-96c4-354b1f8a67c4_9441da52-c154-49f0-a0cd-65feaa4c56eb.jpg/250x188.webp,2026-08-03T05:37:54.456366,0.88,4
42a6eba9-c28c-48cb-8590-07e330205e5e,https://www.autoscout24.it/annunci/42a6eba9-c28c-48cb-8590-07e330205e5e,it,Ford,bronco,,Ford Bronco2.7 ecoboost V6 Badlands -Ufficiale-,90000,,False,,new,50,,new,petrol,246,334,2694,,121,,automatic,,AWD,SUV/Fuoristrada/Pick-up,5,5,Nero,,,,,dealer,Luna Srl,IT-25030 Coccaglio - Brescia -BS,IT,2,https://prod.pictures.autoscout24.net/listing-images/42a6eba9-c28c-48cb-8590-07e330205e5e_e162cdb3-2edb-4e25-aea5-391552454585.jpg/250x188.webp,2026-08-03T05:37:54.456374,1800.0,
6fb668fe-07ee-4d08-a560-ee95f1997974,https://www.autoscout24.it/annunci/6fb668fe-07ee-4d08-a560-ee95f1997974,it,Volkswagen,t-roc,,Volkswagen T-RocT-Roc 1.5 etsi R-Line 150cv dsg,33490,,False,2026,05-2026,10,1,new,hybrid,110,150,1498,,64,,automatic,,FWD,SUV/Fuoristrada/Pick-up,5,5,Bianco,,,,,dealer,Dielle Auto Srl,IT-10071 Borgaro Torinese,IT,2,https://prod.pictures.autoscout24.net/listing-images/6fb668fe-07ee-4d08-a560-ee95f1997974_f5b75b22-4b98-4772-9a2b-7b841caa2f1d.jpg/250x188.webp,2026-08-03T05:37:54.456382,3349.0,0
64a961a1-0db3-40b2-a628-c812f74d40cf,https://www.autoscout24.it/annunci/64a961a1-0db3-40b2-a628-c812f74d40cf,it,BMW,m2,,BMW M2M PERFORMANCE CARBONIO SERVICE BMW,63900,,False,2023,08-2023,7900,,used,petrol,338,459,2993,,167,,automatic,,RWD,Coupé,2,4,Grigio,,,,,dealer,Gotti Auto Srl,IT-24069 San Paolo D'Argon - Bergamo,IT,2,https://prod.pictures.autoscout24.net/listing-images/64a961a1-0db3-40b2-a628-c812f74d40cf_02c8e0d4-30f5-4b9b-a8c7-5741511abe17.jpg/250x188.webp,2026-08-03T05:37:54.456390,8.09,3
d667d570-0515-494b-b125-5b5f734e5d9a,https://www.autoscout24.it/annunci/d667d570-0515-494b-b125-5b5f734e5d9a,it,Mercedes-Benz,cla 45 amg,,Mercedes-Benz CLA 45 AMGCLA Coupe - C118 Coupe S 4matic ,49500,,False,2023,02-2023,20000,1,used,petrol,310,421,1991,,,,automatic,,AWD,Berlina,4,5,Nero,,,,,dealer,Mat Cars And Ships Srl,IT-16157 Genova - Ge,IT,2,https://prod.pictures.autoscout24.net/listing-images/d667d570-0515-494b-b125-5b5f734e5d9a_1ac8ec26-9ebb-45c9-9ed8-12130c2af6b7.jpg/250x188.webp,2026-08-03T05:37:54.456398,2.48,3
b5b8d04e-652f-4b96-af83-eb95a2dd6fa6,https://www.autoscout24.it/annunci/b5b8d04e-652f-4b96-af83-eb95a2dd6fa6,it,Volkswagen,tiguan,,Volkswagen Tiguan1.4 TSI eHYBRID PHEV DSG Elegance IQ-Light,24800,,False,2022,11-2022,50000,1,used,hybrid,110,149,1395,,33,,automatic,,FWD,SUV/Fuoristrada/Pick-up,5,5,Nero,,,,,dealer,Pluricar Srl,IT-25126 Brescia,IT,2,https://prod.pictures.autoscout24.net/listing-images/b5b8d04e-652f-4b96-af83-eb95a2dd6fa6_14458cf0-12a6-4a31-b3f0-6b020d325cc7.jpg/250x188.webp,2026-08-03T05:37:54.456413,0.5,4
ce672708-606c-4ab2-9a37-1d211eb943db,https://www.autoscout24.it/annunci/ce672708-606c-4ab2-9a37-1d211eb943db,it,Volkswagen,golf gti,,Volkswagen Golf GTIGolf  2.0 tsi Gti Performance 245cv dsg,24930,,False,2020,02-2020,89993,,used,petrol,180,245,1984,,169,,automatic,,Keine Angabe,Berlina,5,5,Grigio,,,,,dealer,Team Car Srl,IT-31035 Crocetta del Montello - Treviso,IT,2,https://prod.pictures.autoscout24.net/listing-images/ce672708-606c-4ab2-9a37-1d211eb943db_b4f0bda7-abaf-401f-84d5-abcd47408022.jpg/250x188.webp,2026-08-03T05:37:54.456421,0.28,6
394b6d01-4d7c-43a7-a5b6-712044f9e18f,https://www.autoscout24.it/annunci/394b6d01-4d7c-43a7-a5b6-712044f9e18f,it,BMW,318,,BMW 318d Touring Business Advantage Steptronic,16500,,False,2018,10-2018,133600,,used,diesel,110,149,1995,,122,,automatic,,RWD,Station Wagon,5,5,Argento,,,,,dealer,Tecnoauto Service Srl,IT-24043 Caravaggio - Bergamo,IT,2,https://prod.pictures.autoscout24.net/listing-images/394b6d01-4d7c-43a7-a5b6-712044f9e18f_991eedd7-9eaa-4d24-9534-49ed509d8474.jpg/250x188.webp,2026-08-03T05:37:54.456428,0.12,8
03241953-a6e3-49f9-ad61-6fc4a1d79ee1,https://www.autoscout24.it/annunci/03241953-a6e3-49f9-ad61-6fc4a1d79ee1,it,Ford,puma,,Ford PumaPuma 1.0 EcoBoost Hybrid 125 CV S&S Titanium,13900,,False,2023,11-2023,18000,1,used,hybrid,91,125,999,,,,manual,,FWD,SUV/Fuoristrada/Pick-up,5,5,Blu/Azzurro,,,,,dealer,Panoramauto Torino srl,IT-10156 Torino - To,IT,2,https://prod.pictures.autoscout24.net/listing-images/03241953-a6e3-49f9-ad61-6fc4a1d79ee1_7a1b5872-3af9-45d0-9147-53ad45959b6a.jpg/250x188.webp,2026-08-03T05:37:54.456437,0.77,3
98d659db-de7a-48a9-a545-8c2dc37370b0,https://www.autoscout24.it/annunci/98d659db-de7a-48a9-a545-8c2dc37370b0,it,Audi,a4,,Audi A435 TDI Avant S-Tronic Business Advanced - TELECAMERA,26750,,False,2024,04-2024,58000,1,used,diesel,88,120,1968,,128,,automatic,,FWD,Station Wagon,5,5,Nero,,,,,dealer,Mazza Group Service Srl,IT-40013 Castel Maggiore - Bologna - Bo,IT,2,https://prod.pictures.autoscout24.net/listing-images/98d659db-de7a-48a9-a545-8c2dc37370b0_0c0d8c4f-8d25-43ce-aca3-98b23d24a151.jpg/250x188.webp,2026-08-03T05:37:54.456473,0.46,2
ccaa9e43-6cb4-497a-b29f-c3fdaf142c43,https://www.autoscout24.it/annunci/ccaa9e43-6cb4-497a-b29f-c3fdaf142c43,it,Nissan,qashqai,,Nissan Qashqai1.3 158cv MHEV auto Xtronic Adap. Cruise LED,16800,,False,2023,06-2023,73000,1,used,hybrid,116,158,1332,,,,automatic,,FWD,SUV/Fuoristrada/Pick-up,5,5,Bianco,,,,,dealer,Pluricar Srl,IT-25126 Brescia,IT,2,https://prod.pictures.autoscout24.net/listing-images/ccaa9e43-6cb4-497a-b29f-c3fdaf142c43_d517e189-ff8a-49e9-af58-49ea21c33274.jpg/250x188.webp,2026-08-03T05:37:54.456480,0.23,3
4aaff426-89c3-4d04-acdc-c18a205a1a00,https://www.autoscout24.it/annunci/4aaff426-89c3-4d04-acdc-c18a205a1a00,it,Ds Automobiles,ds 7 crossback,,DS Automobiles DS 7 CrossbackBlueHDi 130cv Auto Navi Cruise,15400,,False,2022,05-2022,77000,1,used,diesel,95,130,1499,,105,,automatic,,FWD,SUV/Fuoristrada/Pick-up,5,5,Blu/Azzurro,,,,,dealer,Pluricar Srl,IT-26022 Costa Sant'Abramo  - Cremona - CR,IT,2,https://prod.pictures.autoscout24.net/listing-images/4aaff426-89c3-4d04-acdc-c18a205a1a00_1332f55b-0ca2-4156-967f-a6c745caacba.jpg/250x188.webp,2026-08-03T05:37:54.456488,0.2,4
4ef543f5-d4ed-438b-9e47-0b864d333301,https://www.autoscout24.it/annunci/4ef543f5-d4ed-438b-9e47-0b864d333301,it,Audi,q7,,Audi Q73.0 tdi ultra Sport Plus quattro tiptronic,31499,,False,2018,01-2018,148000,2,used,diesel,160,217,2967,,144,,automatic,,AWD,SUV/Fuoristrada/Pick-up,5,5,Nero,,,,,dealer,Motorhaus Group Sas,IT-35030 Selvazzano Dentro - PD,IT,2,https://prod.pictures.autoscout24.net/listing-images/4ef543f5-d4ed-438b-9e47-0b864d333301_2212d286-c6e5-4dd4-815b-423939a52f11.jpg/250x188.webp,2026-08-03T05:37:54.456503,0.21,8
65784be8-4471-4326-8074-bb446ab79423,https://www.autoscout24.it/annunci/65784be8-4471-4326-8074-bb446ab79423,it,Audi,tt,,Audi TTCoupé 40 TFSI S tronic,35900,,False,2022,09-2022,59000,,used,petrol,145,197,1984,,137,,automatic,,FWD,Coupé,3,4,Nero,,,,,dealer,BR Motors srl,IT-43126 Parma - PR,IT,2,https://prod.pictures.autoscout24.net/listing-images/65784be8-4471-4326-8074-bb446ab79423_de824a54-811d-4d9c-a294-80e17392ac0d.jpg/250x188.webp,2026-08-03T05:37:54.456510,0.61,4
6aea2354-2d44-4777-9788-5f52e6cd542d,https://www.autoscout24.it/annunci/6aea2354-2d44-4777-9788-5f52e6cd542d,it,BMW,418,,BMW 418d Gran Coupé Advantage,15900,,False,2018,09-2018,150000,1,used,diesel,110,149,1995,,,,automatic,,RWD,Coupé,5,5,Nero,,,,,dealer,,IT-37135 Verona - VR,IT,1,https://prod.pictures.autoscout24.net/listing-images/6aea2354-2d44-4777-9788-5f52e6cd542d_a0389c68-cf22-4f7b-9dbe-16daaa6310c5.jpg/250x188.webp,2026-08-03T05:37:54.456518,0.11,8
2396284a-1bfd-4fb7-bab5-bb8596845169,https://www.autoscout24.it/annunci/2396284a-1bfd-4fb7-bab5-bb8596845169,it,Mercedes-Benz,glb 200,,Mercedes-Benz GLB 200d Executive auto,20990,,False,2020,11-2020,125000,1,used,diesel,110,149,1950,,143,,automatic,,FWD,SUV/Fuoristrada/Pick-up,5,5,Nero,,,,,dealer,Ultu Selection srl,IT-25035 Ospitaletto -  BS,IT,2,https://prod.pictures.autoscout24.net/listing-images/2396284a-1bfd-4fb7-bab5-bb8596845169_a5e410d0-809c-4851-8227-cf23f2ca7f31.jpg/250x188.webp,2026-08-03T05:37:54.456525,0.17,6
84b9ffdf-0b9d-44b6-8c55-2a8e0d2d39fb,https://www.autoscout24.it/annunci/84b9ffdf-0b9d-44b6-8c55-2a8e0d2d39fb,it,Porsche,taycan,,Porsche Taycan,54990,,False,2021,10-2021,70000,1,used,electric,88,120,,,0,,automatic,,RWD,Berlina,4,4,Nero,,,,,dealer,Ultu Selection srl,IT-25035 Ospitaletto -  BS,IT,2,https://prod.pictures.autoscout24.net/listing-images/84b9ffdf-0b9d-44b6-8c55-2a8e0d2d39fb_e4dd2183-72f2-46e6-84f6-04f2b042d024.jpg/250x188.webp,2026-08-03T05:37:54.456540,0.79,5
3c9ed497-2c33-40ca-9e26-32b083fbc37f,https://www.autoscout24.it/annunci/3c9ed497-2c33-40ca-9e26-32b083fbc37f,it,Mercedes-Benz,gle 53 amg,,Mercedes-Benz GLE 53 AMGPREZZO *REALE!! mhev (eq-boost) AMG,68999,,False,2021,07-2021,70000,1,used,hybrid,320,435,2999,,1,,automatic,,AWD,SUV/Fuoristrada/Pick-up,4,5,Grigio,,,,,dealer,Cambio Auto FG,IT-20094 Corsico,IT,2,https://prod.pictures.autoscout24.net/listing-images/3c9ed497-2c33-40ca-9e26-32b083fbc37f_13ad659d-de62-479d-94e6-6c5cb6b8583f.jpg/250x188.webp,2026-08-03T05:37:54.456555,0.99,5
6c89ccbc-1486-4efa-90df-3900c4f72136,https://www.autoscout24.it/annunci/6c89ccbc-1486-4efa-90df-3900c4f72136,it,Hyundai,staria,,Hyundai STARIAStaria 2.2d auto 9 Posti *PREZZO REALE NO,28950,,False,2024,04-2024,50263,1,used,diesel,130,176,2199,,1,,automatic,,FWD,Monovolume,5,9,Grigio,,,,,dealer,Achille Car srl,IT-20215 Milano,IT,2,https://prod.pictures.autoscout24.net/listing-images/6c89ccbc-1486-4efa-90df-3900c4f72136_e59f9a8d-dd0d-404b-bf2f-822ac46bcdeb.jpg/250x188.webp,2026-08-03T05:37:54.456563,0.58,2
ef35ef56-8b28-4190-9d6c-b1db6ef593ac,https://www.autoscout24.it/annunci/ef35ef56-8b28-4190-9d6c-b1db6ef593ac,it,Volkswagen,golf r,,Volkswagen Golf R2.0 TSI R DSG 4Motion,32900,,False,2021,04-2021,71500,1,used,petrol,235,319,1984,,176,,automatic,,AWD,Berlina,5,5,Blu/Azzurro,,,,,dealer,Pubblicauto Verbania,IT-28922 Verbania,IT,2,https://prod.pictures.autoscout24.net/listing-images/ef35ef56-8b28-4190-9d6c-b1db6ef593ac_a7e7c869-dacb-4dcb-ae97-3a780cff5341.jpg/250x188.webp,2026-08-03T05:37:54.456570,0.46,5
6670122c-5879-4a08-9370-48cb70260450,https://www.autoscout24.it/annunci/6670122c-5879-4a08-9370-48cb70260450,it,Volkswagen,golf gti,,Volkswagen Golf GTICLUBSPORT AKRAPOVIC TETTO MATRIX,33990,,False,2024,04-2024,22000,,used,petrol,221,300,1984,,161,,automatic,,FWD,Berlina,5,5,Bianco,,,,,dealer,Brothers Car Sas,IT-17011 Albisola Superiore - Savona- SV,IT,2,https://prod.pictures.autoscout24.net/listing-images/6670122c-5879-4a08-9370-48cb70260450_634cd9a5-ca74-4788-bbd2-e5e134d15c6a.jpg/250x188.webp,2026-08-03T05:37:54.456586,1.54,2
916d510c-7cd6-4e87-838d-5398413d9c8d,https://www.autoscout24.it/annunci/916d510c-7cd6-4e87-838d-5398413d9c8d,it,Mercedes-Benz,gla 200,,Mercedes-Benz GLA 200d Automatic AMG Line Advanced Plus,33480,,False,2024,03-2024,59000,1,used,diesel,110,149,1950,,,,automatic,,FWD,SUV/Fuoristrada/Pick-up,5,5,Grigio,,,,,dealer,Ice Car Srl,IT-00128 Roma,IT,2,https://prod.pictures.autoscout24.net/listing-images/916d510c-7cd6-4e87-838d-5398413d9c8d_a8f1785f-f6ba-4245-87e9-fabdf0b1cbff.jpg/250x188.webp,2026-08-03T05:37:54.456594,0.57,2
9a77c390-54e4-4655-99d8-cb57eb056b27,https://www.autoscout24.it/annunci/9a77c390-54e4-4655-99d8-cb57eb056b27,it,Audi,a3,,Audi A3A3 SPB TDI 110 kW S tronic S line edition,31900,,False,2025,05-2025,19700,1,used,diesel,110,149,1968,,,,automatic,,FWD,Berlina,5,5,Grigio,,,,,dealer,Panoramauto Torino srl,IT-10156 Torino - To,IT,2,https://prod.pictures.autoscout24.net/listing-images/9a77c390-54e4-4655-99d8-cb57eb056b27_67ae0af5-740f-4434-8842-6de6c71a4b2d.jpg/250x188.webp,2026-08-03T05:37:54.456602,1.62,1
e04a0c30-c5fb-4155-a4ba-8ef18b5d4a89,https://www.autoscout24.it/annunci/e04a0c30-c5fb-4155-a4ba-8ef18b5d4a89,it,BMW,x4,,BMW X4xdrive20d Msport auto my19 - TAGLIANDI BMW - TETTO,28900,,False,2019,07-2019,123000,,used,diesel,140,190,1995,,,,automatic,,AWD,Coupé,5,5,Nero,,,,,dealer,TM Wagen Pistoia Srl,IT-51100 Pistoia - Pt,IT,2,https://prod.pictures.autoscout24.net/listing-images/e04a0c30-c5fb-4155-a4ba-8ef18b5d4a89_3bb83e44-aa66-4691-a388-483d886394f7.jpg/250x188.webp,2026-08-03T05:37:54.456610,0.23,7
8c1035b8-83cf-486b-aca4-4373a28c0dd3,https://www.autoscout24.it/annunci/8c1035b8-83cf-486b-aca4-4373a28c0dd3,it,Volkswagen,t-roc,,Volkswagen T-RocT-Roc 1.0 tsi Life 115cv - UFF. AZIENDALE,19950,,True,2025,05-2025,19000,1,used,petrol,84,115,999,,,,manual,,FWD,SUV/Fuoristrada/Pick-up,5,5,Argento,,,,,dealer,Progetto Auto Snc,IT-20090 Pieve Emanuele - Milano - Mi,IT,2,https://prod.pictures.autoscout24.net/listing-images/8c1035b8-83cf-486b-aca4-4373a28c0dd3_efd77ae1-9c61-43cc-90ed-44328252e56d.jpg/250x188.webp,2026-08-03T05:37:54.456677,1.05,1
f965b35b-e191-4dca-9a29-7402765d9c74,https://www.autoscout24.it/annunci/f965b35b-e191-4dca-9a29-7402765d9c74,it,Cupra,formentor,,CUPRA FormentorFormentor 1.5 Hybrid DSG,30600,,False,2026,04-2026,1,1,new,hybrid,110,149,1498,,130,,automatic,,FWD,Altro,5,5,Grigio,,,,,dealer,Panoramauto Torino srl,IT-10156 Torino - To,IT,2,https://prod.pictures.autoscout24.net/listing-images/f965b35b-e191-4dca-9a29-7402765d9c74_885f2ca2-311a-469e-84f9-2dfbbd71316c.jpg/250x188.webp,2026-08-03T05:37:54.456687,30600.0,0
2060e14f-13d1-45ee-9c58-8d05800fa1b3,https://www.autoscout24.it/annunci/2060e14f-13d1-45ee-9c58-8d05800fa1b3,it,Cupra,leon,,CUPRA LeonLeon 1.5 mild hybrid 150cv DSG + SED A GUSCIO,27950,,True,2025,02-2025,26684,1,used,hybrid,110,150,1498,,,,automatic,,FWD,Berlina,5,5,Bianco,,,,,dealer,Progetto Auto Snc,IT-20090 Pieve Emanuele - Milano - Mi,IT,2,https://prod.pictures.autoscout24.net/listing-images/2060e14f-13d1-45ee-9c58-8d05800fa1b3_9774cffd-9d70-4e55-ba00-08d077e6a09b.jpg/250x188.webp,2026-08-03T05:37:54.456695,1.05,1
e94ff85a-b3ff-41a9-ab1e-f07f0decf041,https://www.autoscout24.it/annunci/e94ff85a-b3ff-41a9-ab1e-f07f0decf041,it,BMW,218,,BMW 218d Gran Coupe Msport auto,22900,,False,2022,06-2022,91000,,used,diesel,110,149,1995,,,,automatic,,€ 0,Berlina,4,5,Bianco,,,,,dealer,Suv&City Car,IT-24040 Lallio - Bergamo - BG,IT,2,https://prod.pictures.autoscout24.net/listing-images/e94ff85a-b3ff-41a9-ab1e-f07f0decf041_7d2c9dfa-7d0a-4f0a-b07c-1db03f9897ba.jpg/250x188.webp,2026-08-03T05:37:54.456703,0.25,4
12a7cdb2-99cf-49f7-b36c-d4b23e762504,https://www.autoscout24.it/annunci/12a7cdb2-99cf-49f7-b36c-d4b23e762504,it,Alfa Romeo,giulia,,Alfa Romeo GiuliaQ4 VELOCE - KM PIU' BASSI D'ITALIA -,21500,,False,2018,03-2018,32700,1,used,diesel,155,210,2143,,,,automatic,,AWD,Berlina,4,5,Grigio,,,,,dealer,Garage Italia S95 Srl,IT-24048 Treviolo - Bergamo - BG,IT,2,https://prod.pictures.autoscout24.net/listing-images/12a7cdb2-99cf-49f7-b36c-d4b23e762504_0f09008a-8a4d-42b5-a91e-5a0890fc1641.jpg/250x188.webp,2026-08-03T05:37:54.456711,0.66,8
8bb9f6cf-2c2b-4b4d-adcd-dfc865301890,https://www.autoscout24.it/annunci/8bb9f6cf-2c2b-4b4d-adcd-dfc865301890,it,BMW,320,,"BMW 320i Touring MSport Pro auto | RESTYLING, IVA ESPOSTA",36800,,False,2024,10-2024,63500,,used,petrol,135,183,1998,,,,semiautomatico,,RWD,Station Wagon,5,5,Grigio,,,,,dealer,Viesse Auto Srl,IT-20132 Milano - Mi,IT,2,https://prod.pictures.autoscout24.net/listing-images/8bb9f6cf-2c2b-4b4d-adcd-dfc865301890_6b31ac76-a76f-462b-a165-9bc5621c1c02.jpg/250x188.webp,2026-08-03T05:37:54.456719,0.58,2
16652697-775f-4d91-b209-14b2455aa7f7,https://www.autoscout24.it/annunci/16652697-775f-4d91-b209-14b2455aa7f7,it,Nissan,qashqai,,Nissan Qashqai**Promo Kasko** ACENTA 1.3 MHEV 140CV Offerta,19900,,False,2025,03-2025,12000,,used,hybrid,102,140,1332,,,,manual,,FWD,SUV/Fuoristrada/Pick-up,5,5,Grigio,,,,,dealer,Car Outlet Milano srl,IT-20123 Cologno Monzese - Mi,IT,2,https://prod.pictures.autoscout24.net/listing-images/16652697-775f-4d91-b209-14b2455aa7f7_c524488f-31ba-4524-831d-d72ce350e0d7.jpg/250x188.webp,2026-08-03T05:37:54.456727,1.66,1
720e4452-1aa7-4079-9948-d2d3fe9ca3a4,https://www.autoscout24.it/annunci/720e4452-1aa7-4079-9948-d2d3fe9ca3a4,it,Mercedes-Benz,sl 680,,Mercedes-Benz SL 680AMG SL 43 Premium Plus 381cv auto,92999,,False,2024,02-2024,50000,,used,hybrid,280,381,1991,,210,,automatic,,RWD,Cabrio,2,4,Nero,,,,,dealer,Prestige Motors Srl,IT-35031 Abano Terme - Padova - PD,IT,2,https://prod.pictures.autoscout24.net/listing-images/720e4452-1aa7-4079-9948-d2d3fe9ca3a4_a20bdedc-60cf-43ca-95fe-4134d0cf8ad9.jpg/250x188.webp,2026-08-03T05:37:54.456734,1.86,2
d7c4d0b4-7601-4ebd-bec7-8f3b88d12d91,https://www.autoscout24.it/annunci/d7c4d0b4-7601-4ebd-bec7-8f3b88d12d91,it,Toyota,corolla cross,,Toyota Corolla Cross2.0h Lounge Light awd-i 197cv e-cvt,28900,,False,2023,09-2023,16984,1,used,hybrid,144,197,1987,,122,,automatic,,AWD,SUV/Fuoristrada/Pick-up,5,5,Argento,,,,,dealer,Autostar Flaminia Spa,IT-00138 Roma - RM,IT,2,https://prod.pictures.autoscout24.net/listing-images/d7c4d0b4-7601-4ebd-bec7-8f3b88d12d91_9fb55658-91e3-41af-bd53-bca6766e5ee3.jpg/250x188.webp,2026-08-03T05:37:54.456742,1.7,3
1365ae01-5e1d-4afc-84c8-bc72e803fd15,https://www.autoscout24.it/annunci/1365ae01-5e1d-4afc-84c8-bc72e803fd15,it,Kia,sportage,,Kia Sportage1.6 TGDi MHEV DCT BUSINESS 150CV PREZZO REALE,22800,,False,2023,02-2023,27000,,used,hybrid,110,150,1598,,125,,automatic,,FWD,SUV/Fuoristrada/Pick-up,5,5,Nero,,,,,dealer,Sprint Auto,IT-36025 Noventa Vicentina - Vicenza - Vi,IT,2,https://prod.pictures.autoscout24.net/listing-images/1365ae01-5e1d-4afc-84c8-bc72e803fd15_8a1d821e-f0e2-4888-ad37-4903bd710fd6.jpg/250x188.webp,2026-08-03T05:37:54.456750,0.84,3
da9c089e-7640-4795-bfd5-0a22e57d4ef1,https://www.autoscout24.it/annunci/da9c089e-7640-4795-bfd5-0a22e57d4ef1,it,Mini,cooper d countryman,,MINI Cooper D Countryman2.0 Essential - IVA ESPOSTA -,16900,,False,2022,04-2022,108000,,used,diesel,110,149,1995,,,,manual,,FWD,SUV/Fuoristrada/Pick-up,5,5,Grigio,,,,,dealer,TM Wagen Pistoia Srl,IT-51100 Pistoia - Pt,IT,2,https://prod.pictures.autoscout24.net/listing-images/da9c089e-7640-4795-bfd5-0a22e57d4ef1_c2554413-d9f5-464c-8050-c661cc35f85e.jpg/250x188.webp,2026-08-03T05:37:54.456758,0.16,4
9a2ef265-e448-429e-8d3d-48f28c50d8d0,https://www.autoscout24.it/annunci/9a2ef265-e448-429e-8d3d-48f28c50d8d0,it,Kia,sportage,,Kia SportageSportage V 2022 1.6 crdi mhev Style dct IVA,16300,,False,2022,06-2022,119000,1,used,diesel,100,136,1598,,,,automatic,,FWD,SUV/Fuoristrada/Pick-up,5,5,Argento,,,,,dealer,Auto Garda di Garda Francesco,IT-25027 Quinzano D'oglio - BS,IT,2,https://prod.pictures.autoscout24.net/listing-images/9a2ef265-e448-429e-8d3d-48f28c50d8d0_e661a3cc-6df0-4582-af13-4b875aa29414.jpg/250x188.webp,2026-08-03T05:37:54.456766,0.14,4
2e11af58-f0d4-4ca6-a236-52e934541824,https://www.autoscout24.it/annunci/2e11af58-f0d4-4ca6-a236-52e934541824,it,Audi,q3,,Audi Q3Q3 I 2019 Sportback Business plus 35 1.5 tfsi mhev,25800,,False,2020,10-2020,84550,1,used,hybrid,110,149,1498,,135,,automatic,,FWD,SUV/Fuoristrada/Pick-up,5,5,Nero,,,,,dealer,M.B. Motori Srl,IT-37135 Verona - VR,IT,2,https://prod.pictures.autoscout24.net/listing-images/2e11af58-f0d4-4ca6-a236-52e934541824_e526fed2-ea11-44ca-a869-bf5c3a5a0096.jpg/250x188.webp,2026-08-03T05:37:54.456781,0.31,6
c340f251-a732-4a93-a89d-9fcf2737666c,https://www.autoscout24.it/annunci/c340f251-a732-4a93-a89d-9fcf2737666c,it,BMW,120,,BMW 120 48V,24900,,False,2024,12-2024,14000,1,used,hybrid,115,156,1499,,121,,automatic,,FWD,Berlina,5,5,Bianco,,,,,dealer,Automobile Torino srl,IT-10034 Chivasso - Torino,IT,2,https://prod.pictures.autoscout24.net/listing-images/c340f251-a732-4a93-a89d-9fcf2737666c_9deb106a-2b5f-4443-bc10-712f57a092aa.jpg/250x188.webp,2026-08-03T05:37:54.456788,1.78,2
4ddb6e15-59fc-48ad-9d4a-a2d585896094,https://www.autoscout24.it/annunci/4ddb6e15-59fc-48ad-9d4a-a2d585896094,it,Audi,a5,,Audi A5A5 II 2019 Sportback Sportback 35 2.0 tdi Sport,18950,,False,2019,06-2019,149000,,used,diesel,110,150,1968,,,,automatic,,FWD,Berlina,5,5,Verde,,,,,dealer,Mario Auto Srl,IT-50053 Empoli - Firenze - FI,IT,2,https://prod.pictures.autoscout24.net/listing-images/4ddb6e15-59fc-48ad-9d4a-a2d585896094_7acd1a94-9ef4-487d-8f96-1a50496a2cb8.jpg/250x188.webp,2026-08-03T05:37:54.456796,0.13,7
48c3da29-1932-4b56-9894-dbd2e4d1583b,https://www.autoscout24.it/annunci/48c3da29-1932-4b56-9894-dbd2e4d1583b,it,Volkswagen,t-roc,,Volkswagen T-Roc1.0 tsi Style 110cv,16200,,False,2021,12-2021,56000,,used,petrol,80,110,999,,137,,manual,,Keine Angabe,SUV/Fuoristrada/Pick-up,5,5,Grigio,,,,,dealer,Bercar Srl,IT-37135 Verona - VR,IT,2,https://prod.pictures.autoscout24.net/listing-images/48c3da29-1932-4b56-9894-dbd2e4d1583b_90bfd5bd-eb9a-4789-bcf3-b0c0633d4a6e.jpg/250x188.webp,2026-08-03T05:37:54.456803,0.29,5
ca8f0a90-fca8-4413-945b-f8a0e52e3505,https://www.autoscout24.it/annunci/ca8f0a90-fca8-4413-945b-f8a0e52e3505,it,Mazda,cx-60,,Mazda CX-602.5L e-Skyactiv G PHEV AWD Exclusive Line,25900,,False,2023,01-2023,60000,1,used,hybrid,141,191,2488,,30,,automatic,,AWD,SUV/Fuoristrada/Pick-up,5,5,Nero,,,,,dealer,Alfa Car,IT-24035 Curno - Bergamo - Bg,IT,2,https://prod.pictures.autoscout24.net/listing-images/ca8f0a90-fca8-4413-945b-f8a0e52e3505_5c4ab540-4f52-47f5-a4cb-82b6afc4414d.jpg/250x188.webp,2026-08-03T05:37:54.456810,0.43,3
e2431ca6-b2bb-4b22-9a09-22e690d6a81d,https://www.autoscout24.it/annunci/e2431ca6-b2bb-4b22-9a09-22e690d6a81d,it,Volvo,xc40,,Volvo XC40T4 Plug-in Hybrid auto Recharge Inscription,24000,,False,2021,04-2021,77000,1,used,hybrid,113,155,1477,,41,,automatic,,FWD,SUV/Fuoristrada/Pick-up,5,5,Nero,,,,,dealer,Concessionaria Cavour 1 srl,IT-44122 Ferrara - FE,IT,3,https://prod.pictures.autoscout24.net/listing-images/e2431ca6-b2bb-4b22-9a09-22e690d6a81d_8bf1e26f-07e7-4c40-af4d-24745ae4937f.jpg/250x188.webp,2026-08-03T05:37:54.456818,0.31,5
bc935fa4-8962-45a4-a213-eb59fc066e84,https://www.autoscout24.it/annunci/bc935fa4-8962-45a4-a213-eb59fc066e84,it,Land Rover,range rover velar,,Land Rover Range Rover Velar- Range Rover Velar 2.0D I4 204,32900,,False,2022,09-2022,70800,,used,diesel,150,204,1998,,,5.0,automatic,,AWD,SUV/Fuoristrada/Pick-up,5,5,Nero,,,,,dealer,TM Wagen Firenze srl,IT-50142 Firenze - FI,IT,2,https://prod.pictures.autoscout24.net/listing-images/bc935fa4-8962-45a4-a213-eb59fc066e84_5d289ef2-61b1-4235-a336-3d4c568b0238.jpg/250x188.webp,2026-08-03T05:37:54.456826,0.46,4
40f2ba06-a409-4e35-925f-3f4ce76bd373,https://www.autoscout24.it/annunci/40f2ba06-a409-4e35-925f-3f4ce76bd373,it,Land Rover,discovery sport,,Land Rover Discovery SportDiscovery Sport I 2015 2.0 td4,12690,,False,2018,06-2018,122080,1,used,diesel,110,150,1999,,,,semiautomatico,,€ 179,SUV/Fuoristrada/Pick-up,5,5,Nero,,,,,dealer,Marchesina Store di Carrozzeria Marchesina srl,IT-20090 Trezzano sul Naviglio - Milano - Mi,IT,2,https://prod.pictures.autoscout24.net/listing-images/40f2ba06-a409-4e35-925f-3f4ce76bd373_e86aa8b1-0983-4ae6-a714-d4350032c8f6.jpg/250x188.webp,2026-08-03T05:37:54.456841,0.1,8
d16f72bd-ca26-4ef6-b229-aaaea18ce14f,https://www.autoscout24.it/annunci/d16f72bd-ca26-4ef6-b229-aaaea18ce14f,it,BMW,x1,,BMW X1sDrive18d 150cv Auto Navi Sensori Cruise Fari LED,17400,,False,2021,02-2021,109000,1,used,diesel,110,150,1995,,114,,automatic,,FWD,SUV/Fuoristrada/Pick-up,5,5,Nero,,,,,dealer,Pluricar Srl,IT-26022 Costa Sant'Abramo  - Cremona - CR,IT,2,https://prod.pictures.autoscout24.net/listing-images/d16f72bd-ca26-4ef6-b229-aaaea18ce14f_03059c5b-3e3e-47e2-afb0-b7e6017f2f74.jpg/250x188.webp,2026-08-03T05:37:54.456848,0.16,5
81c89744-b15a-460b-be8e-5a530ff10a13,https://www.autoscout24.it/annunci/81c89744-b15a-460b-be8e-5a530ff10a13,it,Land Rover,range rover sport,,Land Rover Range Rover SportRange Rover Sport 3.0 sdV6 HSE,35950,,False,2019,07-2019,114000,2,used,diesel,183,249,2993,,232,,automatic,,AWD,SUV/Fuoristrada/Pick-up,5,5,Nero,,,,,dealer,Soluzione Spa Jaguar Land Rover,IT-28100 Novara  - NO,IT,2,https://prod.pictures.autoscout24.net/listing-images/81c89744-b15a-460b-be8e-5a530ff10a13_794a2c01-a404-4d47-9a98-61ec2c3f7a97.jpg/250x188.webp,2026-08-03T05:37:54.456856,0.32,7
6c0ab5f8-0f6b-467c-9b58-cfa461e08fe1,https://www.autoscout24.it/annunci/6c0ab5f8-0f6b-467c-9b58-cfa461e08fe1,it,Jeep,avenger,,Jeep Avenger- Avenger 1.2 Turbo 100 CV Summit,15480,,False,2025,03-2025,9000,1,used,petrol,73,100,1199,,,,manual,,FWD,SUV/Fuoristrada/Pick-up,5,5,Bianco,,,,,dealer,Ice Car Srl,IT-00128 Roma,IT,2,https://prod.pictures.autoscout24.net/listing-images/6c0ab5f8-0f6b-467c-9b58-cfa461e08fe1_8a6eebe9-ef69-4aed-be22-542125975be5.jpg/250x188.webp,2026-08-03T05:37:54.456864,1.72,1
44781417-896d-444f-ba03-a470b7c2184d,https://www.autoscout24.it/annunci/44781417-896d-444f-ba03-a470b7c2184d,it,Hyundai,ioniq 6,,"Hyundai IONIQ 6Ioniq 6 2022 77,4 kWh Evolution rwd | Tech",31900,,False,2025,03-2025,20394,1,used,electric,168,228,,,0,,automatic,,RWD,Berlina,4,5,Blu/Azzurro,,,,,dealer,Ayvens Brescia Sud,IT-25016 Ghedi - Brescia - BS,IT,2,https://prod.pictures.autoscout24.net/listing-images/44781417-896d-444f-ba03-a470b7c2184d_f9017042-b871-42f7-afe7-8bf9e06e3048.jpg/250x188.webp,2026-08-03T05:37:54.456871,1.56,1
f89a9b17-8de5-419c-852d-feade286da01,https://www.autoscout24.it/annunci/f89a9b17-8de5-419c-852d-feade286da01,it,Mazda,cx-30,,Mazda CX-302.0L e-Skyactiv-G 150 CV M Hybrid 2WD Homura,20500,,False,2024,06-2024,37000,,used,hybrid,110,150,1998,,116,,manual,,FWD,SUV/Fuoristrada/Pick-up,5,5,Grigio,,,,,dealer,Auto Network srl,IT-40026 Imola,IT,2,https://prod.pictures.autoscout24.net/listing-images/f89a9b17-8de5-419c-852d-feade286da01_25bd2d98-6e20-481d-81e8-7398742faa57.jpg/250x188.webp,2026-08-03T05:37:54.456878,0.55,2
09ab3a02-35c1-427a-8794-a2107a1d3835,https://www.autoscout24.it/annunci/09ab3a02-35c1-427a-8794-a2107a1d3835,it,Nissan,qashqai,,Nissan QashqaiMHEV 140 CV Acenta LED - ACC - KEYLESS - 17,21900,,False,2025,02-2025,15000,,used,hybrid,102,140,1332,,123,,manual,,FWD,SUV/Fuoristrada/Pick-up,5,5,Nero,,,,,dealer,Gb Motors Srl,IT-40026 Imola - Bologna - Bo,IT,2,https://prod.pictures.autoscout24.net/listing-images/09ab3a02-35c1-427a-8794-a2107a1d3835_a37eab39-c8c7-44c4-89ad-3a00ab3f95a4.jpg/250x188.webp,2026-08-03T05:37:54.456886,1.46,1
c040534e-0cb1-454f-9dd6-c98bc22019fe,https://www.autoscout24.it/annunci/c040534e-0cb1-454f-9dd6-c98bc22019fe,it,Audi,q3,,Audi Q345 TFSI Quattro S-Tronic Business Advanced - PELLE,32750,,False,2022,06-2022,23000,1,used,petrol,132,180,1984,,187,,automatic,,AWD,SUV/Fuoristrada/Pick-up,5,5,Nero,,,,,dealer,Mazza Group Service Srl,IT-40013 Castel Maggiore - Bologna - Bo,IT,2,https://prod.pictures.autoscout24.net/listing-images/c040534e-0cb1-454f-9dd6-c98bc22019fe_17ac594a-c1d2-458b-902d-89977e2da967.jpg/250x188.webp,2026-08-03T05:37:54.456901,1.42,4
73b52324-0f21-401d-841d-4174d77938e0,https://www.autoscout24.it/annunci/73b52324-0f21-401d-841d-4174d77938e0,it,Mini,one,,MINI OneMini 5p 1.5 One BLACK YARD EDITION 102cv 75KW ANNO,12900,,False,2018,09-2018,58000,1,used,petrol,75,102,1499,,117,,automatic,,FWD,Berlina,5,5,Nero,,,,,dealer,MS Automobili Srl,IT-10143 Torino - To,IT,2,https://prod.pictures.autoscout24.net/listing-images/73b52324-0f21-401d-841d-4174d77938e0_230f4040-470f-40aa-a8d5-72d7350a8734.jpg/250x188.webp,2026-08-03T05:37:54.456909,0.22,8
ec7c9495-7a24-4e7d-b292-c1478d7a012a,https://www.autoscout24.it/annunci/ec7c9495-7a24-4e7d-b292-c1478d7a012a,it,Audi,q5,,Audi Q540 2.0 tdi Sport quattro S line,28900,,False,2019,05-2019,116000,,used,diesel,140,190,1968,,,,automatic,,AWD,SUV/Fuoristrada/Pick-up,5,5,Blu/Azzurro,,,,,dealer,Paderno Motori Srl,IT-20037 Paderno Dugnano – Milano – Mi,IT,2,https://prod.pictures.autoscout24.net/listing-images/ec7c9495-7a24-4e7d-b292-c1478d7a012a_885d56c4-258f-4fa7-ab4b-85fcae0a6c9c.jpg/250x188.webp,2026-08-03T05:37:54.456916,0.25,7
f9c76b22-d71e-4574-99cb-323a0b805c6a,https://www.autoscout24.it/annunci/f9c76b22-d71e-4574-99cb-323a0b805c6a,it,Volkswagen,tiguan,,Volkswagen Tiguan2.0 TDI Advanced 4motion 150CV DSG,15990,,False,2018,04-2018,138000,,used,diesel,110,150,1968,,,,automatic,,Keine Angabe,SUV/Fuoristrada/Pick-up,5,5,Nero,,,,,dealer,RB Car Center,IT-22063 Cantù - Como - CO,IT,2,https://prod.pictures.autoscout24.net/listing-images/f9c76b22-d71e-4574-99cb-323a0b805c6a_047c33bf-8525-4226-a9ee-9eaca5ca9317.jpg/250x188.webp,2026-08-03T05:37:54.456923,0.12,8
e84fdd68-f454-45c5-a925-1096641803bf,https://www.autoscout24.it/annunci/e84fdd68-f454-45c5-a925-1096641803bf,it,Cupra,leon,,CUPRA LeonLeon 2.0 tsi 245cv - COLORAZIONE OPACA - UFF,27950,,True,2023,03-2023,39999,1,used,petrol,180,245,1984,,,,automatic,,FWD,Berlina,5,5,Grigio,,,,,dealer,Progetto Auto Snc,IT-20090 Pieve Emanuele - Milano - Mi,IT,2,https://prod.pictures.autoscout24.net/listing-images/e84fdd68-f454-45c5-a925-1096641803bf_5376c991-c351-4732-8e23-1866106ca355.jpg/250x188.webp,2026-08-03T05:37:54.456930,0.7,3
cf6b4010-a542-4373-aa3f-8d74d7a86497,https://www.autoscout24.it/annunci/cf6b4010-a542-4373-aa3f-8d74d7a86497,it,BMW,x1,,BMW X1xdrive18d xLine auto | HEAD UP DISPLAY,18500,,False,2019,09-2019,125000,,used,diesel,110,149,1995,,,,semiautomatico,,AWD,SUV/Fuoristrada/Pick-up,5,5,Argento,,,,,dealer,Viesse Auto Srl,IT-20132 Milano - Mi,IT,2,https://prod.pictures.autoscout24.net/listing-images/cf6b4010-a542-4373-aa3f-8d74d7a86497_4d497545-e104-4df8-a1c6-e1b25fe06174.jpg/250x188.webp,2026-08-03T05:37:54.456938,0.15,7
03073468-12c7-4418-acc0-e179e551b208,https://www.autoscout24.it/annunci/03073468-12c7-4418-acc0-e179e551b208,it,Peugeot,208,,Peugeot 208pronta consegna,8999,,False,2020,02-2020,33120,,used,petrol,55,74,1199,,,,manual,,Enthalten,Berlina,5,5,Grigio,,,,,dealer,Noleggio 24 Srl,IT-00141 Roma - RM,IT,2,https://prod.pictures.autoscout24.net/listing-images/03073468-12c7-4418-acc0-e179e551b208_75fbd7da-a558-4029-af77-ddc7f2fe940b.jpg/250x188.webp,2026-08-03T05:37:54.456945,0.27,6
c69cab75-72dd-4c64-befd-0b247167d0a9,https://www.autoscout24.it/annunci/c69cab75-72dd-4c64-befd-0b247167d0a9,it,Audi,a6,,Audi A6AUDI A6 Avant 45 TDI 3.0 quattro tiptronic Business,31900,,False,2019,06-2019,50000,1,used,diesel,170,231,2967,,,,automatic,,AWD,Station Wagon,5,5,Nero,,,,,dealer,MS Automobili Srl,IT-10143 Torino - To,IT,2,https://prod.pictures.autoscout24.net/listing-images/c69cab75-72dd-4c64-befd-0b247167d0a9_ea5b0a80-edfd-42f9-b61e-b04f25b79714.jpg/250x188.webp,2026-08-03T05:37:54.456953,0.64,7
38ed8c96-801e-44a7-9e32-5c6a2fd150ef,https://www.autoscout24.it/annunci/38ed8c96-801e-44a7-9e32-5c6a2fd150ef,it,Jeep,avenger,,Jeep AvengerAvenger 1.2 Turbo 100 CV Summit,21700,,False,2025,04-2025,1,1,new,petrol,73,100,1199,,127,,manual,,FWD,SUV/Fuoristrada/Pick-up,5,5,Nero,,,,,dealer,Panoramauto Torino srl,IT-10156 Torino - To,IT,2,https://prod.pictures.autoscout24.net/listing-images/38ed8c96-801e-44a7-9e32-5c6a2fd150ef_a00aa797-7571-4e45-b37b-d5cabd2a95c5.jpg/250x188.webp,2026-08-03T05:37:54.456961,21700.0,1
689278af-5903-4a08-b6c9-c187fff1b536,https://www.autoscout24.it/annunci/689278af-5903-4a08-b6c9-c187fff1b536,it,BMW,m2,,"BMW M2M2 Coupe 3.0 480cv auto M Performance Aero Pack, M",82000,,False,2025,03-2025,14860,1,used,petrol,352,480,2993,,,,semiautomatico,,RWD,Altro,2,4,Blu/Azzurro,,,,,dealer,CS-Lan srl,IT-20826 Misinto - MB,IT,2,https://prod.pictures.autoscout24.net/listing-images/689278af-5903-4a08-b6c9-c187fff1b536_c42972ad-f41b-4721-93e6-d91126b6b438.jpg/250x188.webp,2026-08-03T05:37:54.456977,5.52,1
4a88ff32-b0bf-4994-8326-1fdbc5d75b0a,https://www.autoscout24.it/annunci/4a88ff32-b0bf-4994-8326-1fdbc5d75b0a,it,Nissan,qashqai,,Nissan QashqaiMHEV N-Connecta - Autocarro  N1,16990,,False,2023,03-2023,69000,1,used,hybrid,103,140,1332,,123,,manual,,FWD,SUV/Fuoristrada/Pick-up,5,5,Grigio,,,,,dealer,Graziano Group Srl,IT-25035 Ospitaletto - Brescia - BS,IT,2,https://prod.pictures.autoscout24.net/listing-images/4a88ff32-b0bf-4994-8326-1fdbc5d75b0a_cfce54a7-d43a-4853-8e63-e45dcb7aaef3.png/250x188.webp,2026-08-03T05:37:54.456985,0.25,3
ec91164f-62fd-4b8a-b8e7-0a7939a0c1ce,https://www.autoscout24.it/annunci/ec91164f-62fd-4b8a-b8e7-0a7939a0c1ce,it,Audi,a4 allroad,,Audi A4 allroad40 TDI S-Tronic Identity Contrast - MATRIX,34750,,False,2023,03-2023,33000,1,used,diesel,150,204,1968,,146,,automatic,,AWD,Station Wagon,5,5,Nero,,,,,dealer,Mazza Group Service Srl,IT-40013 Castel Maggiore - Bologna - Bo,IT,2,https://prod.pictures.autoscout24.net/listing-images/ec91164f-62fd-4b8a-b8e7-0a7939a0c1ce_79fd96ce-b488-451f-9f21-442a046d9eb2.jpg/250x188.webp,2026-08-03T05:37:54.457000,1.05,3
1690e8c6-bb5b-4bb8-8d56-19e38dc5df07,https://www.autoscout24.it/annunci/1690e8c6-bb5b-4bb8-8d56-19e38dc5df07,it,Toyota,rav 4,,Toyota RAV 4Rav4 2.5 vvt-ie h Black Edition 2wd 218cv e-cvt,27500,,False,2022,02-2022,81000,1,used,hybrid,160,218,2487,,,,automatic,,FWD,SUV/Fuoristrada/Pick-up,5,5,Nero,,,,,dealer,Aquila Motors di Edoardo Aquilano,IT-20844 Triuggio  - MB,IT,2,https://prod.pictures.autoscout24.net/listing-images/1690e8c6-bb5b-4bb8-8d56-19e38dc5df07_abf2a303-4d86-46e1-a3e6-300a9d4631a9.jpg/250x188.webp,2026-08-03T05:37:54.457008,0.34,4
d16d2618-76ac-4bfe-91ee-eabbe7071761,https://www.autoscout24.it/annunci/d16d2618-76ac-4bfe-91ee-eabbe7071761,it,Audi,q3,,"Audi Q3Sportback 35 1.5 tfsi mhev s-tronic CERCHI 20""",30500,,False,2022,03-2022,60000,1,used,petrol,80,110,1498,,,,automatic,,FWD,SUV/Fuoristrada/Pick-up,5,5,Nero,,,,,dealer,Avenuecar Srl,IT-20900 Monza - Monza  Brianza - Mb,IT,2,https://prod.pictures.autoscout24.net/listing-images/d16d2618-76ac-4bfe-91ee-eabbe7071761_1abd672c-9958-46fe-bb6a-7a37cea90020.jpg/250x188.webp,2026-08-03T05:37:54.457016,0.51,4
e83873b5-34f1-4149-a7e2-7251d267c828,https://www.autoscout24.it/annunci/e83873b5-34f1-4149-a7e2-7251d267c828,it,Volkswagen,tiguan,,Volkswagen TiguanTiguan 1.5 etsi Life 130cv dsg,30500,,False,2025,10-2025,15900,,used,hybrid,95,130,1498,,,,automatic,,FWD,SUV/Fuoristrada/Pick-up,5,5,Nero,,,,,dealer,Race Car Srl,IT-37040 Z.a.i. - Verona - VR,IT,2,https://prod.pictures.autoscout24.net/listing-images/e83873b5-34f1-4149-a7e2-7251d267c828_10657ab0-6bd2-476b-ad3b-89018a13d794.jpg/250x188.webp,2026-08-03T05:37:54.457024,1.92,1
7cbcaf25-209a-4fcf-9efb-3ce356ff0918,https://www.autoscout24.it/annunci/7cbcaf25-209a-4fcf-9efb-3ce356ff0918,it,Jeep,renegade,,Jeep RenegadeRenegade 2019 1.6 mjt Limited 2wd 120cv PRONTA,11900,,False,2019,02-2019,150900,1,used,diesel,88,120,1598,,,,manual,,FWD,SUV/Fuoristrada/Pick-up,5,5,Grigio,,,,,dealer,AutoSeMa S.R.L.,IT-10098 Rivoli - Torino - TO,IT,2,https://prod.pictures.autoscout24.net/listing-images/7cbcaf25-209a-4fcf-9efb-3ce356ff0918_f1e8ccce-0fd4-431b-bd0b-aae4b1271644.jpg/250x188.webp,2026-08-03T05:37:54.457032,0.08,7
0affd219-3fe8-4b75-9c03-460d8ff143dd,https://www.autoscout24.it/annunci/0affd219-3fe8-4b75-9c03-460d8ff143dd,it,BMW,118,,"BMW 118d Msport auto-18""-Camera-Carplay-Harman",26900,,False,2021,05-2021,66000,,used,diesel,110,149,1995,,,,automatic,,FWD,Berlina,5,5,Nero,,,,,dealer,Paderno Motori Srl,IT-20037 Paderno Dugnano – Milano – Mi,IT,2,https://prod.pictures.autoscout24.net/listing-images/0affd219-3fe8-4b75-9c03-460d8ff143dd_4784a1bb-2909-4e2c-8d78-d270cc98c98e.jpg/250x188.webp,2026-08-03T05:37:54.457039,0.41,5
8f3c674f-e34a-4fc6-b40f-b0602262a62f,https://www.autoscout24.it/annunci/8f3c674f-e34a-4fc6-b40f-b0602262a62f,it,Volvo,xc40,,Volvo XC40T4 AWD Geartronic Business Plus,22900,,False,2019,02-2019,70000,1,used,petrol,140,190,1969,,161,,automatic,,AWD,SUV/Fuoristrada/Pick-up,5,5,Grigio,,,,,dealer,478 Rent srl,IT-20833 Giussano,IT,2,https://prod.pictures.autoscout24.net/listing-images/8f3c674f-e34a-4fc6-b40f-b0602262a62f_3e4b89fa-9940-46a2-a921-886ae6261f2b.jpg/250x188.webp,2026-08-03T05:37:54.457047,0.33,7
dec761b8-5f77-4154-bee5-73064563a1b9,https://www.autoscout24.it/annunci/dec761b8-5f77-4154-bee5-73064563a1b9,it,Volkswagen,t-roc,,Volkswagen T-Roc1.0 TSI Sport PROMO PRONTA CONSEGNA,23490,,False,2025,05-2025,26,,new,petrol,85,115,999,,132,,manual,,FWD,SUV/Fuoristrada/Pick-up,5,5,Nero,,,,,dealer,Puntocar di Tarantino Andrea - Sede di Orbassano,IT-10043 Orbassano - Torino - TO,IT,2,https://prod.pictures.autoscout24.net/listing-images/dec761b8-5f77-4154-bee5-73064563a1b9_9b1f1da9-e20c-4192-bb43-599df7ae56bc.jpg/250x188.webp,2026-08-03T05:37:54.457063,903.46,1
d28e75b3-c501-48b9-8765-4841b94ab69f,https://www.autoscout24.it/annunci/d28e75b3-c501-48b9-8765-4841b94ab69f,it,Volvo,xc40,,Volvo XC402.0 b3 Core auto,23900,,False,2023,03-2023,48812,1,used,hybrid,120,163,1969,,150,,automatic,,FWD,SUV/Fuoristrada/Pick-up,5,5,Argento,,,,,dealer,Autostar Flaminia Spa,IT-00138 Roma - RM,IT,2,https://prod.pictures.autoscout24.net/listing-images/d28e75b3-c501-48b9-8765-4841b94ab69f_40c794d2-9bc6-4dd5-a89d-b4f68b3cacbe.jpg/250x188.webp,2026-08-03T05:37:54.457078,0.49,3
4dfe41de-949a-4876-bd05-ecae16fabae5,https://www.autoscout24.it/annunci/4dfe41de-949a-4876-bd05-ecae16fabae5,it,Mg,mg3,,MG MG31.5 Hybrid+ 195CV COMFORT KM0,16900,,False,2026,07-2026,1,1,new,hybrid,143,195,1498,,100,,automatic,,FWD,Berlina,5,5,Nero,,,,,dealer,M.f. Motors Srl,IT-20141 Milano,IT,2,https://prod.pictures.autoscout24.net/listing-images/4dfe41de-949a-4876-bd05-ecae16fabae5_2e9d454b-b375-4e96-9791-461fefa7643d.jpg/250x188.webp,2026-08-03T05:37:54.457086,16900.0,0
57215eff-e7e5-42d9-8a02-411d2126b5a7,https://www.autoscout24.it/annunci/57215eff-e7e5-42d9-8a02-411d2126b5a7,it,Audi,s3,,Audi S3A3 IV 2020 Sportback Sportback 2.0 tfsi Sport,35300,,False,2021,01-2021,79000,1,used,petrol,228,310,1984,,,,automatic,,AWD,Berlina,5,5,Grigio,,,,,dealer,MotorLaghi srls,IT-28831 Baveno - VB,IT,2,https://prod.pictures.autoscout24.net/listing-images/57215eff-e7e5-42d9-8a02-411d2126b5a7_cc9a8949-0557-43a7-a3f3-19bf616fb0eb.jpg/250x188.webp,2026-08-03T05:37:54.457094,0.45,5
37b009e9-4a37-40cc-af9c-295490621629,https://www.autoscout24.it/annunci/37b009e9-4a37-40cc-af9c-295490621629,it,Jeep,avenger,,Jeep Avenger1.2 Turbo 100 CV Altitude 2025 - PARI AL NUOVO,16950,,False,2025,03-2025,18385,,used,petrol,73,100,1199,,,,manual,,FWD,SUV/Fuoristrada/Pick-up,5,5,Grigio,,,,,dealer,Menardi Auto Group Srl,IT-12100 Bernezzo - Cuneo,IT,2,https://prod.pictures.autoscout24.net/listing-images/37b009e9-4a37-40cc-af9c-295490621629_ea312743-910b-4f18-88a9-f9847051d49d.jpg/250x188.webp,2026-08-03T05:37:54.457102,0.92,1
67fa5960-804e-484d-839c-2a15a9c3613a,https://www.autoscout24.it/annunci/67fa5960-804e-484d-839c-2a15a9c3613a,it,Hyundai,kona,,Hyundai KONAMY25 1.0 T-GDI MT 100CV XTech ANCHE GPL CON,17900,,False,2026,07-2026,10,,new,petrol,73,100,999,,,,manual,,FWD,SUV/Fuoristrada/Pick-up,,5,Nero,,,,,dealer,Nuova AutoAlpina Torino,IT-10155 Torino-TO,IT,2,https://prod.pictures.autoscout24.net/listing-images/67fa5960-804e-484d-839c-2a15a9c3613a_f8c3c3c6-3b02-4a9c-8484-7f485ea904b7.jpg/250x188.webp,2026-08-03T05:37:54.457109,1790.0,0
fa779b64-b9de-44e4-a183-74fecab48afe,https://www.autoscout24.it/annunci/fa779b64-b9de-44e4-a183-74fecab48afe,it,Audi,q5,,Audi Q5Q5 II  45 2.0 tfsi mhev 12V S line Plus quattro,35990,,False,2021,06-2021,50000,2,used,hybrid,195,265,1984,,,,automatic,,AWD,SUV/Fuoristrada/Pick-up,5,5,Grigio,,,,,dealer,Automobili Raso Srls,IT-20155 Milano - MI,IT,2,https://prod.pictures.autoscout24.net/listing-images/fa779b64-b9de-44e4-a183-74fecab48afe_5a0be498-5cf6-40ea-827c-bd2f816b098c.jpg/250x188.webp,2026-08-03T05:37:54.457117,0.72,5
fa412b22-2e7e-4870-a7e7-63fc68926d74,https://www.autoscout24.it/annunci/fa412b22-2e7e-4870-a7e7-63fc68926d74,it,Omoda,5,,Omoda 5FULL HYBRID PURE,18980,,False,2026,07-2026,1,,new,hybrid,165,224,1499,,120,,automatic,,FWD,SUV/Fuoristrada/Pick-up,5,5,Grigio,,,,,dealer,Rossomandi Auto srl,IT-56121 Pisa - PI,IT,1,https://prod.pictures.autoscout24.net/listing-images/fa412b22-2e7e-4870-a7e7-63fc68926d74_86043d54-34ad-417d-8d3b-c19dcbffdb65.jpg/250x188.webp,2026-08-03T05:37:54.457124,18980.0,0
0d48e25f-851c-43fd-bbe4-26bd9df4d3ee,https://www.autoscout24.it/annunci/0d48e25f-851c-43fd-bbe4-26bd9df4d3ee,it,Seat,leon,,SEAT LeonLeon III ST 1.6 tdi Black Edition 115cv TETTO,11500,,False,2020,06-2020,110000,1,used,diesel,84,115,1598,,,,manual,,FWD,Station Wagon,5,5,Nero,,,,,dealer,Group Mati Auto Srl,IT-20018 Sedriano - Milano - MI,IT,2,https://prod.pictures.autoscout24.net/listing-images/0d48e25f-851c-43fd-bbe4-26bd9df4d3ee_70d1f6f1-9a7d-46b4-ba94-c646e430ed80.jpg/250x188.webp,2026-08-03T05:37:54.457132,0.1,6
a3514d86-591d-4150-9bc7-9f918401b0b7,https://www.autoscout24.it/annunci/a3514d86-591d-4150-9bc7-9f918401b0b7,it,Alfa Romeo,tonale,,Alfa Romeo TonaleTonale 1.5 hybrid Veloce 160cv tct7,24490,,False,2024,03-2024,21098,,used,hybrid,117,160,1469,,,,automatic,,€ 0,SUV/Fuoristrada/Pick-up,5,,Nero,,,,,dealer,Gruppo Piccirillo Spa Roma,IT-00156 Roma - RM,IT,2,https://prod.pictures.autoscout24.net/listing-images/a3514d86-591d-4150-9bc7-9f918401b0b7_72477ae9-1e46-499e-8448-ab1032f361e8.jpg/250x188.webp,2026-08-03T05:37:54.457148,1.16,2
8cba3c09-d9b2-42ac-a29b-1d2948f876d3,https://www.autoscout24.it/annunci/8cba3c09-d9b2-42ac-a29b-1d2948f876d3,it,BMW,840,,BMW 840Serie 840d Coupe xdrive Individual Composition M,46900,,False,2020,07-2020,104726,,used,diesel,235,319,2993,,,,automatic,,AWD,Coupé,2,4,Grigio,,,,,dealer,C.M. Garage srl,IT-20070 Vizzolo Predabissi  - MI,IT,2,https://prod.pictures.autoscout24.net/listing-images/8cba3c09-d9b2-42ac-a29b-1d2948f876d3_658e95bc-db15-4736-9613-4aa39629518d.jpg/250x188.webp,2026-08-03T05:37:54.457155,0.45,6
e2709f60-8867-4dd9-98d6-8ce93250755f,https://www.autoscout24.it/annunci/e2709f60-8867-4dd9-98d6-8ce93250755f,it,Skoda,kamiq,,Skoda KamiqKamiq 1.0 tsi Your Way 95cv,19900,,False,2026,07-2026,1,,new,petrol,69,95,999,,121,,manual,,FWD,SUV/Fuoristrada/Pick-up,5,5,Nero,,,,,dealer,Scar Srl,IT-57121 Livorno - Li,IT,2,https://prod.pictures.autoscout24.net/listing-images/e2709f60-8867-4dd9-98d6-8ce93250755f_31665507-4775-4387-9172-89a9c25721a8.jpg/250x188.webp,2026-08-03T05:37:54.457163,19900.0,0
2e9f1a5e-3bc5-432b-b09c-420c5554c0e1,https://www.autoscout24.it/annunci/2e9f1a5e-3bc5-432b-b09c-420c5554c0e1,it,BMW,118,,BMW 118M Sport 118 d,25900,,False,2022,10-2022,46500,1,used,diesel,110,149,1995,,0,,automatic,,FWD,Berlina,5,5,Bianco,,,,,dealer,TuaCar Brescia - Pavoni Auto Srl,IT-25080 Mazzano - Brescia - BS,IT,2,https://prod.pictures.autoscout24.net/listing-images/2e9f1a5e-3bc5-432b-b09c-420c5554c0e1_ca89e300-93d0-4e75-9219-c2457fc3139c.jpg/250x188.webp,2026-08-03T05:37:54.457170,0.56,4
56938f49-8d1b-4e00-ad5e-8671d9f02d07,https://www.autoscout24.it/annunci/56938f49-8d1b-4e00-ad5e-8671d9f02d07,it,Jeep,compass,,Jeep CompassCompass 1.5 Turbo T4 130 CV MHEV 2WD Summit,22900,,False,2025,01-2025,27000,1,used,hybrid,95,130,1469,,,,automatic,,FWD,SUV/Fuoristrada/Pick-up,5,5,Bianco,,,,,dealer,Panoramauto Torino srl,IT-10156 Torino - To,IT,2,https://prod.pictures.autoscout24.net/listing-images/56938f49-8d1b-4e00-ad5e-8671d9f02d07_a5d893b7-2d47-43fd-a70c-2ab05a011543.jpg/250x188.webp,2026-08-03T05:37:54.457191,0.85,1
8898917d-118e-4d25-a0c4-09d0ca3ebf53,https://www.autoscout24.it/annunci/8898917d-118e-4d25-a0c4-09d0ca3ebf53,it,Mercedes-Benz,gle 400,,Mercedes-Benz GLE 400d 4Matic Premium Plus 7 POSTI-TETTO APR,52900,,False,2021,09-2021,72353,1,used,diesel,243,330,2925,,179,,automatic,,AWD,SUV/Fuoristrada/Pick-up,5,7,Nero,,,,,dealer,Auto Simeone Srl,IT-72012 Carovigno - Brindisi - Br,IT,2,https://prod.pictures.autoscout24.net/listing-images/8898917d-118e-4d25-a0c4-09d0ca3ebf53_bb1f1773-e080-428f-99da-e035d6e8d9bd.jpg/250x188.webp,2026-08-03T05:37:54.457199,0.73,5
b8765708-eaea-4b00-b8b2-13fb34b370a3,https://www.autoscout24.it/annunci/b8765708-eaea-4b00-b8b2-13fb34b370a3,it,Volkswagen,t-roc,,Volkswagen T-RocT-Roc 1.5 etsi R-Line 150cv DSG - TETTO,35950,,True,2026,07-2026,1,1,new,hybrid,110,150,1498,,,,automatic,,FWD,SUV/Fuoristrada/Pick-up,5,5,Grigio,,,,,dealer,Progetto Auto Snc,IT-20090 Pieve Emanuele - Milano - Mi,IT,2,https://prod.pictures.autoscout24.net/listing-images/b8765708-eaea-4b00-b8b2-13fb34b370a3_b916e101-5eb4-41cc-a867-7a0ed8bc38de.jpg/250x188.webp,2026-08-03T05:37:54.457205,35950.0,0
e304f67b-2260-457c-9937-1d00901bf84a,https://www.autoscout24.it/annunci/e304f67b-2260-457c-9937-1d00901bf84a,it,Mercedes-Benz,a 35 amg,,Mercedes-Benz A 35 AMGA 35 AMG 4Matic,35990,,False,2022,05-2022,49645,,used,petrol,225,306,1991,,184,,automatic,,AWD,Berlina,5,5,Grigio,,,,,dealer,,IT-12100 Cuneo - CN,IT,1,https://prod.pictures.autoscout24.net/listing-images/e304f67b-2260-457c-9937-1d00901bf84a_42cf6129-c275-422f-bc9c-6649467ab277.jpg/250x188.webp,2026-08-03T05:37:54.457260,0.72,4
f9364351-3e60-4647-8d30-0e3bd2479e08,https://www.autoscout24.it/annunci/f9364351-3e60-4647-8d30-0e3bd2479e08,it,Maserati,grecale,,Maserati Grecale3.0 v6 trofeo 530cv auto,63500,,False,2023,04-2023,62908,1,used,petrol,389,530,2992,,254,,automatic,,AWD,SUV/Fuoristrada/Pick-up,5,5,,,,,,dealer,Centri Porsche Piemonte e Liguria,IT-10142 Torino - TO,IT,2,https://prod.pictures.autoscout24.net/listing-images/f9364351-3e60-4647-8d30-0e3bd2479e08_d1b3e4e2-75bd-4401-abd5-d8ae815b9cab.jpg/250x188.webp,2026-08-03T05:37:54.457269,1.01,3
f5689e4c-34e6-4f1a-bbbc-777b889818fc,https://www.autoscout24.it/annunci/f5689e4c-34e6-4f1a-bbbc-777b889818fc,it,Audi,q3,,Audi Q3SPORTBACK 35 TDI QUATTRO S TRONIC BUSINESS PLUS SUV,27500,,False,2022,10-2022,51070,1,used,diesel,110,149,,,,,automatic,,€ 0,SUV/Fuoristrada/Pick-up,,,GRIGIO,,,,,dealer,Ariel Car Roma,IT-00137 Roma,IT,2,https://prod.pictures.autoscout24.net/listing-images/f5689e4c-34e6-4f1a-bbbc-777b889818fc_f4766027-62f8-4633-8426-4141b477aaff.jpg/250x188.webp,2026-08-03T05:37:54.457276,0.54,4
14ba2a34-dc15-452f-87ac-2a544ac85a70,https://www.autoscout24.it/annunci/14ba2a34-dc15-452f-87ac-2a544ac85a70,it,Toyota,rav 4,,Toyota RAV 42.5 vvt-ie h 2wd 218cv e-cvt *PREZZO REALE,26870,,False,2022,10-2022,46000,1,used,hybrid,160,218,2487,,,,automatic,,FWD,SUV/Fuoristrada/Pick-up,5,5,Nero,,,,,dealer,Leonessa Motori di Steko Sandro,IT-25030 Torbole Casaglia - Brescia - BS,IT,2,https://prod.pictures.autoscout24.net/listing-images/14ba2a34-dc15-452f-87ac-2a544ac85a70_ac6888f4-2027-41d3-9952-f8b24361fb73.jpg/250x188.webp,2026-08-03T05:37:54.457290,0.58,4
2c80b350-0e36-4587-a156-265247006d3d,https://www.autoscout24.it/annunci/2c80b350-0e36-4587-a156-265247006d3d,it,Citroen,c3,,Citroen C31.5 BlueHDi Feel Pack S&S 100CV N1 + IVA,6990,,False,2021,06-2021,90000,1,used,diesel,73,100,1499,,98,,manual,,FWD,Berlina,5,4,Nero,,,,,dealer,Ultu Selection srl,IT-25035 Ospitaletto -  BS,IT,2,https://prod.pictures.autoscout24.net/listing-images/2c80b350-0e36-4587-a156-265247006d3d_f41a9fbc-f324-4a10-b9e9-3b9572c60fe4.jpg/250x188.webp,2026-08-03T05:37:54.457298,0.08,5
55b796a7-3c28-424c-811f-013657410ad0,https://www.autoscout24.it/annunci/55b796a7-3c28-424c-811f-013657410ad0,it,Volkswagen,t-cross,,Volkswagen T-Cross1.6 tdi Style 95cv,12900,,False,2019,07-2019,97714,1,used,diesel,69,95,1598,,140,,manual,,FWD,SUV/Fuoristrada/Pick-up,5,5,Tipo di verniceAltroMaterialeAltro,,,,,dealer,Autostar Flaminia Spa,IT-00138 Roma - RM,IT,2,https://prod.pictures.autoscout24.net/listing-images/55b796a7-3c28-424c-811f-013657410ad0_753e3def-8d7e-4283-a6d2-c07ceee8317e.jpg/250x188.webp,2026-08-03T05:37:54.457305,0.13,7
8fcff739-1e85-4a26-8629-16383d680e9c,https://www.autoscout24.it/annunci/8fcff739-1e85-4a26-8629-16383d680e9c,it,BMW,118,,BMW 118i Business Advantage Auto,19900,,False,2024,01-2024,70000,,used,petrol,103,140,1499,,114,,automatic,,FWD,Berlina,5,5,Bianco,,,,,dealer,La Barca Automobili srl,IT-10036 Settimo Torinese - Torino - TO,IT,2,https://prod.pictures.autoscout24.net/listing-images/8fcff739-1e85-4a26-8629-16383d680e9c_676c7828-bc10-418b-80e4-010d6dc408ae.jpg/250x188.webp,2026-08-03T05:37:54.457313,0.28,2
18226397-02cc-49f3-b7c7-59dbf31da436,https://www.autoscout24.it/annunci/18226397-02cc-49f3-b7c7-59dbf31da436,it,Renault,symbioz,,Renault Symbioz1.3 mild hybrid Evolution 140cv,21490,,False,2026,07-2026,10,,new,hybrid,102,140,1333,,,6.0,manual,,FWD,SUV/Fuoristrada/Pick-up,5,5,Grigio,,,,,dealer,Alternativa Spa,IT-10010 Burolo - Torino,IT,2,https://prod.pictures.autoscout24.net/listing-images/18226397-02cc-49f3-b7c7-59dbf31da436_0ae4fc48-7038-45f9-907c-b8d5fec2f60a.jpg/250x188.webp,2026-08-03T05:37:54.457320,2149.0,0
091570d8-90fa-40cf-b47f-932e9578bb59,https://www.autoscout24.it/annunci/091570d8-90fa-40cf-b47f-932e9578bb59,it,Land Rover,range rover evoque,,Land Rover Range Rover Evoque2.0D I4-L.Flw 150 CV R-Dynamic,12980,,False,2018,01-2018,108300,1,used,diesel,110,150,1999,,,,automatic,,FWD,SUV/Fuoristrada/Pick-up,5,5,Nero,,,,,dealer,Roma Car Trade srl,IT-00128 Roma - RM,IT,2,https://prod.pictures.autoscout24.net/listing-images/091570d8-90fa-40cf-b47f-932e9578bb59_e2edacd1-2164-4af7-aca1-0cc1d79a3a79.jpg/250x188.webp,2026-08-03T05:37:54.457327,0.12,8
683d06bb-7501-43d7-afd8-4c1d5dc63bd6,https://www.autoscout24.it/annunci/683d06bb-7501-43d7-afd8-4c1d5dc63bd6,it,Ds Automobiles,ds 7 crossback,,DS Automobiles DS 7 Crossback7 - DS 7 BlueHDi 130 aut.,25900,,False,2025,04-2025,7130,,used,diesel,96,130,1499,,,,automatic,,FWD,SUV/Fuoristrada/Pick-up,5,5,Grigio,,,,,dealer,F.lli Cozzi Spa,IT-20025 Legnano - Milano - Mi,IT,2,https://prod.pictures.autoscout24.net/listing-images/683d06bb-7501-43d7-afd8-4c1d5dc63bd6_88f079dc-36ae-48d7-9d20-4e4a0e6d0db3.jpg/250x188.webp,2026-08-03T05:37:54.457334,3.63,1
c331389f-68d3-49f2-93aa-b98a98f0d363,https://www.autoscout24.it/annunci/c331389f-68d3-49f2-93aa-b98a98f0d363,it,Audi,q5,,Audi Q540 TDI Business Sport S tronic quattro 2.0 Diesel,24490,,False,2020,06-2020,41275,1,used,diesel,140,190,1968,,144,,automatic,,AWD,SUV/Fuoristrada/Pick-up,5,5,Blu/Azzurro,,,,,dealer,brumbrum,IT-20092 Cinisello Balsamo  - Milano - MI,IT,2,https://prod.pictures.autoscout24.net/listing-images/c331389f-68d3-49f2-93aa-b98a98f0d363_83ca44b0-c313-4daf-be5a-766f59d93484.jpg/250x188.webp,2026-08-03T05:37:54.457342,0.59,6
7f13220a-ddab-47c4-8c71-395b1ede53e7,https://www.autoscout24.it/annunci/7f13220a-ddab-47c4-8c71-395b1ede53e7,it,Mercedes-Benz,glc 250,,"Mercedes-Benz GLC 250D COUPE AMG LINE PREMIUM 4 MATIC,",27900,,False,2018,08-2018,149000,,used,diesel,110,150,2143,,,,automatic,,AWD,Coupé,5,5,Grigio,,,,,dealer,Automonte Group,IT-25030 Coccaglio - Brescia,IT,2,https://prod.pictures.autoscout24.net/listing-images/7f13220a-ddab-47c4-8c71-395b1ede53e7_b7be158d-814b-4aba-817b-30f67b1a4937.jpg/250x188.webp,2026-08-03T05:37:54.457349,0.19,8
43b5f6d6-58f7-4983-acad-05da2e6ab17c,https://www.autoscout24.it/annunci/43b5f6d6-58f7-4983-acad-05da2e6ab17c,it,Mini,john cooper works,,MINI John Cooper Works3p 2.0 JCW auto,33700,,False,2023,06-2023,21800,,used,petrol,170,231,1998,,,,automatic,,AWD,Berlina,3,4,Argento,,,,,dealer,Viesse Auto Srl,IT-20132 Milano - Mi,IT,2,https://prod.pictures.autoscout24.net/listing-images/43b5f6d6-58f7-4983-acad-05da2e6ab17c_c3ec8e88-a97e-41ae-a2c2-2549ac868060.jpg/250x188.webp,2026-08-03T05:37:54.457356,1.55,3
f5e006ac-c5ca-40d8-a592-c4814d38c33b,https://www.autoscout24.it/annunci/f5e006ac-c5ca-40d8-a592-c4814d38c33b,it,Mercedes-Benz,a 200,,Mercedes-Benz A 200Premium Night edition auto ITALIANA,22900,,False,2021,05-2021,118000,1,used,diesel,110,149,1950,,135,,semiautomatico,,Keine Angabe,Berlina,5,5,Bianco,,,,,dealer,Speed Auto Srl,IT-31050 Vedelago - Treviso,IT,2,https://prod.pictures.autoscout24.net/listing-images/f5e006ac-c5ca-40d8-a592-c4814d38c33b_00846968-fc3e-4788-85ef-82066b1af443.jpg/250x188.webp,2026-08-03T05:37:54.457371,0.19,5
1f43d8a6-0af9-4f53-94f0-e0b392c37923,https://www.autoscout24.it/annunci/1f43d8a6-0af9-4f53-94f0-e0b392c37923,it,Land Rover,discovery sport,,Land Rover Discovery Sport1.5 I3 SE 4WD PHEV Pelle,23700,,False,2022,04-2022,86000,1,used,hybrid,147,199,1497,,,,automatic,,AWD,SUV/Fuoristrada/Pick-up,5,5,Bianco,,,,,dealer,Pluricar Srl,IT-26022 Costa Sant'Abramo  - Cremona - CR,IT,2,https://prod.pictures.autoscout24.net/listing-images/1f43d8a6-0af9-4f53-94f0-e0b392c37923_5c5e1061-974b-43d9-8a26-075316b70e8c.jpg/250x188.webp,2026-08-03T05:37:54.457379,0.28,4
ae1046e2-e269-4832-936d-6afee51a448c,https://www.autoscout24.it/annunci/ae1046e2-e269-4832-936d-6afee51a448c,it,Seat,tarraco,,SEAT TarracoTarraco 2.0 tdi Xcellence 150cv,16990,,False,2019,03-2019,95000,1,used,diesel,110,150,1968,,,,manual,,€ 0,SUV/Fuoristrada/Pick-up,5,5,Grigio,,,,,dealer,MarCar Srl,IT-10148 Torino - TO,IT,2,https://prod.pictures.autoscout24.net/listing-images/ae1046e2-e269-4832-936d-6afee51a448c_b616e3ee-00c8-45f0-b721-2edd42d75e32.jpg/250x188.webp,2026-08-03T05:37:54.457386,0.18,7
74c6f1a6-928e-424e-9291-f9af162688c8,https://www.autoscout24.it/annunci/74c6f1a6-928e-424e-9291-f9af162688c8,it,Kia,stonic,,Kia StonicNUOVA STONIC 1.0 T-GDI MH STYLE LAUNCH,16950,,False,2025,11-2025,7500,,used,hybrid,,,,,,,manual,,FWD,SUV/Fuoristrada/Pick-up,,5,Grigio,,,,,dealer,Nuova AutoAlpina Torino,IT-10155 Torino-TO,IT,2,https://prod.pictures.autoscout24.net/listing-images/74c6f1a6-928e-424e-9291-f9af162688c8_c0eace66-9e02-4d5b-9d63-6d91ac9927ae.jpg/250x188.webp,2026-08-03T05:37:54.457393,2.26,1
f9be74fb-e0d6-4d48-b4ed-c2031b5a1b9d,https://www.autoscout24.it/annunci/f9be74fb-e0d6-4d48-b4ed-c2031b5a1b9d,it,Mercedes-Benz,cle 200,,Mercedes-Benz CLE 200PREMIUM AMG PLUS SOLI 9900 KM SERVICE,51900,,False,2024,11-2024,9900,,used,hybrid,150,204,1999,,121,,automatic,,RWD,Coupé,2,4,Grigio,,,,,dealer,Gotti Auto Srl,IT-24069 San Paolo D'Argon - Bergamo,IT,2,https://prod.pictures.autoscout24.net/listing-images/f9be74fb-e0d6-4d48-b4ed-c2031b5a1b9d_e1ed58e2-bcda-463b-91bf-2bb471e1771e.jpg/250x188.webp,2026-08-03T05:37:54.457408,5.24,2
f7a65cff-6227-44da-a39b-a1de5d656126,https://www.autoscout24.it/annunci/f7a65cff-6227-44da-a39b-a1de5d656126,it,Alfa Romeo,tonale,,Alfa Romeo TonaleTonale 1.5 hybrid Sprint 175cv tct7,31900,,False,2026,05-2026,30,1,new,hybrid,128,175,1469,,131,,automatic,,FWD,SUV/Fuoristrada/Pick-up,5,5,Nero,,,,,dealer,Dielle Auto Srl,IT-10071 Borgaro Torinese,IT,2,https://prod.pictures.autoscout24.net/listing-images/f7a65cff-6227-44da-a39b-a1de5d656126_1dd54f4f-8a4c-47e6-a354-7ba48d927078.jpg/250x188.webp,2026-08-03T05:37:54.457415,1063.33,0
87b9c651-bc0b-4b15-a3b7-86e679435f26,https://www.autoscout24.it/annunci/87b9c651-bc0b-4b15-a3b7-86e679435f26,it,Omoda,7,,"Omoda 71.5 TGDi + 2 Motori EVBatteria 18,4kWh PREMIUM",34010,,False,,new,10000,,used,hybrid,205,278,1500,,,,automatic,,€ 0,SUV/Fuoristrada/Pick-up,5,5,Bianco,,,,,dealer,Autoservice srls,IT-10142 Torino,IT,2,https://prod.pictures.autoscout24.net/listing-images/87b9c651-bc0b-4b15-a3b7-86e679435f26_8bdc0a29-e3e9-4061-bfe6-61ca4870b5ba.jpg/250x188.webp,2026-08-03T05:37:54.457456,3.4,
6781c165-0925-4ba2-b303-17aaadf41d4c,https://www.autoscout24.it/annunci/6781c165-0925-4ba2-b303-17aaadf41d4c,it,Mercedes-Benz,glc 250,,Mercedes-Benz GLC 250d 204 cv PREMIUM AMG Night Edition,30500,,False,2019,04-2019,127000,,used,diesel,150,204,2143,,,,automatic,,AWD,SUV/Fuoristrada/Pick-up,5,5,Tipo di verniceAltro,,,,,dealer,Samacar Srl,IT-48124 Ravenna,IT,2,https://prod.pictures.autoscout24.net/listing-images/6781c165-0925-4ba2-b303-17aaadf41d4c_bb92ba7e-b93b-4162-bcc6-dbfdfe530684.jpg/250x188.webp,2026-08-03T05:37:54.457463,0.24,7
b386987b-97f8-4e78-a797-060cd573856d,https://www.autoscout24.it/annunci/b386987b-97f8-4e78-a797-060cd573856d,it,BMW,318,,BMW 318i Msport PRO - GARANZIA BMW 07,40900,,False,2025,07-2025,26500,1,used,petrol,115,156,1998,,,,automatic,,RWD,Berlina,4,5,Grigio,,,,,dealer,F.S. Elettromeccanica Di Ferri Stefano,IT-46049 Volta Mantovana - Mantova - MN,IT,2,https://prod.pictures.autoscout24.net/listing-images/b386987b-97f8-4e78-a797-060cd573856d_06abf4f9-d71f-4d5b-8011-e31d4878d0c4.jpg/250x188.webp,2026-08-03T05:37:54.457471,1.54,1
8aa07f79-3fd0-4b1b-83bc-bccca4b45263,https://www.autoscout24.it/annunci/8aa07f79-3fd0-4b1b-83bc-bccca4b45263,it,Mercedes-Benz,a 200,,Mercedes-Benz A 200Premium A 200 D,26900,,False,2019,09-2019,41800,1,used,diesel,110,149,1950,,129,,automatic,,FWD,Berlina,5,5,Argento,,,,,dealer,Tuacar Legnago - K & F Technologies SAS,IT-37045 Legnago - Verona - VR,IT,2,https://prod.pictures.autoscout24.net/listing-images/8aa07f79-3fd0-4b1b-83bc-bccca4b45263_ffa25acb-23ce-486f-989e-373a458e3682.jpg/250x188.webp,2026-08-03T05:37:54.457478,0.64,7
76c1faef-e5d6-4c7a-a7d1-811da46297b4,https://www.autoscout24.it/annunci/76c1faef-e5d6-4c7a-a7d1-811da46297b4,it,Mercedes-Benz,gla 180,,Mercedes-Benz GLA 180GLA 180 Premium,15900,,False,2018,01-2018,103000,,used,petrol,90,122,1595,,133,,automatic,,FWD,SUV/Fuoristrada/Pick-up,5,5,Nero,,,,,dealer,Alido srl,IT-55054 Massarosa - Lucca - LU,IT,2,https://prod.pictures.autoscout24.net/listing-images/76c1faef-e5d6-4c7a-a7d1-811da46297b4_78c34be4-10e4-435b-b3a2-98756349f399.jpg/250x188.webp,2026-08-03T05:37:54.457486,0.15,8
7da1078c-fb03-4426-ae01-1dbb8141ac10,https://www.autoscout24.it/annunci/7da1078c-fb03-4426-ae01-1dbb8141ac10,it,Audi,q3,,Audi Q340 TDI Sportback SPB Quattro S-Tronic S-Line -,38750,,False,2023,03-2023,45000,1,used,diesel,108,147,1968,,166,,automatic,,AWD,SUV/Fuoristrada/Pick-up,5,5,Nero,,,,,dealer,Mazza Group Service Srl,IT-40013 Castel Maggiore - Bologna - Bo,IT,2,https://prod.pictures.autoscout24.net/listing-images/7da1078c-fb03-4426-ae01-1dbb8141ac10_430ecb23-06b5-436e-ad8d-812b8e8d5297.jpg/250x188.webp,2026-08-03T05:37:54.457500,0.86,3
4740c916-8d9a-4965-a33a-74a501c46b39,https://www.autoscout24.it/annunci/4740c916-8d9a-4965-a33a-74a501c46b39,it,Hyundai,tucson,,Hyundai TUCSON1.6 CRDi Exellence *NEOPATENTATI,12500,,False,2019,01-2019,87000,1,used,diesel,85,115,1598,,122,,manual,,FWD,SUV/Fuoristrada/Pick-up,5,5,Bianco,,,,,dealer,DD Motors srl,IT-10070 Villanova Canavese - Torino - TO,IT,2,https://prod.pictures.autoscout24.net/listing-images/4740c916-8d9a-4965-a33a-74a501c46b39_0f938682-f32f-403f-873a-12641949f9a0.jpg/250x188.webp,2026-08-03T05:37:54.457508,0.14,7
d7938f24-5c18-45c9-9095-1a7ac16ac220,https://www.autoscout24.it/annunci/d7938f24-5c18-45c9-9095-1a7ac16ac220,it,Land Rover,range rover evoque,,Land Rover Range Rover Evoque2.0 td4 Pure Business edition,14900,,False,2019,02-2019,69900,,used,diesel,110,150,1999,,,,automatic,,AWD,SUV/Fuoristrada/Pick-up,5,5,Rosso,,,,,dealer,TM Wagen Pistoia Srl,IT-51100 Pistoia - Pt,IT,2,https://prod.pictures.autoscout24.net/listing-images/d7938f24-5c18-45c9-9095-1a7ac16ac220_594b771c-a590-43cf-9b25-5a2d1c6ca93c.jpg/250x188.webp,2026-08-03T05:37:54.457516,0.21,7
1ed9b5ec-126c-4801-9509-48fcf10b92b1,https://www.autoscout24.it/annunci/1ed9b5ec-126c-4801-9509-48fcf10b92b1,it,Mg,zs,,MG ZSNEW ZS 1.5L MT STD,14950,,False,2026,01-2026,50,,new,petrol,85,115,1498,,,,manual,,FWD,SUV/Fuoristrada/Pick-up,,5,Nero,,,,,dealer,Nuova Autoalpina Milano - Sede di Legnano,IT-11020 Legnano - Milano - MI,IT,2,https://prod.pictures.autoscout24.net/listing-images/1ed9b5ec-126c-4801-9509-48fcf10b92b1_7085b446-2ada-4a08-81bd-7a9e04708367.jpg/250x188.webp,2026-08-03T05:37:54.457523,299.0,0
4010b7d7-2c33-4751-bfbb-5a25d6c41c09,https://www.autoscout24.it/annunci/4010b7d7-2c33-4751-bfbb-5a25d6c41c09,it,Maserati,grecale,,"Maserati Grecale3.0 V6 Trofeo 530CV AT8 Q4 FULL OPT. """,67900,,False,2022,09-2022,52700,,used,petrol,389,530,3000,,,,semiautomatico,,AWD,Altro,5,5,Grigio,,,,,dealer,City Auto Srl,IT-41121 Modena - Mo,IT,2,https://prod.pictures.autoscout24.net/listing-images/4010b7d7-2c33-4751-bfbb-5a25d6c41c09_bc0633b4-69fc-40b2-b194-06b7322fe992.jpg/250x188.webp,2026-08-03T05:37:54.457530,1.29,4
2e629064-a993-4f33-99b4-4a9af6ed5099,https://www.autoscout24.it/annunci/2e629064-a993-4f33-99b4-4a9af6ed5099,it,Mercedes-Benz,a 180,,Mercedes-Benz A 180Classe A - W176 d Sport Next auto,17999,,False,2018,02-2018,18000,1,used,diesel,80,108,1461,,,,semiautomatico,,FWD,Berlina,5,5,Grigio,,,,,dealer,B.S. Motors,IT-20081 Abbiategrasso,IT,2,https://prod.pictures.autoscout24.net/listing-images/2e629064-a993-4f33-99b4-4a9af6ed5099_e2dcdf2a-7f94-4ac4-9be8-ae237fcb423e.jpg/250x188.webp,2026-08-03T05:37:54.457537,1.0,8
4ac1677c-6b70-4b87-8e39-8deb706aa3e1,https://www.autoscout24.it/annunci/4ac1677c-6b70-4b87-8e39-8deb706aa3e1,it,Skoda,kamiq,,Skoda Kamiq1.0 tsi Ambition Pack Tech Plus 110cv - PROMO,15490,,False,2024,02-2024,20863,,used,petrol,80,110,999,,108,,manual,,FWD,SUV/Fuoristrada/Pick-up,5,5,Grigio,,,,,dealer,Locauto Due srl,IT-13030 Caresanablot - Vercelli - Vc,IT,2,https://prod.pictures.autoscout24.net/listing-images/4ac1677c-6b70-4b87-8e39-8deb706aa3e1_714f2a70-5ddb-4606-91fe-5298b465bd65.jpg/250x188.webp,2026-08-03T05:37:54.457544,0.74,2
ba7d96ac-0998-4028-981b-5b74366a451c,https://www.autoscout24.it/annunci/ba7d96ac-0998-4028-981b-5b74366a451c,it,Byd,seal 6,,BYD Seal 6Touring Boost DMi Super DM Technology eCVT 184CV,26900,,False,2026,06-2026,1,,new,hybrid,135,184,1498,,,,automatic,,FWD,Station Wagon,5,5,Blu/Azzurro,,,,,dealer,Gruppo Milanoauto Srl,IT-20093 Cologno Monzese - Milano - Mi,IT,2,https://prod.pictures.autoscout24.net/listing-images/ba7d96ac-0998-4028-981b-5b74366a451c_66520a0f-9d2a-42f2-acf5-72e6cbe13c89.jpg/250x188.webp,2026-08-03T05:37:54.457550,26900.0,0
1a680f26-7be0-41d8-82ff-e60ca06d3f83,https://www.autoscout24.it/annunci/1a680f26-7be0-41d8-82ff-e60ca06d3f83,it,Audi,a3,,Audi A335 TFSI Sportback S-Line - FULL LED,23750,,False,2022,11-2022,66000,1,used,petrol,110,149,1498,,127,,manual,,FWD,Berlina,5,5,Grigio,,,,,dealer,Mazza Group Service Srl,IT-40013 Castel Maggiore - Bologna - Bo,IT,2,https://prod.pictures.autoscout24.net/listing-images/1a680f26-7be0-41d8-82ff-e60ca06d3f83_0b5a054c-30db-4377-8fc7-a5a8054684d7.jpg/250x188.webp,2026-08-03T05:37:54.457558,0.36,4
6aa4b6e9-212a-42e1-a76e-e9f85fc52efb,https://www.autoscout24.it/annunci/6aa4b6e9-212a-42e1-a76e-e9f85fc52efb,it,Audi,rs3,,Audi RS32.5 tfsi quattro s-tronic,47700,,False,2023,05-2023,48000,,used,petrol,294,399,2480,,205,,automatic,,AWD,Berlina,5,5,Nero,,,,,dealer,Bercar Srl,IT-37135 Verona - VR,IT,2,https://prod.pictures.autoscout24.net/listing-images/6aa4b6e9-212a-42e1-a76e-e9f85fc52efb_478770c5-d4f6-4dd7-8040-3635a3d914d5.jpg/250x188.webp,2026-08-03T05:37:54.457572,0.99,3
307667a9-9729-47b6-81af-24b6271fc345,https://www.autoscout24.it/annunci/307667a9-9729-47b6-81af-24b6271fc345,it,Audi,q3,,Audi Q3Q3Sportback 35 2.0 tdi S line Black edition s-tronic,35999,,False,2022,10-2022,49362,1,used,diesel,110,149,1968,,,,automatic,,AWD,SUV/Fuoristrada/Pick-up,5,5,Blu/Azzurro,,,,,dealer,Gr World Rent Srl,IT-83029 Solofra,IT,2,https://prod.pictures.autoscout24.net/listing-images/307667a9-9729-47b6-81af-24b6271fc345_066e2c57-552a-487e-9e33-23a31f7cddf2.jpg/250x188.webp,2026-08-03T05:37:54.457579,0.73,4
f6aad396-5f4c-4bd8-a761-7d5863c0d625,https://www.autoscout24.it/annunci/f6aad396-5f4c-4bd8-a761-7d5863c0d625,it,Renault,captur,,Renault Captur1.5 blue dci Intens 95cv,10900,,False,2020,11-2020,91000,,used,diesel,69,95,1461,,106,,manual,,FWD,SUV/Fuoristrada/Pick-up,5,5,Nero,,,,,dealer,Gruppo Carmeli SpA,IT-24124 Bergamo - BG,IT,2,https://prod.pictures.autoscout24.net/listing-images/f6aad396-5f4c-4bd8-a761-7d5863c0d625_1378234e-d686-4edf-9595-3d6209fe882a.jpg/250x188.webp,2026-08-03T05:37:54.457585,0.12,6
529a54d2-830f-41c7-86d4-2eb7d4c9c174,https://www.autoscout24.it/annunci/529a54d2-830f-41c7-86d4-2eb7d4c9c174,it,Volkswagen,tiguan,,Volkswagen TiguanTiguan III 2024 1.5 tsi ehybrid Elegance,33500,,False,2025,01-2025,20000,,used,hybrid,150,204,1498,,,,automatic,,Keine Angabe,SUV/Fuoristrada/Pick-up,5,5,Tipo di verniceAltro,,,,,dealer,Center Auto srls,IT-13030 Caresanablot - Vercelli - VC,IT,2,https://prod.pictures.autoscout24.net/listing-images/529a54d2-830f-41c7-86d4-2eb7d4c9c174_f103e0f8-4281-4d55-9be0-a7b71bea416d.jpg/250x188.webp,2026-08-03T05:37:54.457592,1.68,1
4952959b-e1f8-448a-8d1d-a74469ad2ce1,https://www.autoscout24.it/annunci/4952959b-e1f8-448a-8d1d-a74469ad2ce1,it,Audi,rs3,,Audi RS3RS3 CARBOCERAMICI TETTO MATRIX TOTAL BLACK IVA,48900,,False,2022,02-2022,73900,,used,petrol,294,399,2480,,205,,automatic,,AWD,Berlina,5,5,Nero,,,,,dealer,Gotti Auto Srl,IT-24069 San Paolo D'Argon - Bergamo,IT,2,https://prod.pictures.autoscout24.net/listing-images/4952959b-e1f8-448a-8d1d-a74469ad2ce1_da539415-7575-462a-92ff-41cb5f0644f1.jpg/250x188.webp,2026-08-03T05:37:54.457600,0.66,4
79658035-061b-4f7f-8e33-1e4e63162a90,https://www.autoscout24.it/annunci/79658035-061b-4f7f-8e33-1e4e63162a90,it,Mercedes-Benz,gle 53 amg,,Mercedes-Benz GLE 53 AMGClasse Gle amg 53 amg line premium,84900,,False,2024,06-2024,39115,1,used,hybrid,320,435,2999,,234,,automatic,,AWD,SUV/Fuoristrada/Pick-up,5,5,Grigio,,,,,dealer,Autocentri Balduina Srl,IT-00178 Roma - Rm,IT,2,https://prod.pictures.autoscout24.net/listing-images/79658035-061b-4f7f-8e33-1e4e63162a90_a899fcac-2056-4ec0-9c85-c4776cde04be.jpg/250x188.webp,2026-08-03T05:37:54.457608,2.17,2
aae5f416-288a-4789-973c-51c3d464672f,https://www.autoscout24.it/annunci/aae5f416-288a-4789-973c-51c3d464672f,it,Volkswagen,t6 california,,Volkswagen T6 CaliforniaOcean Bulli DSG 2.0 TDI,51900,,False,2020,04-2020,67000,1,used,diesel,110,149,1968,,,,automatic,,FWD,Monovolume,4,4,Blu/Azzurro,,,,,dealer,Topservice Nals Srl,IT-39010 Nalles - Bolzano - Bz,IT,2,https://prod.pictures.autoscout24.net/listing-images/aae5f416-288a-4789-973c-51c3d464672f_358e830d-dc47-435d-9928-ae2da95392cd.jpg/250x188.webp,2026-08-03T05:37:54.457616,0.77,6
9e789dc7-c9ac-44f1-aa1a-a406a1635695,https://www.autoscout24.it/annunci/9e789dc7-c9ac-44f1-aa1a-a406a1635695,it,Audi,a3,,Audi A3SPB Sportback 35 TDI S tronic S line Plus,24899,,False,2022,10-2022,152650,1,used,diesel,110,149,1968,,102,,automatic,,FWD,Berlina,5,5,Nero,,,,,dealer,Auto Simeone Srl,IT-72012 Carovigno - Brindisi - Br,IT,2,https://prod.pictures.autoscout24.net/listing-images/9e789dc7-c9ac-44f1-aa1a-a406a1635695_709c3c1c-3924-4e58-8255-27b6da485ea1.jpg/250x188.webp,2026-08-03T05:37:54.457624,0.16,4
b6716ae2-1bf1-4022-9d07-212838a83f88,https://www.autoscout24.it/annunci/b6716ae2-1bf1-4022-9d07-212838a83f88,it,Peugeot,3008,,Peugeot 3008Hybrid 136 e-DCS6 GT,24899,,False,2024,07-2024,20231,1,used,hybrid,100,136,1199,,116,,automatic,,FWD,SUV/Fuoristrada/Pick-up,5,5,Blu/Azzurro,,,,,dealer,Auto Simeone Srl,IT-72012 Carovigno - Brindisi - Br,IT,2,https://prod.pictures.autoscout24.net/listing-images/b6716ae2-1bf1-4022-9d07-212838a83f88_610d7e5e-ad76-45c4-945a-dfd6a3bab6d1.jpg/250x188.webp,2026-08-03T05:37:54.457632,1.23,2
6360d964-3332-4bce-9ca1-62ca492380e6,https://www.autoscout24.it/annunci/6360d964-3332-4bce-9ca1-62ca492380e6,it,Audi,a4,,Audi A435 TDI,23899,,False,2023,04-2023,146983,1,used,diesel,119,163,1968,,104,,automatic,,FWD,Berlina,4,5,Nero,,,,,dealer,Auto Simeone Srl,IT-72012 Carovigno - Brindisi - Br,IT,2,https://prod.pictures.autoscout24.net/listing-images/6360d964-3332-4bce-9ca1-62ca492380e6_0c92458f-8b0a-4b0c-b87c-0ff500bb0481.jpg/250x188.webp,2026-08-03T05:37:54.457639,0.16,3
4a976b3f-b6ac-48ae-9200-b19bba64f50c,https://www.autoscout24.it/annunci/4a976b3f-b6ac-48ae-9200-b19bba64f50c,it,Peugeot,508,,PEUGEOT 508 2.0 bluehdi GT Line s&s 160cv eat8,14200,,False,2019,03-2019,155000,,used,diesel,117,160,1997,,111,,automatic,,Keine Angabe,Berlina,5,5,Bianco,,,,,dealer,Bercar Srl,IT-37135 Verona - VR,IT,2,https://prod.pictures.autoscout24.net/listing-images/4a976b3f-b6ac-48ae-9200-b19bba64f50c_f9e57444-d0e3-419b-8446-08502a1f8f7a.jpg/250x188.webp,2026-08-03T05:37:54.457647,0.09,7
da7d37c4-d86c-45c2-909f-2c51cbcba772,https://www.autoscout24.it/annunci/da7d37c4-d86c-45c2-909f-2c51cbcba772,it,BMW,518,,BMW 518d 48V Touring Business,26900,,False,2023,06-2023,81025,1,used,diesel,110,149,1995,,,4.0,automatic,,RWD,Station Wagon,5,5,Nero,,,,,dealer,,IT-37135 Verona - VR,IT,1,https://prod.pictures.autoscout24.net/listing-images/da7d37c4-d86c-45c2-909f-2c51cbcba772_9d000f64-606b-4c5a-a783-27883896e48a.jpg/250x188.webp,2026-08-03T05:37:54.457655,0.33,3
e88157d1-4338-47ee-8108-9d844a6317d0,https://www.autoscout24.it/annunci/e88157d1-4338-47ee-8108-9d844a6317d0,it,Audi,a5,,Audi A5SPB 40 TDI S tronic Pelle Navi Cruise Fari LED,26800,,False,2020,07-2020,35000,1,used,diesel,140,190,1968,,109,,automatic,,FWD,Berlina,5,5,Marrone,,,,,dealer,Pluricar Srl,IT-26022 Costa Sant'Abramo  - Cremona - CR,IT,2,https://prod.pictures.autoscout24.net/listing-images/e88157d1-4338-47ee-8108-9d844a6317d0_39e3de68-ca69-4eef-8155-2dfe85e83968.jpg/250x188.webp,2026-08-03T05:37:54.457662,0.77,6
0a858095-b57c-4178-81f9-54c05d2d2279,https://www.autoscout24.it/annunci/0a858095-b57c-4178-81f9-54c05d2d2279,it,Honda,zr-v,,Honda ZR-V2.0 Hev Advance,27900,,False,2024,04-2024,32210,1,used,hybrid,105,142,1993,,,6.0,automatic,,FWD,SUV/Fuoristrada/Pick-up,5,5,Blu/Azzurro,,,,,dealer,Autoingros Piacenza,IT-29121 Piacenza,IT,2,https://prod.pictures.autoscout24.net/listing-images/0a858095-b57c-4178-81f9-54c05d2d2279_c8459b27-50d8-457e-8d7d-390ec83b8a8a.jpg/250x188.webp,2026-08-03T05:37:54.457678,0.87,2
f5b3360e-db6c-46ce-a635-59f07e75240f,https://www.autoscout24.it/annunci/f5b3360e-db6c-46ce-a635-59f07e75240f,it,Volkswagen,tiguan,,Volkswagen Tiguan2.0 TDI 193 CV DSG 4MOTION MY26 R-Line,49900,,False,2026,02-2026,5,,new,diesel,141,193,1968,,119,,automatic,,AWD,SUV/Fuoristrada/Pick-up,5,5,Grigio,,,,,dealer,Gb Motors Srl,IT-40026 Imola - Bologna - Bo,IT,2,https://prod.pictures.autoscout24.net/listing-images/f5b3360e-db6c-46ce-a635-59f07e75240f_35b729c6-87a0-47dd-a5cc-c323fb36d2c5.jpg/250x188.webp,2026-08-03T05:37:54.457685,9980.0,0
f7cbf30c-4e8e-4a25-8b08-fee40aa87849,https://www.autoscout24.it/annunci/f7cbf30c-4e8e-4a25-8b08-fee40aa87849,it,Maserati,grecale,,Maserati Grecale2.0 mhev GT CERCHI DA 21'' IVA ESPOSTA,47900,,False,2022,12-2022,50000,1,used,hybrid,162,221,1995,,,,automatic,,AWD,SUV/Fuoristrada/Pick-up,5,5,Blu/Azzurro,,,,,dealer,Avenuecar Srl,IT-20900 Monza - Monza  Brianza - Mb,IT,2,https://prod.pictures.autoscout24.net/listing-images/f7cbf30c-4e8e-4a25-8b08-fee40aa87849_b4aea363-e235-43bf-83e0-6edfe26546cf.jpg/250x188.webp,2026-08-03T05:37:54.457693,0.96,4
6430dca1-1dc3-4d31-bb5e-bca27db8e09b,https://www.autoscout24.it/annunci/6430dca1-1dc3-4d31-bb5e-bca27db8e09b,it,Volkswagen,t-roc,,Volkswagen T-RocAdvanced  1.6 TDI 115cv,16500,,False,2018,12-2018,71730,1,used,diesel,84,115,1598,,144,,automatic,,FWD,Berlina,5,5,Grigio,,,,,dealer,Tuacar Perugia,IT-06124 Perugia - PG,IT,2,https://prod.pictures.autoscout24.net/listing-images/6430dca1-1dc3-4d31-bb5e-bca27db8e09b_7db317e9-df95-4d2a-a695-a92eccd140ad.jpg/250x188.webp,2026-08-03T05:37:54.457700,0.23,8
3ac2fa0c-ed53-460d-87bf-4f31eb1361c4,https://www.autoscout24.it/annunci/3ac2fa0c-ed53-460d-87bf-4f31eb1361c4,it,Mg,zs,,MG ZSLuxury TETTO-PELLE-NAVI-GARANZIA,11440,,False,2023,05-2023,36000,1,used,petrol,82,111,999,,,,manual,,FWD,SUV/Fuoristrada/Pick-up,5,5,Nero,,,,,dealer,Mekkano Srl,IT-00169 Roma - RM,IT,2,https://prod.pictures.autoscout24.net/listing-images/3ac2fa0c-ed53-460d-87bf-4f31eb1361c4_ef92c85d-f382-45cc-8b63-bc2df8abf26e.jpg/250x188.webp,2026-08-03T05:37:54.457708,0.32,3
c7a1b05f-81b1-4c23-befe-f2124ff43c6d,https://www.autoscout24.it/annunci/c7a1b05f-81b1-4c23-befe-f2124ff43c6d,it,Hyundai,kona,,Hyundai KONA1.6 gdi hev N Line 2wd 141cv dct PROMO -,22350,,False,2024,03-2024,14990,1,used,hybrid,103,141,1580,,,,automatic,,FWD,SUV/Fuoristrada/Pick-up,5,5,Bianco,,,,,dealer,Mb Car Srl,IT-20832 Desio - Monza Brianza - Mb,IT,2,https://prod.pictures.autoscout24.net/listing-images/c7a1b05f-81b1-4c23-befe-f2124ff43c6d_1a7c2d55-ddec-4148-879d-36ca9acfdba3.jpg/250x188.webp,2026-08-03T05:37:54.457716,1.49,2
f9ca185f-457e-4de1-8a19-91e9ab4cff10,https://www.autoscout24.it/annunci/f9ca185f-457e-4de1-8a19-91e9ab4cff10,it,Volkswagen,t-roc,,Volkswagen T-RocT-Roc 1.5 TSI R-Line 150cv + Navi,19900,,False,2023,02-2023,49800,1,used,petrol,110,150,1498,,,,manual,,Keine Angabe,SUV/Fuoristrada/Pick-up,5,5,Grigio,,,,,dealer,Venezia Auto,IT-30010 Campolongo Maggiore - Venezia - Ve,IT,2,https://prod.pictures.autoscout24.net/listing-images/f9ca185f-457e-4de1-8a19-91e9ab4cff10_c45b46bb-01fa-4823-8c98-bab43f588e12.jpg/250x188.webp,2026-08-03T05:37:54.457723,0.4,3
da3991cd-3be0-451c-b23d-6505844e58b7,https://www.autoscout24.it/annunci/da3991cd-3be0-451c-b23d-6505844e58b7,it,Mercedes-Benz,gla 200,,"Mercedes-Benz GLA 200D AMG Line Premium AUTO, CERCHI 19'', ",33900,,False,2023,10-2023,49700,,used,diesel,80,110,1950,,,,automatic,,FWD,SUV/Fuoristrada/Pick-up,5,5,Nero,,,,,dealer,Automonte Group,IT-25030 Coccaglio - Brescia,IT,2,https://prod.pictures.autoscout24.net/listing-images/da3991cd-3be0-451c-b23d-6505844e58b7_55d648bf-3234-4298-8831-d5025f0f7a51.jpg/250x188.webp,2026-08-03T05:37:54.457730,0.68,3
fc6d80e8-7d2b-415e-b78a-47c9829db876,https://www.autoscout24.it/annunci/fc6d80e8-7d2b-415e-b78a-47c9829db876,it,Opel,corsa,,Opel Corsa1.2 100 CV,13000,,False,2026,05-2026,7,,new,petrol,73,100,1199,,96,,manual,,FWD,Berlina,5,5,Blu/Azzurro,,,,,dealer,Autobengasi Srl,IT-10126 Torino - TO,IT,2,https://prod.pictures.autoscout24.net/listing-images/fc6d80e8-7d2b-415e-b78a-47c9829db876_54f5885d-fa85-44c8-8492-5e5a333d41cd.jpg/250x188.webp,2026-08-03T05:37:54.457738,1857.14,0
f4fff59f-dc1b-44df-a241-69c9bf9d17be,https://www.autoscout24.it/annunci/f4fff59f-dc1b-44df-a241-69c9bf9d17be,it,Jaecoo,j7,,Jaecoo J7Jaecoo 1.6 tgdi Premium 2wd 7dct,22900,,False,2025,05-2025,36843,1,used,petrol,108,146,1598,,159,,automatic,,FWD,SUV/Fuoristrada/Pick-up,5,5,Nero,,,,,dealer,Autostar Flaminia Spa,IT-00138 Roma - RM,IT,2,https://prod.pictures.autoscout24.net/listing-images/f4fff59f-dc1b-44df-a241-69c9bf9d17be_472d448d-21e7-4757-82ef-c6e1ed7eae24.jpg/250x188.webp,2026-08-03T05:37:54.457745,0.62,1
9e5d7d0a-dd50-41fc-a108-bb49ebeb83db,https://www.autoscout24.it/annunci/9e5d7d0a-dd50-41fc-a108-bb49ebeb83db,it,BMW,118,,BMW 118d MSport auto,31800,,False,2024,11-2024,53928,,used,diesel,110,149,1995,,122,,automatic,,€ 199,Berlina,5,5,Bianco,,,,,dealer,Autoargentiero spa,IT-72013 Ceglie Messapica - Brindisi - Br,IT,2,https://prod.pictures.autoscout24.net/listing-images/9e5d7d0a-dd50-41fc-a108-bb49ebeb83db_291e0ff6-ccc9-4a3d-895b-ecc92f48918f.jpg/250x188.webp,2026-08-03T05:37:54.457753,0.59,2
52695c3d-3fbe-4a76-90cc-454f855b9bca,https://www.autoscout24.it/annunci/52695c3d-3fbe-4a76-90cc-454f855b9bca,it,Lexus,nx 300,,"Lexus NX 300H 2.5 HYBRID PREMIUM CVT,FARI LED,NAVIGATORE ,",26900,,False,2020,09-2020,41900,,used,hybrid,83,114,2494,,,,automatic,,AWD,SUV/Fuoristrada/Pick-up,5,5,Grigio,,,,,dealer,Automonte Group,IT-25030 Coccaglio - Brescia,IT,2,https://prod.pictures.autoscout24.net/listing-images/52695c3d-3fbe-4a76-90cc-454f855b9bca_079e5686-3dd6-412b-89ce-ea665aa7f3fe.jpg/250x188.webp,2026-08-03T05:37:54.457761,0.64,6
13258a52-401b-43d0-844c-39345795bfca,https://www.autoscout24.it/annunci/13258a52-401b-43d0-844c-39345795bfca,it,Hyundai,kona,,Hyundai KONAKona 64 kWh EV Xclass,18950,,False,2021,05-2021,42200,1,used,electric,64,87,,,0,,automatic,,FWD,SUV/Fuoristrada/Pick-up,5,5,Grigio,,,,,dealer,Padanauto 2 Srl,IT-44123 Ferrara - Fe,IT,2,https://prod.pictures.autoscout24.net/listing-images/13258a52-401b-43d0-844c-39345795bfca_bd492c02-4ed9-4f36-84da-744fe067f7bb.jpg/250x188.webp,2026-08-03T05:37:54.457768,0.45,5
b9ebc891-fb6f-40bb-b1cc-36aa4bd80902,https://www.autoscout24.it/annunci/b9ebc891-fb6f-40bb-b1cc-36aa4bd80902,it,Volkswagen,polo gti,,Volkswagen Polo GTI2.0 207 cv + Retrocamera + Tetto apribile,26899,,False,2024,06-2024,19354,,used,petrol,152,207,1984,,1,,automatic,,FWD,Berlina,5,5,Nero,,,,,dealer,Autoviemme Olgiate S.r.l.,IT-22077 Olgiate Comasco - Como -  Co,IT,2,https://prod.pictures.autoscout24.net/listing-images/b9ebc891-fb6f-40bb-b1cc-36aa4bd80902_089fae9d-a984-4c35-b76c-056f9c2fa984.jpg/250x188.webp,2026-08-03T05:37:54.457776,1.39,2
faca1c5e-1301-4390-8b2c-8536e49cd0dd,https://www.autoscout24.it/annunci/faca1c5e-1301-4390-8b2c-8536e49cd0dd,it,BMW,x5,,BMW X550d auto,28900,,False,2019,11-2019,225000,,used,diesel,294,399,2993,,180,,automatic,,AWD,SUV/Fuoristrada/Pick-up,5,5,,,,,,dealer,Giacchi Automobili Srl,IT-45100 Rovigo - RO,IT,2,https://prod.pictures.autoscout24.net/listing-images/faca1c5e-1301-4390-8b2c-8536e49cd0dd_d752e274-ec39-4932-b2fc-417304cfdebb.jpg/250x188.webp,2026-08-03T05:37:54.457784,0.13,7
8e7e31df-1e52-4b01-87ae-1fdd7694e45e,https://www.autoscout24.it/annunci/8e7e31df-1e52-4b01-87ae-1fdd7694e45e,it,Opel,corsa,,Opel Corsa1.2 100 CV,12850,,False,2026,03-2026,5,,new,petrol,73,100,1199,,96,,manual,,FWD,Berlina,5,5,Grigio,,,,,dealer,Autobengasi Srl,IT-10126 Torino - TO,IT,2,https://prod.pictures.autoscout24.net/listing-images/8e7e31df-1e52-4b01-87ae-1fdd7694e45e_d0bbfbed-941f-4e16-a2d3-7b2125b117db.jpg/250x188.webp,2026-08-03T05:37:54.457837,2570.0,0
eee8e163-c376-4ff3-815c-6882fbb5cf79,https://www.autoscout24.it/annunci/eee8e163-c376-4ff3-815c-6882fbb5cf79,it,Toyota,yaris,,Toyota Yaris1.5 Hybrid Trend,14900,,False,2023,06-2023,45000,,used,hybrid,68,92,1490,,,,automatic,,FWD,Berlina,5,5,Argento,,,,,dealer,La Barca Automobili srl,IT-10036 Settimo Torinese - Torino - TO,IT,2,https://prod.pictures.autoscout24.net/listing-images/eee8e163-c376-4ff3-815c-6882fbb5cf79_1696cf5f-77bf-4b32-8563-26e30f1be661.jpg/250x188.webp,2026-08-03T05:37:54.457846,0.33,3
d73227e3-37ba-46aa-b828-f6c46af9afc6,https://www.autoscout24.it/annunci/d73227e3-37ba-46aa-b828-f6c46af9afc6,it,Mercedes-Benz,c 220,,Mercedes-Benz C 220- C SW 220 d mhev Premium auto,31500,,False,2022,04-2022,108770,,used,diesel,147,199,1993,,,,automatic,,RWD,Station Wagon,5,5,Grigio,,,,,dealer,Delta Motors  spa,IT-62010 Montecosaro - Macerata - MC,IT,2,https://prod.pictures.autoscout24.net/listing-images/d73227e3-37ba-46aa-b828-f6c46af9afc6_f86fef7d-d33e-4eb4-8aae-567f841a68b3.jpg/250x188.webp,2026-08-03T05:37:54.457854,0.29,4
40473635-56b4-4fa0-9b3a-bf179a7dbaf3,https://www.autoscout24.it/annunci/40473635-56b4-4fa0-9b3a-bf179a7dbaf3,it,Mercedes-Benz,gla 200,,Mercedes-Benz GLA 200d Automatic Executive,14200,,False,2018,08-2018,121000,2,used,diesel,100,136,2143,,155,,automatic,,FWD,SUV/Fuoristrada/Pick-up,5,5,Grigio,,,,,dealer,Minto Mirano Auto,IT-30035 Mirano - Venezia - VE,IT,2,https://prod.pictures.autoscout24.net/listing-images/40473635-56b4-4fa0-9b3a-bf179a7dbaf3_d54c2c1b-e20e-4c48-a35f-4d6a071923f6.jpg/250x188.webp,2026-08-03T05:37:54.457861,0.12,8
e1b0d170-bf36-4d6e-8024-a6d8197e3c31,https://www.autoscout24.it/annunci/e1b0d170-bf36-4d6e-8024-a6d8197e3c31,it,Jeep,renegade,,Jeep Renegade1.6 mjt All. Limited 130cv **SOLO 40.000KM,15990,,False,2023,01-2023,39000,1,used,diesel,95,130,1598,,,,manual,,FWD,SUV/Fuoristrada/Pick-up,5,5,Grigio,,,,,dealer,Automobili Zupi  by F & D Motors srls,IT-00132 Roma - RM,IT,2,https://prod.pictures.autoscout24.net/listing-images/e1b0d170-bf36-4d6e-8024-a6d8197e3c31_0c759c32-9998-4f12-9b25-3fdc4905b133.jpg/250x188.webp,2026-08-03T05:37:54.457868,0.41,3
308ae537-cd00-474a-8c41-446cc4ba0172,https://www.autoscout24.it/annunci/308ae537-cd00-474a-8c41-446cc4ba0172,it,Cupra,leon,,CUPRA LeonLeon 1.4 e-hybrid VZ 245cv dsg,22990,,False,2023,02-2023,39650,,used,hybrid,180,245,1395,,,,automatic,,Keine Angabe,Berlina,5,,Grigio,,,,,dealer,Gruppo Piccirillo Spa Roma,IT-00156 Roma - RM,IT,2,https://prod.pictures.autoscout24.net/listing-images/308ae537-cd00-474a-8c41-446cc4ba0172_e123c97a-2c14-42f4-ab82-6e8870790e6e.jpg/250x188.webp,2026-08-03T05:37:54.457883,0.58,3
c0dbeeeb-daa5-482d-9dc5-36d80f4ea653,https://www.autoscout24.it/annunci/c0dbeeeb-daa5-482d-9dc5-36d80f4ea653,it,Alfa Romeo,giulia,,Alfa Romeo GiuliaGiulia 2.2 t Executive 160cv auto *PREZZO,21400,,False,2021,01-2021,70000,2,used,diesel,117,160,2143,,126,,automatic,,RWD,Berlina,4,5,Blu/Azzurro,,,,,dealer,Grande Motors Srl,IT-10022 Carmagnola - Torino - To,IT,2,https://prod.pictures.autoscout24.net/listing-images/c0dbeeeb-daa5-482d-9dc5-36d80f4ea653_aa013c72-5a63-468d-bc52-c2d912367e03.jpg/250x188.webp,2026-08-03T05:37:54.457891,0.31,5
8ec21934-290f-4a40-93e3-76f6d8ed9e4a,https://www.autoscout24.it/annunci/8ec21934-290f-4a40-93e3-76f6d8ed9e4a,it,Mitsubishi,eclipse cross,,Mitsubishi Eclipse CrossMitsubishi Eclipse Cross 1.5 turbo,13900,,False,2020,06-2020,37000,1,used,petrol,88,120,1499,,177,,manual,,FWD,SUV/Fuoristrada/Pick-up,5,5,Nero,,,,,dealer,MS Automobili Srl,IT-10143 Torino - To,IT,2,https://prod.pictures.autoscout24.net/listing-images/8ec21934-290f-4a40-93e3-76f6d8ed9e4a_d786f07f-87bd-4163-adea-525341979c8f.jpg/250x188.webp,2026-08-03T05:37:54.457899,0.38,6
cb3e7b77-1971-4eff-bd51-bf365af3a5a8,https://www.autoscout24.it/annunci/cb3e7b77-1971-4eff-bd51-bf365af3a5a8,it,Ford,puma,,Ford Puma1.5EcoBlue 120cv Titanium Navi Sensori AutocarroN1,9900,,False,2021,09-2021,100000,1,used,diesel,88,120,1499,,93,,manual,,FWD,SUV/Fuoristrada/Pick-up,5,4,Bianco,,,,,dealer,Pluricar Srl,IT-26022 Costa Sant'Abramo  - Cremona - CR,IT,2,https://prod.pictures.autoscout24.net/listing-images/cb3e7b77-1971-4eff-bd51-bf365af3a5a8_27ca1ea4-fcab-4a29-a4a7-656f27834f1b.jpg/250x188.webp,2026-08-03T05:37:54.457914,0.1,5
86e8951f-dd1b-4554-8d3e-4de640dae2cc,https://www.autoscout24.it/annunci/86e8951f-dd1b-4554-8d3e-4de640dae2cc,it,BMW,m8,,BMW M8BMW M8 Cabrio M8 Competition Unicoproprietario,69900,,False,2020,09-2020,97000,1,used,petrol,460,625,4395,,246,,automatic,,AWD,Cabrio,2,4,Nero,,,,,dealer,MS Automobili Srl,IT-10143 Torino - To,IT,2,https://prod.pictures.autoscout24.net/listing-images/86e8951f-dd1b-4554-8d3e-4de640dae2cc_27228646-61cf-4211-9887-37e1f0943f42.jpg/250x188.webp,2026-08-03T05:37:54.457936,0.72,6
cae1066c-17cd-4924-80ff-640a2c4eab3a,https://www.autoscout24.it/annunci/cae1066c-17cd-4924-80ff-640a2c4eab3a,it,Opel,grandland,,Opel Grandland1.2 hybrid edition 145cv e-dcs6,25900,,False,2025,10-2025,10,1,new,hybrid,106,145,1199,,123,,automatic,,FWD,SUV/Fuoristrada/Pick-up,5,5,Nero,,,,,dealer,De Bona Srl,IT-35127 Padova,IT,2,https://prod.pictures.autoscout24.net/listing-images/cae1066c-17cd-4924-80ff-640a2c4eab3a_8242b5d2-42a6-4b3b-ad4e-4437a03ed5e6.jpg/250x188.webp,2026-08-03T05:37:54.457944,2590.0,1
e4ccf666-0ba0-4043-b214-67c37c7ee1bc,https://www.autoscout24.it/annunci/e4ccf666-0ba0-4043-b214-67c37c7ee1bc,it,Toyota,proace,,Toyota ProaceNETTO IVA porte elettriche tetto panaram 180 cv,27900,,False,2021,07-2021,63000,1,used,diesel,132,180,1997,,144,,automatic,,FWD,Monovolume,5,8,Marrone,,,,,dealer,Autoelite 4x4,IT-22070 Rovello Porro - Como - CO,IT,2,https://prod.pictures.autoscout24.net/listing-images/e4ccf666-0ba0-4043-b214-67c37c7ee1bc_94948e2b-cec5-4e98-aed0-57bbb9e791de.jpg/250x188.webp,2026-08-03T05:37:54.457952,0.44,5
9fca1d07-1fa5-4880-9c93-0d88e97c0054,https://www.autoscout24.it/annunci/9fca1d07-1fa5-4880-9c93-0d88e97c0054,it,Citroen,c4,,Citroen C41.5 bluehdi Plus s&s 130cv eat8 '24,16400,,False,2024,12-2024,13852,1,used,diesel,95,130,1499,,,,automatic,,FWD,Berlina,5,5,Grigio,,,,,dealer,Cisa 2000 Srl,IT-40013 Castel Maggiore - Bologna - BO,IT,2,https://prod.pictures.autoscout24.net/listing-images/9fca1d07-1fa5-4880-9c93-0d88e97c0054_477cd547-5ae9-4423-abc5-891daf003b51.jpg/250x188.webp,2026-08-03T05:37:54.457959,1.18,2
859eac38-c502-4a1b-a4cb-560043b5d30a,https://www.autoscout24.it/annunci/859eac38-c502-4a1b-a4cb-560043b5d30a,it,Opel,corsa,,Opel Corsa1.2 100 CV,13000,,False,2026,05-2026,5,,new,petrol,73,100,1199,,96,,manual,,FWD,Berlina,5,5,Nero,,,,,dealer,Autobengasi Srl,IT-10126 Torino - TO,IT,2,https://prod.pictures.autoscout24.net/listing-images/859eac38-c502-4a1b-a4cb-560043b5d30a_a5ad9725-9f58-40c7-8a7a-a1f0c3053421.jpg/250x188.webp,2026-08-03T05:37:54.457975,2600.0,0
cf156d3b-eee9-49cf-846c-7a9af254c7a1,https://www.autoscout24.it/annunci/cf156d3b-eee9-49cf-846c-7a9af254c7a1,it,Porsche,panamera,,Porsche PanameraSport Turismo 4.0 Turbo S e-hybrid auto,65900,,False,2018,05-2018,144000,,used,hybrid,499,680,3996,,,,automatic,,Keine Angabe,Berlina,5,5,Grigio,,,,,dealer,Vr Auto Srl,IT-37139 Verona  - VR,IT,2,https://prod.pictures.autoscout24.net/listing-images/cf156d3b-eee9-49cf-846c-7a9af254c7a1_6a618488-c98a-4cd9-878e-d2f0f442d2ab.jpg/250x188.webp,2026-08-03T05:37:54.457990,0.46,8
0af0616a-6c45-4432-9779-74a51bff14db,https://www.autoscout24.it/annunci/0af0616a-6c45-4432-9779-74a51bff14db,it,Ford,fiesta,,Ford Fiesta5p 1.0 ecoboost h st-line x 125cv,13320,,False,2022,07-2022,23100,1,used,hybrid,91,125,999,,114,,manual,,FWD,Berlina,5,5,Grigio,,,,,dealer,Carpoint Spa,IT-00128 Roma - Rm,IT,3,https://prod.pictures.autoscout24.net/listing-images/0af0616a-6c45-4432-9779-74a51bff14db_c470effa-603c-4d67-b4ac-b76225d7b42e.jpg/250x188.webp,2026-08-03T05:37:54.457998,0.58,4
2f33e883-75da-4840-bd66-fc32fe6bc289,https://www.autoscout24.it/annunci/2f33e883-75da-4840-bd66-fc32fe6bc289,it,Nissan,x-trail,,Nissan X-Trail1.5 e-power Tekna 2wd,28900,,False,2023,01-2023,9140,,used,hybrid,150,204,1497,,,,automatic,,FWD,SUV/Fuoristrada/Pick-up,5,5,Nero,,,,,dealer,Gruppo Carmeli SpA,IT-24124 Bergamo - BG,IT,2,https://prod.pictures.autoscout24.net/listing-images/2f33e883-75da-4840-bd66-fc32fe6bc289_4ae7bd5f-abc0-49a5-836b-66fb82d5402d.jpg/250x188.webp,2026-08-03T05:37:54.458006,3.16,3
44082f5a-0a5f-4cca-944f-aa3c5903d64a,https://www.autoscout24.it/annunci/44082f5a-0a5f-4cca-944f-aa3c5903d64a,it,Mercedes-Benz,v,,Mercedes-Benz V250 d Premium 4matic Extralong auto 8 posti,39900,,False,2019,03-2019,115000,,used,diesel,140,190,2143,,,,automatic,,AWD,Monovolume,5,8,Nero,,,,,dealer,TM Wagen Pistoia Srl,IT-51100 Pistoia - Pt,IT,2,https://prod.pictures.autoscout24.net/listing-images/44082f5a-0a5f-4cca-944f-aa3c5903d64a_bae9e351-b756-480c-8698-1acead2ead58.jpg/250x188.webp,2026-08-03T05:37:54.458013,0.35,7
ee2c6a71-7941-4ecb-8bf1-05d7234246cc,https://www.autoscout24.it/annunci/ee2c6a71-7941-4ecb-8bf1-05d7234246cc,it,Hyundai,bayon,,Hyundai BAYON1.0 t-gdi 48V Xclass imt,12900,,False,2021,09-2021,48413,1,used,hybrid,74,100,998,,118,,manual,,FWD,SUV/Fuoristrada/Pick-up,5,5,Verde,,,,,dealer,Autostar Flaminia Spa,IT-00138 Roma - RM,IT,2,https://prod.pictures.autoscout24.net/listing-images/ee2c6a71-7941-4ecb-8bf1-05d7234246cc_1b92da62-a9e8-4072-aac7-90a0400aa081.jpg/250x188.webp,2026-08-03T05:37:54.458021,0.27,5
6d8cfa36-007e-4c11-93ae-54c6f5192e1e,https://www.autoscout24.it/annunci/6d8cfa36-007e-4c11-93ae-54c6f5192e1e,it,Mercedes-Benz,vito,,Mercedes-Benz VitoIII 116 - vito 116 cdi compact mixto auto,32500,,False,2021,07-2021,79075,,used,diesel,120,163,1950,,,,automatic,,RWD,Altro,4,6,Grigio,,,,,dealer,,IT-50056 Montelupo Fiorentino - Firenze - FI,IT,1,https://prod.pictures.autoscout24.net/listing-images/6d8cfa36-007e-4c11-93ae-54c6f5192e1e_f77bad06-796c-4fe5-a0b3-064d4c586382.png/250x188.webp,2026-08-03T05:37:54.458028,0.41,5
274eaf17-f10c-490e-b816-00c500b7f436,https://www.autoscout24.it/annunci/274eaf17-f10c-490e-b816-00c500b7f436,it,Byd,seal u,,BYD Seal USeal U DM-i 4WD 324CV e-Cvt *km0,36900,,False,2026,05-2026,25,1,new,hybrid,238,324,1497,,13,,automatic,,AWD,SUV/Fuoristrada/Pick-up,5,5,Nero,,,,,dealer,Dielle Auto Srl,IT-10071 Borgaro Torinese,IT,2,https://prod.pictures.autoscout24.net/listing-images/274eaf17-f10c-490e-b816-00c500b7f436_2c61cf42-2692-4bb6-9975-96cd7a6bd68a.jpg/250x188.webp,2026-08-03T05:37:54.458036,1476.0,0
adbd8f1b-d0fb-440d-b353-ca863a4c0d0e,https://www.autoscout24.it/annunci/adbd8f1b-d0fb-440d-b353-ca863a4c0d0e,it,Jeep,compass,,Jeep Compass1.6 mjt Limited 2wd 120cv - 67.000 KM -,15900,,False,2020,08-2020,67000,1,used,diesel,88,120,1598,,,,manual,,FWD,SUV/Fuoristrada/Pick-up,5,5,Blu/Azzurro,,,,,dealer,Auto Market Plus Srl,IT-14100 Asti - AT -,IT,2,https://prod.pictures.autoscout24.net/listing-images/adbd8f1b-d0fb-440d-b353-ca863a4c0d0e_d48f925a-a2fe-4578-b2b9-90b8aedcbe1b.jpg/250x188.webp,2026-08-03T05:37:54.458043,0.24,6
aa5289bb-6d2b-47a0-a5ee-fc128cc00128,https://www.autoscout24.it/annunci/aa5289bb-6d2b-47a0-a5ee-fc128cc00128,it,Audi,a3,,Audi A3A3 SPB 35 TFSI S tronic S line edition,33900,,False,2025,05-2025,18500,1,used,hybrid,110,149,1498,,,,automatic,,FWD,Berlina,5,5,Bianco,,,,,dealer,Panoramauto Torino srl,IT-10156 Torino - To,IT,2,https://prod.pictures.autoscout24.net/listing-images/aa5289bb-6d2b-47a0-a5ee-fc128cc00128_125209a0-6a11-4482-a63a-4e9245c5c968.jpg/250x188.webp,2026-08-03T05:37:54.458051,1.83,1
a2829b65-d41a-411f-ad45-f6f6ed9aa2ed,https://www.autoscout24.it/annunci/a2829b65-d41a-411f-ad45-f6f6ed9aa2ed,it,Ford,puma,,Ford Puma1.0 EcoBoost Hybrid 125 CV S&S ST-Line X,13980,,False,2024,04-2024,19000,1,used,hybrid,91,125,999,,,4.0,manual,,FWD,SUV/Fuoristrada/Pick-up,5,5,Grigio,,,,,dealer,Ice Car Srl,IT-00128 Roma,IT,2,https://prod.pictures.autoscout24.net/listing-images/a2829b65-d41a-411f-ad45-f6f6ed9aa2ed_86806b61-62fc-4fab-9724-9aa6301cbeab.jpg/250x188.webp,2026-08-03T05:37:54.458059,0.74,2
bc4c6ba8-4d21-4a48-8766-96343deeafe7,https://www.autoscout24.it/annunci/bc4c6ba8-4d21-4a48-8766-96343deeafe7,it,Peugeot,5008,,Peugeot 5008Allure EAT8 - 7 posti 1.5 Diesel 131CV,15490,,False,2020,10-2020,72749,1,used,diesel,96,131,1499,,107,,automatic,,FWD,SUV/Fuoristrada/Pick-up,5,7,Grigio,,,,,dealer,brumbrum - Reggio Emilia,IT-42122 Reggio Emilia RE,IT,2,https://prod.pictures.autoscout24.net/listing-images/bc4c6ba8-4d21-4a48-8766-96343deeafe7_c273896a-0ab9-4150-921f-22cc969c6c7b.jpg/250x188.webp,2026-08-03T05:37:54.458066,0.21,6
faeec003-4add-4bde-9207-6e6a77f0c514,https://www.autoscout24.it/annunci/faeec003-4add-4bde-9207-6e6a77f0c514,it,Alfa Romeo,junior,,Alfa Romeo JuniorJunior 1.2 ibrida 136cv edct6,23400,,False,2025,01-2025,10,,new,hybrid,99,136,1199,,109,,automatic,,FWD,SUV/Fuoristrada/Pick-up,5,5,Grigio,,,,,dealer,Bebocar 2.0 srl,IT-10093 Collegno - TO,IT,2,https://prod.pictures.autoscout24.net/listing-images/faeec003-4add-4bde-9207-6e6a77f0c514_fe13d833-035a-4244-ba62-ce8a5e2b401e.jpg/250x188.webp,2026-08-03T05:37:54.458074,2340.0,1
61856749-eb58-4d5f-98ea-ab2e8551900e,https://www.autoscout24.it/annunci/61856749-eb58-4d5f-98ea-ab2e8551900e,it,Volkswagen,golf,,Volkswagen GolfGolf 5p 1.0 Tsi Sport 115cv R Line,17490,,False,2019,06-2019,115000,1,used,petrol,84,115,999,,125,,automatic,,FWD,Berlina,5,5,Nero,,,,,dealer,Dacar Srl,IT-20099 Sesto San Giovanni - Milano - Mi,IT,2,https://prod.pictures.autoscout24.net/listing-images/61856749-eb58-4d5f-98ea-ab2e8551900e_e8dace70-3645-48fc-b308-3add0ea87e91.jpg/250x188.webp,2026-08-03T05:37:54.458090,0.15,7
543a9d5e-4e9a-41e1-8f68-9828331e6827,https://www.autoscout24.it/annunci/543a9d5e-4e9a-41e1-8f68-9828331e6827,it,Lynk & Co,01,,Lynk & Co 011.5 phev - SENZA VINCOLI DI FINANZIAMENTO,21990,,False,2023,02-2023,20800,,used,hybrid,132,179,1477,,0,,automatic,,FWD,Altro,5,5,Grigio,,,,,dealer,Gallotti Auto Srl,IT-21013 Gallarate - Varese - Va,IT,2,https://prod.pictures.autoscout24.net/listing-images/543a9d5e-4e9a-41e1-8f68-9828331e6827_d7b3ad0c-b59c-4a75-a14c-ba375e593c9c.jpg/250x188.webp,2026-08-03T05:37:54.458097,1.06,3
54c33436-1373-40c9-abf4-d8e8980f3b1e,https://www.autoscout24.it/annunci/54c33436-1373-40c9-abf4-d8e8980f3b1e,it,Mercedes-Benz,e 200,,Mercedes-Benz E 200- E 200 d Auto Business Sport,24250,,False,2019,07-2019,138393,,used,diesel,118,160,1597,,,,automatic,,RWD,Station Wagon,4,5,Nero,,,,,dealer,Delta Motors  S.p.A.,IT-47921 Rimini - RN,IT,2,https://prod.pictures.autoscout24.net/listing-images/54c33436-1373-40c9-abf4-d8e8980f3b1e_6bb027aa-f288-468f-878d-37e288184912.jpg/250x188.webp,2026-08-03T05:37:54.458114,0.18,7
da1c3f39-a9f8-427f-9f48-0dfb6ea10dee,https://www.autoscout24.it/annunci/da1c3f39-a9f8-427f-9f48-0dfb6ea10dee,it,Chrysler,pacifica,,Chrysler PacificaPacifica 3.6 V6 Limited awd at9,87730,,False,,new,5000,1,used,petrol,155,211,3605,,249,,automatic,,AWD,Monovolume,5,7,Nero,,,,,dealer,O.M.S. Commerciale Fuoristrada Srl,IT-35020 Albignasego - Padova - Pd,IT,2,https://prod.pictures.autoscout24.net/listing-images/da1c3f39-a9f8-427f-9f48-0dfb6ea10dee_7c87914e-6f13-4ee4-85a6-2d23813a58c5.jpg/250x188.webp,2026-08-03T05:37:54.458121,17.55,
8370a7f6-2849-43a6-b62d-01922529e1c9,https://www.autoscout24.it/annunci/8370a7f6-2849-43a6-b62d-01922529e1c9,it,Porsche,taycan,,Porsche TaycanTaycan,73800,,False,2023,08-2023,5000,,used,electric,205,280,,,0,,automatic,,RWD,City car,4,5,Argento,,,,,dealer,Privacar Padova ovest,IT-35030 Abano Terme - Padova - PD,IT,2,https://prod.pictures.autoscout24.net/listing-images/8370a7f6-2849-43a6-b62d-01922529e1c9_9b8f2c6d-63de-45fe-9c68-852e45b9f34e.jpg/250x188.webp,2026-08-03T05:37:54.458137,14.76,3
b954a3ba-99ae-4373-b3b4-bc2779453fdc,https://www.autoscout24.it/annunci/b954a3ba-99ae-4373-b3b4-bc2779453fdc,it,Mg,zs,,MG ZSZS 1.0 Luxury * TETTO APRIBILE * PROMOZIONE,10800,,False,2023,05-2023,70000,1,used,petrol,82,111,999,,,,manual,,Keine Angabe,SUV/Fuoristrada/Pick-up,5,5,Nero,,,,,dealer,Auto MGV Srl,IT-10040 La Loggia- Torino,IT,2,https://prod.pictures.autoscout24.net/listing-images/b954a3ba-99ae-4373-b3b4-bc2779453fdc_e834191d-1258-43b4-8c37-57606be1fa80.jpg/250x188.webp,2026-08-03T05:37:54.458145,0.15,3
a7ec5f92-0e49-4f35-b32a-b05fed645a7c,https://www.autoscout24.it/annunci/a7ec5f92-0e49-4f35-b32a-b05fed645a7c,it,Mini,john cooper works clubman,,MINI John Cooper Works Clubman2.0 JCW auto 4 ALL,33900,,False,2022,11-2022,25428,2,used,petrol,225,306,1998,,,,automatic,,AWD,Station Wagon,5,5,Blu/Azzurro,,,,,dealer,Ezio Tettamanti sas,IT-23861 Cesana Brianza - Lecco - Lc,IT,2,https://prod.pictures.autoscout24.net/listing-images/a7ec5f92-0e49-4f35-b32a-b05fed645a7c_8715b103-d811-4b85-9159-e245727c62a7.jpg/250x188.webp,2026-08-03T05:37:54.458152,1.33,4
1c75583f-b457-4d4f-8ae9-95aebe67be75,https://www.autoscout24.it/annunci/1c75583f-b457-4d4f-8ae9-95aebe67be75,it,Ford,tourneo custom,,Ford Tourneo CustomTourneo Custom 320 2.0 EcoBlue 136CV PC,34900,,False,2024,05-2024,52139,1,used,diesel,99,136,1996,,182,,manual,,FWD,Monovolume,5,9,Nero,,,,,dealer,R-Cars+,IT-21012 Cassano Magnago - Varese,IT,2,https://prod.pictures.autoscout24.net/listing-images/1c75583f-b457-4d4f-8ae9-95aebe67be75_8f47fc4a-b4b5-4003-aada-3de33b332185.jpg/250x188.webp,2026-08-03T05:37:54.458160,0.67,2
7e0d8302-c4d4-41bd-991b-69104167b73c,https://www.autoscout24.it/annunci/7e0d8302-c4d4-41bd-991b-69104167b73c,it,Audi,q3,,Audi Q3Q3 I 2019 Sportback Sportback 35 2.0 tdi S line,33900,,False,2023,04-2023,56000,1,used,diesel,110,149,1968,,,,semiautomatico,,FWD,SUV/Fuoristrada/Pick-up,5,5,Tipo di verniceAltro,,,,,dealer,NM Auto srl,IT-35143 Padova - PD,IT,2,https://prod.pictures.autoscout24.net/listing-images/7e0d8302-c4d4-41bd-991b-69104167b73c_8eb7cadb-cbac-4b3d-b300-4655a3b18e7a.jpg/250x188.webp,2026-08-03T05:37:54.458168,0.61,3
27da8e05-87f7-4cc6-9c52-0cdda586a7fa,https://www.autoscout24.it/annunci/27da8e05-87f7-4cc6-9c52-0cdda586a7fa,it,Toyota,c-hr,,Toyota C-HRHybrid Business 1.8 Full Hybrid 122CV,16690,,False,2022,04-2022,51669,1,used,hybrid,89,122,1798,,,,automatic,,FWD,SUV/Fuoristrada/Pick-up,5,5,Argento,,,,,dealer,brumbrum - Reggio Emilia,IT-42122 Reggio Emilia RE,IT,2,https://prod.pictures.autoscout24.net/listing-images/27da8e05-87f7-4cc6-9c52-0cdda586a7fa_062a817d-00b8-4c26-ac7f-cd3be917ed4a.jpg/250x188.webp,2026-08-03T05:37:54.458176,0.32,4
7b4d9117-af0a-4047-a668-d7da0f367f18,https://www.autoscout24.it/annunci/7b4d9117-af0a-4047-a668-d7da0f367f18,it,BMW,x3,,BMW X3xDrive30e PHEV Msport Navi Pelle Fari LED M sport,35800,,False,2022,05-2022,68000,1,used,hybrid,215,292,1998,,48,,automatic,,AWD,SUV/Fuoristrada/Pick-up,5,5,Blu/Azzurro,,,,,dealer,Pluricar Srl,IT-26022 Costa Sant'Abramo  - Cremona - CR,IT,2,https://prod.pictures.autoscout24.net/listing-images/7b4d9117-af0a-4047-a668-d7da0f367f18_bdb796cb-f31d-4295-830a-41dd72669954.jpg/250x188.webp,2026-08-03T05:37:54.458184,0.53,4
bfe4a22f-d19a-4099-9ca0-b5c665cbb536,https://www.autoscout24.it/annunci/bfe4a22f-d19a-4099-9ca0-b5c665cbb536,it,Mg,zs,,MG ZS1.5 Comfort (KM 0),16900,,False,2026,02-2026,10,,new,petrol,85,115,1495,,145,,manual,,Keine Angabe,SUV/Fuoristrada/Pick-up,5,5,Nero,,,,,dealer,Az Car Srls,IT-31021 Mogliano Veneto - Treviso - TV,IT,2,https://prod.pictures.autoscout24.net/listing-images/bfe4a22f-d19a-4099-9ca0-b5c665cbb536_8212358d-9075-4e14-9c8c-f5eb0c343516.jpg/250x188.webp,2026-08-03T05:37:54.458192,1690.0,0
40feab91-9b46-4380-a54b-4c9a5aa7a1b3,https://www.autoscout24.it/annunci/40feab91-9b46-4380-a54b-4c9a5aa7a1b3,it,Opel,mokka,,Opel Mokka1.2 T 100 CV EDITION MT6 SUV,11800,,False,2023,02-2023,62048,1,used,petrol,73,100,,,,,manual,,€ 0,SUV/Fuoristrada/Pick-up,,,BIANCO,,,,,dealer,Ariel Car Bologna,IT-40010 Bentivoglio - Bologna,IT,2,https://prod.pictures.autoscout24.net/listing-images/40feab91-9b46-4380-a54b-4c9a5aa7a1b3_3a7721a0-01dd-4979-94c4-64761fff67b2.jpg/250x188.webp,2026-08-03T05:37:54.458199,0.19,3
fdf3150c-86c0-4544-bd95-570171741434,https://www.autoscout24.it/annunci/fdf3150c-86c0-4544-bd95-570171741434,it,Opel,corsa,,Opel Corsa1.2 Edition 75cv,7900,,False,2021,10-2021,57345,1,used,petrol,55,75,1199,,93,,manual,,FWD,Berlina,5,5,Grigio,,,,,dealer,Autostar Flaminia Spa,IT-00138 Roma - RM,IT,2,https://prod.pictures.autoscout24.net/listing-images/fdf3150c-86c0-4544-bd95-570171741434_8f5ab7d1-c579-4bf0-beb6-e2c287add2ee.jpg/250x188.webp,2026-08-03T05:37:54.458207,0.14,5
f547d53b-6f77-42bd-a40e-196122b7b275,https://www.autoscout24.it/annunci/f547d53b-6f77-42bd-a40e-196122b7b275,it,Nissan,qashqai,,Nissan Qashqai1.5 e-power N-Connecta 2wd,28000,,False,2025,02-2025,20407,1,used,hybrid,140,190,1497,,,,automatic,,FWD,SUV/Fuoristrada/Pick-up,5,5,Grigio,,,,,dealer,Ayvens Treviso,IT-31023 Resana - Treviso - TV,IT,2,https://prod.pictures.autoscout24.net/listing-images/f547d53b-6f77-42bd-a40e-196122b7b275_bdc9a25f-b02c-4f0a-a4e2-dce3aa89a8b5.jpg/250x188.webp,2026-08-03T05:37:54.458215,1.37,1
4a2a2328-5dea-416a-b134-d6c7e010c146,https://www.autoscout24.it/annunci/4a2a2328-5dea-416a-b134-d6c7e010c146,it,Renault,alaskan,,Renault AlaskanAlaskan DC 2.3 dci t Intens 4wd s,19900,,False,2019,02-2019,122708,,used,diesel,120,163,2298,,,,manual,,AWD,SUV/Fuoristrada/Pick-up,4,5,Nero,,,,,dealer,RT Auto di Racoti Marius Florin,IT-15033 Casale Monferrato- Alessandria -AL,IT,2,https://prod.pictures.autoscout24.net/listing-images/4a2a2328-5dea-416a-b134-d6c7e010c146_7bcb8ecc-cf54-4e23-9122-cd980680fbdd.jpg/250x188.webp,2026-08-03T05:37:54.458223,0.16,7
a893309e-03aa-4034-9258-12d9de866512,https://www.autoscout24.it/annunci/a893309e-03aa-4034-9258-12d9de866512,it,Peugeot,308,,PEUGEOT 308 1.5 bluehdi Allure s&s 130cv eat8 con PACK,24990,,False,2026,01-2026,10,,new,diesel,95,130,1499,,,,automatic,,FWD,Berlina,5,5,Bianco,,,,,dealer,Sorbara Auto Srl,IT-20814 Varedo - Monza-Brianza - Mb,IT,2,https://prod.pictures.autoscout24.net/listing-images/a893309e-03aa-4034-9258-12d9de866512_721ac25c-fce1-47e9-b714-016f273bf046.jpg/250x188.webp,2026-08-03T05:37:54.458231,2499.0,0
1df7e537-e0ab-482f-909a-be9360eb803c,https://www.autoscout24.it/annunci/1df7e537-e0ab-482f-909a-be9360eb803c,it,Jeep,renegade,,Jeep RenegadeRenegade 120 Cv Limited Nessun obbligo,13950,,False,2019,06-2019,50762,1,used,petrol,88,120,999,,,,manual,,FWD,Station Wagon,5,5,Grigio,,,,,dealer,Paonessa Peugeot,IT-10086 Rivarolo Canavese - To,IT,2,https://prod.pictures.autoscout24.net/listing-images/1df7e537-e0ab-482f-909a-be9360eb803c_828a4fb5-66a7-4004-91dc-a08d08457693.jpg/250x188.webp,2026-08-03T05:37:54.458240,0.27,7
5e6e1d27-6a7f-49a4-918a-82c0d7324a52,https://www.autoscout24.it/annunci/5e6e1d27-6a7f-49a4-918a-82c0d7324a52,it,Land Rover,discovery sport,,Land Rover Discovery SportDiscovery Sport I 2015 2.0 td4,12699,,False,2019,02-2019,103000,,used,diesel,110,150,1999,,,,automatic,,AWD,SUV/Fuoristrada/Pick-up,5,5,Grigio,,,,,dealer,,IT-20007 Cornaredo - MI - Milano,IT,1,https://prod.pictures.autoscout24.net/listing-images/5e6e1d27-6a7f-49a4-918a-82c0d7324a52_6e897302-b77c-4b54-b245-c333d623d463.jpg/250x188.webp,2026-08-03T05:37:54.458256,0.12,7
a49bfeae-c823-43ea-80f9-11ff17672c52,https://www.autoscout24.it/annunci/a49bfeae-c823-43ea-80f9-11ff17672c52,it,Renault,clio,,Renault ClioAUTO AZIENDALE - 1.2 TCe 115 evolution,17990,,False,2026,02-2026,1515,,used,petrol,84,114,1199,,114,,manual,,FWD,Berlina,5,5,Verde,,,,,dealer,Kingmeda Srl,IT-20821 Meda - Monza e Brianza - MB,IT,2,https://prod.pictures.autoscout24.net/listing-images/a49bfeae-c823-43ea-80f9-11ff17672c52_08450124-2c5d-44f1-a2dc-e5f0857b9888.jpg/250x188.webp,2026-08-03T05:37:54.458263,11.87,0
8a473c40-a044-498d-903f-7306586285fd,https://www.autoscout24.it/annunci/8a473c40-a044-498d-903f-7306586285fd,it,Opel,corsa,,Opel Corsa1.2 GS 100cv,12490,,False,2025,04-2025,16092,1,used,petrol,73,100,1199,,,,manual,,FWD,Berlina,5,5,Argento,,,,,dealer,Gencar,IT-10024 Moncalieri - Torino - To,IT,2,https://prod.pictures.autoscout24.net/listing-images/8a473c40-a044-498d-903f-7306586285fd_6f31ff61-ff77-4b6c-a725-75a9c790c9eb.jpg/250x188.webp,2026-08-03T05:37:54.458279,0.78,1
01bdbecc-25ab-4542-a140-97446c5faf88,https://www.autoscout24.it/annunci/01bdbecc-25ab-4542-a140-97446c5faf88,it,Ford,mustang,,Ford MustangMach-e standard range awd 269cv,30000,,False,2023,04-2023,44812,,used,electric,197,269,,,0,,automatic,,€ 0,SUV/Fuoristrada/Pick-up,5,5,Nero,,,,,dealer,Sa.My. Auto,IT-87036 Rende - CS,IT,2,https://prod.pictures.autoscout24.net/listing-images/01bdbecc-25ab-4542-a140-97446c5faf88_ae373d62-fc2e-4594-bcab-362ea9055b71.jpg/250x188.webp,2026-08-03T05:37:54.458302,0.67,3
b4ffa931-3168-4537-955a-e7ed3d18bdd0,https://www.autoscout24.it/annunci/b4ffa931-3168-4537-955a-e7ed3d18bdd0,it,BMW,120,,BMW 120 48V,24900,,False,2024,10-2024,15000,1,used,hybrid,115,156,1499,,121,,automatic,,FWD,Berlina,5,5,Grigio,,,,,dealer,Automobile Torino srl,IT-10034 Chivasso - Torino,IT,2,https://prod.pictures.autoscout24.net/listing-images/b4ffa931-3168-4537-955a-e7ed3d18bdd0_cbab59f8-46c3-4076-9a97-881ba3883e2d.jpg/250x188.webp,2026-08-03T05:37:54.458310,1.66,2
60f3c2c4-1492-4f58-9da4-075b43a89c03,https://www.autoscout24.it/annunci/60f3c2c4-1492-4f58-9da4-075b43a89c03,it,Mercedes-Benz,a 35 amg,,Mercedes-Benz A 35 AMGTurbo 4Matic 2.0cc 306cv Navi,31900,,False,2021,12-2021,78828,,used,petrol,224,306,1991,,170,,automatic,,AWD,Berlina,5,5,Nero,,,,,dealer,Matarese Automobili,IT-20047 Cusago- Milano,IT,2,https://prod.pictures.autoscout24.net/listing-images/60f3c2c4-1492-4f58-9da4-075b43a89c03_c7dfcb48-4a6c-4c43-b412-fbc782caa950.jpg/250x188.webp,2026-08-03T05:37:54.458318,0.4,5
d1cb3398-314e-49ca-9193-b487012388cc,https://www.autoscout24.it/annunci/d1cb3398-314e-49ca-9193-b487012388cc,it,Nissan,juke,,Nissan JukeJuke 1.0 DIG-T 114 CV DCT N-Connecta,18600,,False,2025,07-2025,23860,1,used,petrol,83,114,999,,,,automatic,,FWD,SUV/Fuoristrada/Pick-up,5,5,Nero,,,,,dealer,Daniele Automobili Srl,IT-10156 Torino,IT,2,https://prod.pictures.autoscout24.net/listing-images/d1cb3398-314e-49ca-9193-b487012388cc_274ced81-da15-46c8-8600-b1439e80c6b9.jpg/250x188.webp,2026-08-03T05:37:54.458325,0.78,1
36e3cc5f-cf52-4234-8236-71f4aa557dd6,https://www.autoscout24.it/annunci/36e3cc5f-cf52-4234-8236-71f4aa557dd6,it,Volkswagen,tayron,,Volkswagen TayronLIFE 1.5 eTSI 150 CV DSG *7 POSTI+MATRIX*,36900,,False,2025,10-2025,25500,,used,hybrid,110,150,1498,,,,automatic,,FWD,SUV/Fuoristrada/Pick-up,5,7,Argento,,,,,dealer,Car Outlet Milano srl,IT-20123 Cologno Monzese - Mi,IT,2,https://prod.pictures.autoscout24.net/listing-images/36e3cc5f-cf52-4234-8236-71f4aa557dd6_c150dc80-bf95-4c07-a87f-613f381656b9.jpg/250x188.webp,2026-08-03T05:37:54.458333,1.45,1
a6317aa8-9abc-4ee7-aad8-2cffc2d99188,https://www.autoscout24.it/annunci/a6317aa8-9abc-4ee7-aad8-2cffc2d99188,it,BMW,x6,,BMW X6xDrive40d 48V Msport TETTO APR,51899,,False,2022,03-2022,103543,1,used,diesel,183,250,2993,,153,,automatic,,AWD,SUV/Fuoristrada/Pick-up,5,5,Grigio,,,,,dealer,Auto Simeone Srl,IT-72012 Carovigno - Brindisi - Br,IT,2,https://prod.pictures.autoscout24.net/listing-images/a6317aa8-9abc-4ee7-aad8-2cffc2d99188_2b02191e-f67a-4aa7-9fec-3680f6b28592.jpg/250x188.webp,2026-08-03T05:37:54.458340,0.5,4
e9a1f471-9f0b-4e22-bb7d-b674e94cd007,https://www.autoscout24.it/annunci/e9a1f471-9f0b-4e22-bb7d-b674e94cd007,it,Ford,puma,,Ford Puma1.0 Ecoboost Hybrid 125CV Titanium Auto,17700,,False,2025,02-2025,37500,1,used,hybrid,91,125,999,,129,,automatic,,FWD,SUV/Fuoristrada/Pick-up,5,5,Nero,,,,,dealer,478 Rent srl,IT-20833 Giussano,IT,2,https://prod.pictures.autoscout24.net/listing-images/e9a1f471-9f0b-4e22-bb7d-b674e94cd007_e6d3da95-5bee-43b8-b5fa-c0b593b01e74.jpg/250x188.webp,2026-08-03T05:37:54.458348,0.47,1
f70b1897-6306-44f9-9a18-936ada863136,https://www.autoscout24.it/annunci/f70b1897-6306-44f9-9a18-936ada863136,it,Mercedes-Benz,a 180,,Mercedes-Benz A 180d Automatic Sport OK NEOPATENTATI,17490,,False,2020,03-2020,58200,,used,diesel,85,115,1461,,100,,automatic,,FWD,Berlina,4,5,Grigio,,,,,dealer,Dream Car Srl,IT-17100 Savona,IT,2,https://prod.pictures.autoscout24.net/listing-images/f70b1897-6306-44f9-9a18-936ada863136_d1426a54-5209-45dc-9ff0-9dbcf3f4fb84.jpg/250x188.webp,2026-08-03T05:37:54.458401,0.3,6
9a3a10d5-716d-4214-a1f8-1f1b8cd22727,https://www.autoscout24.it/annunci/9a3a10d5-716d-4214-a1f8-1f1b8cd22727,it,Kia,proceed / pro_cee'd,,Kia ProCeed / pro_cee'dProCeed 1.6 CRDI DCT GT Line,9500,,False,2019,07-2019,185000,,used,diesel,100,136,1598,,133,,automatic,,FWD,Station Wagon,5,5,Grigio,,,,,dealer,Sata Auto Srls,IT-20090 Segrate - Milano,IT,2,https://prod.pictures.autoscout24.net/listing-images/9a3a10d5-716d-4214-a1f8-1f1b8cd22727_6a697523-1189-4777-85bc-4df556f22e67.jpg/250x188.webp,2026-08-03T05:37:54.458409,0.05,7
b86a0500-de09-4d7c-9ad5-bbbc987f74a7,https://www.autoscout24.it/annunci/b86a0500-de09-4d7c-9ad5-bbbc987f74a7,it,Mitsubishi,grandis,,Mitsubishi GrandisDISPONIBILE IN VARIE COLORAZIONI E,22600,,False,,new,10000,,used,hybrid,104,141,1333,,,,automatic,,FWD,SUV/Fuoristrada/Pick-up,5,5,Bianco,,,,,dealer,TM Wagen Pistoia Srl,IT-51100 Pistoia - Pt,IT,2,https://prod.pictures.autoscout24.net/listing-images/b86a0500-de09-4d7c-9ad5-bbbc987f74a7_d5822cac-3641-48d7-ab98-d41ff80fa076.jpg/250x188.webp,2026-08-03T05:37:54.458417,2.26,
f94491b4-23bb-4983-b3b6-9be53081ac9c,https://www.autoscout24.it/annunci/f94491b4-23bb-4983-b3b6-9be53081ac9c,it,Porsche,panamera,,Porsche Panamera2.9 4 E-Hybrid Sport Turismo,56000,,False,2018,04-2018,108000,,used,hybrid,178,243,2894,,56,,automatic,,AWD,Station Wagon,5,5,Nero,,,,,dealer,L'Auto by Synergy Srl,IT-36010 Cogollo Del Cengio - Vicenza - Vi,IT,2,https://prod.pictures.autoscout24.net/listing-images/f94491b4-23bb-4983-b3b6-9be53081ac9c_294256ed-9614-4f1c-9a74-3aa53166d002.jpg/250x188.webp,2026-08-03T05:37:54.458424,0.52,8
1c71c44a-5af8-4bed-bbd7-1395534a1ba6,https://www.autoscout24.it/annunci/1c71c44a-5af8-4bed-bbd7-1395534a1ba6,it,Audi,e-tron,,Audi e-trone-tron 55 Quattro Advanced,32500,,False,2021,02-2021,69785,,used,electric,226,307,,,0,,automatic,,AWD,SUV/Fuoristrada/Pick-up,5,5,Nero,,,,,dealer,Viesse Auto Srl,IT-20132 Milano - Mi,IT,2,https://prod.pictures.autoscout24.net/listing-images/1c71c44a-5af8-4bed-bbd7-1395534a1ba6_16df7ecd-a54b-409e-9747-c35830c1c5dd.jpg/250x188.webp,2026-08-03T05:37:54.458432,0.47,5
795a8f49-5931-415f-8a09-16c9cd200c15,https://www.autoscout24.it/annunci/795a8f49-5931-415f-8a09-16c9cd200c15,it,Mg,hs,,MG HS1.5 PHEV Luxury AUTO ITALIANA PRONTA CONSEGNA,22980,,False,2025,07-2025,23000,1,used,hybrid,105,142,1496,,,0.0,automatic,,FWD,SUV/Fuoristrada/Pick-up,5,5,Grigio,,,,,dealer,Ice Car Srl,IT-00128 Roma,IT,2,https://prod.pictures.autoscout24.net/listing-images/795a8f49-5931-415f-8a09-16c9cd200c15_116c5727-1b07-4ba1-9287-f03bd084b26d.jpg/250x188.webp,2026-08-03T05:37:54.458439,1.0,1
2ccfc977-3de6-443b-874b-e8bb28b0105b,https://www.autoscout24.it/annunci/2ccfc977-3de6-443b-874b-e8bb28b0105b,it,Mini,cooper s countryman,,MINI Cooper S CountrymanMini Countryman 2.0 Hype All4 auto,26990,,False,2022,08-2022,39800,1,used,petrol,96,131,1998,,125,,automatic,,AWD,SUV/Fuoristrada/Pick-up,5,5,Grigio,,,,,dealer,Dacar Srl,IT-20099 Sesto San Giovanni - Milano - Mi,IT,2,https://prod.pictures.autoscout24.net/listing-images/2ccfc977-3de6-443b-874b-e8bb28b0105b_f62cb9c8-ae8b-4739-9fdc-4d4933213f8f.jpg/250x188.webp,2026-08-03T05:37:54.458460,0.68,4
7ded5b0b-aa09-4a21-99c2-ad01a7c1ec31,https://www.autoscout24.it/annunci/7ded5b0b-aa09-4a21-99c2-ad01a7c1ec31,it,Audi,q2,,Audi Q235 1.5 TFSI S line sport s-tronic,24990,,False,2021,06-2021,69213,1,used,petrol,110,149,1498,,,,automatic,,FWD,SUV/Fuoristrada/Pick-up,5,5,Nero,,,,,dealer,Evoss Group srl,IT-03043 Cassino - Frosinone - FR,IT,2,https://prod.pictures.autoscout24.net/listing-images/7ded5b0b-aa09-4a21-99c2-ad01a7c1ec31_6ec68993-d5fc-40d7-a37a-f94fdedcc7e2.jpg/250x188.webp,2026-08-03T05:37:54.458468,0.36,5
e2e829aa-a1fb-4f69-92ce-b7b60eabd0f6,https://www.autoscout24.it/annunci/e2e829aa-a1fb-4f69-92ce-b7b60eabd0f6,it,Volkswagen,t-roc,,Volkswagen T-Roc1.5 eTSI DSG LIFE 116CV,29900,,False,2026,03-2026,1,1,new,hybrid,85,116,1498,,,,automatic,,FWD,SUV/Fuoristrada/Pick-up,5,5,Bianco,,,,,dealer,Car Outlet Milano srl,IT-20123 Cologno Monzese - Mi,IT,2,https://prod.pictures.autoscout24.net/listing-images/e2e829aa-a1fb-4f69-92ce-b7b60eabd0f6_5386a918-17d6-4697-8503-d91afe99bc58.jpg/250x188.webp,2026-08-03T05:37:54.458476,29900.0,0
bde1cc47-fd18-403e-b829-82262dc5c885,https://www.autoscout24.it/annunci/bde1cc47-fd18-403e-b829-82262dc5c885,it,Ford,puma,,Ford Puma1.0 ecoboost h Titanium s&s 125cv,9900,,False,2020,01-2020,98587,1,used,hybrid,91,125,999,,124,,manual,,FWD,SUV/Fuoristrada/Pick-up,5,5,Blu/Azzurro,,,,,dealer,Autostar Flaminia Spa,IT-00138 Roma - RM,IT,2,https://prod.pictures.autoscout24.net/listing-images/bde1cc47-fd18-403e-b829-82262dc5c885_a71571e6-730a-4131-938b-68e3a8cb011c.jpg/250x188.webp,2026-08-03T05:37:54.458490,0.1,6
f3af23d4-c508-4eec-9f3c-91f3564c8eb1,https://www.autoscout24.it/annunci/f3af23d4-c508-4eec-9f3c-91f3564c8eb1,it,Toyota,yaris,,Toyota Yaris1.5h trend,16900,,False,2022,03-2022,19228,1,used,hybrid,85,115,1490,,92,,automatic,,FWD,Berlina,5,5,Nero,,,,,dealer,Carini Srl,IT-33010 Tavagnacco – Ud,IT,3,https://prod.pictures.autoscout24.net/listing-images/f3af23d4-c508-4eec-9f3c-91f3564c8eb1_a7312a02-1ed5-404c-8606-c1b3ab043b5f.jpg/250x188.webp,2026-08-03T05:37:54.458506,0.88,4
b080e9d3-dcb5-4ce0-a168-bb817b1fb363,https://www.autoscout24.it/annunci/b080e9d3-dcb5-4ce0-a168-bb817b1fb363,it,Audi,a1,,Audi A1A1 allstreet 30 TFSI S tronic Identity Contrast,29900,,False,2026,06-2026,1,1,new,petrol,85,115,999,,135,,automatic,,FWD,Berlina,5,5,Bianco,,,,,dealer,Panoramauto Torino srl,IT-10156 Torino - To,IT,2,https://prod.pictures.autoscout24.net/listing-images/b080e9d3-dcb5-4ce0-a168-bb817b1fb363_ecca8d3e-99a0-47e3-be67-453a5c50ddbd.jpg/250x188.webp,2026-08-03T05:37:54.458513,29900.0,0
b2d10dc6-ee87-426a-816d-5eb8f26a1128,https://www.autoscout24.it/annunci/b2d10dc6-ee87-426a-816d-5eb8f26a1128,it,Audi,a3,,Audi A3Sportback 30 2.0 tdi S line edition s-tronic,23900,,False,2023,05-2023,100606,1,used,diesel,85,115,1968,,,,automatic,,Keine Angabe,Berlina,5,5,Tipo di verniceAltro,,,,,dealer,Cromus Car Group Srl,IT-20032 Cormano - Milano - MI,IT,2,https://prod.pictures.autoscout24.net/listing-images/b2d10dc6-ee87-426a-816d-5eb8f26a1128_19427287-3bd5-4e50-b137-ea35b1fcb587.jpg/250x188.webp,2026-08-03T05:37:54.458521,0.24,3
878f5530-3a3b-462b-83c8-2618e407c4d0,https://www.autoscout24.it/annunci/878f5530-3a3b-462b-83c8-2618e407c4d0,it,Opel,mokka,,Opel MokkaMokka 1.2 GS s&s 136cv,16990,,False,2025,03-2025,14118,,used,petrol,99,136,1199,,127,,automatic,,FWD,SUV/Fuoristrada/Pick-up,5,5,Nero,,,,,dealer,Sorbara Auto Srl,IT-20814 Varedo - Monza-Brianza - Mb,IT,2,https://prod.pictures.autoscout24.net/listing-images/878f5530-3a3b-462b-83c8-2618e407c4d0_92f28b2e-7c23-4b66-b427-58cbdf01badf.jpg/250x188.webp,2026-08-03T05:37:54.458537,1.2,1
d2ace638-36b8-4abe-849f-03c9b99d3850,https://www.autoscout24.it/annunci/d2ace638-36b8-4abe-849f-03c9b99d3850,it,Volkswagen,taigo,,Volkswagen Taigo1.0 tsi DSG R-Line Plus,19950,,False,2025,04-2025,27000,1,used,petrol,85,115,999,,126,,automatic,,FWD,SUV/Fuoristrada/Pick-up,5,5,Grigio,,,,,dealer,Emme Motori,IT-15057 Tortona - Alessandria - Al,IT,2,https://prod.pictures.autoscout24.net/listing-images/d2ace638-36b8-4abe-849f-03c9b99d3850_2168e9fd-0dd8-4765-a61a-63ce7aedc897.jpg/250x188.webp,2026-08-03T05:37:54.458544,0.74,1
75beaa1b-7564-4efb-938d-5c5725efbd70,https://www.autoscout24.it/annunci/75beaa1b-7564-4efb-938d-5c5725efbd70,it,BMW,420,,BMW 420d Gran Coupe xdrive Sport auto,21900,,False,2019,08-2019,133000,,used,diesel,140,190,1995,,,,automatic,,AWD,Berlina,4,5,Bianco,,,,,dealer,Suv&City Car,IT-24040 Lallio - Bergamo - BG,IT,2,https://prod.pictures.autoscout24.net/listing-images/75beaa1b-7564-4efb-938d-5c5725efbd70_f3b895f5-1007-44e6-b8f1-67ee8b7e6df1.jpg/250x188.webp,2026-08-03T05:37:54.458552,0.16,7
3a0793f4-47a6-4381-b02c-903895b99724,https://www.autoscout24.it/annunci/3a0793f4-47a6-4381-b02c-903895b99724,it,Mini,cooper sd countryman,,MINI Cooper SD CountrymanCountryman 2.0 Cooper SD Classic,32900,,False,2023,05-2023,12602,1,used,diesel,140,190,1995,,,,automatic,,FWD,SUV/Fuoristrada/Pick-up,5,5,Verde,,,,,dealer,M.Car S.p.A,IT-81030 Teverola - Caserta - Ce,IT,2,https://prod.pictures.autoscout24.net/listing-images/3a0793f4-47a6-4381-b02c-903895b99724_178cc749-9b13-4727-9e14-e172ce76bc96.jpg/250x188.webp,2026-08-03T05:37:54.458560,2.61,3
45730aca-139e-4b7a-ad3c-fb740a25cf45,https://www.autoscout24.it/annunci/45730aca-139e-4b7a-ad3c-fb740a25cf45,it,Land Rover,range rover evoque,,Land Rover Range Rover EvoqueRange Rover Evoque 2.0 TD4 150,14990,,False,2019,01-2019,106000,1,used,diesel,110,150,1999,,163,,automatic,,AWD,SUV/Fuoristrada/Pick-up,5,5,Grigio,,,,,dealer,Pms Auto Srl,IT-12062 Cherasco - Cuneo,IT,2,https://prod.pictures.autoscout24.net/listing-images/45730aca-139e-4b7a-ad3c-fb740a25cf45_b2b11e3f-cedc-4cc9-b999-557a1561fba5.jpg/250x188.webp,2026-08-03T05:37:54.458568,0.14,7
a55d5e39-3a7b-4f5b-b800-7346d4b133c7,https://www.autoscout24.it/annunci/a55d5e39-3a7b-4f5b-b800-7346d4b133c7,it,Mini,cooper se countryman,,MINI Cooper SE CountrymanCountryman 1.5 Cooper SE JCW all4,26490,,False,2021,06-2021,36265,,used,hybrid,92,125,1499,,,,automatic,,AWD,SUV/Fuoristrada/Pick-up,5,5,Verde,,,,,dealer,Eurocar Srl Lorenzi auto hub,IT-25016 Ghedi - Brescia - Bs,IT,2,https://prod.pictures.autoscout24.net/listing-images/a55d5e39-3a7b-4f5b-b800-7346d4b133c7_f6b1a630-6822-46dc-9f82-172fef3921a4.jpg/250x188.webp,2026-08-03T05:37:54.458575,0.73,5
ba3ab1f8-2f86-4490-bacb-1b8e7999b7f1,https://www.autoscout24.it/annunci/ba3ab1f8-2f86-4490-bacb-1b8e7999b7f1,it,Peugeot,5008,,Peugeot 50081.5 bluehdi GT PROMO FINANZIAMENTO 7 POSTI,17200,,False,2023,04-2023,118000,1,used,diesel,96,130,1499,,,,automatic,,FWD,SUV/Fuoristrada/Pick-up,5,7,Blu/Azzurro,,,,,dealer,Idea Auto 860 Srl,IT-00148 Roma - Rm,IT,2,https://prod.pictures.autoscout24.net/listing-images/ba3ab1f8-2f86-4490-bacb-1b8e7999b7f1_08082775-d43d-4e4d-9b52-0d714dbcacb4.jpg/250x188.webp,2026-08-03T05:37:54.458583,0.15,3
321ff5c7-e248-4a75-8c99-72b0f441d09a,https://www.autoscout24.it/annunci/321ff5c7-e248-4a75-8c99-72b0f441d09a,it,Toyota,c-hr,,Toyota C-HRC-HR 1.8 HV Trend,25900,,False,2025,04-2025,26300,1,used,hybrid,72,97,1798,,105,,automatic,,FWD,SUV/Fuoristrada/Pick-up,5,5,Grigio,,,,,dealer,Panoramauto Torino srl,IT-10156 Torino - To,IT,2,https://prod.pictures.autoscout24.net/listing-images/321ff5c7-e248-4a75-8c99-72b0f441d09a_73dee235-f812-4fd0-ae90-1e7286cee64d.jpg/250x188.webp,2026-08-03T05:37:54.458591,0.98,1
eb699fc9-bea7-47c3-82bd-442f2cfbdc74,https://www.autoscout24.it/annunci/eb699fc9-bea7-47c3-82bd-442f2cfbdc74,it,Mini,aceman,,MINI AcemanJohn Cooper Works,35699,,False,2026,02-2026,3008,1,used,electric,160,217,,,0,,automatic,,FWD,Berlina,5,5,Nero,,,,,dealer,Bmw Italia Spa,IT-20097 San Donato Milanese - Mi,IT,2,https://prod.pictures.autoscout24.net/listing-images/eb699fc9-bea7-47c3-82bd-442f2cfbdc74_05a956c5-83ac-4a13-8fd0-c37d2c11de18.jpg/250x188.webp,2026-08-03T05:37:54.458606,11.87,0
f4ee8e31-8ae1-44fd-94a8-a8bd6fb5d8b7,https://www.autoscout24.it/annunci/f4ee8e31-8ae1-44fd-94a8-a8bd6fb5d8b7,it,Audi,rs3,,Audi RS3SPORTBACK TETTO APRIBILE TORQUE SPLITTER MARMITTE,75000,,False,2025,08-2025,6600,1,used,petrol,294,399,2480,,,,automatic,,AWD,Berlina,5,5,Grigio,,,,,dealer,Drivecar,IT-47838 Misano Adriatico - Rimini,IT,2,https://prod.pictures.autoscout24.net/listing-images/f4ee8e31-8ae1-44fd-94a8-a8bd6fb5d8b7_1f686a13-eb56-4db7-935b-28ec81078103.jpg/250x188.webp,2026-08-03T05:37:54.458614,11.36,1
03450fae-8d0e-4e7e-90f5-e355e5cf1cce,https://www.autoscout24.it/annunci/03450fae-8d0e-4e7e-90f5-e355e5cf1cce,it,BMW,x1,,BMW X1sdrive20d Sport auto,16800,,False,2022,06-2022,173000,1,used,diesel,140,190,1995,,136,,automatic,,Keine Angabe,SUV/Fuoristrada/Pick-up,5,5,Bianco,,,,,dealer,Autocenter Arese srl,IT-21042 Caronno Pertusella - Varese - VA,IT,2,https://prod.pictures.autoscout24.net/listing-images/03450fae-8d0e-4e7e-90f5-e355e5cf1cce_e30ea4f0-ba58-448f-bb07-ce41e82d506a.jpg/250x188.webp,2026-08-03T05:37:54.458622,0.1,4
96d19cd8-469b-40d7-bab7-7cd766052ecd,https://www.autoscout24.it/annunci/96d19cd8-469b-40d7-bab7-7cd766052ecd,it,Alfa Romeo,giulia,,Alfa Romeo GiuliaALFA ROMEO GIULIA 2.2 TURBODIESEL,27999,,False,2021,09-2021,82000,1,used,diesel,139,190,2143,,127,,automatic,,RWD,Berlina,5,5,Grigio,,,,,dealer,Cisauto Group,IT-42041 Brescello - Reggio Emilia -  RE,IT,2,https://prod.pictures.autoscout24.net/listing-images/96d19cd8-469b-40d7-bab7-7cd766052ecd_5d0f8439-1e0f-4ee1-b935-3f9d8f0dec7c.jpg/250x188.webp,2026-08-03T05:37:54.458630,0.34,5
bd387cc7-b8ab-453a-b5d1-9ce630fe0ad9,https://www.autoscout24.it/annunci/bd387cc7-b8ab-453a-b5d1-9ce630fe0ad9,it,Mini,cooper se countryman,,MINI Cooper SE CountrymanMini Countryman F60 2020 1.5,22900,,False,2022,03-2022,55650,1,used,hybrid,162,220,1499,,,,semiautomatico,,Keine Angabe,SUV/Fuoristrada/Pick-up,5,5,Verde,,,,,dealer,Ayvens Brescia Sud,IT-25016 Ghedi - Brescia - BS,IT,2,https://prod.pictures.autoscout24.net/listing-images/bd387cc7-b8ab-453a-b5d1-9ce630fe0ad9_5c6da446-b091-4617-9e2b-174251ec424a.jpg/250x188.webp,2026-08-03T05:37:54.458637,0.41,4
c5e14683-ce1c-4c53-9424-b6aa57f4edbe,https://www.autoscout24.it/annunci/c5e14683-ce1c-4c53-9424-b6aa57f4edbe,it,Fiat,panda,,Fiat Panda1.0 FireFly S&S Hybrid,8950,,False,2026,05-2026,5,,new,hybrid,51,69,999,,89,,manual,,FWD,Berlina,5,4,Blu/Azzurro,,,,,dealer,Autobengasi Srl,IT-10126 Torino - TO,IT,2,https://prod.pictures.autoscout24.net/listing-images/c5e14683-ce1c-4c53-9424-b6aa57f4edbe_a5e3e85b-f396-41cc-b246-5427b594c043.jpg/250x188.webp,2026-08-03T05:37:54.458645,1790.0,0
3ec68280-4329-496e-92eb-1af05e2052de,https://www.autoscout24.it/annunci/3ec68280-4329-496e-92eb-1af05e2052de,it,Mg,mg3,,MG MG3MG3 1.5 Comfort,12000,,False,2025,04-2025,16000,1,used,petrol,85,115,1495,,137,,manual,,FWD,Berlina,5,5,Nero,,,,,dealer,Panoramauto Torino srl,IT-10156 Torino - To,IT,2,https://prod.pictures.autoscout24.net/listing-images/3ec68280-4329-496e-92eb-1af05e2052de_f0714477-8c87-48c0-a43e-fb51b4315064.jpg/250x188.webp,2026-08-03T05:37:54.458652,0.75,1
fdbc6803-3bf1-4ce7-8abd-bf842add9c7e,https://www.autoscout24.it/annunci/fdbc6803-3bf1-4ce7-8abd-bf842add9c7e,it,Peugeot,308,,Peugeot 3081.5 bluehdi GT s&s 130cv AUTOMATICA E TELECAMERA,27790,,False,2026,06-2026,1,,new,diesel,95,130,1499,,,,automatic,,FWD,Berlina,5,,Nero,,,,,dealer,Latina Cars srl,IT-04100 Latina - Lt,IT,2,https://prod.pictures.autoscout24.net/listing-images/fdbc6803-3bf1-4ce7-8abd-bf842add9c7e_86ac2637-8ae4-4417-b59c-d3aed7f7b184.jpg/250x188.webp,2026-08-03T05:37:54.458660,27790.0,0
f9b17059-111c-4398-ae3b-3cd788bb1561,https://www.autoscout24.it/annunci/f9b17059-111c-4398-ae3b-3cd788bb1561,it,Jaecoo,j7,,Jaecoo J7Jaecoo 7 1.6 TGDI 147 CV aut. 4WD Exclusive,27900,,False,2026,04-2026,1,1,new,petrol,108,147,1600,,182,,automatic,,AWD,SUV/Fuoristrada/Pick-up,5,5,Verde,,,,,dealer,Panoramauto Torino srl,IT-10156 Torino - To,IT,2,https://prod.pictures.autoscout24.net/listing-images/f9b17059-111c-4398-ae3b-3cd788bb1561_25d05189-d6d8-4756-9bae-35bb65defda2.jpg/250x188.webp,2026-08-03T05:37:54.458667,27900.0,0
73c24d52-e47e-4d4a-ba9e-131f16257c52,https://www.autoscout24.it/annunci/73c24d52-e47e-4d4a-ba9e-131f16257c52,it,Mercedes-Benz,a 180,,Mercedes-Benz A 180Automatic AMG Line Premium,25480,,False,2023,08-2023,49000,1,used,hybrid,100,136,1332,,,5.0,automatic,,FWD,Berlina,4,5,Argento,,,,,dealer,Ice Car Srl,IT-00128 Roma,IT,2,https://prod.pictures.autoscout24.net/listing-images/73c24d52-e47e-4d4a-ba9e-131f16257c52_d7b76d1b-d6bb-487c-a03d-f74843e285cb.jpg/250x188.webp,2026-08-03T05:37:54.458676,0.52,3
e85fdd68-8e0c-4890-b74a-7907e6bc5dc3,https://www.autoscout24.it/annunci/e85fdd68-8e0c-4890-b74a-7907e6bc5dc3,it,Ds Automobiles,ds 7,,DS Automobiles DS 71.6 e-tense phev Performance Line 4x4,28900,,False,2024,01-2024,15000,1,used,hybrid,220,300,1598,,,,automatic,,AWD,SUV/Fuoristrada/Pick-up,5,5,Nero,,,,,dealer,Avenuecar Srl,IT-20900 Monza - Monza  Brianza - Mb,IT,2,https://prod.pictures.autoscout24.net/listing-images/e85fdd68-8e0c-4890-b74a-7907e6bc5dc3_25440185-5c82-4a6c-b77a-6b8e15adc5be.jpg/250x188.webp,2026-08-03T05:37:54.458684,1.93,2
549b2e4d-34af-4067-8515-23e0e2ee759d,https://www.autoscout24.it/annunci/549b2e4d-34af-4067-8515-23e0e2ee759d,it,Volvo,xc40,,Volvo XC401.5 T5 PHEV Essential auto,20490,,False,2021,01-2021,75000,1,used,hybrid,132,179,1477,,47,,automatic,,FWD,SUV/Fuoristrada/Pick-up,5,5,Nero,,,,,dealer,Ultu Selection srl,IT-25035 Ospitaletto -  BS,IT,2,https://prod.pictures.autoscout24.net/listing-images/549b2e4d-34af-4067-8515-23e0e2ee759d_b55135c2-ba67-4f08-85ba-4cd34dec7634.jpg/250x188.webp,2026-08-03T05:37:54.458692,0.27,5
3c0013c7-fafb-4f50-989c-6560cc647fd4,https://www.autoscout24.it/annunci/3c0013c7-fafb-4f50-989c-6560cc647fd4,it,Fiat,ulysse,,Fiat UlysseM1 passo medio L2H1 2.0 BlueHDi 180cv AT8  - SEN,28590,,False,2025,09-2025,545,,used,diesel,132,180,1997,,0,,automatic,,FWD,Altro,5,9,Grigio,,,,,dealer,Gallotti Auto Srl,IT-21013 Gallarate - Varese - Va,IT,2,https://prod.pictures.autoscout24.net/listing-images/3c0013c7-fafb-4f50-989c-6560cc647fd4_b096186b-02ef-4a9b-a97f-3524016a6332.jpg/250x188.webp,2026-08-03T05:37:54.458700,52.46,1
b8f5e22b-83b5-430c-a611-c9f00d9fa7e4,https://www.autoscout24.it/annunci/b8f5e22b-83b5-430c-a611-c9f00d9fa7e4,it,Fiat,500x,,Fiat 500X1.3 mjet Club 95cv GRIGIO MODA- GARANZIA,10900,,False,2022,07-2022,65000,1,used,diesel,69,95,1248,,,,manual,,FWD,SUV/Fuoristrada/Pick-up,5,5,Grigio,,,,,dealer,Mekkano Srl,IT-00169 Roma - RM,IT,2,https://prod.pictures.autoscout24.net/listing-images/b8f5e22b-83b5-430c-a611-c9f00d9fa7e4_1404b2fd-68f7-4e31-8f30-b0c59c4070f5.jpg/250x188.webp,2026-08-03T05:37:54.458708,0.17,4
3083374a-d3c8-44c2-aec3-06811c3b2521,https://www.autoscout24.it/annunci/3083374a-d3c8-44c2-aec3-06811c3b2521,it,Mercedes-Benz,a 180,,Mercedes-Benz A 180A 180 Automatic Advanced Progressive,26900,,False,2025,07-2025,11200,1,used,hybrid,100,136,1332,,134,,automatic,,FWD,Berlina,5,5,Nero,,,,,dealer,Autosport Srl,IT-10040 Leini - Torino,IT,2,https://prod.pictures.autoscout24.net/listing-images/3083374a-d3c8-44c2-aec3-06811c3b2521_d9542c17-d3e6-43ff-aa96-6c2a19d26b98.jpg/250x188.webp,2026-08-03T05:37:54.458716,2.4,1
29adb287-a65e-4bb1-a689-70e3ebecbf88,https://www.autoscout24.it/annunci/29adb287-a65e-4bb1-a689-70e3ebecbf88,it,Jaecoo,j5,,Jaecoo J55 1.6 TGDI - 7DCT GPL,20690,,False,2026,07-2026,10,,new,petrol,108,146,1598,,,,automatic,,FWD,SUV/Fuoristrada/Pick-up,5,5,Bianco,,,,,dealer,Nuova AutoAlpina Pinerolo,IT-10064 Pinerolo - Torino - TO,IT,2,https://prod.pictures.autoscout24.net/listing-images/29adb287-a65e-4bb1-a689-70e3ebecbf88_b08a1dce-a8c0-4749-8934-138db609df32.jpg/250x188.webp,2026-08-03T05:37:54.458723,2069.0,0
eadc3158-3599-4a55-aeb5-fe362f4e1d48,https://www.autoscout24.it/annunci/eadc3158-3599-4a55-aeb5-fe362f4e1d48,it,Omoda,5,,Omoda 51.6 TGDI 7DCT PURE Anche GPL,19900,,False,2026,07-2026,10,,new,petrol,79,108,1598,,,,automatic,,FWD,SUV/Fuoristrada/Pick-up,,5,Bianco,,,,,dealer,Nuova AutoAlpina Rivarolo Canavese,IT-20025 Rivarolo Canavese - Torino - TO,IT,2,https://prod.pictures.autoscout24.net/listing-images/eadc3158-3599-4a55-aeb5-fe362f4e1d48_b919b10b-1c69-4159-981b-382cbd3523bf.jpg/250x188.webp,2026-08-03T05:37:54.458730,1990.0,0
71eddaa3-d9fa-4187-8dd6-a7590029e6dd,https://www.autoscout24.it/annunci/71eddaa3-d9fa-4187-8dd6-a7590029e6dd,it,Porsche,macan,,Porsche MacanMacan S 3.0  354cv pdk Sportchrono Tetto,39900,,False,2019,12-2019,133000,1,used,petrol,260,354,2995,,,,automatic,,AWD,SUV/Fuoristrada/Pick-up,5,5,Grigio,,,,,dealer,Officina Dei Motori Srl,IT-25082 Botticino - Brescia - BS,IT,2,https://prod.pictures.autoscout24.net/listing-images/71eddaa3-d9fa-4187-8dd6-a7590029e6dd_4aa35405-2d20-4828-b10b-40d0430d754f.jpg/250x188.webp,2026-08-03T05:37:54.458738,0.3,7
f13cd27b-acdd-4d3c-81fc-c39bc5d9a1c9,https://www.autoscout24.it/annunci/f13cd27b-acdd-4d3c-81fc-c39bc5d9a1c9,it,Audi,q3,,Audi Q3Sportback 40 2.0 tfsi Business Plus quattro s-tronic,32900,,False,2021,07-2021,61000,1,used,petrol,140,190,1984,,,,automatic,,€ 0,SUV/Fuoristrada/Pick-up,5,5,Tipo di verniceAltro,,,,,dealer,Bryan Auto Srl,IT-13100 Vercelli,IT,2,https://prod.pictures.autoscout24.net/listing-images/f13cd27b-acdd-4d3c-81fc-c39bc5d9a1c9_8ed5dcfa-8ebe-49e1-b0ca-248aba68b6be.jpg/250x188.webp,2026-08-03T05:37:54.458746,0.54,5
2a49b2d1-e095-48dc-ad30-7df85c9c5caf,https://www.autoscout24.it/annunci/2a49b2d1-e095-48dc-ad30-7df85c9c5caf,it,Audi,a1,,Audi A1A1 I 2015 Sportback Sportback 1.6 tdi Metal Plus,14200,,False,2018,06-2018,66945,,used,diesel,85,115,1598,,,,automatic,,FWD,Berlina,5,4,Nero,,,,,dealer,M&L Auto Srl,IT-52025 Montevarchi - Arezzo - AR,IT,2,https://prod.pictures.autoscout24.net/listing-images/2a49b2d1-e095-48dc-ad30-7df85c9c5caf_faf7358f-cfe1-41b2-8154-ff92714fb56b.jpg/250x188.webp,2026-08-03T05:37:54.458753,0.21,8
34df3635-cf80-46b2-8321-5d58c55c08fe,https://www.autoscout24.it/annunci/34df3635-cf80-46b2-8321-5d58c55c08fe,it,Volvo,v90,,Volvo V902.0 t8 te business plus awd 303cv geartronic my20,25900,,False,2019,12-2019,70824,1,used,hybrid,222,303,1969,,40,,automatic,,AWD,Station Wagon,5,5,Nero,,,,,dealer,Carini Srl,IT-33010 Tavagnacco – Ud,IT,2,https://prod.pictures.autoscout24.net/listing-images/34df3635-cf80-46b2-8321-5d58c55c08fe_394a4442-5c5f-4760-8c7a-a7c4d1b1b398.jpg/250x188.webp,2026-08-03T05:37:54.458761,0.37,7
b0c6f7ef-ef38-4846-9fe1-3eed2d55c58e,https://www.autoscout24.it/annunci/b0c6f7ef-ef38-4846-9fe1-3eed2d55c58e,it,Peugeot,208,,PEUGEOT 208 Hybrid 145 e-DCS6 5 porte GT,16500,,False,2025,05-2025,19800,1,used,hybrid,107,145,1199,,,,automatic,,FWD,Berlina,5,5,Grigio,,,,,dealer,Autoelier srl,IT-10030 Rondissone - Torino,IT,2,https://prod.pictures.autoscout24.net/listing-images/b0c6f7ef-ef38-4846-9fe1-3eed2d55c58e_9c839c5a-ceab-41f5-bde2-3498b29423e6.jpg/250x188.webp,2026-08-03T05:37:54.458768,0.83,1
819fcceb-683d-4666-825c-2e27ac4456bb,https://www.autoscout24.it/annunci/819fcceb-683d-4666-825c-2e27ac4456bb,it,Alfa Romeo,tonale,,Alfa Romeo Tonale1.3 phev Veloce Q4 280cv at6 ** FULL,22900,,False,2023,03-2023,98000,1,used,hybrid,205,280,1332,,,,automatic,,AWD,SUV/Fuoristrada/Pick-up,5,5,Nero,,,,,dealer,DC Auto,IT-20900 Monza,IT,2,https://prod.pictures.autoscout24.net/listing-images/819fcceb-683d-4666-825c-2e27ac4456bb_1d852b09-327b-481f-891a-ceeb28495d7e.jpg/250x188.webp,2026-08-03T05:37:54.458775,0.23,3
37c5e519-75f0-420a-88ac-bb353f7d8558,https://www.autoscout24.it/annunci/37c5e519-75f0-420a-88ac-bb353f7d8558,it,Mini,cooper,,MINI CooperMini Cooper F65 5p 5p 2.0 S Classic auto,28900,,False,2025,06-2025,4126,1,used,petrol,150,204,1998,,,,automatic,,FWD,Berlina,5,5,Verde,,,,,dealer,Ayvens Cremona,IT-26013 Crema - CR,IT,2,https://prod.pictures.autoscout24.net/listing-images/37c5e519-75f0-420a-88ac-bb353f7d8558_cac05f86-fe95-4643-8d28-af0cc78b1941.jpg/250x188.webp,2026-08-03T05:37:54.458782,7.0,1
43c20de9-7d75-4a8f-8fc8-f51c27c3478c,https://www.autoscout24.it/annunci/43c20de9-7d75-4a8f-8fc8-f51c27c3478c,it,Ford,fiesta,,Ford Fiesta1.5 EcoBlue 5 porte ST-Line,11800,,False,2020,01-2020,69600,,used,diesel,63,85,1499,,92,,manual,,FWD,Berlina,5,5,Grigio,,,,,dealer,Lor Cars srls,IT-35043 Monselice - Pd,IT,2,https://prod.pictures.autoscout24.net/listing-images/43c20de9-7d75-4a8f-8fc8-f51c27c3478c_e1021711-628b-48ec-85f1-4da8b08c3676.jpg/250x188.webp,2026-08-03T05:37:54.458790,0.17,6
aa2227d2-8e41-4bb8-bc42-9f469b32143b,https://www.autoscout24.it/annunci/aa2227d2-8e41-4bb8-bc42-9f469b32143b,it,Audi,a4,,Audi A435 TDI Avant S-Tronic Business Advanced - ADAS,25750,,False,2024,02-2024,50000,1,used,diesel,120,163,1968,,128,,automatic,,FWD,Station Wagon,5,5,Bianco,,,,,dealer,Mazza Group Service Srl,IT-40013 Castel Maggiore - Bologna - Bo,IT,2,https://prod.pictures.autoscout24.net/listing-images/aa2227d2-8e41-4bb8-bc42-9f469b32143b_6de4db17-9618-435a-bfcb-cb147f939f68.jpg/250x188.webp,2026-08-03T05:37:54.458798,0.52,2
0f100075-bd8d-4084-aa74-6acf74880578,https://www.autoscout24.it/annunci/0f100075-bd8d-4084-aa74-6acf74880578,it,Volkswagen,tiguan,,Volkswagen TiguanR-LINE PLUS,44800,,False,2025,04-2025,16300,1,used,hybrid,110,149,1498,,,,automatic,,FWD,SUV/Fuoristrada/Pick-up,5,5,Nero,,,,,dealer,Viesse Auto Srl,IT-20132 Milano - Mi,IT,2,https://prod.pictures.autoscout24.net/listing-images/0f100075-bd8d-4084-aa74-6acf74880578_a4f7fe99-5def-4bff-80d0-2bb3b7767d67.jpg/250x188.webp,2026-08-03T05:37:54.458807,2.75,1
3d3e6cbb-3365-4c0e-baac-af32946c94aa,https://www.autoscout24.it/annunci/3d3e6cbb-3365-4c0e-baac-af32946c94aa,it,Mini,cooper sd,,MINI Cooper SDMini IV F55-F56 2014 2.0 Boost Seven 5p auto,16900,,False,2018,07-2018,87440,2,used,diesel,125,170,1995,,,,automatic,,FWD,Berlina,5,5,Grigio,,,,,dealer,MotorLaghi srls,IT-28831 Baveno - VB,IT,2,https://prod.pictures.autoscout24.net/listing-images/3d3e6cbb-3365-4c0e-baac-af32946c94aa_899be5ba-671e-46c6-8c5b-b4a55896ebbd.jpg/250x188.webp,2026-08-03T05:37:54.458815,0.19,8
f526d8c0-57a5-47d5-9da5-bd43c5a36677,https://www.autoscout24.it/annunci/f526d8c0-57a5-47d5-9da5-bd43c5a36677,it,Jeep,compass,,Jeep Compass1.6 mjt S 2wd 120cv,15900,,False,2020,05-2020,77713,1,used,diesel,88,120,1598,,131,,manual,,FWD,SUV/Fuoristrada/Pick-up,5,5,Nero,,,,,dealer,Autostar Flaminia Spa,IT-00138 Roma - RM,IT,2,https://prod.pictures.autoscout24.net/listing-images/f526d8c0-57a5-47d5-9da5-bd43c5a36677_d218a55b-b37c-4e4c-ad91-2281c7f9b668.jpg/250x188.webp,2026-08-03T05:37:54.458823,0.2,6
5f379c4b-8ce9-492a-9797-767613f4b761,https://www.autoscout24.it/annunci/5f379c4b-8ce9-492a-9797-767613f4b761,it,Kia,sportage,,Kia SportageSportage 1.6 t-gdi hev GT-line Sunroof Pack 2wd,36950,,True,2026,06-2026,1,1,new,hybrid,132,179,1598,,,,automatic,,FWD,SUV/Fuoristrada/Pick-up,5,5,Grigio,,,,,dealer,Progetto Auto Snc,IT-20090 Pieve Emanuele - Milano - Mi,IT,2,https://prod.pictures.autoscout24.net/listing-images/5f379c4b-8ce9-492a-9797-767613f4b761_df3165a7-8ff2-4269-932a-c642e78b6046.jpg/250x188.webp,2026-08-03T05:37:54.458831,36950.0,0
cc7bc1a4-d01b-48cd-9bb2-608ea78ff4a4,https://www.autoscout24.it/annunci/cc7bc1a4-d01b-48cd-9bb2-608ea78ff4a4,it,Peugeot,3008,,Peugeot 30081.6 bluehdi GT Line s,10900,,False,2018,03-2018,174000,1,used,diesel,88,119,1560,,,,automatic,,Keine Angabe,SUV/Fuoristrada/Pick-up,5,5,Grigio,,,,,dealer,,IT-10139 Torino - TO,IT,1,https://prod.pictures.autoscout24.net/listing-images/cc7bc1a4-d01b-48cd-9bb2-608ea78ff4a4_6fdf72a8-1842-4ce6-b33c-ea864ac05c30.jpg/250x188.webp,2026-08-03T05:37:54.458839,0.06,8
b2edfe84-7d10-4b28-8a83-be66f6df79d0,https://www.autoscout24.it/annunci/b2edfe84-7d10-4b28-8a83-be66f6df79d0,it,Audi,q3,,Audi Q3SPB 45 TFSI e S tronic S line edition black editio,39990,,False,2023,05-2023,16511,,used,hybrid,110,149,1395,,33,,automatic,,FWD,SUV/Fuoristrada/Pick-up,5,5,Nero,,,,,dealer,Elicars & Cars Srl,IT-10148 Torino - To,IT,2,https://prod.pictures.autoscout24.net/listing-images/b2edfe84-7d10-4b28-8a83-be66f6df79d0_31394914-1774-4de8-9320-be50ef81a382.jpg/250x188.webp,2026-08-03T05:37:54.458847,2.42,3
dbb7c5e3-28a6-47ba-b661-c7f970c2508e,https://www.autoscout24.it/annunci/dbb7c5e3-28a6-47ba-b661-c7f970c2508e,it,Audi,q7,,Audi Q7Q7 3.0 TDI 272 CV quattro tiptronic Sport Plus,35900,,False,2018,05-2018,99000,,used,diesel,199,272,2967,,154,,automatic,,AWD,SUV/Fuoristrada/Pick-up,5,7,Nero,,,,,dealer,Alusolution car srl,IT-25038 Rovato - Brescia - BS,IT,2,https://prod.pictures.autoscout24.net/listing-images/dbb7c5e3-28a6-47ba-b661-c7f970c2508e_dc77901b-a777-4911-9a29-049fb13bbdcf.jpg/250x188.webp,2026-08-03T05:37:54.458856,0.36,8
082c741b-014c-4c14-83e0-ea46241a278f,https://www.autoscout24.it/annunci/082c741b-014c-4c14-83e0-ea46241a278f,it,Cupra,formentor,,CUPRA Formentor2.0 TDI SEDILI SPORTIVI,19390,,False,2022,11-2022,99000,1,used,diesel,110,149,1968,,124,,manual,,FWD,SUV/Fuoristrada/Pick-up,5,5,Grigio,,,,,dealer,Auto Lazeta Srl,IT-29012 Caorso – Piacenza - Pc,IT,2,https://prod.pictures.autoscout24.net/listing-images/082c741b-014c-4c14-83e0-ea46241a278f_ecd32fea-7450-4cee-b14a-353996f90497.jpg/250x188.webp,2026-08-03T05:37:54.458864,0.2,4
c8221e55-3497-4302-9f1f-9d1cd6256f24,https://www.autoscout24.it/annunci/c8221e55-3497-4302-9f1f-9d1cd6256f24,it,Kia,stonic,,Kia StonicStonic 1.0 t-gdi mhev Black Edition 100cv mt,17900,,False,2024,06-2024,62,1,new,hybrid,73,100,998,,119,,manual,,FWD,SUV/Fuoristrada/Pick-up,5,5,Blu/Azzurro,,,,,dealer,Auto Per Tutti Carrara srls,IT-54033 Carrara - Massa Carrara,IT,2,https://prod.pictures.autoscout24.net/listing-images/c8221e55-3497-4302-9f1f-9d1cd6256f24_a22912e8-6125-4ec5-83ea-2ed902a19c54.jpg/250x188.webp,2026-08-03T05:37:54.458880,288.71,2
c0096e06-03f3-4941-97ce-14bdf937ff88,https://www.autoscout24.it/annunci/c0096e06-03f3-4941-97ce-14bdf937ff88,it,Cupra,leon,,CUPRA Leon2.0 tdi 150cv dsg,24900,,False,2025,03-2025,18000,,used,diesel,110,150,1968,,126,,automatic,,FWD,Berlina,5,5,Bianco,,,,,dealer,Emme Motori,IT-15057 Tortona - Alessandria - Al,IT,2,https://prod.pictures.autoscout24.net/listing-images/c0096e06-03f3-4941-97ce-14bdf937ff88_1699ce72-b141-4324-b59a-1c18772b4634.jpg/250x188.webp,2026-08-03T05:37:54.458895,1.38,1
e2be6a5b-2eb3-46ca-90f3-4af5a8d35c6d,https://www.autoscout24.it/annunci/e2be6a5b-2eb3-46ca-90f3-4af5a8d35c6d,it,Kia,sportage,,Kia Sportage1.6 CRDi MHEV Business,17350,,False,2023,03-2023,65358,1,used,diesel,100,136,1598,,,5.0,automatic,,FWD,SUV/Fuoristrada/Pick-up,5,5,Bianco,,,,,dealer,AutoUau - Gruppo IVA Spa,IT-20025 Legnano - MI - Milano,IT,2,https://prod.pictures.autoscout24.net/listing-images/e2be6a5b-2eb3-46ca-90f3-4af5a8d35c6d_1208ff32-8caa-4409-8e51-82b5ba936ac7.jpg/250x188.webp,2026-08-03T05:37:54.458945,0.27,3
975f589c-5f4c-4972-9778-f0db3cd7780a,https://www.autoscout24.it/annunci/975f589c-5f4c-4972-9778-f0db3cd7780a,it,Mercedes-Benz,eqc 400,,Mercedes-Benz EQC 400EQC 400 4MATIC Premium Plus PROMO,31900,,False,2021,05-2021,92500,,used,electric,300,408,,,0,,automatic,,AWD,SUV/Fuoristrada/Pick-up,5,5,Tipo di verniceAltroMaterialeAltro,,,,,dealer,Italvia Automobili Due Srl,IT-00142 Roma - Rm,IT,2,https://prod.pictures.autoscout24.net/listing-images/975f589c-5f4c-4972-9778-f0db3cd7780a_e26b1351-f22f-464c-bd59-4834183cf1bf.jpg/250x188.webp,2026-08-03T05:37:54.458954,0.34,5
2a9f9e4c-e7e8-459f-b20c-29b0f5406c54,https://www.autoscout24.it/annunci/2a9f9e4c-e7e8-459f-b20c-29b0f5406c54,it,Peugeot,308,,Peugeot 3081.2 130cv Allure + Key Less + Navi + Camera,15500,,False,2024,05-2024,17742,1,used,petrol,95,130,1199,,125,,automatic,,FWD,Berlina,5,5,Nero,,,,,dealer,Autoarancio Gallarate di Car 4 World Srl,IT-21010 Cardano Al Campo - Varese - VA,IT,2,https://prod.pictures.autoscout24.net/listing-images/2a9f9e4c-e7e8-459f-b20c-29b0f5406c54_861cf930-8014-496f-8ca0-7db2ec7986bd.jpg/250x188.webp,2026-08-03T05:37:54.458961,0.87,2
a67f7fc7-43bc-47c8-9bc1-e7be8102dcb9,https://www.autoscout24.it/annunci/a67f7fc7-43bc-47c8-9bc1-e7be8102dcb9,it,Alfa Romeo,junior,,Alfa Romeo Junior1.2 145CV Hybrid eDCT6 ibrida,25450,,False,2024,10-2024,16,,new,petrol,106,145,1199,,,,automatic,,FWD,SUV/Fuoristrada/Pick-up,5,5,Blu/Azzurro,,,,,dealer,Stellantis &You Roma,IT-00148 Roma,IT,2,https://prod.pictures.autoscout24.net/listing-images/a67f7fc7-43bc-47c8-9bc1-e7be8102dcb9_98876b32-35ae-4240-8f82-fc27ce33303e.jpg/250x188.webp,2026-08-03T05:37:54.458969,1590.62,2
94d38418-a722-4897-9880-7acd8c456aab,https://www.autoscout24.it/annunci/94d38418-a722-4897-9880-7acd8c456aab,it,Mg,zs,,MG ZS1.5L LUXURY,12890,,False,2025,06-2025,20000,,used,petrol,78,106,1498,,,,manual,,FWD,SUV/Fuoristrada/Pick-up,,5,Blu/Azzurro,,,,,dealer,Nuova AutoAlpina Pinerolo,IT-10064 Pinerolo - Torino - TO,IT,2,https://prod.pictures.autoscout24.net/listing-images/94d38418-a722-4897-9880-7acd8c456aab_825ee14a-ea60-4656-9aab-8ed21f26ccad.jpg/250x188.webp,2026-08-03T05:37:54.458976,0.64,1
662600d9-4b71-4b79-a50b-0350652afb11,https://www.autoscout24.it/annunci/662600d9-4b71-4b79-a50b-0350652afb11,it,Audi,a1,,Audi A1A1 SPB 30 TFSI S line edition,22900,,False,2025,04-2025,16300,1,used,petrol,85,115,999,,,,manual,,FWD,Berlina,5,5,Blu/Azzurro,,,,,dealer,Panoramauto Torino srl,IT-10156 Torino - To,IT,2,https://prod.pictures.autoscout24.net/listing-images/662600d9-4b71-4b79-a50b-0350652afb11_e8b12c80-9821-4747-9e66-e851fe330707.jpg/250x188.webp,2026-08-03T05:37:54.458997,1.4,1
f8cd9ea9-3e21-4107-a01a-fccb6d24a9aa,https://www.autoscout24.it/annunci/f8cd9ea9-3e21-4107-a01a-fccb6d24a9aa,it,Land Rover,range rover sport,,Land Rover Range Rover Sport3.0 SDV6 S - NO SUPERBOLLO,31490,,False,2020,06-2020,69000,,used,diesel,183,248,2993,,195,,automatic,,AWD,SUV/Fuoristrada/Pick-up,5,5,Blu/Azzurro,,,,,dealer,Graziano Group Srl,IT-25035 Ospitaletto - Brescia - BS,IT,2,https://prod.pictures.autoscout24.net/listing-images/f8cd9ea9-3e21-4107-a01a-fccb6d24a9aa_fd2da48d-7904-4c4f-a4eb-33d90f2ccce3.png/250x188.webp,2026-08-03T05:37:54.459004,0.46,6
a0e80cbf-fda8-452d-b49f-4be9b710e416,https://www.autoscout24.it/annunci/a0e80cbf-fda8-452d-b49f-4be9b710e416,it,Mercedes-Benz,sprinter,,Mercedes-Benz SprinterKM CERTIFICATI,9500,,False,2020,01-2020,210000,1,used,diesel,84,114,,,,,manual,,Keine Angabe,Altro,,,Marrone,,,,,dealer,Garage051 Srl,IT-40136 Bologna,IT,2,https://prod.pictures.autoscout24.net/listing-images/a0e80cbf-fda8-452d-b49f-4be9b710e416_62659af0-27dd-4496-95fa-4930be127f29.jpg/250x188.webp,2026-08-03T05:37:54.459012,0.05,6
bfaf4fc3-ba8d-4d82-90e6-6d102a8db074,https://www.autoscout24.it/annunci/bfaf4fc3-ba8d-4d82-90e6-6d102a8db074,it,Peugeot,308,,Peugeot 308PureTech Turbo 130 S&S EAT8 SW Allure,17450,,False,2024,06-2024,23012,1,used,petrol,70,96,1199,,,,automatic,,FWD,Station Wagon,5,5,Bianco,,,,,dealer,Frattin Group Srl,IT-36022 Cassola - Vi,IT,2,https://prod.pictures.autoscout24.net/listing-images/bfaf4fc3-ba8d-4d82-90e6-6d102a8db074_4b9fac3f-ce4c-4ea9-8910-5bad4d78eabe.jpg/250x188.webp,2026-08-03T05:37:54.459020,0.76,2
1491433e-8e7c-4dee-9d2c-2fac0f737418,https://www.autoscout24.it/annunci/1491433e-8e7c-4dee-9d2c-2fac0f737418,it,Opel,corsa,,Opel Corsa1.2 s - NEOPATENTATI,10900,,False,2024,09-2024,29900,,used,petrol,55,74,1199,,,,manual,,FWD,Berlina,5,5,Bianco,,,,,dealer,TM Wagen Pistoia Srl,IT-51100 Pistoia - Pt,IT,2,https://prod.pictures.autoscout24.net/listing-images/1491433e-8e7c-4dee-9d2c-2fac0f737418_52afad12-b6c8-420a-bbe1-1353c5796267.jpg/250x188.webp,2026-08-03T05:37:54.459035,0.36,2
f166e017-4e62-4cf2-8def-8e04a3c34825,https://www.autoscout24.it/annunci/f166e017-4e62-4cf2-8def-8e04a3c34825,it,Mini,one,,MINI One1.5 BENZINA,15500,,False,2019,08-2019,30000,,used,petrol,75,102,1499,,111,,automatic,,FWD,City car,3,4,Nero,,,,,dealer,Carface Srl,IT-24126 Bergamo - Bg,IT,2,https://prod.pictures.autoscout24.net/listing-images/f166e017-4e62-4cf2-8def-8e04a3c34825_19a68714-ba98-4756-b6bd-46faebf7ad93.jpg/250x188.webp,2026-08-03T05:37:54.459043,0.52,7
5f326f12-541e-45e8-8247-d490e4030d94,https://www.autoscout24.it/annunci/5f326f12-541e-45e8-8247-d490e4030d94,it,Alfa Romeo,tonale,,Alfa Romeo TonaleTonale 1.5 hybrid Veloce 160cv tct7,25450,,False,2025,05-2025,27528,,used,hybrid,117,160,1469,,127,,automatic,,FWD,SUV/Fuoristrada/Pick-up,5,5,Nero,,,,,dealer,Baccanelli Spa,IT-24058 Romano Di Lombardia - Bergamo - Bg,IT,2,https://prod.pictures.autoscout24.net/listing-images/5f326f12-541e-45e8-8247-d490e4030d94_5b8c0747-9a67-4de2-b50a-c7b016022a5d.jpg/250x188.webp,2026-08-03T05:37:54.459051,0.92,1
8ddbef2f-ff83-4505-86bd-aaaae8d952b5,https://www.autoscout24.it/annunci/8ddbef2f-ff83-4505-86bd-aaaae8d952b5,it,Toyota,corolla,,Toyota Corolla1.8 Hybrid Active,16300,,False,2020,06-2020,70550,1,used,hybrid,72,97,1798,,76,,automatic,,FWD,Berlina,5,5,Blu/Azzurro,,,,,dealer,Effe Car srl,IT-25080 Mazzano - Brescia - BS,IT,2,https://prod.pictures.autoscout24.net/listing-images/8ddbef2f-ff83-4505-86bd-aaaae8d952b5_55b4aa14-e3ad-4fa2-9880-e183682b299a.jpg/250x188.webp,2026-08-03T05:37:54.459060,0.23,6
f4a77a69-0745-49fc-8431-d6e2492172b7,https://www.autoscout24.it/annunci/f4a77a69-0745-49fc-8431-d6e2492172b7,it,Mini,cooper,,"MINI Cooper3p 2.0 S ALLESTIMENTO JCW auto TETTO, KEYLESS,",34990,,False,2025,06-2025,9000,,used,petrol,150,204,1998,,,,automatic,,FWD,Berlina,3,4,Tipo di verniceAltro,,,,,dealer,Samacar Srl,IT-48124 Ravenna,IT,2,https://prod.pictures.autoscout24.net/listing-images/f4a77a69-0745-49fc-8431-d6e2492172b7_6e307310-e25a-46df-92a6-e613d58c0049.jpg/250x188.webp,2026-08-03T05:37:54.459067,3.89,1
613789c8-2dc6-412f-852d-0fd3d61b2888,https://www.autoscout24.it/annunci/613789c8-2dc6-412f-852d-0fd3d61b2888,it,Seat,ateca,,SEAT AtecaFR DSG 2.0 Diesel 150CV,20990,,False,2025,03-2025,32,1,new,diesel,110,150,1968,,123,,automatic,,FWD,SUV/Fuoristrada/Pick-up,5,5,Bianco,,,,,dealer,brumbrum - Reggio Emilia,IT-42122 Reggio Emilia RE,IT,2,https://prod.pictures.autoscout24.net/listing-images/613789c8-2dc6-412f-852d-0fd3d61b2888_3ff44583-a8d7-4f6d-b17a-909ee5d27c84.jpg/250x188.webp,2026-08-03T05:37:54.459074,655.94,1
0fd05507-a5e2-4fa0-a5e0-708af9d464cf,https://www.autoscout24.it/annunci/0fd05507-a5e2-4fa0-a5e0-708af9d464cf,it,Mercedes-Benz,gla 35 amg,,Mercedes-Benz GLA 35 AMGLine Premium 4matic auto,49900,,False,2024,03-2024,45500,,used,hybrid,225,306,1991,,,,automatic,,AWD,SUV/Fuoristrada/Pick-up,5,5,Grigio,,,,,dealer,Viesse Auto Srl,IT-20132 Milano - Mi,IT,2,https://prod.pictures.autoscout24.net/listing-images/0fd05507-a5e2-4fa0-a5e0-708af9d464cf_08292d68-37f4-44fe-b3ee-5de7a9ecc4e1.jpg/250x188.webp,2026-08-03T05:37:54.459082,1.1,2
d1e17872-b9c9-4cb9-8787-9c6f8595227b,https://www.autoscout24.it/annunci/d1e17872-b9c9-4cb9-8787-9c6f8595227b,it,Audi,a4,,Audi A435 2.0 tfsi mhev S line 150cv,31450,,False,2024,05-2024,31200,,used,hybrid,110,150,1984,,144,,automatic,,Keine Angabe,Station Wagon,5,5,Nero,,,,,dealer,Car Specialist Srl,IT-22100 Como - Co,IT,2,https://prod.pictures.autoscout24.net/listing-images/d1e17872-b9c9-4cb9-8787-9c6f8595227b_857ecc31-71ab-462c-be7f-b907d69cc588.png/250x188.webp,2026-08-03T05:37:54.459089,1.01,2
80ec715a-1feb-4cc8-8685-a4b14d1090fd,https://www.autoscout24.it/annunci/80ec715a-1feb-4cc8-8685-a4b14d1090fd,it,Jeep,compass,,Jeep Compass1.3 Turbo T4 240 CV PHEV AT6 4xe North Star,25950,,False,2025,03-2025,9900,,used,hybrid,176,240,1332,,48,,automatic,,AWD,SUV/Fuoristrada/Pick-up,5,5,Verde,,,,,dealer,,IT-47521 Cesena - Forlì Cesena - Fc,IT,1,https://prod.pictures.autoscout24.net/listing-images/80ec715a-1feb-4cc8-8685-a4b14d1090fd_c11da7c2-6855-4122-bcd2-1eac5e807e34.jpg/250x188.webp,2026-08-03T05:37:54.459096,2.62,1
666c25b6-b61d-415d-90de-050d4919a1cf,https://www.autoscout24.it/annunci/666c25b6-b61d-415d-90de-050d4919a1cf,it,Mg,zs,,MG ZS1.5 VTi tech Comfort SUPER-OFFERTA,13400,,False,2025,03-2025,12044,,used,petrol,57,78,1498,,,,manual,,FWD,SUV/Fuoristrada/Pick-up,5,5,Bianco,,,,,dealer,Menardi Auto Group Srl,IT-12100 Bernezzo - Cuneo,IT,2,https://prod.pictures.autoscout24.net/listing-images/666c25b6-b61d-415d-90de-050d4919a1cf_6bddfe7e-3c66-4dc2-b722-db0bef9ddacc.jpg/250x188.webp,2026-08-03T05:37:54.459104,1.11,1
945ef038-8c52-42f2-a334-aa436ba4b782,https://www.autoscout24.it/annunci/945ef038-8c52-42f2-a334-aa436ba4b782,it,Audi,q2,,Audi Q235 1.5 tfsi s-tronic MATRIX LED,27700,,False,2024,05-2024,8000,1,used,petrol,110,149,1498,,,,automatic,,€ 150,SUV/Fuoristrada/Pick-up,5,5,Bianco,,,,,dealer,Impextrade Srl,IT-39012 Merano - BZ,IT,2,https://prod.pictures.autoscout24.net/listing-images/945ef038-8c52-42f2-a334-aa436ba4b782_425c979f-740f-4e38-8a4f-5894704121c7.jpg/250x188.webp,2026-08-03T05:37:54.459119,3.46,2
2a47ee4d-f97f-4d48-ab3e-a7d6ecb8ca20,https://www.autoscout24.it/annunci/2a47ee4d-f97f-4d48-ab3e-a7d6ecb8ca20,it,Peugeot,2008,,Peugeot 20082008 PureTech 130 S&S EAT8 Allure,18500,,False,2025,10-2025,25000,1,used,petrol,70,96,1199,,,,automatic,,FWD,SUV/Fuoristrada/Pick-up,5,5,Grigio,,,,,dealer,Panoramauto Torino srl,IT-10156 Torino - To,IT,2,https://prod.pictures.autoscout24.net/listing-images/2a47ee4d-f97f-4d48-ab3e-a7d6ecb8ca20_29183a24-24e3-4c08-a8d2-2037eb685d59.jpg/250x188.webp,2026-08-03T05:37:54.459127,0.74,1
a6293e68-af86-4c5e-802f-b177abff612e,https://www.autoscout24.it/annunci/a6293e68-af86-4c5e-802f-b177abff612e,it,Ford,kuga,,Ford Kuga2.5 phev st-line 2wd 225cv cvt,17900,,False,2020,07-2020,46245,1,used,hybrid,165,225,2488,,22,,automatic,,FWD,SUV/Fuoristrada/Pick-up,5,5,Blu/Azzurro,,,,,dealer,De Bona Srl,IT-31100 Treviso TV,IT,2,https://prod.pictures.autoscout24.net/listing-images/a6293e68-af86-4c5e-802f-b177abff612e_b6806e9b-01bc-4ab0-b63d-34313ac6c1b5.jpg/250x188.webp,2026-08-03T05:37:54.459134,0.39,6
ef4084e9-327b-40b5-b94e-7f0df3844916,https://www.autoscout24.it/annunci/ef4084e9-327b-40b5-b94e-7f0df3844916,it,Opel,grandland,,Opel GrandlandGrandland 1.5 ecotec Ultimate s&s 130cv,18990,,False,2024,03-2024,30280,,used,diesel,95,130,1499,,,,automatic,,FWD,SUV/Fuoristrada/Pick-up,5,5,Nero,,,,,dealer,Gruppo Piccirillo Spa Roma,IT-00156 Roma - RM,IT,2,https://prod.pictures.autoscout24.net/listing-images/ef4084e9-327b-40b5-b94e-7f0df3844916_56d8bf27-55c2-4be9-b530-e14b88ec58bf.jpg/250x188.webp,2026-08-03T05:37:54.459141,0.63,2
8d009b6f-159f-4fcb-a619-9488aae131eb,https://www.autoscout24.it/annunci/8d009b6f-159f-4fcb-a619-9488aae131eb,it,Audi,a6,,Audi A640 2.0 TDI S tronic S-line,26900,,False,2020,09-2020,99000,2,used,diesel,150,204,1968,,118,,automatic,,FWD,Station Wagon,4,5,Grigio,,,,,dealer,GT Car Inzago Srl,IT-20065 Inzago - Milano - MI,IT,2,https://prod.pictures.autoscout24.net/listing-images/8d009b6f-159f-4fcb-a619-9488aae131eb_20a9a8cc-f684-4337-885a-ce713203265c.jpg/250x188.webp,2026-08-03T05:37:54.459148,0.27,6
2aec1f88-9abd-47bb-a60e-5f3ef5a868c8,https://www.autoscout24.it/annunci/2aec1f88-9abd-47bb-a60e-5f3ef5a868c8,it,Audi,a1,,Audi A1SPB 30 TFSI S tronic S line edition FAT IVA ESC,24180,,False,2025,09-2025,5906,,used,petrol,85,115,999,,109,,automatic,,FWD,Berlina,5,5,Grigio,,,,,dealer,Albicar Srl,IT-35020 Albignasego - Padova - Pd,IT,2,https://prod.pictures.autoscout24.net/listing-images/2aec1f88-9abd-47bb-a60e-5f3ef5a868c8_0cf7bf85-ff61-475e-9b2d-f534b9e4ac4f.jpg/250x188.webp,2026-08-03T05:37:54.459155,4.09,1
a103808c-401e-4e94-a086-e545489186ba,https://www.autoscout24.it/annunci/a103808c-401e-4e94-a086-e545489186ba,it,Audi,rs6,,Audi RS6Avant 4.0 TFSI V8 Carboceramic,69870,,False,2021,04-2021,73337,,used,hybrid,441,599,3996,,263,,automatic,,AWD,Station Wagon,5,5,Nero,,,,,dealer,Team Car Srl,IT-31035 Crocetta del Montello - Treviso,IT,2,https://prod.pictures.autoscout24.net/listing-images/a103808c-401e-4e94-a086-e545489186ba_495d0ca0-d29f-44cd-9d2c-1c702313b205.jpg/250x188.webp,2026-08-03T05:37:54.459163,0.95,5
dd6b3d9e-ee2a-4607-9148-d448624403f6,https://www.autoscout24.it/annunci/dd6b3d9e-ee2a-4607-9148-d448624403f6,it,Jeep,renegade,,Jeep Renegade1.6MJT 130CV LIMITED*24M.G.*C.L17*FULL,18190,,False,2023,02-2023,19000,1,used,diesel,95,130,1598,,125,,manual,,FWD,SUV/Fuoristrada/Pick-up,5,5,Grigio,,,,,dealer,Performance Car Srl,IT-00132 Roma,IT,2,https://prod.pictures.autoscout24.net/listing-images/dd6b3d9e-ee2a-4607-9148-d448624403f6_4e5d2d56-f0ea-4fef-8259-8ee93c3bf249.jpg/250x188.webp,2026-08-03T05:37:54.459172,0.96,3
397b11ce-4285-4d6c-afb6-d1d40c7c668c,https://www.autoscout24.it/annunci/397b11ce-4285-4d6c-afb6-d1d40c7c668c,it,Volkswagen,golf gti,,Volkswagen Golf GTIGolf VIII 2020 2.0 tsi 245cv dsg,26990,,False,2022,03-2022,114187,,used,petrol,180,245,1984,,,,automatic,,FWD,Berlina,5,5,Nero,,,,,dealer,Sebauto di Mauro Sebastiano,IT-21050 Porto Ceresio - Varese - VA,IT,2,https://prod.pictures.autoscout24.net/listing-images/397b11ce-4285-4d6c-afb6-d1d40c7c668c_87233bf2-2b8e-4f65-8e16-076263afc422.jpg/250x188.webp,2026-08-03T05:37:54.459188,0.24,4
0089e9df-46ad-4107-b66f-6eefbf905ae7,https://www.autoscout24.it/annunci/0089e9df-46ad-4107-b66f-6eefbf905ae7,it,BMW,x3,,BMW X3BMW X3 xDrive 20d Business Advantage 140KW ANNO 2019,23900,,False,2019,08-2019,66000,1,used,diesel,140,190,1995,,133,,automatic,,AWD,SUV/Fuoristrada/Pick-up,5,5,Nero,,,,,dealer,MS Automobili Srl,IT-10143 Torino - To,IT,2,https://prod.pictures.autoscout24.net/listing-images/0089e9df-46ad-4107-b66f-6eefbf905ae7_0d33ef87-c30a-4d99-8106-ebf101cc1579.jpg/250x188.webp,2026-08-03T05:37:54.459195,0.36,7
af41c158-bdb6-442d-b2e5-36fe7784f993,https://www.autoscout24.it/annunci/af41c158-bdb6-442d-b2e5-36fe7784f993,it,Jaguar,e-pace,,Jaguar E-Pace2.0d i4 R-Dynamic S awd 150cv auto my19,17400,,False,2020,10-2020,84000,,used,diesel,110,150,1999,,,,automatic,,AWD,SUV/Fuoristrada/Pick-up,5,5,Bianco,,,,,dealer,TM Wagen Pistoia Srl,IT-51100 Pistoia - Pt,IT,2,https://prod.pictures.autoscout24.net/listing-images/af41c158-bdb6-442d-b2e5-36fe7784f993_38e153ab-728a-4fb2-8338-920bd9194fbb.jpg/250x188.webp,2026-08-03T05:37:54.459210,0.21,6
23ae9dbf-1670-47fb-bf24-398efd409406,https://www.autoscout24.it/annunci/23ae9dbf-1670-47fb-bf24-398efd409406,it,BMW,118,,BMW 118d Msport auto,29900,,False,2024,05-2024,59900,,used,diesel,110,149,1995,,127,,automatic,,€ 0,Berlina,5,5,Blu/Azzurro,,,,,dealer,Giacchi Automobili Srl,IT-45100 Rovigo - RO,IT,2,https://prod.pictures.autoscout24.net/listing-images/23ae9dbf-1670-47fb-bf24-398efd409406_97daf088-dd9d-4760-99b2-b940df4f634f.jpg/250x188.webp,2026-08-03T05:37:54.459225,0.5,2
6e8fca2b-38e5-49c7-9fe3-cd2e2db1fcb0,https://www.autoscout24.it/annunci/6e8fca2b-38e5-49c7-9fe3-cd2e2db1fcb0,it,Ds Automobiles,ds 9,,DS Automobiles DS 9DS9 1.6 e-tense phev Performance Line+,23900,,False,2022,04-2022,83752,1,used,hybrid,165,225,1598,,31,,automatic,,FWD,Berlina,4,5,Blu/Azzurro,,,,,dealer,Ghiraldo & Autoin Srl,IT-35129 Padova - PD,IT,2,https://prod.pictures.autoscout24.net/listing-images/6e8fca2b-38e5-49c7-9fe3-cd2e2db1fcb0_70aacce1-c89e-42f9-abbe-50d600f22124.jpg/250x188.webp,2026-08-03T05:37:54.459233,0.29,4
5f94624a-ae03-4b09-9b9c-0dc46eb83380,https://www.autoscout24.it/annunci/5f94624a-ae03-4b09-9b9c-0dc46eb83380,it,Volkswagen,tiguan,,Volkswagen Tiguan2.0 tdi advanced r-line exterior pack,25990,,False,2019,12-2019,42501,1,used,diesel,110,149,1968,,177,,automatic,,AWD,SUV/Fuoristrada/Pick-up,5,5,Grigio,,,,,dealer,De Bona Motors Venezia,IT-30173 Venezia - Ve,IT,2,https://prod.pictures.autoscout24.net/listing-images/5f94624a-ae03-4b09-9b9c-0dc46eb83380_06931019-a648-4c41-9bcd-7bcbaef2083e.jpg/250x188.webp,2026-08-03T05:37:54.459241,0.61,7
56d524ed-a52a-4723-8405-feb325c0de7e,https://www.autoscout24.it/annunci/56d524ed-a52a-4723-8405-feb325c0de7e,it,Peugeot,208,,Peugeot 2081.2 GT Pack s AUTOMATICA -GARANZIA,13890,,False,2022,03-2022,29000,1,used,petrol,96,130,1199,,,,automatic,,FWD,Berlina,5,5,Blu/Azzurro,,,,,dealer,Mekkano Srl,IT-00169 Roma - RM,IT,2,https://prod.pictures.autoscout24.net/listing-images/56d524ed-a52a-4723-8405-feb325c0de7e_38a6b1b7-0cc8-4ca3-9cf9-d4f5a752ff08.jpg/250x188.webp,2026-08-03T05:37:54.459248,0.48,4
b3cf1a10-ef72-4078-9e74-efea1dc7cc92,https://www.autoscout24.it/annunci/b3cf1a10-ef72-4078-9e74-efea1dc7cc92,it,Volkswagen,tayron,,Volkswagen Tayron1.5 etsi elegance 150cv dsg 7p.ti,41900,,False,2025,03-2025,3898,1,used,hybrid,110,150,1498,,144,,automatic,,FWD,SUV/Fuoristrada/Pick-up,5,7,Grigio,,,,,dealer,Autocentri Balduina Srl,IT-00178 Roma - Rm,IT,3,https://prod.pictures.autoscout24.net/listing-images/b3cf1a10-ef72-4078-9e74-efea1dc7cc92_f19f1f69-518f-4fb6-95dd-a8d7820d6ce3.jpg/250x188.webp,2026-08-03T05:37:54.459256,10.75,1
4fbd4516-661e-41e8-9828-ea12f619a692,https://www.autoscout24.it/annunci/4fbd4516-661e-41e8-9828-ea12f619a692,it,Porsche,macan,,Porsche MacanMacan 2.0,40000,,False,2019,07-2019,101000,1,used,petrol,132,180,1984,,,,automatic,,AWD,SUV/Fuoristrada/Pick-up,5,5,Blu/Azzurro,,,,,dealer,Autocomevorrei srl,IT-46019 Viadana - Mantova - MN,IT,2,https://prod.pictures.autoscout24.net/listing-images/4fbd4516-661e-41e8-9828-ea12f619a692_0ac1f27c-4c85-4181-b4bd-de43cbc664bc.jpg/250x188.webp,2026-08-03T05:37:54.459263,0.4,7
43dfe421-07d0-41eb-b4f8-783d74ab43bd,https://www.autoscout24.it/annunci/43dfe421-07d0-41eb-b4f8-783d74ab43bd,it,Fiat,panda,,Fiat Panda1.3 MJT 95 CV S&S Easy,5990,,False,2018,03-2018,115000,,used,diesel,69,95,1248,,94,,manual,,FWD,City car,5,4,Bianco,,,,,dealer,Graziano Group Srl,IT-25035 Ospitaletto - Brescia - BS,IT,2,https://prod.pictures.autoscout24.net/listing-images/43dfe421-07d0-41eb-b4f8-783d74ab43bd_9868d96c-c6d1-4437-9559-d7028eb8a3f6.png/250x188.webp,2026-08-03T05:37:54.459271,0.05,8
4adaff64-8f58-4d9e-ba81-765e97e7d4fb,https://www.autoscout24.it/annunci/4adaff64-8f58-4d9e-ba81-765e97e7d4fb,it,Fiat,500x,,Fiat 500X500X 1.0 t3 Club 120cv (KM 0),16000,,False,2023,03-2023,50,,new,petrol,88,120,999,,142,,manual,,Keine Angabe,SUV/Fuoristrada/Pick-up,5,5,Bianco,,,,,dealer,Az Car Srls,IT-10148 Torino - TO,IT,2,https://prod.pictures.autoscout24.net/listing-images/4adaff64-8f58-4d9e-ba81-765e97e7d4fb_f5b0ef0c-2372-4169-9a70-66bf06ef619c.jpg/250x188.webp,2026-08-03T05:37:54.459278,320.0,3
100dcf42-5df3-4652-af53-365797b0cc56,https://www.autoscout24.it/annunci/100dcf42-5df3-4652-af53-365797b0cc56,it,Mini,john cooper works,,MINI John Cooper WorksJohn Cooper Works,37700,,False,2025,12-2025,4223,1,used,electric,190,258,,,0,,automatic,,FWD,Berlina,5,5,Grigio,,,,,dealer,Bmw Italia Spa,IT-20097 San Donato Milanese - Mi,IT,2,https://prod.pictures.autoscout24.net/listing-images/100dcf42-5df3-4652-af53-365797b0cc56_a9f5ea49-59b9-4622-b4fa-6637fd1f556e.jpg/250x188.webp,2026-08-03T05:37:54.459285,8.93,1
6cfb073e-3c4a-478c-8093-df7c6a16b0ba,https://www.autoscout24.it/annunci/6cfb073e-3c4a-478c-8093-df7c6a16b0ba,it,Ford,mustang mach-e,,Ford Mustang Mach-E269CV Standard Range,27000,,False,2022,01-2022,45000,1,used,electric,197,269,,,0,,automatic,,RWD,SUV/Fuoristrada/Pick-up,5,5,Bianco,,,,,dealer,478 Rent srl,IT-25038 Rovato,IT,2,https://prod.pictures.autoscout24.net/listing-images/6cfb073e-3c4a-478c-8093-df7c6a16b0ba_e3d6cc31-4877-4302-9f6a-5cba3bd8cdd9.jpg/250x188.webp,2026-08-03T05:37:54.459293,0.6,4
dfd3b749-19e9-453b-b5aa-3f8622ab82af,https://www.autoscout24.it/annunci/dfd3b749-19e9-453b-b5aa-3f8622ab82af,it,Volvo,xc40,,Volvo XC40T4 PLUG-IN HYBRID AUTO RECH INSCRIP EXPR SUV,15900,,False,2021,05-2021,147930,1,used,hybrid,69,95,,,,,automatic,,Keine Angabe,SUV/Fuoristrada/Pick-up,,,NERO,,,,,dealer,Ariel Car Roma,IT-00137 Roma,IT,2,https://prod.pictures.autoscout24.net/listing-images/dfd3b749-19e9-453b-b5aa-3f8622ab82af_4b264b6b-9495-48b6-ab79-e19afcae5587.jpg/250x188.webp,2026-08-03T05:37:54.459300,0.11,5
0bc813bf-9ce1-4bbf-a610-74f1b87870f8,https://www.autoscout24.it/annunci/0bc813bf-9ce1-4bbf-a610-74f1b87870f8,it,Audi,q3,,Audi Q345 TFSI quattro S tronic Business Advanced,21990,,False,2021,02-2021,125178,,used,petrol,169,229,1984,,168,,automatic,,AWD,SUV/Fuoristrada/Pick-up,5,5,Blu/Azzurro,,,,,dealer,Elicars & Cars Srl,IT-10148 Torino - To,IT,2,https://prod.pictures.autoscout24.net/listing-images/0bc813bf-9ce1-4bbf-a610-74f1b87870f8_b49ba6a1-8dba-498a-b796-acce81ef3b58.jpg/250x188.webp,2026-08-03T05:37:54.459308,0.18,5
f01ed41a-d491-4b61-bd1a-f4791d1f72e5,https://www.autoscout24.it/annunci/f01ed41a-d491-4b61-bd1a-f4791d1f72e5,it,Ford,kuga,,Ford Kuga1.5 ecoboost st-line 2wd 150cv,19900,,False,2023,09-2023,32899,1,used,petrol,110,150,1499,,119,,manual,,FWD,SUV/Fuoristrada/Pick-up,5,5,Grigio,,,,,dealer,Blubay Spa,IT-57121 Livorno - LI,IT,3,https://prod.pictures.autoscout24.net/listing-images/f01ed41a-d491-4b61-bd1a-f4791d1f72e5_5f853d91-adb8-4eb1-afba-10f4470523e6.jpg/250x188.webp,2026-08-03T05:37:54.459323,0.6,3
ca13a74d-6529-4fe6-9110-3ff742a45ab7,https://www.autoscout24.it/annunci/ca13a74d-6529-4fe6-9110-3ff742a45ab7,it,BMW,220,,BMW 220d Gran Coupe Msport Auto,29900,,False,2023,06-2023,86750,,used,diesel,140,190,1995,,129,,automatic,,Keine Angabe,Berlina,4,5,Nero,,,,,dealer,Mixauto Srl,IT-04100 Borgo Piave - Latina - Lt,IT,2,https://prod.pictures.autoscout24.net/listing-images/ca13a74d-6529-4fe6-9110-3ff742a45ab7_11e094e0-a25b-4d99-8121-6dc60714de92.jpg/250x188.webp,2026-08-03T05:37:54.459331,0.34,3
87bfbf08-f171-4787-9bb9-3c7cf1cf535a,https://www.autoscout24.it/annunci/87bfbf08-f171-4787-9bb9-3c7cf1cf535a,it,Omoda,9,,Omoda 91.5 tgdi phev Premium i-AWD prezzo REALE pronta,47000,,False,2026,07-2026,10000,,used,hybrid,395,537,1499,,38,,automatic,,AWD,SUV/Fuoristrada/Pick-up,5,5,Grigio,,,,,dealer,Automobili Parolin Srl,IT-31039 Riese Pio X - Treviso - Tv,IT,2,https://prod.pictures.autoscout24.net/listing-images/87bfbf08-f171-4787-9bb9-3c7cf1cf535a_a40beb6c-0dd5-40e8-bad2-4c2cfd88eb84.jpg/250x188.webp,2026-08-03T05:37:54.459339,4.7,0
d1873bac-f633-4a00-9ed8-07c2bfc54d62,https://www.autoscout24.it/annunci/d1873bac-f633-4a00-9ed8-07c2bfc54d62,it,Alfa Romeo,stelvio,,Alfa Romeo StelvioStelvio 2017 2.2 t Business Q4 190cv auto,18600,,False,2019,09-2019,90214,1,used,diesel,139,190,2143,,,,automatic,,AWD,SUV/Fuoristrada/Pick-up,5,5,Bianco,,,,,dealer,M&L Auto Srl,IT-52025 Montevarchi - Arezzo - AR,IT,2,https://prod.pictures.autoscout24.net/listing-images/d1873bac-f633-4a00-9ed8-07c2bfc54d62_07fc3d00-6f7e-48c8-aed8-4d2a81d8ac67.jpg/250x188.webp,2026-08-03T05:37:54.459346,0.21,7
f3250943-980d-49df-ac08-6e1f0d67b4a9,https://www.autoscout24.it/annunci/f3250943-980d-49df-ac08-6e1f0d67b4a9,it,Audi,a3,,Audi A330 TDI Business,21250,,False,2021,01-2021,54920,,used,diesel,85,115,1968,,,,manual,,FWD,Berlina,4,5,Bianco,,,,,dealer,Bertonova Srl,IT-36045 Alonte -Vicenza - Vi,IT,2,https://prod.pictures.autoscout24.net/listing-images/f3250943-980d-49df-ac08-6e1f0d67b4a9_75b08b94-5def-44bd-9647-fb005654b566.jpg/250x188.webp,2026-08-03T05:37:54.459354,0.39,5
f9f09176-b97e-46fd-bce2-b179942eee96,https://www.autoscout24.it/annunci/f9f09176-b97e-46fd-bce2-b179942eee96,it,BMW,x2,,BMW X2xDrive25e Business-X,23400,,False,2022,11-2022,31140,1,used,hybrid,92,125,1499,,43,,automatic,,AWD,SUV/Fuoristrada/Pick-up,5,5,Bianco,,,,,dealer,X Car Snc,IT-10148 Torino - To,IT,2,https://prod.pictures.autoscout24.net/listing-images/f9f09176-b97e-46fd-bce2-b179942eee96_48224cb8-8997-453e-b2b3-a88f9ce6a3aa.jpg/250x188.webp,2026-08-03T05:37:54.459362,0.75,4
909d1440-086a-464a-bde1-15f5562fa33e,https://www.autoscout24.it/annunci/909d1440-086a-464a-bde1-15f5562fa33e,it,Audi,a3,,Audi A3A3 SPB 35 TDI S tronic S line edition,37500,,False,2026,01-2026,0,1,new,diesel,110,149,1968,,,,automatic,,FWD,Berlina,5,5,Grigio,,,,,dealer,Panoramauto Torino srl,IT-10156 Torino - To,IT,2,https://prod.pictures.autoscout24.net/listing-images/909d1440-086a-464a-bde1-15f5562fa33e_911c213a-41a3-4726-8d93-a4c0d3ae2864.jpg/250x188.webp,2026-08-03T05:37:54.459370,,0
81ab3c9c-f650-40ce-8f83-2def86651abb,https://www.autoscout24.it/annunci/81ab3c9c-f650-40ce-8f83-2def86651abb,it,Jeep,avenger,,Jeep Avenger1.2 MHEV 110CV ALTITUDE DCT,20890,,False,2025,08-2025,10000,,used,hybrid,80,110,1199,,0,,automatic,,FWD,City car,5,5,Grigio,,,,,dealer,Degiorgi la tua auto,IT-27058 Voghera - Pavia - Pv,IT,2,https://prod.pictures.autoscout24.net/listing-images/81ab3c9c-f650-40ce-8f83-2def86651abb_a03b01dd-bfbd-4200-8a28-2ba3b297fdd1.jpg/250x188.webp,2026-08-03T05:37:54.459377,2.09,1
f8c1aab5-fd6a-41f4-a386-a2dfbf4dfa0e,https://www.autoscout24.it/annunci/f8c1aab5-fd6a-41f4-a386-a2dfbf4dfa0e,it,BMW,x1,,BMW X1sDrive 18d xLine *VOLANTE M*PACK MANUTENZIONE,34900,,False,2023,01-2023,49800,1,used,diesel,110,149,1995,,114,,automatic,,FWD,SUV/Fuoristrada/Pick-up,5,5,Nero,,,,,dealer,Gruppo Auto srl,IT-20051 Cassina De' Pecchi,IT,2,https://prod.pictures.autoscout24.net/listing-images/f8c1aab5-fd6a-41f4-a386-a2dfbf4dfa0e_07b18e95-f6f6-4219-aa4c-9de3fec9786a.jpg/250x188.webp,2026-08-03T05:37:54.459385,0.7,3
22b63125-a09f-4c11-bd06-eb6d46aafd22,https://www.autoscout24.it/annunci/22b63125-a09f-4c11-bd06-eb6d46aafd22,it,Mercedes-Benz,glb 200,,Mercedes-Benz GLB 200d Premium AMG Line,40900,,False,2024,10-2024,22000,,used,diesel,110,149,1950,,125,,automatic,,FWD,SUV/Fuoristrada/Pick-up,5,5,Bianco,,,,,dealer,BR Motors srl,IT-43126 Parma - PR,IT,2,https://prod.pictures.autoscout24.net/listing-images/22b63125-a09f-4c11-bd06-eb6d46aafd22_af9c4a79-67bc-42fc-9e46-883da82eb13c.jpg/250x188.webp,2026-08-03T05:37:54.459393,1.86,2
a99b2cbd-a2be-487d-b60b-85551c5e3231,https://www.autoscout24.it/annunci/a99b2cbd-a2be-487d-b60b-85551c5e3231,it,Mg,hs,,MG HS1.5 Hybrid+ Luxury,28490,,False,2026,05-2026,10,,new,hybrid,105,142,1496,,0,0.0,automatic,,FWD,SUV/Fuoristrada/Pick-up,5,5,Nero,,,,,dealer,Frattin Group Srl,IT-36022 Cassola - Vi,IT,2,https://prod.pictures.autoscout24.net/listing-images/a99b2cbd-a2be-487d-b60b-85551c5e3231_c0bd5d53-2d6b-4df1-b1fd-480a0acf3b9e.jpg/250x188.webp,2026-08-03T05:37:54.459408,2849.0,0
4de3bfc0-640e-404f-844f-0ee5c866820c,https://www.autoscout24.it/annunci/4de3bfc0-640e-404f-844f-0ee5c866820c,it,Nissan,qashqai,,Nissan Qashqai1.7 dci N-Connecta 150cv--Prezzo Destock--,13490,,False,2020,09-2020,112218,1,used,diesel,110,150,1749,,151,,automatic,,FWD,SUV/Fuoristrada/Pick-up,5,5,Nero,,,,,dealer,Bmotors Srl,IT-21050 Cairate - Varese - Va,IT,2,https://prod.pictures.autoscout24.net/listing-images/4de3bfc0-640e-404f-844f-0ee5c866820c_58a61b12-d703-4615-9309-67ddc18f3b92.jpg/250x188.webp,2026-08-03T05:37:54.459416,0.12,6
e58bfd9b-dc25-4049-8175-2e9f0374f7ab,https://www.autoscout24.it/annunci/e58bfd9b-dc25-4049-8175-2e9f0374f7ab,it,Mercedes-Benz,a 200,,Mercedes-Benz A 200Sport,16500,,False,2019,12-2019,140000,,used,petrol,120,163,1332,,,,manual,,FWD,Berlina,5,5,,,,,,dealer,Mariocar,IT-10036 Settimo Torinese - TO,IT,1,https://prod.pictures.autoscout24.net/listing-images/e58bfd9b-dc25-4049-8175-2e9f0374f7ab_7328cc65-46a8-485e-b5f6-4d8dfee2af48.jpg/250x188.webp,2026-08-03T05:37:54.459424,0.12,7
36acaa7a-8988-4158-ba68-c0e9f3f69529,https://www.autoscout24.it/annunci/36acaa7a-8988-4158-ba68-c0e9f3f69529,it,Volkswagen,t-roc,,Volkswagen T-Roc1.5 eTSI R-Line 150CV DSG,36900,,False,,new,10000,,used,hybrid,110,150,1498,,128,,automatic,,FWD,SUV/Fuoristrada/Pick-up,5,5,Nero,,,,,dealer,Autosandonà di Vio C. & Furlan E. snc,IT-30027 San Donà di Piave,IT,2,https://prod.pictures.autoscout24.net/listing-images/36acaa7a-8988-4158-ba68-c0e9f3f69529_fc9127dc-c740-42fd-a8c3-cfb279df887a.jpg/250x188.webp,2026-08-03T05:37:54.459486,3.69,
26eb624f-d54d-4ad0-a0bb-43b349a05563,https://www.autoscout24.it/annunci/26eb624f-d54d-4ad0-a0bb-43b349a05563,it,Fiat,ducato,,Fiat Ducato35 2.3 MJT 140CV PLM-TM Combi Shuttle,23800,,False,2020,12-2020,176719,,used,diesel,102,140,2287,,179,,manual,,FWD,Monovolume,4,9,Grigio,,,,,dealer,Friulcamion,IT-33013 Gemona Del Friuli - Udine - UD,IT,2,https://prod.pictures.autoscout24.net/listing-images/26eb624f-d54d-4ad0-a0bb-43b349a05563_138f59a7-6623-48f6-8443-991e85af3b05.jpg/250x188.webp,2026-08-03T05:37:54.459496,0.13,6
94aa31db-2f5b-45d6-891d-cb415abb7d24,https://www.autoscout24.it/annunci/94aa31db-2f5b-45d6-891d-cb415abb7d24,it,Jeep,compass,,Jeep CompassCompass II 2017 2.0 mjt Limited 4wd 140cv auto,11350,,False,2019,08-2019,130000,,used,diesel,102,140,1956,,,,automatic,,AWD,SUV/Fuoristrada/Pick-up,5,5,Grigio,,,,,dealer,Cars 21 Srls,IT-15057 Tortona - Al,IT,2,https://prod.pictures.autoscout24.net/listing-images/94aa31db-2f5b-45d6-891d-cb415abb7d24_4497f128-5791-4900-8a2e-f24a1e5d4379.jpg/250x188.webp,2026-08-03T05:37:54.459503,0.09,7
559ec323-a30e-4d49-89ae-d382a16ade8c,https://www.autoscout24.it/annunci/559ec323-a30e-4d49-89ae-d382a16ade8c,it,Hyundai,tucson,,Hyundai TUCSON1.6 hev nline 2wd auto,23500,,False,2021,09-2021,50413,1,used,hybrid,169,229,1598,,125,,automatic,,FWD,SUV/Fuoristrada/Pick-up,5,5,Nero,,,,,dealer,Blubay Spa,IT-57121 Livorno - LI,IT,2,https://prod.pictures.autoscout24.net/listing-images/559ec323-a30e-4d49-89ae-d382a16ade8c_dc0f273e-4c72-4b4c-b7e0-9c40fbdd972c.jpg/250x188.webp,2026-08-03T05:37:54.459510,0.47,5
65606283-4b4e-42bb-8ea6-532ada90d7c1,https://www.autoscout24.it/annunci/65606283-4b4e-42bb-8ea6-532ada90d7c1,it,Audi,q2,,Audi Q21.5 TFSI 150CV S-LINE AUTOMATICA *DIVERSI COLORI,26500,,False,2025,07-2025,25333,1,used,petrol,110,150,1498,,,,automatic,,FWD,SUV/Fuoristrada/Pick-up,5,5,Grigio,,,,,dealer,Lanzocar Srl,IT-20093 Cologno Monzese - Milano - MI,IT,2,https://prod.pictures.autoscout24.net/listing-images/65606283-4b4e-42bb-8ea6-532ada90d7c1_0c0652e3-e63c-4008-8f43-f80cb086c1c8.jpg/250x188.webp,2026-08-03T05:37:54.459526,1.05,1
fe4654f4-c0cd-4c62-b617-3963a11b8598,https://www.autoscout24.it/annunci/fe4654f4-c0cd-4c62-b617-3963a11b8598,it,Land Rover,discovery sport,,Land Rover Discovery Sport2020 2.0d ed4 fwd 150cv PROMO,13900,,False,2019,09-2019,97600,2,used,diesel,110,150,1999,,,,manual,,AWD,SUV/Fuoristrada/Pick-up,5,5,Bianco,,,,,dealer,Idea Auto 860 Srl,IT-00148 Roma - Rm,IT,2,https://prod.pictures.autoscout24.net/listing-images/fe4654f4-c0cd-4c62-b617-3963a11b8598_e23c54bf-dabc-4004-8ca4-a086c930c91e.jpg/250x188.webp,2026-08-03T05:37:54.459533,0.14,7
3e2607bb-923a-4c7f-bfad-2b51d89842ee,https://www.autoscout24.it/annunci/3e2607bb-923a-4c7f-bfad-2b51d89842ee,it,Opel,corsa,,Opel CorsaCorsa 1.2 100 CV GS,12900,,False,2025,04-2025,25000,1,used,petrol,73,100,1199,,,,manual,,FWD,Berlina,5,5,Nero,,,,,dealer,Panoramauto Torino srl,IT-10156 Torino - To,IT,2,https://prod.pictures.autoscout24.net/listing-images/3e2607bb-923a-4c7f-bfad-2b51d89842ee_74e4eb53-1908-415d-8bb5-0291571d7def.jpg/250x188.webp,2026-08-03T05:37:54.459541,0.52,1
b5e1968f-75f6-4d1b-a4d9-67ddb34459ec,https://www.autoscout24.it/annunci/b5e1968f-75f6-4d1b-a4d9-67ddb34459ec,it,Nissan,qashqai,,Nissan Qashqai1.3 Mild Hybrid 140cv N-Connecta 2WD,24900,,False,2025,01-2025,6237,,used,hybrid,102,140,1332,,,,automatic,,FWD,SUV/Fuoristrada/Pick-up,5,5,Grigio,,,,,dealer,Renord Spa,IT-27028 San Martino Siccomario - Pavia - Pv,IT,2,https://prod.pictures.autoscout24.net/listing-images/b5e1968f-75f6-4d1b-a4d9-67ddb34459ec_534c0990-c657-4220-9f1a-aa2ed286c422.jpg/250x188.webp,2026-08-03T05:37:54.459558,3.99,1
54bcb4a6-24fc-4e1c-929c-e619b54dd64f,https://www.autoscout24.it/annunci/54bcb4a6-24fc-4e1c-929c-e619b54dd64f,it,Citroen,c3,,"Citroen C3PureTech 83 S&S Shine VETRI SCURI+CERCHI 16""",10500,,False,2023,07-2023,17466,,used,petrol,44,61,1199,,,,manual,,FWD,Berlina,5,5,Bianco,,,,,dealer,Menardi Auto Group Srl,IT-12100 Bernezzo - Cuneo,IT,2,https://prod.pictures.autoscout24.net/listing-images/54bcb4a6-24fc-4e1c-929c-e619b54dd64f_6855a709-06f7-476c-8773-0c509a031574.jpg/250x188.webp,2026-08-03T05:37:54.459574,0.6,3
94bbaf1d-e7da-49e0-9e9c-8101b4f1a9c9,https://www.autoscout24.it/annunci/94bbaf1d-e7da-49e0-9e9c-8101b4f1a9c9,it,Tesla,model 3,,Tesla Model 3Rear-Wheel Drive,24600,,False,2021,06-2021,104357,,used,electric,220,299,,,0,,automatic,,RWD,Berlina,4,,Bianco,,,,,dealer,Tesla Italy,IT-37135 Verona - VR,IT,2,https://prod.pictures.autoscout24.net/listing-images/94bbaf1d-e7da-49e0-9e9c-8101b4f1a9c9_45bdc1a7-5e49-41a0-8017-f27582df8356.jpg/250x188.webp,2026-08-03T05:37:54.459582,0.24,5
1143175a-7587-47c9-9af6-1dba350de7ca,https://www.autoscout24.it/annunci/1143175a-7587-47c9-9af6-1dba350de7ca,it,Mg,zs,,MG ZSZS Classic 1.5 VTi-tech Luxury,12500,,False,2024,04-2024,39000,1,used,petrol,57,78,1498,,,,manual,,FWD,SUV/Fuoristrada/Pick-up,5,5,Grigio,,,,,dealer,Panoramauto Torino srl,IT-10156 Torino - To,IT,2,https://prod.pictures.autoscout24.net/listing-images/1143175a-7587-47c9-9af6-1dba350de7ca_1cf1a5d2-c290-477a-9193-35b9c9ac4364.jpg/250x188.webp,2026-08-03T05:37:54.459590,0.32,2
883033ba-b7be-49d1-b9a6-63485fc85a51,https://www.autoscout24.it/annunci/883033ba-b7be-49d1-b9a6-63485fc85a51,it,Alfa Romeo,stelvio,,Alfa Romeo StelvioStelvio 2022 2.2 t Super Business Q4,22700,,False,2022,06-2022,46160,1,used,diesel,139,190,2143,,,,automatic,,Keine Angabe,SUV/Fuoristrada/Pick-up,5,5,Argento,,,,,dealer,,IT-00054 Fiumicino - Roma - RM,IT,1,https://prod.pictures.autoscout24.net/listing-images/883033ba-b7be-49d1-b9a6-63485fc85a51_7b7fa054-9fd1-474c-90a9-1772a5db6816.jpg/250x188.webp,2026-08-03T05:37:54.459598,0.49,4
e24df291-24bf-463b-b55f-96875c105cf7,https://www.autoscout24.it/annunci/e24df291-24bf-463b-b55f-96875c105cf7,it,Volkswagen,golf,,Volkswagen GolfGolf 1.5 TSI 115 CV ACT GOAL,23200,,False,2025,07-2025,25500,,used,petrol,84,115,1498,,123,,manual,,FWD,Berlina,5,5,Bianco,,,,,dealer,Auto 4r S.r.l.,IT-30174 Mestre - Venezia - VE,IT,2,https://prod.pictures.autoscout24.net/listing-images/e24df291-24bf-463b-b55f-96875c105cf7_a23bc4b7-d504-40dd-a200-51b2d666c187.jpg/250x188.webp,2026-08-03T05:37:54.459614,0.91,1
3fcc9c65-beae-414f-b7e0-4b35942354f5,https://www.autoscout24.it/annunci/3fcc9c65-beae-414f-b7e0-4b35942354f5,it,Kia,ceed / cee'd,,Kia Ceed / cee'dPro 1.5 t-gdi GT 160cv dct - PROMO,19990,,False,2022,06-2022,36989,,used,petrol,117,160,1482,,142,,automatic,,FWD,Station Wagon,5,5,Grigio,,,,,dealer,Locauto Due Srl,IT-10151 Torino - To,IT,2,https://prod.pictures.autoscout24.net/listing-images/3fcc9c65-beae-414f-b7e0-4b35942354f5_00c94fac-0b0c-4b30-9923-fd08365c783f.jpg/250x188.webp,2026-08-03T05:37:54.459630,0.54,4
6d8ba940-7789-4a06-a600-c58e45cd3af8,https://www.autoscout24.it/annunci/6d8ba940-7789-4a06-a600-c58e45cd3af8,it,Cupra,formentor,,CUPRA Formentore-Hybrid DSG 1.4 Plug-In Hybrid 204CV,21690,,False,2024,04-2024,34921,1,used,hybrid,150,204,1395,,,,automatic,,FWD,SUV/Fuoristrada/Pick-up,5,5,Bianco,,,,,dealer,brumbrum,IT-20092 Cinisello Balsamo  - Milano - MI,IT,2,https://prod.pictures.autoscout24.net/listing-images/6d8ba940-7789-4a06-a600-c58e45cd3af8_d1ca3040-f5ab-453f-b6d3-6f95dce33ab9.jpg/250x188.webp,2026-08-03T05:37:54.459638,0.62,2
7d1eea50-3777-4a79-87ac-a5fe2a09f242,https://www.autoscout24.it/annunci/7d1eea50-3777-4a79-87ac-a5fe2a09f242,it,Porsche,cayenne,,Porsche CayenneCayenne 3.0 tiptronic-Tetto-Sport Chrono,38750,,False,2019,03-2019,173000,1,used,petrol,183,250,2995,,,,automatic,,AWD,SUV/Fuoristrada/Pick-up,5,5,Nero,,,,,dealer,Solarino Auto Di Solarino Salvatore,IT-25081 Bedizzole - Brescia - Bs,IT,2,https://prod.pictures.autoscout24.net/listing-images/7d1eea50-3777-4a79-87ac-a5fe2a09f242_2e223357-0844-4bd1-9647-a7fcd133a091.jpg/250x188.webp,2026-08-03T05:37:54.459646,0.22,7
05cb1d48-87e2-455c-af72-cdc8712a9014,https://www.autoscout24.it/annunci/05cb1d48-87e2-455c-af72-cdc8712a9014,it,Citroen,c3,,Citroen C3C3 C-Series 83cv CBC,9400,,False,2023,09-2023,38392,,used,petrol,61,83,1199,,118,,manual,,FWD,Berlina,5,5,Grigio,,,,,dealer,Carauto Sas,IT-10041 Carignano - To,IT,2,https://prod.pictures.autoscout24.net/listing-images/05cb1d48-87e2-455c-af72-cdc8712a9014_44da91ad-b4e7-4b83-bbca-c8cacab244e4.jpg/250x188.webp,2026-08-03T05:37:54.459654,0.24,3
dca79a77-e2ba-458c-81f5-19dbc5ac87ea,https://www.autoscout24.it/annunci/dca79a77-e2ba-458c-81f5-19dbc5ac87ea,it,Hyundai,tucson,,Hyundai TUCSON1.6 HEV 4WD aut. Exellence,29300,,False,2024,01-2024,39855,,used,electric,132,179,1598,,0,5.0,automatic,,AWD,SUV/Fuoristrada/Pick-up,5,5,Blu/Azzurro,,,,,dealer,Pastorello Srl,IT-38123 Trento - Tn,IT,2,https://prod.pictures.autoscout24.net/listing-images/dca79a77-e2ba-458c-81f5-19dbc5ac87ea_c5760501-7870-4162-ae11-be4c9eeacc39.jpg/250x188.webp,2026-08-03T05:37:54.459661,0.74,2
16484445-0461-4aa7-9350-dadecbb30923,https://www.autoscout24.it/annunci/16484445-0461-4aa7-9350-dadecbb30923,it,Land Rover,range rover,,Land Rover Range RoverRange Rover 3.0 sdV6 Vogue auto,41390,,False,2020,05-2020,144780,1,used,diesel,183,248,2993,,,,semiautomatico,,AWD,SUV/Fuoristrada/Pick-up,5,5,Blu/Azzurro,,,,,dealer,Auto & Motori snc,IT-20017 Rho - Milano,IT,2,https://prod.pictures.autoscout24.net/listing-images/16484445-0461-4aa7-9350-dadecbb30923_5b1aff41-1606-4c84-8aee-df8d2c31c082.jpg/250x188.webp,2026-08-03T05:37:54.459669,0.29,6
27c0f983-af3a-43f7-ab7b-a26a93fc47c6,https://www.autoscout24.it/annunci/27c0f983-af3a-43f7-ab7b-a26a93fc47c6,it,Volkswagen,tiguan,,Volkswagen TiguanTiguan III 2024 2.0 tdi R-Line 150cv dsg,34990,,False,2024,11-2024,29000,1,used,diesel,110,150,1968,,,,automatic,,Keine Angabe,SUV/Fuoristrada/Pick-up,5,5,Grigio,,,,,dealer,MarCar Srl,IT-10148 Torino - TO,IT,2,https://prod.pictures.autoscout24.net/listing-images/27c0f983-af3a-43f7-ab7b-a26a93fc47c6_d5780e8c-b7ef-4b0c-9fe9-ebaedc1bab7c.jpg/250x188.webp,2026-08-03T05:37:54.459685,1.21,2
c1af5754-b0cb-4ee7-994e-4c7756220394,https://www.autoscout24.it/annunci/c1af5754-b0cb-4ee7-994e-4c7756220394,it,Audi,q5,,Audi Q540 TDI Business Sport quattro 190cv s-tronic PREZZO,24000,,False,2019,08-2019,106000,1,used,diesel,139,190,1968,,187,,automatic,,AWD,SUV/Fuoristrada/Pick-up,5,5,Grigio,,,,,dealer,Auto Maggiolo Srl,IT-35010 Santa Maria di Non PD,IT,2,https://prod.pictures.autoscout24.net/listing-images/c1af5754-b0cb-4ee7-994e-4c7756220394_1bc91fcf-ff50-4aca-a4f4-3048c28c1abf.jpg/250x188.webp,2026-08-03T05:37:54.459700,0.23,7
b0538295-5f6e-4e99-85bc-921f82f4d861,https://www.autoscout24.it/annunci/b0538295-5f6e-4e99-85bc-921f82f4d861,it,Fiat,500,,Fiat 500HYBRID POP 1.0 65 CV,14900,,False,2026,07-2026,10,,new,hybrid,47,65,999,,,,manual,,FWD,Berlina,,5,Bianco,,,,,dealer,Nuova Autoalpina Milano - Sede di Legnano,IT-11020 Legnano - Milano - MI,IT,2,https://prod.pictures.autoscout24.net/listing-images/b0538295-5f6e-4e99-85bc-921f82f4d861_0f62aeef-12cc-432f-8cdb-de530308e811.jpg/250x188.webp,2026-08-03T05:37:54.459708,1490.0,0
0b6bafc7-3c11-46c2-b7c7-b08a2801f520,https://www.autoscout24.it/annunci/0b6bafc7-3c11-46c2-b7c7-b08a2801f520,it,Peugeot,208,,PEUGEOT 208 II  1.5 bluehdi GT Line s,10900,,False,2020,04-2020,87585,,used,diesel,74,100,1499,,,,manual,,Enthalten,Berlina,5,5,Argento,,,,,dealer,Garage 78 srl,IT-00071 Pomezia - Roma - RM,IT,2,https://prod.pictures.autoscout24.net/listing-images/0b6bafc7-3c11-46c2-b7c7-b08a2801f520_8f2280fb-8797-4842-995c-f1c307be80c7.jpg/250x188.webp,2026-08-03T05:37:54.459715,0.12,6
058681be-918b-4608-b90e-d5b8100971a0,https://www.autoscout24.it/annunci/058681be-918b-4608-b90e-d5b8100971a0,it,Mercedes-Benz,a 180,,Mercedes-Benz A 180Classe A - W177 2018 Premium,23900,,False,2019,05-2019,51000,,used,petrol,100,136,1332,,,,manual,,Keine Angabe,Berlina,5,5,Tipo di verniceAltro,,,,,dealer,Autostar snc Di Martinelli Claudio Marco & C.,IT-24020 Casnigo - Bergamo - Bg,IT,2,https://prod.pictures.autoscout24.net/listing-images/058681be-918b-4608-b90e-d5b8100971a0_15e0e5b7-5fbd-48ed-b73f-395d4b765dbe.jpg/250x188.webp,2026-08-03T05:37:54.459723,0.47,7
cca81fcf-2c1f-4dba-8928-3285dab4cfd3,https://www.autoscout24.it/annunci/cca81fcf-2c1f-4dba-8928-3285dab4cfd3,it,Toyota,yaris,,Toyota Yaris1.0 5 porte Active OK NEOPATENTATI CAMERA CRUISE,13300,,False,2023,02-2023,56000,1,used,petrol,53,72,998,,122,,manual,,FWD,Berlina,5,5,Bianco,,,,,dealer,Corte Auto Srl,IT-29016 Cortemaggiore - Piacenza - Pc,IT,2,https://prod.pictures.autoscout24.net/listing-images/cca81fcf-2c1f-4dba-8928-3285dab4cfd3_8bf0cf34-3da5-4f81-8fcf-4d4791e73038.jpg/250x188.webp,2026-08-03T05:37:54.459731,0.24,3
49a44299-fa73-47ab-bda1-c5f6b37bc291,https://www.autoscout24.it/annunci/49a44299-fa73-47ab-bda1-c5f6b37bc291,it,Volkswagen,t-roc,,Volkswagen T-RocT-Roc 1.0 tsi STYLE 110cv UFFICIALE,16900,,False,2022,10-2022,47000,1,used,petrol,80,110,999,,,,manual,,FWD,SUV/Fuoristrada/Pick-up,5,5,Nero,,,,,dealer,Autoservice srls,IT-10142 Torino,IT,2,https://prod.pictures.autoscout24.net/listing-images/49a44299-fa73-47ab-bda1-c5f6b37bc291_5ba3977d-1c11-4fbf-8a3c-bb9239572524.jpg/250x188.webp,2026-08-03T05:37:54.459739,0.36,4
dd5d635d-2a44-40c5-af31-cb5708f52c51,https://www.autoscout24.it/annunci/dd5d635d-2a44-40c5-af31-cb5708f52c51,it,Volkswagen,tayron,,Volkswagen TayronTayron 1.5 etsi Edition Plus 150cv dsg,43800,,False,2026,03-2026,89,,new,hybrid,110,150,1498,,,,automatic,,€ 0,SUV/Fuoristrada/Pick-up,5,5,Grigio,,,,,dealer,Viesse Auto Srl,IT-20132 Milano - Mi,IT,2,https://prod.pictures.autoscout24.net/listing-images/dd5d635d-2a44-40c5-af31-cb5708f52c51_872c1c26-64d3-4608-a9cf-ec2088403905.jpg/250x188.webp,2026-08-03T05:37:54.459755,492.13,0
ff550f21-5c2c-4e0c-8714-add0cd33a735,https://www.autoscout24.it/annunci/ff550f21-5c2c-4e0c-8714-add0cd33a735,it,Cupra,formentor,,CUPRA Formentore-Hybrid DSG 1.4 Plug-In Hybrid 204CV,21690,,False,2024,04-2024,36041,1,used,hybrid,150,204,1395,,,,automatic,,FWD,SUV/Fuoristrada/Pick-up,5,5,Grigio,,,,,dealer,brumbrum,IT-20092 Cinisello Balsamo  - Milano - MI,IT,2,https://prod.pictures.autoscout24.net/listing-images/ff550f21-5c2c-4e0c-8714-add0cd33a735_8f380685-f88e-45e3-b5e9-61411ed75fac.jpg/250x188.webp,2026-08-03T05:37:54.459763,0.6,2
06591f7a-0d8b-4412-ac1a-df4364369326,https://www.autoscout24.it/annunci/06591f7a-0d8b-4412-ac1a-df4364369326,it,Peugeot,408,,Peugeot 4082022 1.2 hybrid GT 136cv e-dsc6,24486,,False,2025,03-2025,15552,1,used,hybrid,99,136,1199,,108,,automatic,,FWD,Berlina,5,5,Grigio,,,,,dealer,Serratore Spa,IT-22036 Erba - Como - Co,IT,2,https://prod.pictures.autoscout24.net/listing-images/06591f7a-0d8b-4412-ac1a-df4364369326_23eef759-4152-4a8f-9ca4-84c0d1af23bb.jpg/250x188.webp,2026-08-03T05:37:54.459786,1.57,1
ebf90aea-f675-4d7c-89b5-821a3bd8740b,https://www.autoscout24.it/annunci/ebf90aea-f675-4d7c-89b5-821a3bd8740b,it,BMW,x3,,BMW X3xDrive20d Msport * TUTTA TAGLIANDATA BMW,30900,,False,2019,05-2019,59000,1,used,diesel,140,190,1995,,133,,automatic,,AWD,SUV/Fuoristrada/Pick-up,5,5,Blu/Azzurro,,,,,dealer,GT Car Inzago Srl,IT-20065 Inzago - Milano - MI,IT,2,https://prod.pictures.autoscout24.net/listing-images/ebf90aea-f675-4d7c-89b5-821a3bd8740b_72dabe5a-52b8-44f4-8d8f-10a62652d04d.jpg/250x188.webp,2026-08-03T05:37:54.459794,0.52,7
e7434a3b-9e16-47b5-9c08-5ef309d94034,https://www.autoscout24.it/annunci/e7434a3b-9e16-47b5-9c08-5ef309d94034,it,Fiat,500x,,Fiat 500X120cv GARANZIA -VARIE DISPONIBILITA',11900,,False,2022,06-2022,65000,1,used,petrol,88,120,999,,,,manual,,FWD,SUV/Fuoristrada/Pick-up,5,5,Grigio,,,,,dealer,Mekkano Srl,IT-00169 Roma - RM,IT,2,https://prod.pictures.autoscout24.net/listing-images/e7434a3b-9e16-47b5-9c08-5ef309d94034_87ba93a3-3a2f-4b86-8266-8d7fe4936f9a.jpg/250x188.webp,2026-08-03T05:37:54.459801,0.18,4
21246df5-dc74-4220-913c-33bf31a8833b,https://www.autoscout24.it/annunci/21246df5-dc74-4220-913c-33bf31a8833b,it,Alfa Romeo,stelvio,,Alfa Romeo Stelvio2.2 Turbodiesel 210CV AT8 Q4 Veloce,21899,,False,2021,09-2021,121730,1,used,diesel,154,210,2143,,127,,automatic,,AWD,SUV/Fuoristrada/Pick-up,5,5,Grigio,,,,,dealer,Auto Simeone Srl,IT-72012 Carovigno - Brindisi - Br,IT,2,https://prod.pictures.autoscout24.net/listing-images/21246df5-dc74-4220-913c-33bf31a8833b_89e458b8-2e06-4005-bf47-f4986ec980af.jpg/250x188.webp,2026-08-03T05:37:54.459809,0.18,5
1c258363-5728-4b99-96d4-e33c19f7f2d2,https://www.autoscout24.it/annunci/1c258363-5728-4b99-96d4-e33c19f7f2d2,it,Volkswagen,golf,,Volkswagen Golf5p 2.0 tdi Business 150cv dsg,16900,,False,2020,06-2020,104000,,used,diesel,110,150,1968,,140,,semiautomatico,,FWD,Berlina,5,5,Grigio,,,,,dealer,Autolago sas,IT-25080 Manerba del Garda - Brescia - Bs,IT,2,https://prod.pictures.autoscout24.net/listing-images/1c258363-5728-4b99-96d4-e33c19f7f2d2_7b5b2fe1-85fd-4b64-a2a8-f8c0e229ba0e.jpg/250x188.webp,2026-08-03T05:37:54.459816,0.16,6
20295aab-d935-49e8-bd85-55379ef04b42,https://www.autoscout24.it/annunci/20295aab-d935-49e8-bd85-55379ef04b42,it,Mercedes-Benz,c 220,,Mercedes-Benz C 220-S205 SW d AMG LINE PREZZO REALE,24900,,False,2020,12-2020,94895,1,used,diesel,143,194,1950,,,,automatic,,FWD,Station Wagon,5,5,Argento,,,,,dealer,Van To Go Srl,IT-25125 Brescia - BS,IT,2,https://prod.pictures.autoscout24.net/listing-images/20295aab-d935-49e8-bd85-55379ef04b42_0a83743e-5595-418c-968a-46c09496f623.jpg/250x188.webp,2026-08-03T05:37:54.459824,0.26,6
701c2080-ed6b-44fc-a9b3-5c44ab77752f,https://www.autoscout24.it/annunci/701c2080-ed6b-44fc-a9b3-5c44ab77752f,it,Seat,leon,,SEAT LeonLeon IV 2020 2.0 tdi FR 150cv dsg,18900,,False,2024,02-2024,74000,,used,diesel,110,150,1968,,,,semiautomatico,,Keine Angabe,Berlina,5,5,Tipo di verniceAltro,,,,,dealer,Center Auto srls,IT-13030 Caresanablot - Vercelli - VC,IT,2,https://prod.pictures.autoscout24.net/listing-images/701c2080-ed6b-44fc-a9b3-5c44ab77752f_085990b4-ef4e-4b6a-baa2-eb9ced53f7b4.jpg/250x188.webp,2026-08-03T05:37:54.459832,0.26,2
9f0643b2-f91f-4056-94bf-704400b52e2a,https://www.autoscout24.it/annunci/9f0643b2-f91f-4056-94bf-704400b52e2a,it,Ford,puma,,Ford Puma1.0 ecoboost h st-line x s&s 125cv,15520,,False,2023,09-2023,44715,1,used,hybrid,91,125,999,,124,,manual,,FWD,SUV/Fuoristrada/Pick-up,5,5,Grigio,,,,,dealer,Carpoint Spa,IT-00128 Roma - Rm,IT,3,https://prod.pictures.autoscout24.net/listing-images/9f0643b2-f91f-4056-94bf-704400b52e2a_bdaed47b-b39b-417f-8511-00b0ca75aa04.jpg/250x188.webp,2026-08-03T05:37:54.459839,0.35,3
963b5766-38d5-4703-9c07-fe10af67597a,https://www.autoscout24.it/annunci/963b5766-38d5-4703-9c07-fe10af67597a,it,Mercedes-Benz,gla 200,,Mercedes-Benz GLA 200d Automatic Premium,21480,,False,2022,02-2022,158000,1,used,diesel,110,149,1950,,,,automatic,,FWD,SUV/Fuoristrada/Pick-up,5,5,Argento,,,,,dealer,Ice Car Srl,IT-00128 Roma,IT,2,https://prod.pictures.autoscout24.net/listing-images/963b5766-38d5-4703-9c07-fe10af67597a_6f6ee6bf-fdd4-4960-9585-7d790fc62266.jpg/250x188.webp,2026-08-03T05:37:54.459855,0.14,4
6f261776-bcda-41c2-bbde-362fa9f63d38,https://www.autoscout24.it/annunci/6f261776-bcda-41c2-bbde-362fa9f63d38,it,Opel,corsa,,Opel CorsaCorsa 1.2 100 CV aut. GS,14500,,False,2025,04-2025,20000,1,used,petrol,73,100,1199,,,,automatic,,FWD,Berlina,5,5,Nero,,,,,dealer,Panoramauto Torino srl,IT-10156 Torino - To,IT,2,https://prod.pictures.autoscout24.net/listing-images/6f261776-bcda-41c2-bbde-362fa9f63d38_573335c8-28f1-4d00-861e-96de1850c9cc.jpg/250x188.webp,2026-08-03T05:37:54.459864,0.72,1
51cdee5d-2c37-4f3e-9f7e-9329fb5606e3,https://www.autoscout24.it/annunci/51cdee5d-2c37-4f3e-9f7e-9329fb5606e3,it,Renault,clio,,Renault ClioTCe 115 CV 5 porte Evolution,16900,,False,2026,01-2026,7413,,used,petrol,84,115,,,,,manual,,FWD,Berlina,5,5,Rosso,,,,,dealer,Borsoi srl,IT-31100 Treviso - TV,IT,2,https://prod.pictures.autoscout24.net/listing-images/51cdee5d-2c37-4f3e-9f7e-9329fb5606e3_9ee8aeef-f3e5-4129-80f5-960c0111973c.jpg/250x188.webp,2026-08-03T05:37:54.459871,2.28,0
db49f555-b8a8-43ea-bffe-30524556d92e,https://www.autoscout24.it/annunci/db49f555-b8a8-43ea-bffe-30524556d92e,it,BMW,x2,,BMW X2X2 sDrive18i Business-X,18990,,False,2018,07-2018,69900,1,used,petrol,103,140,1499,,129,,automatic,,FWD,SUV/Fuoristrada/Pick-up,5,5,Grigio,,,,,dealer,Pms Auto Srl,IT-12062 Cherasco - Cuneo,IT,2,https://prod.pictures.autoscout24.net/listing-images/db49f555-b8a8-43ea-bffe-30524556d92e_d21337d3-e149-43cc-9e36-96a945341c5f.jpg/250x188.webp,2026-08-03T05:37:54.459879,0.27,8
921e192a-79a5-4b09-8f1e-210c19bcf938,https://www.autoscout24.it/annunci/921e192a-79a5-4b09-8f1e-210c19bcf938,it,Jeep,cherokee,,Jeep CherokeeCherokee 2.2 mjt Overland 4wd active drive II,14500,,False,2019,02-2019,156292,,used,diesel,105,143,2184,,,,,,AWD,SUV/Fuoristrada/Pick-up,5,5,Bianco,,,,,dealer,Centro Selezione Auto Srl,IT-41122 Modena - Mo,IT,2,https://prod.pictures.autoscout24.net/listing-images/921e192a-79a5-4b09-8f1e-210c19bcf938_df49e0a0-0273-423c-9c53-00f5d63ca640.jpg/250x188.webp,2026-08-03T05:37:54.459888,0.09,7
82f96310-1dbf-4557-8045-3dcd5d986ca0,https://www.autoscout24.it/annunci/82f96310-1dbf-4557-8045-3dcd5d986ca0,it,Renault,trafic,,Renault TraficTDCI 110 CV9 POSTI PASSO LUNGO ZEN,19900,,False,2022,05-2022,123000,1,used,diesel,80,110,1997,,,,manual,,FWD,Monovolume,4,9,Bianco,,,,,dealer,Autovignolese Srl,IT-41058 Vignola - Modena - Mo,IT,2,https://prod.pictures.autoscout24.net/listing-images/82f96310-1dbf-4557-8045-3dcd5d986ca0_92b9fdf1-fc70-45c3-a05a-ee6fcb220c5e.jpg/250x188.webp,2026-08-03T05:37:54.459896,0.16,4
e0691121-577b-4263-b668-bf6b92e98afa,https://www.autoscout24.it/annunci/e0691121-577b-4263-b668-bf6b92e98afa,it,Jeep,compass,,Jeep Compass1.3 turbo t4 phev S 4xe km 64.598 240CV - IN 24,18650,,False,2023,04-2023,64598,1,used,hybrid,176,240,1332,,,,automatic,,AWD,SUV/Fuoristrada/Pick-up,5,5,Grigio,,,,,dealer,Ecopart Italia Srl,IT-00138 Roma - RM,IT,2,https://prod.pictures.autoscout24.net/listing-images/e0691121-577b-4263-b668-bf6b92e98afa_0ed4a886-eec9-4ec0-8ec4-6b749ebc65c3.jpg/250x188.webp,2026-08-03T05:37:54.459904,0.29,3
6162fb99-23d0-4877-a735-c6c3251d2a9c,https://www.autoscout24.it/annunci/6162fb99-23d0-4877-a735-c6c3251d2a9c,it,Peugeot,208,,PEUGEOT 208 1.2 turbo Allure Pack 100cv ITALIANA,13490,,False,2026,01-2026,10000,1,used,petrol,73,100,1199,,,,manual,,FWD,Berlina,5,5,Grigio,,,,,dealer,Renauto srl,IT-80144 Napoli - NA,IT,2,https://prod.pictures.autoscout24.net/listing-images/6162fb99-23d0-4877-a735-c6c3251d2a9c_7d4f532a-3a19-43b9-9b43-e04c569325a2.jpg/250x188.webp,2026-08-03T05:37:54.459911,1.35,0
4a4bf916-e9e3-4e44-8226-c8fabcf5cebd,https://www.autoscout24.it/annunci/4a4bf916-e9e3-4e44-8226-c8fabcf5cebd,it,Audi,a3,,Audi A3Sportback 35 S line S-tronic + Retrocamera,31399,,False,2024,02-2024,44588,,used,hybrid,110,149,1498,,114,,automatic,,FWD,Berlina,5,5,Nero,,,,,dealer,Autoviemme Olgiate S.r.l.,IT-22077 Olgiate Comasco - Como -  Co,IT,2,https://prod.pictures.autoscout24.net/listing-images/4a4bf916-e9e3-4e44-8226-c8fabcf5cebd_cdc1d3ac-889c-4498-bb5a-b551b03f06d6.jpg/250x188.webp,2026-08-03T05:37:54.459919,0.7,2
4b1e80c3-8d72-4739-934b-fe770e263207,https://www.autoscout24.it/annunci/4b1e80c3-8d72-4739-934b-fe770e263207,it,Opel,zafira life,,Opel Zafira LifeCombi 2.0 180 CV EAT8 8 posti XL PREZZO PIU,29900,,False,2025,12-2025,10,1,new,diesel,132,180,2000,,,,automatic,,FWD,Monovolume,5,8,Nero,,,,,dealer,Mgauto di Galvanin Maurizio,IT-36015 Schio - Vicenza - Vi,IT,2,https://prod.pictures.autoscout24.net/listing-images/4b1e80c3-8d72-4739-934b-fe770e263207_9fab47fe-c619-425c-a136-cecd28ea8054.jpg/250x188.webp,2026-08-03T05:37:54.459927,2990.0,1
8091a6c2-7f65-493d-a1c5-73f16aa7b99c,https://www.autoscout24.it/annunci/8091a6c2-7f65-493d-a1c5-73f16aa7b99c,it,BMW,520,,BMW 520d Touring Msport  G31 2018,15900,,False,2018,10-2018,177508,1,used,diesel,140,190,1995,,,,automatic,,RWD,Station Wagon,5,5,Blu/Azzurro,,,,,dealer,Mcars Srl,IT-20017 Rho - Milano - MI,IT,2,https://prod.pictures.autoscout24.net/listing-images/8091a6c2-7f65-493d-a1c5-73f16aa7b99c_ef622df8-4b96-4e63-901d-bd8b84bdf16f.jpg/250x188.webp,2026-08-03T05:37:54.459935,0.09,8
fc7d2f3c-5fb7-4563-9fcf-be877fdb79e6,https://www.autoscout24.it/annunci/fc7d2f3c-5fb7-4563-9fcf-be877fdb79e6,it,Cupra,formentor,,CUPRA FormentorFormentor 2.0 tdi 150cv dsg IN ARRIVO,26900,,False,2025,05-2025,21886,,used,diesel,110,150,1968,,133,,automatic,,FWD,SUV/Fuoristrada/Pick-up,5,5,Nero,,,,,dealer,Autosalone Alma S.R.L.,IT-21053 Castellanza - Varese - VA,IT,2,https://prod.pictures.autoscout24.net/listing-images/fc7d2f3c-5fb7-4563-9fcf-be877fdb79e6_6a031ee5-a427-4216-894c-41bb09b01671.jpg/250x188.webp,2026-08-03T05:37:54.459951,1.23,1
9710de3c-c6b0-40e9-97b2-e4d238a29d46,https://www.autoscout24.it/annunci/9710de3c-c6b0-40e9-97b2-e4d238a29d46,it,Mg,zs,,MG ZSZS Classic 1.5 VTi-tech Luxury,12800,,False,2024,04-2024,37000,1,used,petrol,57,78,1498,,,,manual,,FWD,SUV/Fuoristrada/Pick-up,5,5,Grigio,,,,,dealer,Panoramauto Torino srl,IT-10156 Torino - To,IT,2,https://prod.pictures.autoscout24.net/listing-images/9710de3c-c6b0-40e9-97b2-e4d238a29d46_8e2105f0-22ff-4343-a0f9-5a4775d60e40.jpg/250x188.webp,2026-08-03T05:37:54.459959,0.35,2
d2cf22b2-0d8c-4c70-aedb-a8748ac8e2de,https://www.autoscout24.it/annunci/d2cf22b2-0d8c-4c70-aedb-a8748ac8e2de,it,Volkswagen,tayron,,Volkswagen TayronTayron 2.0 tdi R-Line Plus 150cv dsg,50500,,False,,new,10,,new,diesel,110,150,1968,,148,,automatic,,FWD,SUV/Fuoristrada/Pick-up,5,5,Bianco,,,,,dealer,Autosalone Cavour Srl,IT-44122 Ferrara - Fe,IT,2,https://prod.pictures.autoscout24.net/listing-images/d2cf22b2-0d8c-4c70-aedb-a8748ac8e2de_3680c2f7-1bcf-43c8-b06a-3372fbc98a6d.jpg/250x188.webp,2026-08-03T05:37:54.459974,5050.0,
1c39657a-1717-416e-9698-54d4d779ce8e,https://www.autoscout24.it/annunci/1c39657a-1717-416e-9698-54d4d779ce8e,it,Maserati,levante,,Maserati Levante3.0 V6 Gransport 250cv auto my20,38100,,False,2020,12-2020,111000,1,used,diesel,183,250,2987,,,,automatic,,AWD,SUV/Fuoristrada/Pick-up,5,5,Nero,,,,,dealer,Demcar di Demilito Paride,IT-72019 San Vito Dei Normanni - BR,IT,2,https://prod.pictures.autoscout24.net/listing-images/1c39657a-1717-416e-9698-54d4d779ce8e_dd99cd4e-41d5-42dd-a0a0-1b7e024e7b06.jpg/250x188.webp,2026-08-03T05:37:54.459981,0.34,6
d997d44c-a352-4f18-bdac-3a1db8f05b99,https://www.autoscout24.it/annunci/d997d44c-a352-4f18-bdac-3a1db8f05b99,it,Mazda,cx-5,,Mazda CX-5CX-5 II 2017 2.0 Exclusive 2wd 165cv auto my19,22500,,False,2019,11-2019,43093,1,used,petrol,121,165,1998,,,,automatic,,FWD,SUV/Fuoristrada/Pick-up,5,5,Grigio,,,,,dealer,Carozza Srl,IT-20060 Liscate - Mi,IT,2,https://prod.pictures.autoscout24.net/listing-images/d997d44c-a352-4f18-bdac-3a1db8f05b99_7e621992-62db-46fb-a1e3-6f1045c0e41c.jpg/250x188.webp,2026-08-03T05:37:54.460040,0.52,7
bb734ef6-62c7-4e22-b918-1b9840fd87fa,https://www.autoscout24.it/annunci/bb734ef6-62c7-4e22-b918-1b9840fd87fa,it,Mg,mg3,,MG MG3MG3 1.5 Comfort,12000,,False,2025,04-2025,14000,1,used,petrol,85,115,1495,,137,,manual,,FWD,Berlina,5,5,Grigio,,,,,dealer,Panoramauto Torino srl,IT-10156 Torino - To,IT,2,https://prod.pictures.autoscout24.net/listing-images/bb734ef6-62c7-4e22-b918-1b9840fd87fa_0fd09022-cd73-496f-8335-ad30fd673471.jpg/250x188.webp,2026-08-03T05:37:54.460047,0.86,1
817b71be-e98a-44cf-87ca-f62c7a11d53f,https://www.autoscout24.it/annunci/817b71be-e98a-44cf-87ca-f62c7a11d53f,it,Audi,a4,,Audi A430 TDI Avant S-Tronic Business Advanced - FULL LED,23750,,False,2023,06-2023,50000,1,used,diesel,100,136,1968,,127,,automatic,,FWD,Station Wagon,5,5,Nero,,,,,dealer,Mazza Group Service Srl,IT-40013 Castel Maggiore - Bologna - Bo,IT,2,https://prod.pictures.autoscout24.net/listing-images/817b71be-e98a-44cf-87ca-f62c7a11d53f_15e52787-9299-453a-8fcd-ce8ebc0ef143.jpg/250x188.webp,2026-08-03T05:37:54.460061,0.47,3
027da523-3b94-407e-9091-c6c40f051bcf,https://www.autoscout24.it/annunci/027da523-3b94-407e-9091-c6c40f051bcf,it,Audi,s3,,Audi S32.0 tfsi Sport Attitude quattro*FORMULA S,30990,,False,2022,09-2022,84000,2,used,petrol,228,310,1984,,183,,automatic,,AWD,Berlina,5,5,Bianco,,,,,dealer,The Seller di Maritano Matteo,IT-10093 Collegno - To,IT,2,https://prod.pictures.autoscout24.net/listing-images/027da523-3b94-407e-9091-c6c40f051bcf_0ac1ac30-2bd1-445e-a93e-980633851670.jpg/250x188.webp,2026-08-03T05:37:54.460075,0.37,4
be73e5ed-0970-43f6-a070-3ce8caf4d52a,https://www.autoscout24.it/annunci/be73e5ed-0970-43f6-a070-3ce8caf4d52a,it,Ds Automobiles,ds 7,,DS Automobiles DS 7Grand Chic 2.0 Blue HDi 180,17000,,False,2020,10-2020,116000,3,used,diesel,97,132,1997,,153,,automatic,,FWD,SUV/Fuoristrada/Pick-up,5,5,Nero,,,,,dealer,Tuacar Piacenza - Parma - Reggio Emilia,IT-29010 San Nicolò -  Pc,IT,2,https://prod.pictures.autoscout24.net/listing-images/be73e5ed-0970-43f6-a070-3ce8caf4d52a_73fd6f6d-832c-47d8-aa7c-c802e24ffe38.jpg/250x188.webp,2026-08-03T05:37:54.460082,0.15,6
33b950c0-f264-4f25-8b35-df610f4be0db,https://www.autoscout24.it/annunci/33b950c0-f264-4f25-8b35-df610f4be0db,it,Ford,puma,,Ford Puma1.0 Ecoboost Hybrid 125CV ST-Line,11999,,False,2020,05-2020,55409,1,used,hybrid,91,125,998,,0,,manual,,FWD,SUV/Fuoristrada/Pick-up,5,5,Bianco,,,,,dealer,CLD Auto Srl,IT-10147 Torino,IT,2,https://prod.pictures.autoscout24.net/listing-images/33b950c0-f264-4f25-8b35-df610f4be0db_fcfdd408-d731-4b96-878e-38d2bf6ecbb1.jpg/250x188.webp,2026-08-03T05:37:54.460089,0.22,6
74b521f5-46d6-4ac5-a0ea-9054d6f82bcf,https://www.autoscout24.it/annunci/74b521f5-46d6-4ac5-a0ea-9054d6f82bcf,it,Jeep,compass,,Jeep Compass2ª serie - Compass 1.3 Turbo T4 190 CV PHEV AT6,20400,,False,2023,04-2023,27527,,used,hybrid,139,190,1332,,,2.0,automatic,,AWD,SUV/Fuoristrada/Pick-up,5,5,Nero,,,,,dealer,F.lli Cozzi Spa,IT-20025 Legnano - Milano - Mi,IT,2,https://prod.pictures.autoscout24.net/listing-images/74b521f5-46d6-4ac5-a0ea-9054d6f82bcf_1b8f8eb5-72f1-44f3-9768-926279387ccd.jpg/250x188.webp,2026-08-03T05:37:54.460096,0.74,3
4889e60d-68c0-46e2-88ab-a4ee2848d619,https://www.autoscout24.it/annunci/4889e60d-68c0-46e2-88ab-a4ee2848d619,it,Lancia,ypsilon,,Lancia YpsilonIbrida 100cv LX e-DCT PROMO FLEX,16490,,False,2025,04-2025,20950,,used,hybrid,73,100,1199,,104,,automatic,,FWD,Berlina,5,5,Grigio,,,,,dealer,PuntoCar  Automobili,IT-10060 Frossasco - To,IT,2,https://prod.pictures.autoscout24.net/listing-images/4889e60d-68c0-46e2-88ab-a4ee2848d619_873e6c28-9997-4e0f-8900-f88a2cf20d77.jpg/250x188.webp,2026-08-03T05:37:54.460103,0.79,1
843d9020-4b8a-44b8-b318-85194c1931da,https://www.autoscout24.it/annunci/843d9020-4b8a-44b8-b318-85194c1931da,it,Audi,a1,,Audi A1A1 Sportback 25 1.0 tfsi,14900,,False,2021,06-2021,140000,,used,petrol,70,95,999,,,,automatic,,FWD,Berlina,5,5,Grigio,,,,,dealer,Auto Resegone Sas di Negri Ivan & C.,IT-23900 Lecco,IT,2,https://prod.pictures.autoscout24.net/listing-images/843d9020-4b8a-44b8-b318-85194c1931da_fb471ae6-18f8-456f-bbfb-4bf304a5887a.jpg/250x188.webp,2026-08-03T05:37:54.460126,0.11,5
7ea99695-4066-4610-9120-bc794655a9b5,https://www.autoscout24.it/annunci/7ea99695-4066-4610-9120-bc794655a9b5,it,Peugeot,2008,,Peugeot 20081.2 PureTech Active,14900,,False,2024,04-2024,25665,,used,petrol,55,75,1199,,,,automatic,,FWD,SUV/Fuoristrada/Pick-up,5,5,Grigio,,,,,dealer,Theorema Spa,IT-10141 Torino - To,IT,2,https://prod.pictures.autoscout24.net/listing-images/7ea99695-4066-4610-9120-bc794655a9b5_e0608bcb-124d-4247-a6fe-0dd57a48377d.jpg/250x188.webp,2026-08-03T05:37:54.460133,0.58,2
6404cf7f-53d3-40fa-92ee-e04440f3a47d,https://www.autoscout24.it/annunci/6404cf7f-53d3-40fa-92ee-e04440f3a47d,it,Nissan,qashqai,,Nissan QashqaiMHEV 158 CV Xtronic N-Connecta NAVI - LED -,26500,,False,2025,01-2025,15000,,used,hybrid,116,158,1332,,124,,automatic,,FWD,SUV/Fuoristrada/Pick-up,5,5,Grigio,,,,,dealer,Gb Motors Srl,IT-40026 Imola - Bologna - Bo,IT,2,https://prod.pictures.autoscout24.net/listing-images/6404cf7f-53d3-40fa-92ee-e04440f3a47d_552f1f8a-1a5f-4310-92b5-d89012c891e1.jpg/250x188.webp,2026-08-03T05:37:54.460148,1.77,1
cc73f66c-e594-4cf7-8466-4bda3fcabfea,https://www.autoscout24.it/annunci/cc73f66c-e594-4cf7-8466-4bda3fcabfea,it,Renault,captur,,Renault CapturCaptur 1.0 tce Techno 90cv,16900,,False,2025,03-2025,34745,1,used,petrol,66,90,999,,136,,manual,,FWD,SUV/Fuoristrada/Pick-up,5,5,Nero,,,,,dealer,Italmotor Torino Srl,IT-10151 Torino,IT,2,https://prod.pictures.autoscout24.net/listing-images/cc73f66c-e594-4cf7-8466-4bda3fcabfea_838188e2-2f48-4ec1-8686-4a87e6882ae1.jpg/250x188.webp,2026-08-03T05:37:54.460155,0.49,1
531353c3-40b6-4b42-a343-9943066f9c25,https://www.autoscout24.it/annunci/531353c3-40b6-4b42-a343-9943066f9c25,it,Peugeot,208,,Peugeot 2081.2 hybrid 136CV GT e-dcs 6,16761,,False,2025,03-2025,21503,,used,hybrid,99,136,1199,,0,,automatic,,FWD,Berlina,5,5,Nero,,,,,dealer,Rattix Srl - Ratti Auto,IT-35010 San Giorgio in bosco -  Padova,IT,2,https://prod.pictures.autoscout24.net/listing-images/531353c3-40b6-4b42-a343-9943066f9c25_784028d0-d7d4-49ec-a108-b3c666af0fa4.jpg/250x188.webp,2026-08-03T05:37:54.460162,0.78,1
1d572bd3-4456-4424-a346-24d6c43e56c6,https://www.autoscout24.it/annunci/1d572bd3-4456-4424-a346-24d6c43e56c6,it,Volkswagen,golf gti,,Volkswagen Golf GTIGolf 2.0 tsi GTI MT Ultimate 245cv - UFF,29950,,True,2024,05-2024,23999,1,used,petrol,180,245,1984,,,,automatic,,FWD,Berlina,5,5,Grigio,,,,,dealer,Progetto Auto Snc,IT-20090 Pieve Emanuele - Milano - Mi,IT,2,https://prod.pictures.autoscout24.net/listing-images/1d572bd3-4456-4424-a346-24d6c43e56c6_371896eb-e8ae-445a-960d-77d4ed37ad31.jpg/250x188.webp,2026-08-03T05:37:54.460169,1.25,2
d07553c3-0f7c-4536-933c-370a86f86d6e,https://www.autoscout24.it/annunci/d07553c3-0f7c-4536-933c-370a86f86d6e,it,Volkswagen,golf,,Volkswagen GolfVIII 2020 1.0 tsi evo Life 110cv IVA ESPOSTA,16499,,False,2022,09-2022,59900,,used,petrol,80,110,999,,,,manual,,FWD,Berlina,5,5,Bianco,,,,,dealer,Checcacci - TM Wagen,IT-59100 Prato – Po,IT,2,https://prod.pictures.autoscout24.net/listing-images/d07553c3-0f7c-4536-933c-370a86f86d6e_e2c55a6b-582c-476b-9fe4-5a76e916a86e.jpg/250x188.webp,2026-08-03T05:37:54.460176,0.28,4
890e1fc2-a164-4cfa-a96a-186c47b5972e,https://www.autoscout24.it/annunci/890e1fc2-a164-4cfa-a96a-186c47b5972e,it,Volkswagen,golf,,Volkswagen GolfLife 1.0 Benzina 110CV,14490,,False,2022,08-2022,51878,1,used,petrol,80,110,999,,104,,manual,,FWD,Berlina,5,5,Grigio,,,,,dealer,brumbrum,IT-20092 Cinisello Balsamo  - Milano - MI,IT,2,https://prod.pictures.autoscout24.net/listing-images/890e1fc2-a164-4cfa-a96a-186c47b5972e_ebfbee95-1cab-4fc2-aaeb-b2a05296962b.jpg/250x188.webp,2026-08-03T05:37:54.460184,0.28,4
faaabdfc-4fae-49c7-bc97-dafa3875d465,https://www.autoscout24.it/annunci/faaabdfc-4fae-49c7-bc97-dafa3875d465,it,Suzuki,sx4 s-cross,,Suzuki SX4 S-Cross1.4h Top  2wd 129cv - IVA ESPOSTA,16900,,False,2022,03-2022,48000,1,used,hybrid,94,129,1373,,,,manual,,FWD,SUV/Fuoristrada/Pick-up,5,5,Blu/Azzurro,,,,,dealer,TM Wagen Pistoia Srl,IT-51100 Pistoia - Pt,IT,2,https://prod.pictures.autoscout24.net/listing-images/faaabdfc-4fae-49c7-bc97-dafa3875d465_fd749628-e555-4c18-9b65-123d50bfdc63.jpg/250x188.webp,2026-08-03T05:37:54.460192,0.35,4
b131af7c-3030-48e3-85e0-02f9f82c9e1e,https://www.autoscout24.it/annunci/b131af7c-3030-48e3-85e0-02f9f82c9e1e,it,Byd,seal 6,,BYD Seal 6DMi BOOST Super DM Technology e-CVT 184CV PROMO,27900,,False,2025,11-2025,1,,new,hybrid,135,184,,,,,automatic,,FWD,SUV/Fuoristrada/Pick-up,5,5,Bianco,,,,,dealer,Car Outlet Milano srl,IT-20123 Cologno Monzese - Mi,IT,2,https://prod.pictures.autoscout24.net/listing-images/b131af7c-3030-48e3-85e0-02f9f82c9e1e_0de6e280-a121-4b4b-a35c-4c5ffeef744b.jpg/250x188.webp,2026-08-03T05:37:54.460200,27900.0,1
32556d6d-8100-4067-b209-54c03572f221,https://www.autoscout24.it/annunci/32556d6d-8100-4067-b209-54c03572f221,it,Mercedes-Benz,a 180,,Mercedes-Benz A 180d Automatic Sport - 65.000 KM,18500,,False,2018,06-2018,65000,2,used,diesel,85,115,1461,,100,,automatic,,FWD,Berlina,5,5,Bianco,,,,,dealer,Crescenzo Automobili Srl,IT-84015 Nocera Superiore - Salerno - SA,IT,2,https://prod.pictures.autoscout24.net/listing-images/32556d6d-8100-4067-b209-54c03572f221_6592cd4d-da81-46ac-b7df-d015dfd441b5.jpg/250x188.webp,2026-08-03T05:37:54.460208,0.28,8
ccd142b1-97e6-4748-8ba1-0c49e7dc6013,https://www.autoscout24.it/annunci/ccd142b1-97e6-4748-8ba1-0c49e7dc6013,it,Volkswagen,golf,,Volkswagen Golf2.0 TDI 1st Edition Style,17850,,False,2022,01-2022,128871,,used,diesel,110,149,1968,,,,automatic,,FWD,Berlina,5,5,Nero,,,,,dealer,Pastorello Srl,IT-38123 Trento - Tn,IT,2,https://prod.pictures.autoscout24.net/listing-images/ccd142b1-97e6-4748-8ba1-0c49e7dc6013_41308258-3945-4e44-8c22-5116b3bfea0c.jpg/250x188.webp,2026-08-03T05:37:54.460217,0.14,4
ac3fdd2c-58c4-4f24-9446-7d965fd0c3e7,https://www.autoscout24.it/annunci/ac3fdd2c-58c4-4f24-9446-7d965fd0c3e7,it,Peugeot,2008,,Peugeot 20082008,17700,,False,2026,01-2026,10,,new,petrol,74,100,1199,,105,,manual,,FWD,SUV/Fuoristrada/Pick-up,5,5,Grigio,,,,,dealer,Autobengasi Srl,IT-10126 Torino - TO,IT,2,https://prod.pictures.autoscout24.net/listing-images/ac3fdd2c-58c4-4f24-9446-7d965fd0c3e7_3b8225fd-7a54-43ee-b6e2-6ecbebdceb2e.jpg/250x188.webp,2026-08-03T05:37:54.460225,1770.0,0
6b752850-263e-43b5-8ddd-20f86d173760,https://www.autoscout24.it/annunci/6b752850-263e-43b5-8ddd-20f86d173760,it,Peugeot,5008,,Peugeot 50081.5 bluehdi Allure 7 posti NO VINCOLI PAGAMENTO,22900,,False,2023,01-2023,37982,1,used,diesel,96,130,1499,,,,automatic,,FWD,SUV/Fuoristrada/Pick-up,5,7,Blu/Azzurro,,,,,dealer,Hub Srl,IT-10136 Torino - Torino - TO,IT,2,https://prod.pictures.autoscout24.net/listing-images/6b752850-263e-43b5-8ddd-20f86d173760_07a3322d-5644-4e38-94a7-6d6664d55653.jpg/250x188.webp,2026-08-03T05:37:54.460233,0.6,3
ff5a92db-2b43-4873-ae16-949807e0012d,https://www.autoscout24.it/annunci/ff5a92db-2b43-4873-ae16-949807e0012d,it,Suzuki,jimny,,Suzuki JimnyMaruti 1.5 2 porte GL 4 posti,39650,,False,2026,07-2026,100,,new,petrol,75,102,1462,,,,automatic,,AWD,SUV/Fuoristrada/Pick-up,2,4,Grigio,,,,,dealer,O.M.S. Commerciale Fuoristrada Srl,IT-35020 Albignasego - Padova - Pd,IT,2,https://prod.pictures.autoscout24.net/listing-images/ff5a92db-2b43-4873-ae16-949807e0012d_acc78b50-d131-4588-84b6-600bce7bfec9.jpg/250x188.webp,2026-08-03T05:37:54.460241,396.5,0
57d03ab5-7252-4691-b6f3-3a100990cafb,https://www.autoscout24.it/annunci/57d03ab5-7252-4691-b6f3-3a100990cafb,it,Audi,q3,,Audi Q335 1.5 tfsi S line edition s-tronic,35500,,False,2025,10-2025,28677,,used,petrol,110,149,1498,,151,,automatic,,Keine Angabe,SUV/Fuoristrada/Pick-up,5,5,Nero,,,,,dealer,Autoargentiero spa,IT-72013 Ceglie Messapica - Brindisi - Br,IT,2,https://prod.pictures.autoscout24.net/listing-images/57d03ab5-7252-4691-b6f3-3a100990cafb_425404ce-18c3-4dd2-a586-a0190a2f7b74.jpg/250x188.webp,2026-08-03T05:37:54.460248,1.24,1
e3897443-6e22-4a11-a79e-2e0d70d1461d,https://www.autoscout24.it/annunci/e3897443-6e22-4a11-a79e-2e0d70d1461d,it,Mg,mg3,,MG MG31.5 hybrid+ Luxury auto,13300,,False,2024,07-2024,10946,1,used,hybrid,143,194,1498,,100,,automatic,,FWD,Berlina,5,5,Bianco,,,,,dealer,Autostar Flaminia Spa,IT-00138 Roma - RM,IT,2,https://prod.pictures.autoscout24.net/listing-images/e3897443-6e22-4a11-a79e-2e0d70d1461d_79f96859-3d61-478f-a707-57eda74105df.jpg/250x188.webp,2026-08-03T05:37:54.460257,1.22,2
f798a848-008b-4529-adc9-d84635291d57,https://www.autoscout24.it/annunci/f798a848-008b-4529-adc9-d84635291d57,it,Mini,cooper,,MINI Cooper1.5 Cooper Classic 5 porte,15980,,False,2024,04-2024,61792,1,used,petrol,100,136,1499,,,,automatic,,FWD,Berlina,5,5,Argento,,,,,dealer,Ice Car Srl,IT-00128 Roma,IT,2,https://prod.pictures.autoscout24.net/listing-images/f798a848-008b-4529-adc9-d84635291d57_f92c93e2-6a16-47dc-ac61-292486fa186e.jpg/250x188.webp,2026-08-03T05:37:54.460264,0.26,2
6f045cfb-ec3d-4832-a3c5-365313168386,https://www.autoscout24.it/annunci/6f045cfb-ec3d-4832-a3c5-365313168386,it,Byd,atto 2,,BYD Atto 2BOOST DMi 212CV Super Tech e-CVT PROMO FINANZ.,26900,,False,2026,03-2026,1,,new,hybrid,155,212,1498,,,,automatic,,€ 200,SUV/Fuoristrada/Pick-up,5,5,Tipo di verniceAltro,,,,,dealer,Cromus Car Group Srl,IT-13100 Vercelli - VC,IT,2,https://prod.pictures.autoscout24.net/listing-images/6f045cfb-ec3d-4832-a3c5-365313168386_7f7d8f4a-a250-4f3f-9aa8-18ffc781d123.jpg/250x188.webp,2026-08-03T05:37:54.460272,26900.0,0
4d09198d-db73-4ed4-9985-f33cf64c9112,https://www.autoscout24.it/annunci/4d09198d-db73-4ed4-9985-f33cf64c9112,it,Volkswagen,t-cross,,Volkswagen T-CrossT-Cross 1.0 TSI 110 CV Sport   R-line,18900,,False,2023,08-2023,15000,1,used,petrol,80,110,999,,136,,manual,,FWD,SUV/Fuoristrada/Pick-up,5,5,Blu/Azzurro,,,,,dealer,Panoramauto Torino srl,IT-10156 Torino - To,IT,2,https://prod.pictures.autoscout24.net/listing-images/4d09198d-db73-4ed4-9985-f33cf64c9112_628d74fa-163a-43f5-9a16-15cef5f5f0ac.jpg/250x188.webp,2026-08-03T05:37:54.460280,1.26,3
e988b377-1ba6-4bb5-8030-97d334e1c319,https://www.autoscout24.it/annunci/e988b377-1ba6-4bb5-8030-97d334e1c319,it,Volvo,xc40,,Volvo XC40T4 Recharge Plug-in Hybrid Inscription FULL LED,24900,,False,2021,04-2021,77000,,used,hybrid,113,155,1477,,41,,automatic,,FWD,SUV/Fuoristrada/Pick-up,5,5,Grigio,,,,,dealer,Lillo Turchio Automobili Srl,IT-10142 Torino - TO,IT,2,https://prod.pictures.autoscout24.net/listing-images/e988b377-1ba6-4bb5-8030-97d334e1c319_01cd367b-04de-45dd-bbcb-521cbf2302b3.jpg/250x188.webp,2026-08-03T05:37:54.460287,0.32,5
25eb55d9-5461-4e65-a7d3-fe70ad623836,https://www.autoscout24.it/annunci/25eb55d9-5461-4e65-a7d3-fe70ad623836,it,Hyundai,kona,,Hyundai KONA1.0 T-GDI Hybrid 48V iMT XLine,11200,,False,2021,08-2021,135000,,used,hybrid,88,119,998,,125,,manual,,FWD,SUV/Fuoristrada/Pick-up,5,5,Bianco,,,,,dealer,Spv Group Srl,IT-36061 Bassano del Grappa - Vicenza - VI,IT,1,https://prod.pictures.autoscout24.net/listing-images/25eb55d9-5461-4e65-a7d3-fe70ad623836_a9d415b4-d811-42ba-a732-26b125f2462b.jpg/250x188.webp,2026-08-03T05:37:54.460296,0.08,5
2cbe4e18-4df2-4690-8022-6b8bcf84dfa5,https://www.autoscout24.it/annunci/2cbe4e18-4df2-4690-8022-6b8bcf84dfa5,it,Volvo,xc40,,Volvo XC402.0 d3 Momentum geartronic my20,16900,,False,2019,10-2019,133797,1,used,diesel,110,149,1969,,156,,automatic,,FWD,SUV/Fuoristrada/Pick-up,5,5,Grigio,,,,,dealer,Autostar Flaminia Spa,IT-00138 Roma - RM,IT,2,https://prod.pictures.autoscout24.net/listing-images/2cbe4e18-4df2-4690-8022-6b8bcf84dfa5_a99c24d2-ac29-4fec-af7c-6694d1a4a6b7.jpg/250x188.webp,2026-08-03T05:37:54.460303,0.13,7
5044f62d-84d2-4677-8e0e-e4001244d400,https://www.autoscout24.it/annunci/5044f62d-84d2-4677-8e0e-e4001244d400,it,Volkswagen,tiguan,,Volkswagen Tiguan2.0 TDI 150cv SCR DSG Life Navi,22700,,False,2022,11-2022,59000,1,used,diesel,110,150,1968,,128,,automatic,,FWD,SUV/Fuoristrada/Pick-up,5,5,Bianco,,,,,dealer,Pluricar Srl,IT-26022 Costa Sant'Abramo  - Cremona - CR,IT,2,https://prod.pictures.autoscout24.net/listing-images/5044f62d-84d2-4677-8e0e-e4001244d400_b4d3aea1-76db-4ec5-b15d-4f7dec6d3f2d.jpg/250x188.webp,2026-08-03T05:37:54.460311,0.38,4
9a3656bb-d169-4cde-a6d3-17b06c7aa29b,https://www.autoscout24.it/annunci/9a3656bb-d169-4cde-a6d3-17b06c7aa29b,it,Ford,kuga,,Ford Kuga2.5 full hybrid ST-Line 2wd 190 cv auto PROMO -,25450,,False,2025,04-2025,20440,1,used,hybrid,139,190,2488,,,,automatic,,FWD,SUV/Fuoristrada/Pick-up,5,5,Grigio,,,,,dealer,Mb Car Srl,IT-20832 Desio - Monza Brianza - Mb,IT,2,https://prod.pictures.autoscout24.net/listing-images/9a3656bb-d169-4cde-a6d3-17b06c7aa29b_f45740dd-5489-4ba4-8c3e-00936f9d11f5.jpg/250x188.webp,2026-08-03T05:37:54.460319,1.25,1
67c43419-9a59-454c-936d-85635686f469,https://www.autoscout24.it/annunci/67c43419-9a59-454c-936d-85635686f469,it,BMW,x3,,BMW X3xDrive30e Msport - AUT,41900,,False,2023,10-2023,27000,1,used,hybrid,99,135,1998,,,,automatic,,AWD,SUV/Fuoristrada/Pick-up,5,5,Blu/Azzurro,,,,,dealer,Emme Motors Srl,IT-20099 Sesto San Giovanni - Milano - Mi,IT,2,https://prod.pictures.autoscout24.net/listing-images/67c43419-9a59-454c-936d-85635686f469_94012d39-ea26-4c23-af3a-1e54101b972d.jpg/250x188.webp,2026-08-03T05:37:54.460326,1.55,3
9977471f-7e95-4ad8-899c-fad3de3876d0,https://www.autoscout24.it/annunci/9977471f-7e95-4ad8-899c-fad3de3876d0,it,Citroen,c3 aircross,,Citroen C3 AircrossPureTech Turbo 100 CV You,16800,,False,2026,03-2026,10,,new,petrol,73,100,,,,,manual,,FWD,SUV/Fuoristrada/Pick-up,5,5,Rosso,,,,,dealer,Automaster Due Srl,IT-44121 Ferrara - FE,IT,2,https://prod.pictures.autoscout24.net/listing-images/9977471f-7e95-4ad8-899c-fad3de3876d0_e5d5c42e-7eaa-4b03-aa11-0993c88f9b7e.jpg/250x188.webp,2026-08-03T05:37:54.460333,1680.0,0
91ef0a4f-436b-4d42-b62a-d7ec8dc360b2,https://www.autoscout24.it/annunci/91ef0a4f-436b-4d42-b62a-d7ec8dc360b2,it,Toyota,yaris cross,,Toyota Yaris Cross1.5 HYBRID 5P. E-CVT ADVENTURE,21900,,False,2022,07-2022,44075,1,used,hybrid,62,85,1490,,112,,automatic,,FWD,SUV/Fuoristrada/Pick-up,5,5,Argento,,,,,dealer,Barchetti Auto D’Occasione_Lombardia,IT-25124 Brescia,IT,2,https://prod.pictures.autoscout24.net/listing-images/91ef0a4f-436b-4d42-b62a-d7ec8dc360b2_6ffc4196-c727-47ca-a866-bb0096e77f1e.jpg/250x188.webp,2026-08-03T05:37:54.460342,0.5,4
7e03ca23-34a2-48f9-b1ab-756f28219000,https://www.autoscout24.it/annunci/7e03ca23-34a2-48f9-b1ab-756f28219000,it,Audi,a1,,Audi A1A1 SPB 30 TFSI S tronic Identity Black,23500,,False,2025,01-2025,29500,1,used,petrol,85,115,999,,,,automatic,,FWD,Berlina,5,5,Nero,,,,,dealer,Panoramauto Torino srl,IT-10156 Torino - To,IT,2,https://prod.pictures.autoscout24.net/listing-images/7e03ca23-34a2-48f9-b1ab-756f28219000_62ddbfe8-5453-4832-8bad-bf15eb129ea0.jpg/250x188.webp,2026-08-03T05:37:54.460357,0.8,1
5d9e0174-a081-4266-bc36-575acd5ea160,https://www.autoscout24.it/annunci/5d9e0174-a081-4266-bc36-575acd5ea160,it,Nissan,qashqai,,Nissan QashqaiQashqai  1.3 mhev N-Connecta 2wd 140cv,14999,,False,2022,11-2022,104827,,used,petrol,102,140,1332,,,,manual,,FWD,SUV/Fuoristrada/Pick-up,5,5,Argento,,,,,dealer,,IT-10024 Moncalieri - Torino - TO,IT,1,https://prod.pictures.autoscout24.net/listing-images/5d9e0174-a081-4266-bc36-575acd5ea160_75a25be4-7ded-4318-93d4-b0898b693b18.jpg/250x188.webp,2026-08-03T05:37:54.460372,0.14,4
67428fde-e22f-4055-9b48-dc4d5d1c3969,https://www.autoscout24.it/annunci/67428fde-e22f-4055-9b48-dc4d5d1c3969,it,Land Rover,range rover velar,,Land Rover Range Rover Velar3.0 V6 SD6 300 CV R-Dynamic S,24800,,False,2018,10-2018,155000,1,used,diesel,220,300,2993,,,,automatic,,AWD,Berlina,5,5,Grigio,,,,,dealer,Autosalone Amico,IT-72018 San Michele Salentino - Brindisi - Br,IT,2,https://prod.pictures.autoscout24.net/listing-images/67428fde-e22f-4055-9b48-dc4d5d1c3969_0267c886-80fe-42dc-9166-61065dd907ad.jpg/250x188.webp,2026-08-03T05:37:54.460381,0.16,8
3d6a1702-e405-4070-a0b4-98ff419cd6c4,https://www.autoscout24.it/annunci/3d6a1702-e405-4070-a0b4-98ff419cd6c4,it,Maserati,levante,,Maserati Levante3.0 V6 250cv / KM CERTIFICATI,27900,,False,2018,07-2018,99000,,used,diesel,183,250,2987,,,,automatic,,AWD,SUV/Fuoristrada/Pick-up,5,5,Grigio,,,,,dealer,Suv&City Car,IT-24040 Lallio - Bergamo - BG,IT,2,https://prod.pictures.autoscout24.net/listing-images/3d6a1702-e405-4070-a0b4-98ff419cd6c4_52395c00-d7b4-435a-bcb3-549097245c5c.jpg/250x188.webp,2026-08-03T05:37:54.460388,0.28,8
97039f4d-2fad-4d6b-934d-1c03a2ee00d3,https://www.autoscout24.it/annunci/97039f4d-2fad-4d6b-934d-1c03a2ee00d3,it,Nissan,qashqai,,Nissan Qashqai1.5 e-power N-Design 2wd,28900,,False,2024,10-2024,35882,,used,hybrid,140,190,1497,,,,automatic,,FWD,SUV/Fuoristrada/Pick-up,5,5,Blu/Azzurro,,,,,dealer,L'Auto Srl,IT-23100 Montagna In Valtellina - Sondrio - So,IT,2,https://prod.pictures.autoscout24.net/listing-images/97039f4d-2fad-4d6b-934d-1c03a2ee00d3_1c99c148-de88-40f5-9d87-48633ea19478.jpg/250x188.webp,2026-08-03T05:37:54.460397,0.81,2
b4ee4190-e390-4426-8f26-94c9656c2a7c,https://www.autoscout24.it/annunci/b4ee4190-e390-4426-8f26-94c9656c2a7c,it,Alfa Romeo,giulietta,,Alfa Romeo GiuliettaSprint Euro 6 Neopatentati,11000,,False,2021,02-2021,149000,,used,diesel,88,119,1598,,,,automatic,,FWD,Berlina,5,5,Tipo di verniceMetallizzato,,,,,dealer,Ad Motors Milano di Alessandro Di Modica,IT-20008 Bareggio MI,IT,2,https://prod.pictures.autoscout24.net/listing-images/b4ee4190-e390-4426-8f26-94c9656c2a7c_37376b36-49bd-4699-ad06-40cd9cd7a6eb.jpg/250x188.webp,2026-08-03T05:37:54.460405,0.07,5
7fe16396-6dfc-4e9b-9939-579531364a68,https://www.autoscout24.it/annunci/7fe16396-6dfc-4e9b-9939-579531364a68,it,Audi,q3,,Audi Q335 TDI S-Tronic Business - FULL LED,26750,,False,2023,01-2023,40000,1,used,diesel,110,149,1968,,143,,automatic,,FWD,SUV/Fuoristrada/Pick-up,5,5,Argento,,,,,dealer,Mazza Group Service Srl,IT-40013 Castel Maggiore - Bologna - Bo,IT,2,https://prod.pictures.autoscout24.net/listing-images/7fe16396-6dfc-4e9b-9939-579531364a68_2a11dbaa-f003-42a9-805e-89872fb2d569.jpg/250x188.webp,2026-08-03T05:37:54.460413,0.67,3
e10dcc5d-f383-47f6-b1dc-3b8b8cfaad77,https://www.autoscout24.it/annunci/e10dcc5d-f383-47f6-b1dc-3b8b8cfaad77,it,Volkswagen,polo,,Volkswagen Polo1.0 tsi Life DSG 95cv,13900,,False,2022,11-2022,84000,,used,petrol,69,95,999,,,,automatic,,FWD,Berlina,5,5,Bianco,,,,,dealer,La Barca Automobili srl,IT-10036 Settimo Torinese - Torino - TO,IT,2,https://prod.pictures.autoscout24.net/listing-images/e10dcc5d-f383-47f6-b1dc-3b8b8cfaad77_8281f3e9-5717-483a-a73e-92bffe2a44d0.jpg/250x188.webp,2026-08-03T05:37:54.460421,0.17,4
cb081bbc-01d6-4721-ae0d-c38ecf9c37a0,https://www.autoscout24.it/annunci/cb081bbc-01d6-4721-ae0d-c38ecf9c37a0,it,Kia,sportage,,Kia SportageSportage V 2022 1.6 tgdi hev GT-line Plus,29900,,False,2024,03-2024,19746,1,used,hybrid,132,179,1598,,,,automatic,,FWD,SUV/Fuoristrada/Pick-up,5,5,Verde,,,,,dealer,Gecar Spa,IT-16165 Genova - Ge,IT,2,https://prod.pictures.autoscout24.net/listing-images/cb081bbc-01d6-4721-ae0d-c38ecf9c37a0_87d6a8a7-60e9-423e-aead-58783e9841f3.jpg/250x188.webp,2026-08-03T05:37:54.460428,1.51,2
18c563af-8536-4743-b79c-aeaa2875c397,https://www.autoscout24.it/annunci/18c563af-8536-4743-b79c-aeaa2875c397,it,Mg,zs,,MG ZS1.5 Hybrid+ Comfort,20990,,False,2026,05-2026,10,,new,hybrid,145,197,1498,,115,,automatic,,FWD,SUV/Fuoristrada/Pick-up,5,5,Argento,,,,,dealer,Sorbara Auto Srl,IT-20814 Varedo - Monza-Brianza - Mb,IT,2,https://prod.pictures.autoscout24.net/listing-images/18c563af-8536-4743-b79c-aeaa2875c397_ecc488ac-4c8c-4d3d-b663-b8feba8e13f2.jpg/250x188.webp,2026-08-03T05:37:54.460436,2099.0,0
2bb63fe5-e195-4c16-881a-1b334dfc8dbe,https://www.autoscout24.it/annunci/2bb63fe5-e195-4c16-881a-1b334dfc8dbe,it,Cupra,formentor,,CUPRA Formentor1.5 hybrid 150cv dsg EDGE PACK,27900,,False,2025,04-2025,30000,1,used,hybrid,110,150,1498,,132,,automatic,,€ 0,SUV/Fuoristrada/Pick-up,5,5,Blu/Azzurro,,,,,dealer,Emme Motori,IT-15057 Tortona - Alessandria - Al,IT,2,https://prod.pictures.autoscout24.net/listing-images/2bb63fe5-e195-4c16-881a-1b334dfc8dbe_493ebe50-e92c-441c-b359-8ef2799a3174.jpg/250x188.webp,2026-08-03T05:37:54.460456,0.93,1
b4caa2b0-99b3-4933-9753-209b255ba1a9,https://www.autoscout24.it/annunci/b4caa2b0-99b3-4933-9753-209b255ba1a9,it,BMW,x1,,BMW X1xDrive 23i Msport,33950,,False,2023,10-2023,107800,1,used,hybrid,150,204,1998,,43,,automatic,,AWD,SUV/Fuoristrada/Pick-up,5,5,Nero,,,,,dealer,Okay Cars Srl,IT-42020 Quattro Castella - Reggio Emilia - Re,IT,2,https://prod.pictures.autoscout24.net/listing-images/b4caa2b0-99b3-4933-9753-209b255ba1a9_d022db99-46c7-4988-a756-d41f264bb97d.jpg/250x188.webp,2026-08-03T05:37:54.460465,0.31,3
25fdd415-8f89-46a4-bbbd-ef227e67d34c,https://www.autoscout24.it/annunci/25fdd415-8f89-46a4-bbbd-ef227e67d34c,it,Renault,clio,,Renault ClioTCe 115 CV 5 porte Evolution,16900,,False,2026,01-2026,5515,,used,petrol,84,115,,,,,manual,,FWD,Berlina,5,5,Rosso,,,,,dealer,Borsoi srl,IT-31100 Treviso - TV,IT,2,https://prod.pictures.autoscout24.net/listing-images/25fdd415-8f89-46a4-bbbd-ef227e67d34c_9b84cf34-2f12-4573-9f6b-d653e500e1ea.jpg/250x188.webp,2026-08-03T05:37:54.460472,3.06,0
ab9d1301-7202-4c81-84ab-6a9788ca6a54,https://www.autoscout24.it/annunci/ab9d1301-7202-4c81-84ab-6a9788ca6a54,it,Volkswagen,t-roc,,Volkswagen T-RocT-Roc 1.0 tsi Life 110cv,17900,,False,2023,06-2023,43079,,used,petrol,80,110,999,,,,manual,,FWD,SUV/Fuoristrada/Pick-up,5,5,Beige,,,,,dealer,Marleo srl,IT-00156 Roma - RM,IT,2,https://prod.pictures.autoscout24.net/listing-images/ab9d1301-7202-4c81-84ab-6a9788ca6a54_19742eb6-a7a1-413f-b349-004d8c2bb3b3.jpg/250x188.webp,2026-08-03T05:37:54.460480,0.42,3
c46d4cf9-93e3-42db-9824-add1124bd19d,https://www.autoscout24.it/annunci/c46d4cf9-93e3-42db-9824-add1124bd19d,it,Citroen,c5 aircross,,Citroen C5 AircrossBlueHDi 130 S&S Shine EAT8,17000,,False,2022,07-2022,76000,1,used,diesel,96,130,1499,,136,,automatic,,FWD,SUV/Fuoristrada/Pick-up,5,5,Nero,,,,,dealer,Autozai Spa,IT-37135 Verona - Vr,IT,2,https://prod.pictures.autoscout24.net/listing-images/c46d4cf9-93e3-42db-9824-add1124bd19d_02b0bf21-5f0b-433b-b3f2-4923a0a1f3a3.jpg/250x188.webp,2026-08-03T05:37:54.460487,0.22,4
a3e88c2b-7bf3-499e-ba77-ec5f2bca8841,https://www.autoscout24.it/annunci/a3e88c2b-7bf3-499e-ba77-ec5f2bca8841,it,Dr Automobiles,dr5.0,,DR Automobiles DR5.01.5 Turbo BENZINA,16900,,False,2025,07-2025,5230,1,used,petrol,114,155,1498,,140,,automatic,,FWD,SUV/Fuoristrada/Pick-up,5,5,Grigio,,,,,dealer,Effe Car Srl,IT-25030 Roncadelle - Brescia - Bs,IT,2,https://prod.pictures.autoscout24.net/listing-images/a3e88c2b-7bf3-499e-ba77-ec5f2bca8841_921aa930-9be5-4c87-8998-261fd673ed47.jpg/250x188.webp,2026-08-03T05:37:54.460495,3.23,1
92656b35-a9b9-47a2-9968-278424973dad,https://www.autoscout24.it/annunci/92656b35-a9b9-47a2-9968-278424973dad,it,Nissan,qashqai,,Nissan Qashqai1.5 dci Acenta 110cv,12500,,False,2018,08-2018,114000,1,used,diesel,80,110,1461,,99,,manual,,FWD,SUV/Fuoristrada/Pick-up,5,5,Nero,,,,,dealer,Eldancar Spa,IT-20080 Vermezzo - Milano - Mi,IT,2,https://prod.pictures.autoscout24.net/listing-images/92656b35-a9b9-47a2-9968-278424973dad_42686d0c-b3d6-45ca-a567-c3df04729773.jpg/250x188.webp,2026-08-03T05:37:54.460503,0.11,8
a9e22ea3-94ac-433d-bc9a-fb621de6fda9,https://www.autoscout24.it/annunci/a9e22ea3-94ac-433d-bc9a-fb621de6fda9,it,Ford,kuga,,Ford Kuga1.5 ecoboost ST-Line X 2wd 150cv Benzina,14900,,False,2020,11-2020,63320,,used,petrol,110,150,1499,,,,manual,,FWD,SUV/Fuoristrada/Pick-up,5,5,Grigio,,,,,dealer,Lea Car Srl,IT-20033 Solaro - Milano - Mi,IT,2,https://prod.pictures.autoscout24.net/listing-images/a9e22ea3-94ac-433d-bc9a-fb621de6fda9_e24f7e3c-0201-487c-9ed9-86ad98f610e4.jpg/250x188.webp,2026-08-03T05:37:54.460511,0.24,6
374da6e3-ff10-4481-a248-b2781ae52169,https://www.autoscout24.it/annunci/374da6e3-ff10-4481-a248-b2781ae52169,it,Ford,kuga,,Ford KugaIII - Kuga 1.5 ecoblue ST-Line 2wd 120cv,15900,,False,2022,05-2022,77789,,used,diesel,88,120,1499,,,,manual,,FWD,SUV/Fuoristrada/Pick-up,5,5,Grigio,,,,,dealer,Nuova AutoAlpina Torino,IT-10155 Torino-TO,IT,2,https://prod.pictures.autoscout24.net/listing-images/374da6e3-ff10-4481-a248-b2781ae52169_77f55962-0303-4f96-b5bb-8562d1dc1043.jpg/250x188.webp,2026-08-03T05:37:54.460520,0.2,4
d96c7270-8f23-4499-90bf-48a08911c3f5,https://www.autoscout24.it/annunci/d96c7270-8f23-4499-90bf-48a08911c3f5,it,Volvo,xc40,,Volvo XC401.5 t2 Core,22900,,False,2022,07-2022,46450,,used,petrol,95,129,1477,,157,,manual,,FWD,SUV/Fuoristrada/Pick-up,5,5,Nero,,,,,dealer,Lario Volvo,IT-20863 Concorezzo - Mb,IT,3,https://prod.pictures.autoscout24.net/listing-images/d96c7270-8f23-4499-90bf-48a08911c3f5_d28d5a87-3f21-4d98-b089-c7c2d7b18603.jpg/250x188.webp,2026-08-03T05:37:54.460574,0.49,4
203d41be-b074-42d2-9301-854982b0d558,https://www.autoscout24.it/annunci/203d41be-b074-42d2-9301-854982b0d558,it,Peugeot,2008,,Peugeot 20081.2 PureTech Allure,13450,,False,2025,02-2025,24660,1,used,petrol,54,74,1199,,,,automatic,,FWD,SUV/Fuoristrada/Pick-up,5,5,Blu/Azzurro,,,,,dealer,Jazzoni Appia - Gruppo IVA SpA,IT-00179 Roma - RM,IT,2,https://prod.pictures.autoscout24.net/listing-images/203d41be-b074-42d2-9301-854982b0d558_a97665fa-1049-42ac-b207-1a8d015b6dd4.jpg/250x188.webp,2026-08-03T05:37:54.460583,0.55,1
da3adbae-9b05-47db-bb77-5fc8c73c5cb5,https://www.autoscout24.it/annunci/da3adbae-9b05-47db-bb77-5fc8c73c5cb5,it,BMW,i4,,BMW i4PREZZO *PROMO CON CONDIZIONI! edrive40 Msport,39999,,False,2024,01-2024,20000,1,used,electric,105,142,,,0,,automatic,,RWD,Berlina,5,5,Nero,,,,,dealer,Cambio Auto FG,IT-20094 Corsico,IT,2,https://prod.pictures.autoscout24.net/listing-images/da3adbae-9b05-47db-bb77-5fc8c73c5cb5_add74a6d-dd2a-4111-b7cb-748cd95d5d50.jpg/250x188.webp,2026-08-03T05:37:54.460591,2.0,2
ce176d55-2228-4a83-bd65-a4b0f8fad3c5,https://www.autoscout24.it/annunci/ce176d55-2228-4a83-bd65-a4b0f8fad3c5,it,Dacia,jogger,,Dacia Jogger1.6 Hybrid Extreme 5p,16000,,False,2023,09-2023,71000,1,used,hybrid,103,140,1598,,108,,automatic,,FWD,Station Wagon,5,5,Verde,,,,,dealer,Bona Srl,IT-20851 Lissone - Milano - MI,IT,2,https://prod.pictures.autoscout24.net/listing-images/ce176d55-2228-4a83-bd65-a4b0f8fad3c5_4d8f778e-c876-483c-b8e4-63caff3fc757.jpg/250x188.webp,2026-08-03T05:37:54.460599,0.23,3
5cc5badd-9837-4bf4-a731-563b4562d5a7,https://www.autoscout24.it/annunci/5cc5badd-9837-4bf4-a731-563b4562d5a7,it,BMW,x2,,BMW X2U10 - X2 xdrive 20d 48V MSport auto,36900,,False,2024,09-2024,39820,,used,diesel,110,149,1995,,,5.0,automatic,,AWD,SUV/Fuoristrada/Pick-up,5,5,Nero,,,,,dealer,Nuova AutoAlpina – Moncalieri,IT-10024 Moncalieri - Torino - TO,IT,2,https://prod.pictures.autoscout24.net/listing-images/5cc5badd-9837-4bf4-a731-563b4562d5a7_4319179a-1450-4bb7-9869-7a9ad0b6aa01.jpg/250x188.webp,2026-08-03T05:37:54.460608,0.93,2
4e0d45c7-0b41-4c28-b0cd-4adc8b80c302,https://www.autoscout24.it/annunci/4e0d45c7-0b41-4c28-b0cd-4adc8b80c302,it,Hyundai,ioniq 5,,"Hyundai IONIQ 577,4 kWh Evolution Awd | Smart Design Pack",33900,,False,2024,02-2024,9159,1,used,electric,239,325,,,0,,automatic,,Keine Angabe,SUV/Fuoristrada/Pick-up,5,5,Nero,,,,,dealer,Ayvens brescia Nord,IT-25132 Brescia- BS,IT,2,https://prod.pictures.autoscout24.net/listing-images/4e0d45c7-0b41-4c28-b0cd-4adc8b80c302_39af7458-b673-44cc-9c18-2488301f10f3.jpg/250x188.webp,2026-08-03T05:37:54.460616,3.7,2
ca2c7933-7b22-4944-9d10-7d3313c4ef83,https://www.autoscout24.it/annunci/ca2c7933-7b22-4944-9d10-7d3313c4ef83,it,Fiat,grande panda,,Fiat Grande PandaGrande Panda 1.2 Hybrid 110 CV S&S Pop,17900,,False,,new,10000,,used,hybrid,80,110,1199,,116,,automatic,,FWD,Berlina,5,5,Bianco,,,,,dealer,Zancauto Official,IT-37040 Zimella - Verona - VR,IT,2,https://prod.pictures.autoscout24.net/listing-images/ca2c7933-7b22-4944-9d10-7d3313c4ef83_eac91f96-36c4-4e67-acd6-1b2cc170d7bd.jpg/250x188.webp,2026-08-03T05:37:54.460632,1.79,
d0eb0d75-a530-4043-bb11-c482244f64a0,https://www.autoscout24.it/annunci/d0eb0d75-a530-4043-bb11-c482244f64a0,it,Fiat,500,,Fiat 500Berlina Hybrid Icon km0 PROMO,15950,,False,2026,04-2026,1,,new,petrol,48,65,999,,,,manual,,FWD,City car,3,4,Rosa,,,,,dealer,,IT-47521 Cesena - Forlì Cesena - Fc,IT,1,https://prod.pictures.autoscout24.net/listing-images/d0eb0d75-a530-4043-bb11-c482244f64a0_234e4e05-fd83-43a5-a03e-e1896670016c.jpg/250x188.webp,2026-08-03T05:37:54.460640,15950.0,0
986462ed-e239-4111-acc0-c395885c7ad8,https://www.autoscout24.it/annunci/986462ed-e239-4111-acc0-c395885c7ad8,it,Audi,q5,,Audi Q52.0 Tfsi S line quattro NESSUN VINCOLO - IN SEDE -,55990,,False,2026,01-2026,11914,,used,hybrid,110,150,1984,,,,automatic,,AWD,SUV/Fuoristrada/Pick-up,5,5,Nero,,,,,dealer,Carina by Tobur srl,IT-25135 Brescia - BS,IT,2,https://prod.pictures.autoscout24.net/listing-images/986462ed-e239-4111-acc0-c395885c7ad8_eaefb054-4bf3-4df0-861b-4a0eb16ebe36.jpg/250x188.webp,2026-08-03T05:37:54.460648,4.7,0
e045f73c-8e27-4bf7-b227-ac0e38cc1c0a,https://www.autoscout24.it/annunci/e045f73c-8e27-4bf7-b227-ac0e38cc1c0a,it,Mini,cooper c,,MINI Cooper C5 PORTE RESTYLING TETTO PANORAMICO APRIBILE,27800,,False,2025,01-2025,20000,1,used,petrol,115,156,1499,,136,,automatic,,FWD,Berlina,5,5,Grigio,,,,,dealer,Drivecar,IT-47838 Misano Adriatico - Rimini,IT,2,https://prod.pictures.autoscout24.net/listing-images/e045f73c-8e27-4bf7-b227-ac0e38cc1c0a_dd1b13b6-52c3-4bec-83ed-3a41eaa0fa3d.jpg/250x188.webp,2026-08-03T05:37:54.460656,1.39,1
f3c56f35-36e5-4a17-bbaa-7d903fe50189,https://www.autoscout24.it/annunci/f3c56f35-36e5-4a17-bbaa-7d903fe50189,it,Porsche,macan,,Porsche MacanT 2.0 265 cv PDK - IVA Esposta,66300,,False,2023,03-2023,73900,2,used,petrol,194,265,1984,,229,,automatic,,AWD,SUV/Fuoristrada/Pick-up,5,5,Grigio,,,,,dealer,Centro Assistenza Porsche Livorno,IT-57121 Livorno - Li,IT,2,https://prod.pictures.autoscout24.net/listing-images/f3c56f35-36e5-4a17-bbaa-7d903fe50189_e9190218-61f5-4e42-92ea-ed58db1ed91f.jpg/250x188.webp,2026-08-03T05:37:54.460665,0.9,3
35417060-a79f-409d-a36c-16262e048cb8,https://www.autoscout24.it/annunci/35417060-a79f-409d-a36c-16262e048cb8,it,Peugeot,2008,,Peugeot 2008BLUEHDI 130 EAT8 ALLURE PACK S,12750,,False,2022,05-2022,119597,1,used,diesel,96,130,,,,,automatic,,Keine Angabe,SUV/Fuoristrada/Pick-up,,,BIANCO,,,,,dealer,Ariel Car Casei Gerola,IT-27050 Casei Gerola,IT,2,https://prod.pictures.autoscout24.net/listing-images/35417060-a79f-409d-a36c-16262e048cb8_4cc5f575-3cc8-40aa-96c4-f8df4a71b73d.jpg/250x188.webp,2026-08-03T05:37:54.460672,0.11,4
c84f55ff-6d71-451e-9dd5-67d6daa1fdda,https://www.autoscout24.it/annunci/c84f55ff-6d71-451e-9dd5-67d6daa1fdda,it,Mercedes-Benz,a 180,,Mercedes-Benz A 180Classe A - W177 d Sport auto PREZZO REALE,17990,,False,2021,01-2021,126000,1,used,diesel,85,115,1461,,,,automatic,,FWD,Berlina,5,5,Nero,,,,,dealer,Meg-Auto,IT-10072 Caselle Torinese - TO,IT,2,https://prod.pictures.autoscout24.net/listing-images/c84f55ff-6d71-451e-9dd5-67d6daa1fdda_57a07de2-ddfa-4b8a-9015-8b9c22aca0fe.jpg/250x188.webp,2026-08-03T05:37:54.460680,0.14,5
59c81dba-8a25-4d20-be73-bce854ea3ecd,https://www.autoscout24.it/annunci/59c81dba-8a25-4d20-be73-bce854ea3ecd,it,BMW,318,,BMW 318i MSport Pro,36900,,False,2025,08-2025,16500,,used,petrol,115,156,1998,,,,automatic,,RWD,Berlina,4,5,Grigio,,,,,dealer,Race Car Srl,IT-37040 Z.a.i. - Verona - VR,IT,2,https://prod.pictures.autoscout24.net/listing-images/59c81dba-8a25-4d20-be73-bce854ea3ecd_e2540a87-5b23-4022-9044-e3bc51c290c8.jpg/250x188.webp,2026-08-03T05:37:54.460687,2.24,1
0fb4ccad-9c34-46a7-80ac-85cd2cfc186e,https://www.autoscout24.it/annunci/0fb4ccad-9c34-46a7-80ac-85cd2cfc186e,it,Jeep,compass,,Jeep Compass1.6 MJT 130CV LIMITED,19990,,False,2024,04-2024,70000,,used,diesel,95,130,1598,,0,,manual,,FWD,SUV/Fuoristrada/Pick-up,5,5,Nero,,,,,dealer,Degiorgi la tua auto,IT-27058 Voghera - Pavia - Pv,IT,2,https://prod.pictures.autoscout24.net/listing-images/0fb4ccad-9c34-46a7-80ac-85cd2cfc186e_dc89e10b-f898-4eb5-af46-077d6f8ff456.jpg/250x188.webp,2026-08-03T05:37:54.460696,0.29,2
74f733b7-af3b-4343-8469-7c8b6c96d02e,https://www.autoscout24.it/annunci/74f733b7-af3b-4343-8469-7c8b6c96d02e,it,Audi,a3,,Audi A3A3 IV 2023 Sportback Sportback 40 2.0 tfsi Identity,39000,,False,2023,06-2023,40000,2,used,petrol,140,190,1984,,,,automatic,,AWD,Berlina,5,5,Grigio,,,,,dealer,Riviera Auto Srls,IT-63065 Ripatransone,IT,2,https://prod.pictures.autoscout24.net/listing-images/74f733b7-af3b-4343-8469-7c8b6c96d02e_d3ccb7d2-2216-4f9f-930e-0d5597b9136c.jpg/250x188.webp,2026-08-03T05:37:54.460715,0.97,3
89c4e0cc-d779-4f2b-9477-397dc9b73069,https://www.autoscout24.it/annunci/89c4e0cc-d779-4f2b-9477-397dc9b73069,it,Skoda,kamiq,,Skoda Kamiq1.0 tsi black dots 115cv dsg,24400,,False,2026,02-2026,10,,new,petrol,84,115,999,,126,,automatic,,FWD,SUV/Fuoristrada/Pick-up,5,5,Nero,,,,,dealer,Autorigoldi Spa,IT-20151 Milano,IT,2,https://prod.pictures.autoscout24.net/listing-images/89c4e0cc-d779-4f2b-9477-397dc9b73069_98a07656-cc54-4116-934e-77d033ab609e.jpg/250x188.webp,2026-08-03T05:37:54.460725,2440.0,0
c933c5b8-55e8-40eb-ac70-33ccc936dfee,https://www.autoscout24.it/annunci/c933c5b8-55e8-40eb-ac70-33ccc936dfee,it,Mercedes-Benz,gle 350,,Mercedes-Benz GLE 350Coupe d Sport 4matic auto,26900,,False,2018,01-2018,184000,,used,diesel,190,258,2987,,,,automatic,,AWD,SUV/Fuoristrada/Pick-up,4,5,Grigio,,,,,dealer,Suv&City Car,IT-24040 Lallio - Bergamo - BG,IT,2,https://prod.pictures.autoscout24.net/listing-images/c933c5b8-55e8-40eb-ac70-33ccc936dfee_7f4cd0c0-ec12-4245-b5bc-541ee04cd23e.jpg/250x188.webp,2026-08-03T05:37:54.460733,0.15,8
d19a0205-1e9c-432a-9912-2f4b7910e4d7,https://www.autoscout24.it/annunci/d19a0205-1e9c-432a-9912-2f4b7910e4d7,it,Mg,zs,,MG ZS1.0 Luxury auto,12400,,False,2022,07-2022,50099,1,used,petrol,82,111,999,,163,,automatic,,FWD,SUV/Fuoristrada/Pick-up,5,5,Nero,,,,,dealer,Autostar Flaminia Spa,IT-00138 Roma - RM,IT,2,https://prod.pictures.autoscout24.net/listing-images/d19a0205-1e9c-432a-9912-2f4b7910e4d7_03c52bc4-e41e-4b6a-8022-e996de9ab437.jpg/250x188.webp,2026-08-03T05:37:54.460749,0.25,4
be138e11-ef3d-4abb-94b3-88e7029256a3,https://www.autoscout24.it/annunci/be138e11-ef3d-4abb-94b3-88e7029256a3,it,Citroen,c3,,"Citroen C31,2 PureTech 100 Plus Tetto Bicolore Auto Nuova",15100,,False,2026,05-2026,10,,new,petrol,54,74,1199,,100,,manual,,FWD,Berlina,5,5,Grigio,,,,,dealer,Nuovauto Nomentana Sas,IT-00141 Roma - Rm,IT,2,https://prod.pictures.autoscout24.net/listing-images/be138e11-ef3d-4abb-94b3-88e7029256a3_81d0aa9a-8d82-434f-866f-b9bc1b1ed37f.jpg/250x188.webp,2026-08-03T05:37:54.460757,1510.0,0
c41bcd79-6dad-4c1c-a30f-c1eca2064dc4,https://www.autoscout24.it/annunci/c41bcd79-6dad-4c1c-a30f-c1eca2064dc4,it,BMW,218,,BMW 218Serie 2 F45 2018 Active Tourer 225xe Active Tourer,11800,,False,2019,08-2019,103000,1,used,hybrid,100,136,1499,,,,automatic,,RWD,Monovolume,5,5,Blu/Azzurro,,,,,dealer,,IT-15121 Alessandria - AL,IT,1,https://prod.pictures.autoscout24.net/listing-images/c41bcd79-6dad-4c1c-a30f-c1eca2064dc4_7d848227-338f-412c-8b50-771d7eec0564.jpg/250x188.webp,2026-08-03T05:37:54.460765,0.11,7
cc149aa7-b807-489a-bab8-91dcc315a0cf,https://www.autoscout24.it/annunci/cc149aa7-b807-489a-bab8-91dcc315a0cf,it,Renault,captur,,Renault CapturFull Hybrid E-Tech 145 CV Techno FULL OPTIONAL,13980,,False,2023,01-2023,59000,1,used,hybrid,106,145,1598,,,5.0,automatic,,FWD,SUV/Fuoristrada/Pick-up,5,5,Blu/Azzurro,,,,,dealer,Ice Car Srl,IT-00128 Roma,IT,2,https://prod.pictures.autoscout24.net/listing-images/cc149aa7-b807-489a-bab8-91dcc315a0cf_1b366394-8db6-4641-816c-54ce940a0716.jpg/250x188.webp,2026-08-03T05:37:54.460773,0.24,3
fa212c1e-aae2-409d-8e8e-f5dcb28ce560,https://www.autoscout24.it/annunci/fa212c1e-aae2-409d-8e8e-f5dcb28ce560,it,Mazda,cx-5,,Mazda CX-5Mazda CX-5 2.2L 150cv 2WD 6MT Exceed 110KW ANNO,13900,,False,2018,03-2018,116000,1,used,diesel,110,150,2191,,132,,manual,,FWD,SUV/Fuoristrada/Pick-up,5,5,Argento,,,,,dealer,MS Automobili Srl,IT-10143 Torino - To,IT,2,https://prod.pictures.autoscout24.net/listing-images/fa212c1e-aae2-409d-8e8e-f5dcb28ce560_5cdb90e7-47ef-48a9-b377-3ee5f9dcd122.jpg/250x188.webp,2026-08-03T05:37:54.460780,0.12,8
22856be8-afac-4bac-ae49-13f002ab8f31,https://www.autoscout24.it/annunci/22856be8-afac-4bac-ae49-13f002ab8f31,it,Dacia,bigster,,Dacia Bigster1.2 mild hybrid Extreme 140cv,22900,,False,2025,03-2025,17088,,used,hybrid,102,140,1199,,,,manual,,FWD,SUV/Fuoristrada/Pick-up,5,5,Grigio,,,,,dealer,Gruppo Carmeli SpA,IT-24124 Bergamo - BG,IT,2,https://prod.pictures.autoscout24.net/listing-images/22856be8-afac-4bac-ae49-13f002ab8f31_0d1c2b02-cde0-4866-a380-495263a89177.jpg/250x188.webp,2026-08-03T05:37:54.460788,1.34,1
911a1b24-73a5-40a9-88c4-c998e5c21f50,https://www.autoscout24.it/annunci/911a1b24-73a5-40a9-88c4-c998e5c21f50,it,Peugeot,508,,Peugeot 508Hybrid 225 GT e-EAT8 SW,32350,,False,2025,06-2025,10980,,used,hybrid,165,224,1598,,,,automatic,,FWD,Station Wagon,5,5,Grigio,,,,,dealer,Bertonova Srl,IT-36045 Alonte -Vicenza - Vi,IT,2,https://prod.pictures.autoscout24.net/listing-images/911a1b24-73a5-40a9-88c4-c998e5c21f50_26821eb8-93c4-4edf-93c5-1ff06b6fc297.jpg/250x188.webp,2026-08-03T05:37:54.460796,2.95,1
05285d9a-d65c-4ad6-be5f-34b583ccfca1,https://www.autoscout24.it/annunci/05285d9a-d65c-4ad6-be5f-34b583ccfca1,it,Toyota,c-hr,,Toyota C-HR1.8h Lounge e-cvt,22900,,False,2022,09-2022,43102,,used,hybrid,66,90,1798,,86,,automatic,,FWD,SUV/Fuoristrada/Pick-up,5,5,Marrone,,,,,dealer,Zerocento spa,IT-00169 Roma - Rm,IT,3,https://prod.pictures.autoscout24.net/listing-images/05285d9a-d65c-4ad6-be5f-34b583ccfca1_e8051b3a-8e3c-416a-9551-59e9d94b616d.jpg/250x188.webp,2026-08-03T05:37:54.460804,0.53,4
a9c77cd1-f359-435a-9b86-e75b3d3f6063,https://www.autoscout24.it/annunci/a9c77cd1-f359-435a-9b86-e75b3d3f6063,it,Volkswagen,polo,,Volkswagen Polo5p 1.0 evo Comfortline 80cv,10700,,False,2019,02-2019,88632,1,used,petrol,58,80,999,,131,,manual,,FWD,Berlina,5,5,Grigio,,,,,dealer,Autostar Flaminia Spa,IT-00138 Roma - RM,IT,2,https://prod.pictures.autoscout24.net/listing-images/a9c77cd1-f359-435a-9b86-e75b3d3f6063_4b2aa85a-8318-4d11-a24b-3fa500ff6512.jpg/250x188.webp,2026-08-03T05:37:54.460811,0.12,7
f0b08c10-70df-4744-8826-1768560d7ad9,https://www.autoscout24.it/annunci/f0b08c10-70df-4744-8826-1768560d7ad9,it,Ford,puma,,Ford Puma1.0 ecoboost h ST-Line X 155cv auto,21900,,False,2024,06-2024,13502,1,used,hybrid,113,155,999,,129,,automatic,,FWD,SUV/Fuoristrada/Pick-up,5,5,Blu/Azzurro,,,,,dealer,Gruppovis Spa,IT-21047 Saronno - Varese - Va,IT,2,https://prod.pictures.autoscout24.net/listing-images/f0b08c10-70df-4744-8826-1768560d7ad9_d099892b-9456-470b-9d32-a41c6e0f528f.jpg/250x188.webp,2026-08-03T05:37:54.460819,1.62,2
680f6640-fe53-4011-9225-cad2aa549973,https://www.autoscout24.it/annunci/680f6640-fe53-4011-9225-cad2aa549973,it,Cupra,leon,,CUPRA Leon1.5 hybrid 150cv dsg *PROMO,22900,,False,2024,09-2024,55583,1,used,hybrid,110,150,1498,,,,automatic,,Keine Angabe,Berlina,5,5,Tipo di verniceAltro,,,,,dealer,Bryan Auto Srl,IT-13100 Vercelli,IT,2,https://prod.pictures.autoscout24.net/listing-images/680f6640-fe53-4011-9225-cad2aa549973_244afb46-a87e-4643-9823-99aa85f20019.jpg/250x188.webp,2026-08-03T05:37:54.460827,0.41,2
c067a6c6-eaa9-4a19-bccf-1bbf950de454,https://www.autoscout24.it/annunci/c067a6c6-eaa9-4a19-bccf-1bbf950de454,it,Audi,q2,,Audi Q235 TFSI S-Tronic Business Advanced NAVI+FULL,22950,,False,2023,05-2023,51392,,used,petrol,110,149,1498,,,,automatic,,FWD,SUV/Fuoristrada/Pick-up,5,5,Bianco,,,,,dealer,Menardi Auto Group Srl,IT-12100 Bernezzo - Cuneo,IT,2,https://prod.pictures.autoscout24.net/listing-images/c067a6c6-eaa9-4a19-bccf-1bbf950de454_f58f2740-351f-4d17-b420-bbaa16d439b2.jpg/250x188.webp,2026-08-03T05:37:54.460834,0.45,3
fd581336-46d6-407e-b748-7ed5f19e3198,https://www.autoscout24.it/annunci/fd581336-46d6-407e-b748-7ed5f19e3198,it,Ford,mustang mach-e,,Ford Mustang Mach-E294CV Extended Range Premium,36900,,False,2024,06-2024,24000,1,used,electric,216,294,,,0,,automatic,,RWD,SUV/Fuoristrada/Pick-up,5,5,Nero,,,,,dealer,478 Rent srl,IT-25038 Rovato,IT,2,https://prod.pictures.autoscout24.net/listing-images/fd581336-46d6-407e-b748-7ed5f19e3198_313b04f0-9f7f-44e3-a37f-55bf98d966bf.jpg/250x188.webp,2026-08-03T05:37:54.460849,1.54,2
e16005af-0b01-49ff-bff3-0897de44757c,https://www.autoscout24.it/annunci/e16005af-0b01-49ff-bff3-0897de44757c,it,Hyundai,i20,,Hyundai i20MY26 1.0 T-GDI 90CV MT CONNECTLINE,14890,,False,2026,06-2026,10,,new,petrol,66,90,999,,,,automatic,,FWD,Berlina,,5,Grigio,,,,,dealer,Nuova Autoalpina Milano - Sede di Legnano,IT-11020 Legnano - Milano - MI,IT,2,https://prod.pictures.autoscout24.net/listing-images/e16005af-0b01-49ff-bff3-0897de44757c_e42d6fa8-1217-4b13-b771-12bb4a713d5b.jpg/250x188.webp,2026-08-03T05:37:54.460857,1489.0,0
da537ca7-547a-4093-b859-8a9a6ac42096,https://www.autoscout24.it/annunci/da537ca7-547a-4093-b859-8a9a6ac42096,it,Skoda,octavia,,Skoda OctaviaRS S.W. 2.0 TDI 200Cv 4x4 DSG ACC,29900,,False,2021,12-2021,83200,1,used,diesel,147,200,1968,,133,,automatic,,AWD,Station Wagon,5,5,Argento,,,,,dealer,Auto Tscholl,IT-39100 Bolzano - Bz,IT,2,https://prod.pictures.autoscout24.net/listing-images/da537ca7-547a-4093-b859-8a9a6ac42096_fac95365-1087-41a2-a886-40278beeb1b8.jpg/250x188.webp,2026-08-03T05:37:54.460865,0.36,5
61b7e50a-95b3-4949-ab58-9c16b8208679,https://www.autoscout24.it/annunci/61b7e50a-95b3-4949-ab58-9c16b8208679,it,Peugeot,308,,Peugeot 308Plug-in Hybrid 225 e-EAT8 SW GT,20450,,False,2024,04-2024,58471,1,used,hybrid,165,224,1598,,35,,automatic,,FWD,Station Wagon,5,5,Grigio,,,,,dealer,Treviglio Auto Srl,IT-24045 Fara Gera D'adda - Bergamo - Bg,IT,2,https://prod.pictures.autoscout24.net/listing-images/61b7e50a-95b3-4949-ab58-9c16b8208679_a1de9322-1b30-4b3f-99d2-9e638b88fcb1.jpg/250x188.webp,2026-08-03T05:37:54.460873,0.35,2
b5abb08d-47dc-407d-bfb1-953f91715b4a,https://www.autoscout24.it/annunci/b5abb08d-47dc-407d-bfb1-953f91715b4a,it,Cupra,leon,,CUPRA LeonSportstourer 1.5 e-Hybrid 204 CV DSG,26760,,False,2025,05-2025,27130,,used,hybrid,150,204,1498,,35,,automatic,,FWD,Station Wagon,5,5,Grigio,,,,,dealer,Auto Drive M.G.M. Srl,IT-22036 Erba - Como - Co,IT,2,https://prod.pictures.autoscout24.net/listing-images/b5abb08d-47dc-407d-bfb1-953f91715b4a_88b5a5be-1d52-4c7f-9f7d-66c930c33834.jpg/250x188.webp,2026-08-03T05:37:54.460881,0.99,1
e22ac5df-f2c2-4009-b066-450695224c4a,https://www.autoscout24.it/annunci/e22ac5df-f2c2-4009-b066-450695224c4a,it,Audi,a4 allroad,,Audi A4 allroadQuattro 40 2.0 tdi 190cv s tronic IVA ESPOSTA,21999,,False,2020,08-2020,107000,,used,diesel,139,190,1968,,,,automatic,,AWD,Station Wagon,5,5,Bianco,,,,,dealer,Checcacci - TM Wagen,IT-59100 Prato – Po,IT,2,https://prod.pictures.autoscout24.net/listing-images/e22ac5df-f2c2-4009-b066-450695224c4a_4f435440-79ab-4e05-b023-89eff958ba4a.jpg/250x188.webp,2026-08-03T05:37:54.460889,0.21,6
bb32457e-39e8-4db1-b88a-7fe8fa78bfcb,https://www.autoscout24.it/annunci/bb32457e-39e8-4db1-b88a-7fe8fa78bfcb,it,Hyundai,tucson,,Hyundai TUCSON1.6 HEV 4wd 230cv Exellence | Deluxe Pack &,26900,,False,2023,06-2023,35171,1,used,hybrid,169,230,1598,,,,automatic,,Keine Angabe,SUV/Fuoristrada/Pick-up,5,5,Blu/Azzurro,,,,,dealer,Ayvens brescia Nord,IT-25132 Brescia- BS,IT,2,https://prod.pictures.autoscout24.net/listing-images/bb32457e-39e8-4db1-b88a-7fe8fa78bfcb_a321eb52-f74d-4ab4-aafa-c3b5e31b7450.jpg/250x188.webp,2026-08-03T05:37:54.460897,0.76,3
ef7a8a32-af96-4d64-a78f-c4eec71a4fb4,https://www.autoscout24.it/annunci/ef7a8a32-af96-4d64-a78f-c4eec71a4fb4,it,BMW,318,,BMW 318d Touring Sport auto,15700,,False,2020,05-2020,175612,,used,diesel,110,149,1995,,111,,automatic,,RWD,Station Wagon,5,5,,,,,,dealer,Liam Cars di M.s.r.,IT-38121 Trento - TN,IT,2,https://prod.pictures.autoscout24.net/listing-images/ef7a8a32-af96-4d64-a78f-c4eec71a4fb4_f839287a-887c-46c4-887b-5bd401c32f39.jpg/250x188.webp,2026-08-03T05:37:54.460905,0.09,6
a9f9ef34-c117-4a9d-a497-a835563aeec5,https://www.autoscout24.it/annunci/a9f9ef34-c117-4a9d-a497-a835563aeec5,it,Jeep,compass,,Jeep Compass1.3 Turbo T4 190 CV PHEV AT6 4xe BUSINESS PLUS,17990,,False,2022,11-2022,39000,1,used,petrol,139,190,1342,,44,,automatic,,AWD,SUV/Fuoristrada/Pick-up,5,5,Grigio,,,,,dealer,Castaldo Srl,IT-10148 Torino - To,IT,2,https://prod.pictures.autoscout24.net/listing-images/a9f9ef34-c117-4a9d-a497-a835563aeec5_2685ddec-2a61-49f7-85a7-dcb272a64829.jpg/250x188.webp,2026-08-03T05:37:54.460912,0.46,4
2c6a7d96-3b7e-4f17-9c6b-a7495f42303a,https://www.autoscout24.it/annunci/2c6a7d96-3b7e-4f17-9c6b-a7495f42303a,it,Volkswagen,tiguan,,Volkswagen Tiguan2.0 tdi r-line 150cv dsg,37820,,False,2024,11-2024,20964,1,used,diesel,110,150,1968,,141,,automatic,,FWD,SUV/Fuoristrada/Pick-up,5,5,Grigio,,,,,dealer,Carpoint Spa,IT-00128 Roma - Rm,IT,3,https://prod.pictures.autoscout24.net/listing-images/2c6a7d96-3b7e-4f17-9c6b-a7495f42303a_ec5149f3-dcc4-4552-a2ea-6212a9bc0510.jpg/250x188.webp,2026-08-03T05:37:54.460919,1.8,2
46261504-bd9b-4ba5-99c8-347abdb97883,https://www.autoscout24.it/annunci/46261504-bd9b-4ba5-99c8-347abdb97883,it,Land Rover,range rover velar,,Land Rover Range Rover VelarRange Rover Velar 2.0D I4 180,27900,,False,2020,01-2020,76100,,used,diesel,132,180,1999,,177,,automatic,,AWD,SUV/Fuoristrada/Pick-up,5,5,Blu/Azzurro,,,,,dealer,Asca Motor Srl,IT-44124 Ferrara  - Fe,IT,2,https://prod.pictures.autoscout24.net/listing-images/46261504-bd9b-4ba5-99c8-347abdb97883_cf1a1057-465f-4151-97d7-e57638a9b8b4.jpg/250x188.webp,2026-08-03T05:37:54.460934,0.37,6
0891a469-8c4b-4167-a5db-235eea2bc929,https://www.autoscout24.it/annunci/0891a469-8c4b-4167-a5db-235eea2bc929,it,Maserati,grecale,,Maserati GrecaleGrecale MHEV 330 CV Modena.,47899,,False,2022,12-2022,59878,1,used,hybrid,242,330,1995,,220,,automatic,,AWD,SUV/Fuoristrada/Pick-up,5,5,Grigio,,,,,dealer,Auto Simeone Srl,IT-72012 Carovigno - Brindisi - Br,IT,2,https://prod.pictures.autoscout24.net/listing-images/0891a469-8c4b-4167-a5db-235eea2bc929_40b9ad32-ef89-4ea1-9d47-0aaf9fc91b16.jpg/250x188.webp,2026-08-03T05:37:54.460941,0.8,4
908e9fca-1a2d-4f38-b8f9-a384edb784be,https://www.autoscout24.it/annunci/908e9fca-1a2d-4f38-b8f9-a384edb784be,it,Volkswagen,t-cross,,Volkswagen T-Cross1.0 TSI Sport,12950,,False,2022,06-2022,90727,1,used,petrol,81,110,999,,,,manual,,FWD,SUV/Fuoristrada/Pick-up,5,5,Nero,,,,,dealer,Romana Auto - Gruppo IVA Spa,IT-00146 Roma – RM,IT,2,https://prod.pictures.autoscout24.net/listing-images/908e9fca-1a2d-4f38-b8f9-a384edb784be_211ad14a-c8b3-41ec-8121-03239d4bba91.jpg/250x188.webp,2026-08-03T05:37:54.460948,0.14,4
6c7e2b87-0e80-48c2-818e-ecda6f96c9b8,https://www.autoscout24.it/annunci/6c7e2b87-0e80-48c2-818e-ecda6f96c9b8,it,Opel,corsa,,Opel Corsa1.2 GS s&s 100cv,12490,,False,2025,04-2025,16467,1,used,petrol,73,100,1199,,,,manual,,FWD,Berlina,5,5,Bianco,,,,,dealer,Gencar,IT-10024 Moncalieri - Torino - To,IT,2,https://prod.pictures.autoscout24.net/listing-images/6c7e2b87-0e80-48c2-818e-ecda6f96c9b8_f0637fcd-47ca-4223-98c5-f434a2109700.jpg/250x188.webp,2026-08-03T05:37:54.460962,0.76,1
1a0a89d5-8059-45de-979a-560a67b3fc10,https://www.autoscout24.it/annunci/1a0a89d5-8059-45de-979a-560a67b3fc10,it,Audi,a3,,Audi A3A3 SPB 35 TFSI S tronic S line edition,33900,,False,2025,05-2025,16000,1,used,hybrid,110,149,1498,,,,automatic,,FWD,Berlina,5,5,Nero,,,,,dealer,Panoramauto Torino srl,IT-10156 Torino - To,IT,2,https://prod.pictures.autoscout24.net/listing-images/1a0a89d5-8059-45de-979a-560a67b3fc10_9fdeac46-e342-4ebf-8ac9-85e9d86051de.jpg/250x188.webp,2026-08-03T05:37:54.460969,2.12,1
26a9baf6-76f9-480e-8b80-baa0be3b0963,https://www.autoscout24.it/annunci/26a9baf6-76f9-480e-8b80-baa0be3b0963,it,Citroen,c3,,Citroen C3PureTech 100CV S&S MAX*C.L.17*NAVI*CARPLAY*R.CAM,14600,,False,2025,04-2025,24000,1,used,petrol,73,100,1199,,100,,manual,,FWD,Berlina,5,5,Grigio,,,,,dealer,Performance Car Srl,IT-00132 Roma,IT,2,https://prod.pictures.autoscout24.net/listing-images/26a9baf6-76f9-480e-8b80-baa0be3b0963_2a38ffc7-6a43-4685-aabf-81a71a4906b3.jpg/250x188.webp,2026-08-03T05:37:54.460976,0.61,1
0bc05e10-c38d-4b39-884c-af47a599a8f7,https://www.autoscout24.it/annunci/0bc05e10-c38d-4b39-884c-af47a599a8f7,it,Volkswagen,t-cross,,Volkswagen T-Cross1.0 TSI 110 cv Style PROMO,15900,,False,2022,11-2022,49180,,used,petrol,80,110,999,,131,,manual,,FWD,SUV/Fuoristrada/Pick-up,5,5,Bianco,,,,,dealer,Puntocar di Tarantino Andrea - Bricherasio,IT-10060 Bricherasio - Torino - TO,IT,2,https://prod.pictures.autoscout24.net/listing-images/0bc05e10-c38d-4b39-884c-af47a599a8f7_638a2b43-fb1c-4147-a4d3-efc6da07fe16.jpg/250x188.webp,2026-08-03T05:37:54.460983,0.32,4
1cfc2495-1ecc-46dc-ba69-e4ba6552aee5,https://www.autoscout24.it/annunci/1cfc2495-1ecc-46dc-ba69-e4ba6552aee5,it,Alfa Romeo,junior,,Alfa Romeo Junior1.2 ibrida 145cv edct6,25900,,False,2026,03-2026,10,1,new,hybrid,106,145,1199,,109,,automatic,,FWD,SUV/Fuoristrada/Pick-up,5,5,Blu/Azzurro,,,,,dealer,De Bona Srl,IT-35127 Padova,IT,2,https://prod.pictures.autoscout24.net/listing-images/1cfc2495-1ecc-46dc-ba69-e4ba6552aee5_fa96f866-05c3-4e0b-9e9b-dcb28ab68430.jpg/250x188.webp,2026-08-03T05:37:54.460991,2590.0,0
2ca04196-5a80-49d4-92b6-fe0461f806e1,https://www.autoscout24.be/fr/offres/2ca04196-5a80-49d4-92b6-fe0461f806e1,be,Mercedes-Benz,s 580,,Mercedes-Benz S 580e Long AMG Line PHEV,82999,,True,2022,08-2022,45000,,used,hybrid,375,510,2999,Euro 6,,6.0,,,Arrière,Berline,4,5,Noir,,,,,dealer,Exclusive Car Design BV,BE-9300 Aalst,BE,2,https://prod.pictures.autoscout24.net/listing-images/2ca04196-5a80-49d4-92b6-fe0461f806e1_da4b2ca8-5182-47f1-ac23-f2bda6b02082.jpg/250x188.webp,2026-08-03T05:44:11.723829,1.84,4
dacfde57-227b-4fc5-b1d0-8fb9ed7426ad,https://www.autoscout24.be/fr/offres/dacfde57-227b-4fc5-b1d0-8fb9ed7426ad,be,Audi,e-tron gt,,Audi e-tron GTS quattro 105kWh SOH 98%,89999,,True,2024,11-2024,33000,,used,electric,105,142,,Euro 6e,,6.0,,,AWD,Berline,4,5,Gris,,,,,dealer,Exclusive Car Design BV,BE-9300 Aalst,BE,2,https://prod.pictures.autoscout24.net/listing-images/dacfde57-227b-4fc5-b1d0-8fb9ed7426ad_6a623e36-589f-462a-89cd-b9f3347c6f7c.jpg/250x188.webp,2026-08-03T05:44:11.723868,2.73,2
6e0dc181-8570-415a-95db-139a9b59fba2,https://www.autoscout24.be/fr/offres/6e0dc181-8570-415a-95db-139a9b59fba2,be,Audi,rs3,,Audi RS3MTM Sportback 2.5 TFSI Quattro S tronic +,79546,,True,2026,07-2026,700,1,used,petrol,401,546,2480,Euro 6e,,6.0,,,AWD,Berline,5,5,Gris,,,,,dealer,TAN - The Automotive Nursery,BE-5000 NAMUR,BE,2,https://prod.pictures.autoscout24.net/listing-images/6e0dc181-8570-415a-95db-139a9b59fba2_de843e5f-33a4-4915-ae84-5b144e6e4e17.jpg/250x188.webp,2026-08-03T05:44:11.723886,113.64,0
cffddedd-f747-4253-9449-d0b495a210c8,https://www.autoscout24.be/fr/offres/cffddedd-f747-4253-9449-d0b495a210c8,be,BMW,m8,,BMW M8Competition Gran Coupé - VAT - Carbon - Laser -,79995,,True,2022,01-2022,33371,1,used,petrol,460,625,4395,Euro 6e,,6.0,,,Boîte automatique,Coupé,4,5,Noir,,,,,dealer,V-Motors Bvba,BE-2870 Puurs,BE,2,https://prod.pictures.autoscout24.net/listing-images/cffddedd-f747-4253-9449-d0b495a210c8_a100d6bc-73bc-4dd1-aa02-a59e581e6443.jpg/250x188.webp,2026-08-03T05:44:11.723900,2.4,4
6ff6422b-5595-4389-8d99-d4f477b4b187,https://www.autoscout24.be/fr/offres/6ff6422b-5595-4389-8d99-d4f477b4b187,be,Audi,rs6,,Audi RS64.0 V8 TFSI 600 PK Quattro tiptronic / Leder /,83990,,True,2022,10-2022,58561,1,used,petrol,441,599,3996,Euro 6d,,6.0,,,Avant,Break,5,5,Noir,,,,,dealer,,BE-3190 Boortmeerbeek,BE,2,https://prod.pictures.autoscout24.net/listing-images/6ff6422b-5595-4389-8d99-d4f477b4b187_63f39389-dd19-430c-b816-1d10fc894cee.jpg/250x188.webp,2026-08-03T05:44:11.723911,1.43,4
439d89f4-cb8c-417d-b755-ac138a71d499,https://www.autoscout24.be/fr/offres/439d89f4-cb8c-417d-b755-ac138a71d499,be,Audi,rs3,,Audi RS3RS3 Sportback 2.5 TFSI Quattro S tronic (EU6d-TEMP),34995,,True,2019,07-2019,113621,2,used,petrol,294,399,2480,Euro 6d-TEMP,,6.0,,,AWD,Break,5,5,Noir,,,,,dealer,Autohandel Sneppe Bv,BE-8020 Oostkamp,BE,2,https://prod.pictures.autoscout24.net/listing-images/439d89f4-cb8c-417d-b755-ac138a71d499_3b650ffe-0e19-46f5-bc11-5c294f3fe963.jpg/250x188.webp,2026-08-03T05:44:11.723919,0.31,7
29eed65a-cc79-4377-b975-59aa0e78245b,https://www.autoscout24.be/fr/offres/29eed65a-cc79-4377-b975-59aa0e78245b,be,BMW,m3,,BMW M33.0 xDrive M Competition - CARBON - 1ERPRO - FULL,81990,,True,2025,01-2025,26000,1,used,petrol,375,510,2993,Euro 6d,,6.0,,,AWD,Berline,4,5,Noir,,,,,dealer,A.B Cars,BE-7033 Mons,BE,2,https://prod.pictures.autoscout24.net/listing-images/29eed65a-cc79-4377-b975-59aa0e78245b_9977d890-5eef-42fd-867b-a70ea1f39034.jpg/250x188.webp,2026-08-03T05:44:11.723927,3.15,1
558cb89b-a797-4a74-8ec7-ff8ca4bc1348,https://www.autoscout24.be/fr/offres/558cb89b-a797-4a74-8ec7-ff8ca4bc1348,be,Porsche,taycan,,Porsche TaycanTaycan GTS - Full Option - Burmester - Rear,67995,,True,2023,11-2023,98045,1,used,electric,323,440,,,,20.0,,,AWD,Berline,4,4,Gris,,,,,dealer,V-Motors Bvba,BE-2870 Puurs,BE,2,https://prod.pictures.autoscout24.net/listing-images/558cb89b-a797-4a74-8ec7-ff8ca4bc1348_095c15db-d959-4bd8-bdfb-382ec894cca1.jpg/250x188.webp,2026-08-03T05:44:11.723936,0.69,3
b872daaa-fa2f-401b-9d0e-993f07fdc541,https://www.autoscout24.be/fr/offres/b872daaa-fa2f-401b-9d0e-993f07fdc541,be,Lucid,air,,Lucid AirPURE DUAL MOTOR AWD ***360° CAMERA*HEATED FRONT,78990,,True,2024,09-2024,9900,,used,electric,411,558,,Euro 6d,,6.0,,,AWD,Berline,4,5,Gris,,,,,dealer,Evercar,BE-4470 Saint-Georges-sur-Meuse,BE,2,https://prod.pictures.autoscout24.net/listing-images/b872daaa-fa2f-401b-9d0e-993f07fdc541_a7582982-6024-4d8f-abe6-7ac19fbffd25.jpg/250x188.webp,2026-08-03T05:44:11.723944,7.98,2
4febf64d-2b64-4846-ac14-6acd05ba7d62,https://www.autoscout24.be/fr/offres/4febf64d-2b64-4846-ac14-6acd05ba7d62,be,Porsche,cayenne,,Porsche CayenneCoupe E-Hybrid PHEV,87900,,True,2024,08-2024,39775,1,used,hybrid,254,346,2995,Euro 6e,,6.0,,,AWD,SUV/4x4/Pick-Up,5,5,Gris,,,,,dealer,COYSMAN MOTORS,BE-9041 Oostakker,BE,2,https://prod.pictures.autoscout24.net/listing-images/4febf64d-2b64-4846-ac14-6acd05ba7d62_2c44affc-ba8c-4c7c-92e8-a56360451669.jpg/250x188.webp,2026-08-03T05:44:11.723953,2.21,2
20fa0cd0-d040-4688-8e91-e78738e2b975,https://www.autoscout24.be/fr/offres/20fa0cd0-d040-4688-8e91-e78738e2b975,be,Audi,rs7,,Audi RS7*** QUATTRO / CERAMIC BRAKES / DRIVE SELECT,99950,,True,2020,03-2020,46015,2,used,petrol,441,599,3996,Euro 6d,,6.0,,,AWD,Berline,5,4,Gris,,,,,dealer,AECARS BV,BE-8870 Izegem,BE,2,https://prod.pictures.autoscout24.net/listing-images/20fa0cd0-d040-4688-8e91-e78738e2b975_c262b129-22cc-4646-9172-abf5457dfa72.jpg/250x188.webp,2026-08-03T05:44:11.723961,2.17,6
1bcd0c45-6a8c-4dc1-a92e-978e6c5bdc30,https://www.autoscout24.be/fr/offres/1bcd0c45-6a8c-4dc1-a92e-978e6c5bdc30,be,Porsche,macan,,Porsche Macan4S **MEMORY,89950,,True,2025,04-2025,26995,1,used,electric,279,380,,Euro 6e,,6.0,,,AWD,SUV/4x4/Pick-Up,5,5,Noir,,,,,dealer,Autobedrijf Naessens bvba,BE-8500 Kortrijk,BE,2,https://prod.pictures.autoscout24.net/listing-images/1bcd0c45-6a8c-4dc1-a92e-978e6c5bdc30_fabc391c-4282-4693-ada6-50165ab21e19.jpg/250x188.webp,2026-08-03T05:44:11.723970,3.33,1
31bda0dd-dd21-45ee-9af9-16f31476e3ba,https://www.autoscout24.be/fr/offres/31bda0dd-dd21-45ee-9af9-16f31476e3ba,be,Porsche,macan,,Porsche Macan2.0 Turbo PDK - GARANTIE 12 MOIS - XENON -,34990,,True,2019,07-2019,138100,2,used,petrol,132,180,1984,Euro 6,,6.0,,,AWD,SUV/4x4/Pick-Up,5,5,Noir,,,,,dealer,Rs Auto,BE-6200 Chatelineau,BE,2,https://prod.pictures.autoscout24.net/listing-images/31bda0dd-dd21-45ee-9af9-16f31476e3ba_51b9a68a-0eeb-4663-b401-2c1bdf69e294.jpg/250x188.webp,2026-08-03T05:44:11.723978,0.25,7
162bdee6-3356-4bca-82b8-ef075fa9a57d,https://www.autoscout24.be/fr/offres/162bdee6-3356-4bca-82b8-ef075fa9a57d,be,Volvo,v90,,"Volvo V90T8 Hybrid LED, HUD, Pilot, 360°Cam, Pano Trekh AWD",28999,,True,2019,01-2019,109000,2,used,hybrid,223,303,1968,Euro 6d-TEMP,,6.0,,,AWD,Break,5,5,Noir,,,,,dealer,TM Cars,BE-8520 KUURNE,BE,2,https://prod.pictures.autoscout24.net/listing-images/162bdee6-3356-4bca-82b8-ef075fa9a57d_1feac164-4cba-4f2c-b13b-1553c5ace512.jpg/250x188.webp,2026-08-03T05:44:11.723986,0.27,7
9dfbb849-f0b2-48c7-8475-e8b41b035455,https://www.autoscout24.be/fr/offres/9dfbb849-f0b2-48c7-8475-e8b41b035455,be,Mercedes-Benz,glc 43 amg,,Mercedes-Benz GLC 43 AMGS *** LIKE NEW / FULL OPTION / 1HD,74950,,True,2025,07-2025,11000,1,used,petrol,310,421,1991,Euro 6d,,6.0,,,AWD,SUV/4x4/Pick-Up,5,5,Gris,,,,,dealer,XOTO,BE-8490 Varsenare,BE,2,https://prod.pictures.autoscout24.net/listing-images/9dfbb849-f0b2-48c7-8475-e8b41b035455_d12b491a-03e1-42b0-9e2e-7ae0ccedb6dd.jpg/250x188.webp,2026-08-03T05:44:11.723994,6.81,1
006e1e48-6b89-4d90-98d7-69f834cae9f1,https://www.autoscout24.be/fr/offres/006e1e48-6b89-4d90-98d7-69f834cae9f1,be,Audi,q8 e-tron,,Audi Q8 e-tronQ8 PHEV 50 TFSI e Quattro Competition ,29850,,True,2021,08-2021,113061,1,used,electric,230,312,,Euro 6d,,6.0,,,Boîte automatique,SUV/4x4/Pick-Up,5,5,Noir,,,,,dealer,Garage Jean-Claude,BE-1760 Roosdaal,BE,2,https://prod.pictures.autoscout24.net/listing-images/006e1e48-6b89-4d90-98d7-69f834cae9f1_92ee0056-b743-45e5-9e33-49c74302c48e.jpg/250x188.webp,2026-08-03T05:44:11.724003,0.26,5
ad1b76c7-7501-4f5b-b01b-3fde8a1b7c63,https://www.autoscout24.be/fr/offres/ad1b76c7-7501-4f5b-b01b-3fde8a1b7c63,be,Aston Martin,vantage,,Aston Martin VantageV8 CARBON PACKAGE ***FULL ASTON MARTIN,89950,,True,2018,01-2018,99900,,used,petrol,375,510,3982,Euro 6,,6.0,,,Arrière,Coupé,2,2,Noir,,,,,dealer,XOTO,BE-8490 Varsenare,BE,2,https://prod.pictures.autoscout24.net/listing-images/ad1b76c7-7501-4f5b-b01b-3fde8a1b7c63_763a7db9-72e3-45e4-9cf1-9a54ce50d3dc.jpg/250x188.webp,2026-08-03T05:44:11.724012,0.9,8
f09f4853-4c07-4674-96ef-1e8f4f08dbb4,https://www.autoscout24.be/fr/offres/f09f4853-4c07-4674-96ef-1e8f4f08dbb4,be,Lotus,emira,,Lotus Emira3.5 Turbo V6 First Edition,86500,,True,2024,01-2024,12000,1,used,petrol,298,405,3456,Euro 6d,,6.0,,,Arrière,Coupé,2,2,Gris,,,,,dealer,Ultima Car Store,BE-3900 Overpelt,BE,2,https://prod.pictures.autoscout24.net/listing-images/f09f4853-4c07-4674-96ef-1e8f4f08dbb4_e0f1e055-0b01-4837-a2bb-8d87f673989d.jpg/250x188.webp,2026-08-03T05:44:11.724020,7.21,2
137bd759-1c5e-4909-abdc-dd22a391a15d,https://www.autoscout24.be/fr/offres/137bd759-1c5e-4909-abdc-dd22a391a15d,be,Mercedes-Benz,v 250,,Mercedes-Benz V 250AMG -lichte vracht -night pakket,78287,,True,2024,11-2024,4700,,used,diesel,102,140,1950,Euro 6d,,6.0,,,Arrière,Monospace,5,5,Noir,,,,,dealer,Slembrouck Automotive BV,BE-8433 Middelkerke - Schore,BE,2,https://prod.pictures.autoscout24.net/listing-images/137bd759-1c5e-4909-abdc-dd22a391a15d_72b3a7c2-d827-4f6f-a7df-20a82fa7c50b.jpg/250x188.webp,2026-08-03T05:44:11.724028,16.66,2
762e70ca-5fbc-4419-8fcf-ed316cc8d4f3,https://www.autoscout24.be/fr/offres/762e70ca-5fbc-4419-8fcf-ed316cc8d4f3,be,Porsche,taycan,,Porsche TaycanST FACELIFT BATT+,83500,,True,2025,03-2025,24957,,used,electric,235,320,,,,600.0,,,Arrière,Break,5,5,Gris,,,,,dealer,Caviarz,BE-9990 Maldegem,BE,2,https://prod.pictures.autoscout24.net/listing-images/762e70ca-5fbc-4419-8fcf-ed316cc8d4f3_1682bfe0-bfce-4926-8e19-43f2fa957e71.jpg/250x188.webp,2026-08-03T05:44:11.724036,3.35,1
1f12a204-64e2-4efe-8ece-b7eb151b9ec0,https://www.autoscout24.be/fr/offres/1f12a204-64e2-4efe-8ece-b7eb151b9ec0,be,Byd,sealion 7,,BYD Sealion 7Sealion 7 AWD Excellence,49990,,True,2025,02-2025,9087,,used,electric,390,530,,,,20.0,,,Boîte automatique,SUV/4x4/Pick-Up,5,5,Noir,,,,,dealer,click2move by Declerc,BE-5100 Naninne (Namur),BE,2,https://prod.pictures.autoscout24.net/listing-images/1f12a204-64e2-4efe-8ece-b7eb151b9ec0_af40a7f2-c7c6-4fd1-a943-0ec6864a32ab.jpg/250x188.webp,2026-08-03T05:44:11.724044,5.5,1
cc58b9ed-36b8-45b1-ae56-d6345accbaf6,https://www.autoscout24.be/fr/offres/cc58b9ed-36b8-45b1-ae56-d6345accbaf6,be,Audi,q3,,Audi Q3S-LINE*Q3 PHEV 45 TFSIe,31499,,True,2022,06-2022,68000,1,used,hybrid,180,244,1395,Euro 6d,,6.0,,,Avant,SUV/4x4/Pick-Up,5,5,Noir,,,,,dealer,MDV CARS,BE-1730 Asse,BE,2,https://prod.pictures.autoscout24.net/listing-images/cc58b9ed-36b8-45b1-ae56-d6345accbaf6_708041ab-b742-4a7e-9d15-ba137a0226ef.jpg/250x188.webp,2026-08-03T05:44:11.724053,0.46,4
85f6bdde-4126-43fc-9443-8ed5f81ff4de,https://www.autoscout24.be/fr/offres/85f6bdde-4126-43fc-9443-8ed5f81ff4de,be,Audi,a6,,Audi A6Avant PHEV 55 TFSI - Competition - S line - Matrix,49995,,True,2024,04-2024,21601,,used,hybrid,270,367,1984,Euro 6e,,6.0,,,AWD,Break,5,5,Blanc,,,,,dealer,V-Motors Bvba,BE-2870 Puurs,BE,2,https://prod.pictures.autoscout24.net/listing-images/85f6bdde-4126-43fc-9443-8ed5f81ff4de_d0e5df60-a2be-4e04-a123-c58f5ab1da5f.jpg/250x188.webp,2026-08-03T05:44:11.724061,2.31,2
1a496fa7-005d-4a53-9d14-2ef03399ebd1,https://www.autoscout24.be/fr/offres/1a496fa7-005d-4a53-9d14-2ef03399ebd1,be,BMW,x5,,BMW X550E M PACK ** PANO / H&K / TOP CONDITION,81950,,True,2024,01-2024,28000,2,used,hybrid,230,312,2998,Euro 6,,6.0,,,AWD,SUV/4x4/Pick-Up,5,5,Gris,,,,,dealer,XOTO,BE-8490 Varsenare,BE,2,https://prod.pictures.autoscout24.net/listing-images/1a496fa7-005d-4a53-9d14-2ef03399ebd1_584feab0-cbc0-4ba3-adbe-1ac1be2f2bd0.jpg/250x188.webp,2026-08-03T05:44:11.724069,2.93,2
afbfad01-508e-4555-a2c8-1a96c060317d,https://www.autoscout24.be/fr/offres/afbfad01-508e-4555-a2c8-1a96c060317d,be,Lotus,eletre,,Lotus EletreBEV 450kW,72950,,True,2023,10-2023,48431,,used,electric,450,612,,,,20.0,,,AWD,SUV/4x4/Pick-Up,5,5,Gris,,,,,dealer,Lotus Antwerp,BE-2250 Kontich,BE,2,https://prod.pictures.autoscout24.net/listing-images/afbfad01-508e-4555-a2c8-1a96c060317d_465a9eb7-e84a-4140-b589-cb6a547fa9b4.jpg/250x188.webp,2026-08-03T05:44:11.724077,1.51,3
973c50cc-aefa-4cb7-8496-cfb4bf7e7d4d,https://www.autoscout24.be/fr/offres/973c50cc-aefa-4cb7-8496-cfb4bf7e7d4d,be,Audi,a6,,Audi A6A6 PHEV 55 TFSI e Quattro S-Line / S tronic,39950,,True,2021,01-2021,45948,2,used,hybrid,270,367,1984,Euro 6d,,6.0,,,AWD,Berline,4,5,Noir,,,,,dealer,ACB,BE-2370 Arendonk,BE,2,https://prod.pictures.autoscout24.net/listing-images/973c50cc-aefa-4cb7-8496-cfb4bf7e7d4d_7e0309aa-46d7-4417-be6f-3ba4ecee2e13.jpg/250x188.webp,2026-08-03T05:44:11.724085,0.87,5
2973c5bc-19c4-41b9-ac10-1904ff8bc9b5,https://www.autoscout24.be/fr/offres/2973c5bc-19c4-41b9-ac10-1904ff8bc9b5,be,Mercedes-Benz,gle 53 amg,,Mercedes-Benz GLE 53 AMGGLE 53 AMG 4-Matic l,59999,,True,2020,01-2020,117550,2,used,petrol,320,435,2999,Euro 6d,,6.0,,,AWD,SUV/4x4/Pick-Up,5,5,Obsidiaanzwart,,,,,dealer,GDCauto,BE-9620 Zottegem,BE,2,https://prod.pictures.autoscout24.net/listing-images/2973c5bc-19c4-41b9-ac10-1904ff8bc9b5_5d481678-2d86-4564-ab90-ff7e1f4c8437.jpg/250x188.webp,2026-08-03T05:44:11.724094,0.51,6
64996ad9-728c-4afb-b753-69b6bd412bbb,https://www.autoscout24.be/fr/offres/64996ad9-728c-4afb-b753-69b6bd412bbb,be,Ds Automobiles,n°8,,DS Automobiles N°8N°8 ETOILE FWD LONG RANGE 245 HP,59990,,True,2026,05-2026,7000,1,used,electric,180,245,,,,20.0,,,Avant,Berline,5,5,Noir,,,,,dealer,Valckenier Aalst - Kareelstraat,BE-9300 Aalst,BE,2,https://prod.pictures.autoscout24.net/listing-images/64996ad9-728c-4afb-b753-69b6bd412bbb_da612144-26c5-4446-9f14-169ea1553884.jpg/250x188.webp,2026-08-03T05:44:11.724102,8.57,0
dfb0577e-d70b-41e6-adc7-f0a3df76b131,https://www.autoscout24.be/fr/offres/dfb0577e-d70b-41e6-adc7-f0a3df76b131,be,BMW,m8,,BMW M8M8 Coupé Competition / MAT PPF,97990,,True,2023,10-2023,24920,1,used,petrol,460,625,4395,Euro 6e,,6.0,,,AWD,Coupé,2,4,Noir,,,,,dealer,BST Motors BV,BE-8510 Marke,BE,2,https://prod.pictures.autoscout24.net/listing-images/dfb0577e-d70b-41e6-adc7-f0a3df76b131_41c65d7d-0905-4164-8cff-f3e1493245b1.jpg/250x188.webp,2026-08-03T05:44:11.724110,3.93,3
db6784c0-ed55-4b28-9ef6-ba08e8626dde,https://www.autoscout24.be/fr/offres/db6784c0-ed55-4b28-9ef6-ba08e8626dde,be,Volvo,xc60,,Volvo XC60XC60 2.0 T6 PHEV AWD Inscription*PANO DAK,29900,,True,2021,05-2021,95209,1,used,hybrid,186,252,1969,Euro 6d,,6.0,,,AWD,SUV/4x4/Pick-Up,5,5,Beige,,,,,dealer,bvba Expo Cars,BE-8800 Roeselare (Kortrijk-Brugge),BE,2,https://prod.pictures.autoscout24.net/listing-images/db6784c0-ed55-4b28-9ef6-ba08e8626dde_d637ccff-e404-43f4-a151-5d52db0b65fa.jpg/250x188.webp,2026-08-03T05:44:11.724117,0.31,5
b1375ab7-465a-45da-b142-91990afafff2,https://www.autoscout24.be/fr/offres/b1375ab7-465a-45da-b142-91990afafff2,be,Audi,rs6,,Audi RS6C8 Avant - Belgian car - Nardo Grey,89900,,True,2023,02-2023,58160,2,used,petrol,441,599,3996,Euro 6d,,6.0,,,AWD,Break,5,5,Gris,,,,,dealer,House of Cars S.A.,BE-1332 Genval,BE,2,https://prod.pictures.autoscout24.net/listing-images/b1375ab7-465a-45da-b142-91990afafff2_3e219f5b-8bdc-404c-a7d4-72fafe5d435b.jpg/250x188.webp,2026-08-03T05:44:11.724125,1.55,3
ccbf184e-e3c6-40ff-b8e6-5d4dbc6bb312,https://www.autoscout24.be/fr/offres/ccbf184e-e3c6-40ff-b8e6-5d4dbc6bb312,be,Porsche,taycan,,Porsche TaycanSport Turismo 93.4 kWh **LED,59950,,True,2022,08-2022,72062,1,used,electric,205,280,,Euro 6,,6.0,,,Arrière,Break,5,5,Gris,,,,,dealer,Autobedrijf Naessens bvba,BE-8500 Kortrijk,BE,2,https://prod.pictures.autoscout24.net/listing-images/ccbf184e-e3c6-40ff-b8e6-5d4dbc6bb312_710b6dcd-a45f-46ea-825e-48733e0b90bb.jpg/250x188.webp,2026-08-03T05:44:11.724133,0.83,4
baed1a8d-6e05-472e-92e4-2c279c8a3373,https://www.autoscout24.be/fr/offres/baed1a8d-6e05-472e-92e4-2c279c8a3373,be,Audi,q8,,Audi Q860 TFSI e l Quattro l Full S-Line l Pano l Full,73500,,True,2023,04-2023,69600,,used,hybrid,340,462,2995,Euro 6e,,6.0,,,AWD,SUV/4x4/Pick-Up,5,5,Noir,,,,,dealer,TR Premium Cars,BE-9340 Lede,BE,2,https://prod.pictures.autoscout24.net/listing-images/baed1a8d-6e05-472e-92e4-2c279c8a3373_af47d86a-a6cf-4b23-9271-a198c3f49a23.jpg/250x188.webp,2026-08-03T05:44:11.724140,1.06,3
c74d7715-e338-45ae-b7ca-b8f58b5a7cf2,https://www.autoscout24.be/fr/offres/c74d7715-e338-45ae-b7ca-b8f58b5a7cf2,be,Mercedes-Benz,s 580,,Mercedes-Benz S 580e AMG Line Hybrid Massage Panodak,77990,,True,2022,01-2022,52199,,used,hybrid,375,510,2999,Euro 6d,,6.0,,,Arrière,Berline,4,5,Gris,,,,,dealer,Lampe Interesting Cars,BE-8830 Gits,BE,2,https://prod.pictures.autoscout24.net/listing-images/c74d7715-e338-45ae-b7ca-b8f58b5a7cf2_1cacdfcc-e67f-43a1-874d-32a1bcd58353.jpg/250x188.webp,2026-08-03T05:44:11.724148,1.49,4
a8306dd0-666d-4eaf-862d-0b0c626d94e0,https://www.autoscout24.be/fr/offres/a8306dd0-666d-4eaf-862d-0b0c626d94e0,be,Porsche,macan,,Porsche Macane-Macan 4 / 100 kWh,79800,,True,2024,09-2024,9900,1,used,electric,73,100,,,,20.0,,,AWD,SUV/4x4/Pick-Up,5,5,Type de peintureMétalliséIntérieurCuir,,,,,dealer,Amotors,BE-8730 Beernem,BE,2,https://prod.pictures.autoscout24.net/listing-images/a8306dd0-666d-4eaf-862d-0b0c626d94e0_fe8f5aeb-482b-47c6-90ec-0f5c12883019.jpg/250x188.webp,2026-08-03T05:44:11.724156,8.06,2
d63895cf-2181-49ca-8d92-cbf6f2457dc7,https://www.autoscout24.be/fr/offres/d63895cf-2181-49ca-8d92-cbf6f2457dc7,be,Maserati,ghibli,,Maserati GhibliGhibli 3.0 V6 BiTurbo S Q4 Modena / Soft,77990,,True,2023,07-2023,22000,1,used,petrol,316,429,2979,Euro 6d,,6.0,,,AWD,Berline,4,5,Noir,,,,,dealer,Autotheker,BE-8710 Wielsbeke,BE,2,https://prod.pictures.autoscout24.net/listing-images/d63895cf-2181-49ca-8d92-cbf6f2457dc7_1734ea45-d9d1-441d-8a6b-37580ec0736f.jpg/250x188.webp,2026-08-03T05:44:11.724163,3.54,3
bfbcb063-2014-48bc-8b6f-271283fdf450,https://www.autoscout24.be/fr/offres/bfbcb063-2014-48bc-8b6f-271283fdf450,be,BMW,x7,,BMW X7xDrive40i - MSport - Pano Sky Lounge – Laser – ACC -,59995,,True,2021,04-2021,49212,1,used,petrol,245,333,2998,Euro 6e,,6.0,,,AWD,SUV/4x4/Pick-Up,5,6,Noir,,,,,dealer,V-Motors Bvba,BE-2870 Puurs,BE,2,https://prod.pictures.autoscout24.net/listing-images/bfbcb063-2014-48bc-8b6f-271283fdf450_99bc9f55-eabf-4800-b9bc-8d9c3f835799.jpg/250x188.webp,2026-08-03T05:44:11.724171,1.22,5
a66f8f5b-bd3b-48d4-951e-dc4932a5f782,https://www.autoscout24.be/fr/offres/a66f8f5b-bd3b-48d4-951e-dc4932a5f782,be,Porsche,taycan,,Porsche TaycanGTS Coupe 93.4 kWh,78999,,True,2023,09-2023,49000,,used,electric,323,440,,Euro 6,,6.0,,,AWD,Berline,4,4,Gris,,,,,dealer,Exclusive Car Design BV,BE-9300 Aalst,BE,2,https://prod.pictures.autoscout24.net/listing-images/a66f8f5b-bd3b-48d4-951e-dc4932a5f782_cd2a3368-20f0-4564-bd1f-1d611d9acb1d.jpg/250x188.webp,2026-08-03T05:44:11.724179,1.61,3
7a43b3a1-c44e-4c9b-b2a3-5448269b0e90,https://www.autoscout24.be/fr/offres/7a43b3a1-c44e-4c9b-b2a3-5448269b0e90,be,Mercedes-Benz,eqs suv,,Mercedes-Benz EQS SUV450+ 7 PLACES Luxury Line,79890,,True,2023,05-2023,38572,,used,electric,265,360,,Euro 5,,5.0,,,Boîte automatique,SUV/4x4/Pick-Up,4,5,Argent,,,,,dealer,SAGA Nivelles,BE-1400 Nivelles,BE,2,https://prod.pictures.autoscout24.net/listing-images/7a43b3a1-c44e-4c9b-b2a3-5448269b0e90_1096dce2-080e-4d21-b592-fa5ea8156439.jpg/250x188.webp,2026-08-03T05:44:11.724188,2.07,3
d0f300e8-d6e5-42c8-b2e2-627a8faf7061,https://www.autoscout24.be/fr/offres/d0f300e8-d6e5-42c8-b2e2-627a8faf7061,be,BMW,540,,BMW 540iXAS 610pk Hybride-Turbo LED PANO 360Camera HUD,35900,,True,2018,01-2018,169000,2,used,petrol,250,340,2998,Euro 6d,,6.0,,,AWD,Berline,4,5,Gris,,,,,dealer,Speedycars BV,BE-3800 Sint-truiden,BE,2,https://prod.pictures.autoscout24.net/listing-images/d0f300e8-d6e5-42c8-b2e2-627a8faf7061_774ca338-7390-4cd5-9eb8-114002d5164b.jpg/250x188.webp,2026-08-03T05:44:11.724195,0.21,8
c49a7744-43c1-4b51-a0c8-87725077bd28,https://www.autoscout24.be/fr/offres/c49a7744-43c1-4b51-a0c8-87725077bd28,be,Mercedes-Benz,eqc 400,,Mercedes-Benz EQC 4004 Matic - AMG Line - Open Dak -,32990,,True,2020,12-2020,80975,2,used,electric,220,300,,,,20.0,,,,SUV/4x4/Pick-Up,5,5,Gris,,,,,dealer,Provan Motors,BE-9810 Eke,BE,2,https://prod.pictures.autoscout24.net/listing-images/c49a7744-43c1-4b51-a0c8-87725077bd28_c1624ca9-7b47-4abb-b65d-14eaaf9d8a0d.jpg/250x188.webp,2026-08-03T05:44:11.724203,0.41,6
122d0a60-7326-444c-81f6-35401bf9f55e,https://www.autoscout24.be/fr/offres/122d0a60-7326-444c-81f6-35401bf9f55e,be,BMW,m2,,BMW M2Brooklyn Grey * Carbon Dak * Harman Kardon * Adaptief,58990,,True,2023,11-2023,22294,1,used,petrol,338,459,2993,Euro 6e,,6.0,,,Arrière,Coupé,2,4,Gris,,,,,dealer,Garage Brys,BE-9400 Voorde,BE,2,https://prod.pictures.autoscout24.net/listing-images/122d0a60-7326-444c-81f6-35401bf9f55e_9ce3a753-e641-4de0-833f-d1b656b33743.jpg/250x188.webp,2026-08-03T05:44:11.724211,2.65,3
1117de10-67cd-4f4c-b46c-ed6f02cb386c,https://www.autoscout24.be/fr/offres/1117de10-67cd-4f4c-b46c-ed6f02cb386c,be,Audi,sq5,,Audi SQ5*1-PROPRIETAIRE,69990,,True,2025,08-2025,10000,1,used,petrol,270,367,2995,Euro 6e,,6.0,,,AWD,SUV/4x4/Pick-Up,5,5,Mythe noir,,,,,dealer,Faubourg Cars,BE-1410 Waterloo,BE,2,https://prod.pictures.autoscout24.net/listing-images/1117de10-67cd-4f4c-b46c-ed6f02cb386c_e73cf345-aea5-4675-8d34-3b98ab2286e5.jpg/250x188.webp,2026-08-03T05:44:11.724219,7.0,1
2c09f022-c89a-457d-8b3e-f120eb982b3d,https://www.autoscout24.be/fr/offres/2c09f022-c89a-457d-8b3e-f120eb982b3d,be,Audi,rs e-tron gt,,Audi RS e-tron GT3 jaar garantie  - Carbon - Matrix -,52995,,True,2021,08-2021,100917,1,used,electric,441,599,,,,20.0,,,AWD,Berline,4,5,Gris,,,,,dealer,MTS AUTOMOTIVE,BE-9120 Beveren,BE,2,https://prod.pictures.autoscout24.net/listing-images/2c09f022-c89a-457d-8b3e-f120eb982b3d_6e4c0cf0-35df-4ea5-b6d8-30b5dff73168.jpg/250x188.webp,2026-08-03T05:44:11.724227,0.53,5
f539979f-925f-4417-a85a-c2da5a9bf2b6,https://www.autoscout24.be/fr/offres/f539979f-925f-4417-a85a-c2da5a9bf2b6,be,Volvo,xc40,,Volvo XC40XC40 1.5 T5 TE PHEV Momentum DCT,22900,,True,2020,10-2020,79725,1,used,hybrid,192,261,1477,Euro 6,,6.0,,,AWD,SUV/4x4/Pick-Up,5,5,Noir,,,,,dealer,Bolide Motors,BE-8870 Izegem,BE,2,https://prod.pictures.autoscout24.net/listing-images/f539979f-925f-4417-a85a-c2da5a9bf2b6_04887014-7d5b-4a6f-b669-2158408fa5cc.jpg/250x188.webp,2026-08-03T05:44:11.724236,0.29,6
a0e1e2b4-87bd-4e0a-92bf-ca7b54ab3f84,https://www.autoscout24.be/fr/offres/a0e1e2b4-87bd-4e0a-92bf-ca7b54ab3f84,be,Ford,f 150,,Ford F 150SHELBY 750 - Velocity Blue,84950,,True,2019,01-2019,25500,1,used,petrol,552,750,4951,Euro 6b,,6.0,,,AWD,SUV/4x4/Pick-Up,4,5,Bleu,,,,,dealer,ElsenBergen Car Collection,BE-3200 Aarschot,BE,2,https://prod.pictures.autoscout24.net/listing-images/a0e1e2b4-87bd-4e0a-92bf-ca7b54ab3f84_4b1ab89e-7bc8-4753-bca0-e8c0a9c9e0e6.jpg/250x188.webp,2026-08-03T05:44:11.724244,3.33,7
7d2be4d0-f596-4b1e-8a77-9b2d035fc69d,https://www.autoscout24.be/fr/offres/7d2be4d0-f596-4b1e-8a77-9b2d035fc69d,be,Audi,a6,,Audi A6*GARANTIE 12 MOIS* S-LINE MATRIX A6 50 TDi Quattro,33900,,True,2019,01-2019,101000,1,used,diesel,210,285,2967,Euro 6,,6.0,,,AWD,Berline,4,5,Gris,,,,,dealer,Garage Contacars,BE-4367 Crisnée,BE,2,https://prod.pictures.autoscout24.net/listing-images/7d2be4d0-f596-4b1e-8a77-9b2d035fc69d_19ad7dc3-65ff-49a6-86c6-6fd0b701fad1.jpg/250x188.webp,2026-08-03T05:44:11.724252,0.34,7
7e7cd575-c3ec-4ee2-a7ee-d3f6d9f083ad,https://www.autoscout24.be/fr/offres/7e7cd575-c3ec-4ee2-a7ee-d3f6d9f083ad,be,Porsche,cayenne,,Porsche CayenneHybride Massage,98900,,True,2024,12-2024,13000,1,used,hybrid,254,346,2995,Euro 6b,,6.0,,,Semi-automatique,SUV/4x4/Pick-Up,5,5,Noir,,,,,dealer,MAC-AUTOMOTIVE,BE-2950 Kapellen,BE,2,https://prod.pictures.autoscout24.net/listing-images/7e7cd575-c3ec-4ee2-a7ee-d3f6d9f083ad_7b6f3275-2841-4221-8c93-95e9b925a8e5.jpg/250x188.webp,2026-08-03T05:44:11.724261,7.61,2
d5777a4c-a99c-4624-be60-96c396579cfd,https://www.autoscout24.be/fr/offres/d5777a4c-a99c-4624-be60-96c396579cfd,be,Mercedes-Benz,c 180,,Mercedes-Benz C 180**AMG PACK ** NIGHT PACK ** C63 LOOK **,31950,,True,2021,09-2021,85000,1,used,petrol,125,170,1500,Euro 6d-TEMP,,6.0,,,Arrière,Berline,,5,Gris,,,,,dealer,LM motors BV,BE-8870 Izegem,BE,2,https://prod.pictures.autoscout24.net/listing-images/d5777a4c-a99c-4624-be60-96c396579cfd_b15d4009-3998-452e-8d76-460d6f2b7902.jpg/250x188.webp,2026-08-03T05:44:11.724269,0.38,5
97e18312-f08e-45dc-ad36-350ff147a382,https://www.autoscout24.be/fr/offres/97e18312-f08e-45dc-ad36-350ff147a382,be,Byd,han,,BYD HanExecutive - Vol Leder - Dynaudio - Pano -,34999,,True,2024,04-2024,60100,,used,electric,380,516,,,,20.0,,,AWD,Berline,4,5,Gris,,,,,dealer,GDCauto,BE-9620 Zottegem,BE,2,https://prod.pictures.autoscout24.net/listing-images/97e18312-f08e-45dc-ad36-350ff147a382_32d354c6-e25a-4b39-a23d-90243f74581c.jpg/250x188.webp,2026-08-03T05:44:11.724277,0.58,2
80c509da-405f-42e7-84ab-5f74be55c2ee,https://www.autoscout24.be/fr/offres/80c509da-405f-42e7-84ab-5f74be55c2ee,be,Porsche,macan,,Porsche MacanPANO,37900,,True,2018,08-2018,79926,1,used,petrol,136,185,1984,Euro 6b,,6.0,,,AWD,SUV/4x4/Pick-Up,5,5,Gris,,,,,dealer,J.N. Automobiles,BE-5300 Namur ( Maizeret ),BE,2,https://prod.pictures.autoscout24.net/listing-images/80c509da-405f-42e7-84ab-5f74be55c2ee_1fa3df29-59e4-4cb0-a5f4-73a3889105c9.jpg/250x188.webp,2026-08-03T05:44:11.724285,0.47,8
2b691f89-e035-410a-b413-17d355d4083d,https://www.autoscout24.be/fr/offres/2b691f89-e035-410a-b413-17d355d4083d,be,Maserati,levante,,Maserati LevanteLevante 3.0 V6 Turbo GranLusso Q4 (4x4)*1,29950,,True,2019,08-2019,155360,1,used,diesel,148,202,2987,Euro 6d,,6.0,,,AWD,SUV/4x4/Pick-Up,5,5,Gris,,,,,dealer,IF CARS,BE-3290 Diest,BE,2,https://prod.pictures.autoscout24.net/listing-images/2b691f89-e035-410a-b413-17d355d4083d_5b93a0e1-4802-4e8d-88f6-8fe95c095bb4.jpg/250x188.webp,2026-08-03T05:44:11.724293,0.19,7
a3a95810-1e07-4fe3-b3ac-55678a9b127b,https://www.autoscout24.be/fr/offres/a3a95810-1e07-4fe3-b3ac-55678a9b127b,be,Peugeot,308,,Peugeot 3082 1.2 PureTech 130 S&S EAT8 Allure,11289,,True,2019,03-2019,50768,,used,petrol,70,96,1199,,,5.8,,,Boîte automatique,Berline,5,5,Gris,,,,,dealer,Stellantis&YOU Drogenbos,BE-1620 Drogenbos,BE,2,https://prod.pictures.autoscout24.net/listing-images/a3a95810-1e07-4fe3-b3ac-55678a9b127b_3f15105e-329c-465c-9f39-b058f1dc2527.jpg/250x188.webp,2026-08-03T05:44:11.724302,0.22,7
10f9ceae-dafe-4989-807f-3bc19a34efff,https://www.autoscout24.be/fr/offres/10f9ceae-dafe-4989-807f-3bc19a34efff,be,Audi,rs6,,"Audi RS6Avant 4.0 TFSI Quattro, Ventilatie",89995,,True,2022,09-2022,57049,1,used,petrol,441,599,3996,Euro 6,,6.0,,,AWD,Break,5,5,Gris,,,,,dealer,David Rouss Automotive,BE-2910 Essen,BE,2,https://prod.pictures.autoscout24.net/listing-images/10f9ceae-dafe-4989-807f-3bc19a34efff_0b506a29-f521-4a38-91ef-e3c97e61043b.jpg/250x188.webp,2026-08-03T05:44:11.724309,1.58,4
9f527f6b-8ae8-4211-ab83-55777bb786e1,https://www.autoscout24.be/fr/offres/9f527f6b-8ae8-4211-ab83-55777bb786e1,be,Porsche,macan,,Porsche MacanMacan 2.0 Turbo PDK,35995,,True,2020,09-2020,162000,2,used,petrol,132,180,1984,Euro 6d,,6.0,,,AWD,SUV/4x4/Pick-Up,5,5,Brun,,,,,dealer,Autohandel Sneppe Bv,BE-8020 Oostkamp,BE,2,https://prod.pictures.autoscout24.net/listing-images/9f527f6b-8ae8-4211-ab83-55777bb786e1_726f2ea4-9ee9-4017-a061-281c674e7f84.jpg/250x188.webp,2026-08-03T05:44:11.724318,0.22,6
002b5373-0fd4-4725-9661-6fc32b1efbe1,https://www.autoscout24.be/fr/offres/002b5373-0fd4-4725-9661-6fc32b1efbe1,be,Audi,q8,,Audi Q860 TFSIe HYBRIDE / COMPETITION / CRUISE / CAMERA,89500,,True,2024,07-2024,9000,1,used,hybrid,360,489,2995,Euro 6e,,6.0,,,AWD,SUV/4x4/Pick-Up,5,5,Gris,,,,,dealer,Amotors,BE-8730 Beernem,BE,2,https://prod.pictures.autoscout24.net/listing-images/002b5373-0fd4-4725-9661-6fc32b1efbe1_1b152453-a1cd-48fd-9552-3ee1b7a35c46.jpg/250x188.webp,2026-08-03T05:44:11.724325,9.94,2
e8aa8b1e-1a0e-4649-82a4-a5317807fd47,https://www.autoscout24.be/fr/offres/e8aa8b1e-1a0e-4649-82a4-a5317807fd47,be,Porsche,cayenne,,Porsche CayenneCoupé 3.0 E-Hybrid | SPORTDESIGN |,73990,,True,2022,05-2022,78357,,used,hybrid,249,340,2995,Euro 6d-TEMP,,6.0,,,AWD,SUV/4x4/Pick-Up,5,5,Gris,,,,,dealer,Van Mossel Used Cars Center Antwerpen,BE-2060 Antwerpen,BE,2,https://prod.pictures.autoscout24.net/listing-images/e8aa8b1e-1a0e-4649-82a4-a5317807fd47_a958f5eb-2c13-4155-939a-421452fad56a.jpg/250x188.webp,2026-08-03T05:44:11.724334,0.94,4
693c450b-4595-4da4-b4f1-cb83fcc5a060,https://www.autoscout24.be/fr/offres/693c450b-4595-4da4-b4f1-cb83fcc5a060,be,BMW,x6,,BMW X640i - Pano - Exclusive Pack - M-Pack Pro - Individ,76950,,True,2023,08-2023,23322,1,used,petrol,280,380,2998,Euro 6,,6.0,,,AWD,SUV/4x4/Pick-Up,5,5,Vert,,,,,dealer,Sgt Cars,BE-2840 Rumst,BE,2,https://prod.pictures.autoscout24.net/listing-images/693c450b-4595-4da4-b4f1-cb83fcc5a060_6a8a71dd-f7f6-4ff3-8896-7de7e30e61f8.jpg/250x188.webp,2026-08-03T05:44:11.724343,3.3,3
e9df4963-b6b9-47d9-bff5-4864a798742c,https://www.autoscout24.be/fr/offres/e9df4963-b6b9-47d9-bff5-4864a798742c,be,Porsche,taycan,,Porsche TaycanLuchtvering l Pano l Sport Chrono Plus l,43999,,True,2021,09-2021,132160,,used,electric,220,300,,,,9335.0,,,Arrière,Berline,4,4,Noir,,,,,dealer,GDCauto,BE-9620 Zottegem,BE,2,https://prod.pictures.autoscout24.net/listing-images/e9df4963-b6b9-47d9-bff5-4864a798742c_490501b2-4a84-497d-b46c-0a04d0b447be.jpg/250x188.webp,2026-08-03T05:44:11.724352,0.33,5
e5c2b8ff-151b-4580-8833-389c57877c24,https://www.autoscout24.be/fr/offres/e5c2b8ff-151b-4580-8833-389c57877c24,be,Lotus,eletre,,Lotus EletreBEV 450kW,72500,,True,2024,01-2024,25655,1,used,electric,450,612,,,,20.0,,,AWD,SUV/4x4/Pick-Up,5,5,Noir,,,,,dealer,Lotus Antwerp,BE-2250 Kontich,BE,2,https://prod.pictures.autoscout24.net/listing-images/e5c2b8ff-151b-4580-8833-389c57877c24_ffc49d11-8e4c-4bd8-83a4-21ea544a011f.jpg/250x188.webp,2026-08-03T05:44:11.724360,2.83,2
dc8e4519-bce8-4cb2-8fc8-9bf5a07c4d45,https://www.autoscout24.be/fr/offres/dc8e4519-bce8-4cb2-8fc8-9bf5a07c4d45,be,Porsche,macan,,Porsche Macan4S 100 kWh - Off Road Design Pack,89950,,True,2025,09-2025,14800,1,used,electric,73,100,,,,9512.0,,,AWD,SUV/4x4/Pick-Up,5,5,Gris,,,,,dealer,VAMAUTO,BE-8880 Sint-Eloois-Winkel,BE,2,https://prod.pictures.autoscout24.net/listing-images/dc8e4519-bce8-4cb2-8fc8-9bf5a07c4d45_1b674724-0e17-42d2-86b0-4769cb1f7535.jpg/250x188.webp,2026-08-03T05:44:11.724423,6.08,1
0bc55548-a927-4c42-886e-03c87423a371,https://www.autoscout24.be/fr/offres/0bc55548-a927-4c42-886e-03c87423a371,be,Porsche,macan,,Porsche Macan4 EV 100kwh,79900,,True,2025,01-2025,29554,1,used,electric,73,100,,Euro 6,,6.0,,,AWD,SUV/4x4/Pick-Up,5,5,Argent,,,,,dealer,COYSMAN MOTORS,BE-9041 Oostakker,BE,2,https://prod.pictures.autoscout24.net/listing-images/0bc55548-a927-4c42-886e-03c87423a371_c356193f-1ccb-4f06-9198-6506c04e924d.jpg/250x188.webp,2026-08-03T05:44:11.724433,2.7,1
db8cfb49-b1b1-422e-9df2-60cf85124e1c,https://www.autoscout24.be/fr/offres/db8cfb49-b1b1-422e-9df2-60cf85124e1c,be,Audi,sq6 e-tron,,Audi SQ6 e-trone-tron Audi SQ6 E-tron 100kwh 490pk / Pano /,76900,,True,2024,10-2024,25850,1,used,electric,100,136,,Euro 5,,5.0,,,AWD,SUV/4x4/Pick-Up,5,5,Gris,,,,,dealer,Garage De Mey VW - AUDI,BE-9990 Maldegem,BE,2,https://prod.pictures.autoscout24.net/listing-images/db8cfb49-b1b1-422e-9df2-60cf85124e1c_c7fa0ba0-ce27-457a-b1a6-086b837533f6.jpg/250x188.webp,2026-08-03T05:44:11.724459,2.97,2
75953d38-3e86-4831-be27-e7f1a65c84bd,https://www.autoscout24.be/fr/offres/75953d38-3e86-4831-be27-e7f1a65c84bd,be,Porsche,taycan,,Porsche Taycan93.4 kWh Coupé - Pano,65950,,True,2024,03-2024,27500,1,used,electric,205,280,,,,9407.0,,,Arrière,Berline,4,5,Noir,,,,,dealer,VAMAUTO,BE-8880 Sint-Eloois-Winkel,BE,2,https://prod.pictures.autoscout24.net/listing-images/75953d38-3e86-4831-be27-e7f1a65c84bd_9fcb2352-ce53-4939-a374-7dddd74094d5.jpg/250x188.webp,2026-08-03T05:44:11.724469,2.4,2
d3aa2a30-cc05-4f6d-9a65-59b36f938557,https://www.autoscout24.be/fr/offres/d3aa2a30-cc05-4f6d-9a65-59b36f938557,be,BMW,x5,,BMW X5xDrive45e - M Sport- Laser - ACC - HUD - Pano -,47995,,True,2021,11-2021,112287,,used,hybrid,213,290,2998,Euro 6e,,6.0,,,AWD,SUV/4x4/Pick-Up,5,5,Noir,,,,,dealer,V-Motors Bvba,BE-2870 Puurs,BE,2,https://prod.pictures.autoscout24.net/listing-images/d3aa2a30-cc05-4f6d-9a65-59b36f938557_2a5e5c2d-2d90-4b53-bda5-13eb2b60f040.jpg/250x188.webp,2026-08-03T05:44:11.724478,0.43,5
8fd8db4d-4bb2-491a-a4c1-2713ce0cde24,https://www.autoscout24.be/fr/offres/8fd8db4d-4bb2-491a-a4c1-2713ce0cde24,be,Tesla,model s,,Tesla Model S75D Dual Motor | 525 CH | PANO | AUTOPILOT |,23990,,True,2018,03-2018,117000,,used,electric,386,525,,,,20.0,,,AWD,Berline,5,5,Argent,,,,,dealer,Auto Selection Fosses,BE-5070 Sart-Eustache (Fosse-la-Ville),BE,2,https://prod.pictures.autoscout24.net/listing-images/8fd8db4d-4bb2-491a-a4c1-2713ce0cde24_ef9a05be-9910-4301-866b-635c18fc3137.jpg/250x188.webp,2026-08-03T05:44:11.724486,0.21,8
10dd60b9-d41a-4990-bd15-95dd61a7375b,https://www.autoscout24.be/fr/offres/10dd60b9-d41a-4990-bd15-95dd61a7375b,be,BMW,530,,"BMW 530E hybrid M-performance! Stage 1, Hud, Memory!",26900,,True,2019,03-2019,120000,2,used,hybrid,257,349,1998,Euro 6d,,6.0,,,Arrière,Berline,4,5,Gris,,,,,dealer,B-Premiumcars,BE-3970 Leopoldsburg,BE,2,https://prod.pictures.autoscout24.net/listing-images/10dd60b9-d41a-4990-bd15-95dd61a7375b_5466cb2a-28f7-469d-bb98-e9ddb925ec5e.jpg/250x188.webp,2026-08-03T05:44:11.724493,0.22,7
fb81bab7-5fb1-47b5-ab54-643b3df2bf77,https://www.autoscout24.be/fr/offres/fb81bab7-5fb1-47b5-ab54-643b3df2bf77,be,Mercedes-Benz,glb 200,,Mercedes-Benz GLB 200D 4MATIC AMG Pack Night attelage,34890,,True,2021,10-2021,75829,,used,diesel,110,149,1950,Euro 6,,6.0,,,AWD,SUV/4x4/Pick-Up,5,5,Noir,,,,,dealer,SAGA Drogenbos,BE-1620 Drogenbos,BE,2,https://prod.pictures.autoscout24.net/listing-images/fb81bab7-5fb1-47b5-ab54-643b3df2bf77_1fc9d4d1-6312-4c63-9a9e-9fffef1fd18a.jpg/250x188.webp,2026-08-03T05:44:11.724501,0.46,5
44fe711b-aefd-4e37-8093-07366ad3d815,https://www.autoscout24.be/fr/offres/44fe711b-aefd-4e37-8093-07366ad3d815,be,BMW,420,,BMW 420VERKOCHT / SOLD,36950,,True,2022,09-2022,57123,2,used,petrol,99,135,1998,Euro 6d,,6.0,,,Arrière,Coupé,2,4,Brooklyn Grau,,,,,dealer,LN Motors,BE-9900 Eeklo,BE,2,https://prod.pictures.autoscout24.net/listing-images/44fe711b-aefd-4e37-8093-07366ad3d815_58e2097c-c866-40b2-a886-7c3d15811857.jpg/250x188.webp,2026-08-03T05:44:11.724509,0.65,4
ae85e9a2-0cb3-448a-9d51-1eabc84e52d0,https://www.autoscout24.be/fr/offres/ae85e9a2-0cb3-448a-9d51-1eabc84e52d0,be,BMW,740,,BMW 740 dXAS MHEV M-SPORT*GPS*HUD*LED*PANODAK*360°CAM,78900,,True,2023,02-2023,52000,1,used,diesel,161,220,2993,Euro 6e,,6.0,,,AWD,Berline,4,5,Noir,,,,,dealer,Car Company BV,BE-8830 Gits (Hooglede),BE,2,https://prod.pictures.autoscout24.net/listing-images/ae85e9a2-0cb3-448a-9d51-1eabc84e52d0_4cf35539-00fb-44bb-bebd-ed0a0cd75884.jpg/250x188.webp,2026-08-03T05:44:11.724517,1.52,3
be92a894-b873-492f-8d0b-856598b9b02d,https://www.autoscout24.be/fr/offres/be92a894-b873-492f-8d0b-856598b9b02d,be,Land Rover,range rover sport,,Land Rover Range Rover Sport5.0 V8 P575,84900,,True,2023,01-2023,40536,1,used,petrol,423,575,5000,Euro 6d,,6.0,,,AWD,SUV/4x4/Pick-Up,5,5,Argent,,,,,dealer,VDJ AUTOMOTIVE,BE-2280 Grobbendonk,BE,2,https://prod.pictures.autoscout24.net/listing-images/be92a894-b873-492f-8d0b-856598b9b02d_a1de6b03-8e8a-4612-976d-14d2c8a9ad87.jpg/250x188.webp,2026-08-03T05:44:11.724525,2.09,3
7904da23-1aca-4175-b3fa-4af9803b17a1,https://www.autoscout24.be/fr/offres/7904da23-1aca-4175-b3fa-4af9803b17a1,be,Audi,q5,,Audi Q5Q5 45 TFSi Quattro S-Line S tronic (EU6d-T)*PANO,27999,,True,2020,05-2020,86263,1,used,petrol,180,244,1984,Euro 6d,,6.0,,,AWD,SUV/4x4/Pick-Up,5,5,Noir,,,,,dealer,bvba Expo Cars,BE-8800 Roeselare (Kortrijk-Brugge),BE,2,https://prod.pictures.autoscout24.net/listing-images/7904da23-1aca-4175-b3fa-4af9803b17a1_41548f2a-3edc-43ab-a0bf-28780b74e8ef.jpg/250x188.webp,2026-08-03T05:44:11.724533,0.32,6
21abc3ad-cc8c-4270-9979-c8bd54654c35,https://www.autoscout24.be/fr/offres/21abc3ad-cc8c-4270-9979-c8bd54654c35,be,Mercedes-Benz,v 300,,Mercedes-Benz V 300L2 AMG Line Exclusive Dubbel Cabine Full,87900,,True,2025,08-2025,9900,1,used,diesel,174,236,1950,Euro 6e,,6.0,,,Arrière,Monospace,5,5,Gris,,,,,dealer,Q-Auto bvba,BE-8970 Poperinge,BE,2,https://prod.pictures.autoscout24.net/listing-images/21abc3ad-cc8c-4270-9979-c8bd54654c35_618d3dee-bf26-4f43-8a2b-a9c20fc5901d.jpg/250x188.webp,2026-08-03T05:44:11.724540,8.88,1
54a384b7-2e01-4ea0-988f-1e8d72273405,https://www.autoscout24.be/fr/offres/54a384b7-2e01-4ea0-988f-1e8d72273405,be,BMW,318,,BMW 318🔺Bmw G20*look m performance*xenon*boite auto*🔺,23900,,True,2020,12-2020,52000,1,used,diesel,100,136,1995,Euro 6d,,6.0,,,Avant,Berline,5,5,Noir,,,,,dealer,LX Cars,BE-4910 Polleur,BE,2,https://prod.pictures.autoscout24.net/listing-images/54a384b7-2e01-4ea0-988f-1e8d72273405_28c8dc8c-6672-4637-a67d-58de444fd359.jpg/250x188.webp,2026-08-03T05:44:11.724548,0.46,6
12dbd3c8-7cfb-4ceb-8d7b-e58fde32401b,https://www.autoscout24.be/fr/offres/12dbd3c8-7cfb-4ceb-8d7b-e58fde32401b,be,Audi,a5,,Audi A5Sportback 35 TFSI S Line  S tronic - GARANTIE 12MOIS,33490,,True,2022,09-2022,40000,2,used,petrol,110,149,1984,Euro 6d,,6.0,,,Avant,Berline,5,4,Noir,,,,,dealer,A.B Cars,BE-7033 Mons,BE,2,https://prod.pictures.autoscout24.net/listing-images/12dbd3c8-7cfb-4ceb-8d7b-e58fde32401b_fbebb209-c866-4a05-967b-167cfcd8c957.jpg/250x188.webp,2026-08-03T05:44:11.724555,0.84,4
aa7bf5f3-d87a-40e4-9be7-040255cff439,https://www.autoscout24.be/fr/offres/aa7bf5f3-d87a-40e4-9be7-040255cff439,be,Mercedes-Benz,g 350,,Mercedes-Benz G 350G 350 d Professional,65900,,True,2018,05-2018,167273,2,used,diesel,132,180,2987,Euro 6b,,6.0,,,AWD,SUV/4x4/Pick-Up,5,5,Noir,,,,,dealer,LBoss CarSelect bvba,BE-3650 Dilsen-Stokkem,BE,2,https://prod.pictures.autoscout24.net/listing-images/aa7bf5f3-d87a-40e4-9be7-040255cff439_d5a91662-38ef-4c4d-886a-ff5616572856.jpg/250x188.webp,2026-08-03T05:44:11.724564,0.39,8
0cd1f3d1-0001-4fcb-8d3c-efc6937684fa,https://www.autoscout24.be/fr/offres/0cd1f3d1-0001-4fcb-8d3c-efc6937684fa,be,Maserati,levante,,Maserati Levante3.0 V6 BiTurbo Modena ULTIMA | PANO |,75900,,True,2024,08-2024,28800,1,used,petrol,316,430,2979,Euro 6d,,6.0,,,AWD,SUV/4x4/Pick-Up,5,5,Noir,,,,,dealer,Garage Privé,BE-1300 Wavre,BE,2,https://prod.pictures.autoscout24.net/listing-images/0cd1f3d1-0001-4fcb-8d3c-efc6937684fa_c419ee64-a01a-4d52-b3c0-f0276ebce976.jpg/250x188.webp,2026-08-03T05:44:11.724572,2.64,2
53b5549f-eba4-47bc-889b-38e0f3c8c5eb,https://www.autoscout24.be/fr/offres/53b5549f-eba4-47bc-889b-38e0f3c8c5eb,be,Porsche,taycan,,Porsche Taycan4S Cross Turismo Pano BOSE SportChrono,59990,,True,2021,06-2021,88832,2,used,electric,264,360,,,,9335.0,,,AWD,Break,5,4,Noir,,,,,dealer,Lampe Interesting Cars,BE-8830 Gits,BE,2,https://prod.pictures.autoscout24.net/listing-images/53b5549f-eba4-47bc-889b-38e0f3c8c5eb_b659f64e-a69b-4020-ad39-3c9732469cac.jpg/250x188.webp,2026-08-03T05:44:11.724579,0.68,5
650acd47-66e9-4fb5-bf2e-2e1ceb851f9f,https://www.autoscout24.be/fr/offres/650acd47-66e9-4fb5-bf2e-2e1ceb851f9f,be,Porsche,718,,Porsche 718Boxster Nachtblauw Sportuitlaat PDK Camera,58990,,True,2019,05-2019,36154,,used,petrol,161,220,1988,Euro 6d,,6.0,,,Arrière,Cabriolet,2,2,Bleu,,,,,dealer,Lampe Interesting Cars,BE-8830 Gits,BE,2,https://prod.pictures.autoscout24.net/listing-images/650acd47-66e9-4fb5-bf2e-2e1ceb851f9f_fd98f454-3a8c-44be-87d9-deb37d417d32.jpg/250x188.webp,2026-08-03T05:44:11.724587,1.63,7
c7775f59-57d1-4f7a-bb4c-935a0a42d28b,https://www.autoscout24.be/fr/offres/c7775f59-57d1-4f7a-bb4c-935a0a42d28b,be,Mercedes-Benz,eqs,,Mercedes-Benz EQS450+ - Full Option - Hyperscreen - AMG,54995,,True,2021,11-2021,51944,1,used,electric,180,245,,,,20.0,,,Arrière,Berline,5,5,Blanc,,,,,dealer,V-Motors Bvba,BE-2870 Puurs,BE,2,https://prod.pictures.autoscout24.net/listing-images/c7775f59-57d1-4f7a-bb4c-935a0a42d28b_847ba047-267c-4cd7-aa81-750e53323374.jpg/250x188.webp,2026-08-03T05:44:11.724596,1.06,5
39e56b21-ff2e-4f48-93d9-f936fa6faa31,https://www.autoscout24.be/fr/offres/39e56b21-ff2e-4f48-93d9-f936fa6faa31,be,Mercedes-Benz,amg gt,,Mercedes-Benz AMG GT63 S 4-Matic+⚠️GARANTIE 12 MOIS⚠️BLACK,94990,,True,2020,01-2020,55000,1,used,petrol,470,639,3982,Euro 6d,,6.0,,,AWD,Berline,5,4,Noir,,,,,dealer,TD Cars Srl,BE-7110 Maurage,BE,2,https://prod.pictures.autoscout24.net/listing-images/39e56b21-ff2e-4f48-93d9-f936fa6faa31_0792b8da-2043-4bf9-b524-3cc09d204015.jpg/250x188.webp,2026-08-03T05:44:11.724604,1.73,6
5fb843ce-6323-4aff-a526-4d8517b0434e,https://www.autoscout24.be/fr/offres/5fb843ce-6323-4aff-a526-4d8517b0434e,be,Porsche,macan,,Porsche Macane-Macan 100 kWh | Garantie | Pano | Sport,81990,,True,2025,02-2025,4784,1,used,electric,73,100,,Euro 6,,6.0,,,Arrière,SUV/4x4/Pick-Up,5,5,Noir,,,,,dealer,2DRIVE - 2drivecars.com,BE-3560 Lummen,BE,2,https://prod.pictures.autoscout24.net/listing-images/5fb843ce-6323-4aff-a526-4d8517b0434e_decc0e6d-9504-447e-ae7b-e75b65aa5952.jpg/250x188.webp,2026-08-03T05:44:11.724612,17.14,1
59f5fe1d-b52a-4abf-af15-f4fcf1ff51e0,https://www.autoscout24.be/fr/offres/59f5fe1d-b52a-4abf-af15-f4fcf1ff51e0,be,Porsche,macan,,Porsche MacanMacan 2.0 Turbo PDK| Pano| Luchtvering| Bose,47650,,True,2019,02-2019,66500,,used,petrol,132,180,1984,Euro 6d,,6.0,,,AWD,SUV/4x4/Pick-Up,5,5,Gris,,,,,dealer,Premium Car Company,BE-3920 Lommel,BE,2,https://prod.pictures.autoscout24.net/listing-images/59f5fe1d-b52a-4abf-af15-f4fcf1ff51e0_09ad9726-e187-42fd-a8af-4c8e77b4e6fc.jpg/250x188.webp,2026-08-03T05:44:11.724619,0.72,7
1c2778fb-f052-41fb-8c0c-37cb416a8f3a,https://www.autoscout24.be/fr/offres/1c2778fb-f052-41fb-8c0c-37cb416a8f3a,be,Mercedes-Benz,v 250,,"Mercedes-Benz V 250d Avantgarde, GPS, Camera de recul,",36950,,True,2018,09-2018,118000,1,used,diesel,102,140,2143,Euro 6b,,6.0,,,Arrière,Monospace,5,4,Gris,,,,,dealer,CAR PROJECT,BE-7110 Strépy-Bracquegnies,BE,2,https://prod.pictures.autoscout24.net/listing-images/1c2778fb-f052-41fb-8c0c-37cb416a8f3a_6d1f5c82-f4e6-4bcb-bb72-2970c38a3c2f.jpg/250x188.webp,2026-08-03T05:44:11.724627,0.31,8
496b305c-513d-40a9-a8a7-413052fc7f09,https://www.autoscout24.be/fr/offres/496b305c-513d-40a9-a8a7-413052fc7f09,be,Peugeot,2008,,Peugeot 20081 1.2 Puretech 81kW S&S Allure,9799,,True,2019,12-2019,27727,,used,petrol,59,81,1199,,,6.5,,,Boîte manuelle,SUV/4x4/Pick-Up,5,5,Rouge,,,,,dealer,Stellantis&YOU Meiser,BE-1030 Bruxelles,BE,2,https://prod.pictures.autoscout24.net/listing-images/496b305c-513d-40a9-a8a7-413052fc7f09_dcdd67d2-11e6-446a-8b71-a04e3ee6eaaf.jpg/250x188.webp,2026-08-03T05:44:11.724634,0.35,7
b876a8e5-a800-4c27-99a3-ac9c86c74621,https://www.autoscout24.be/fr/offres/b876a8e5-a800-4c27-99a3-ac9c86c74621,be,Mercedes-Benz,v 250,,Mercedes-Benz V 250d,68760,,True,2025,01-2025,20470,1,used,diesel,140,190,1950,Euro 6d,,6.0,,,Arrière,Monospace,5,4,Noir,,,,,dealer,Garage Auto-Elektro Peeters,BE-2390 Westmalle,BE,2,https://prod.pictures.autoscout24.net/listing-images/b876a8e5-a800-4c27-99a3-ac9c86c74621_466ceb9a-644a-4812-9bff-9b3b5eb446a3.jpg/250x188.webp,2026-08-03T05:44:11.724642,3.36,1
6b8aefb0-3803-49d7-8b73-025fcfe9e851,https://www.autoscout24.be/fr/offres/6b8aefb0-3803-49d7-8b73-025fcfe9e851,be,Audi,rs6,,Audi RS6RS6 4.0 V8 TFSI Quattro **MATRIX** REAR WHEEL,79950,,True,2020,08-2020,118000,1,used,petrol,445,605,3993,Euro 6b,,6.0,,,AWD,Break,5,5,Gris,,,,,dealer,LM motors BV,BE-8870 Izegem,BE,2,https://prod.pictures.autoscout24.net/listing-images/6b8aefb0-3803-49d7-8b73-025fcfe9e851_a3ce1a51-0c36-47a2-a9db-e7cebd18ec27.jpg/250x188.webp,2026-08-03T05:44:11.724650,0.68,6
9abd8c5f-a122-41ac-930b-ae78fd9d5610,https://www.autoscout24.be/fr/offres/9abd8c5f-a122-41ac-930b-ae78fd9d5610,be,Mercedes-Benz,x 350,,Mercedes-Benz X 350X 350 d 4Matic Progressive AT,40950,,True,2019,01-2019,91500,1,used,diesel,190,258,2987,Euro 6b,,6.0,,,AWD,SUV/4x4/Pick-Up,4,5,Noir,,,,,dealer,Cardicted BV,BE-2220 Heist-op-den-berg,BE,2,https://prod.pictures.autoscout24.net/listing-images/9abd8c5f-a122-41ac-930b-ae78fd9d5610_1bbf4197-39e5-48bd-b929-7a0d7855ddc1.jpg/250x188.webp,2026-08-03T05:44:11.724658,0.45,7
2432d6c3-ea22-4da2-a3a2-2d47fdf0b11e,https://www.autoscout24.be/fr/offres/2432d6c3-ea22-4da2-a3a2-2d47fdf0b11e,be,Mercedes-Benz,gle 53 amg,,Mercedes-Benz GLE 53 AMGHybrid 4Matic+ Massage Pano,99990,,True,2025,01-2025,58411,1,used,hybrid,400,544,2999,Euro 6e,,6.0,,,AWD,SUV/4x4/Pick-Up,5,5,Noir,,,,,dealer,Lampe Interesting Cars,BE-8830 Gits,BE,2,https://prod.pictures.autoscout24.net/listing-images/2432d6c3-ea22-4da2-a3a2-2d47fdf0b11e_8a6b1c22-96f6-49b8-8731-5545b7f52dfe.jpg/250x188.webp,2026-08-03T05:44:11.724666,1.71,1
4c0bda1e-4974-47dd-8922-66eb666f9500,https://www.autoscout24.be/fr/offres/4c0bda1e-4974-47dd-8922-66eb666f9500,be,Audi,sq8 e-tron,,Audi SQ8 e-tron370kW Black styling pakket Head up Pano,77500,,True,2024,01-2024,33590,1,used,electric,370,503,,,,20.0,,,AWD,SUV/4x4/Pick-Up,5,5,Gris,,,,,dealer,G.T.S.C,BE-8850 Ardooie,BE,2,https://prod.pictures.autoscout24.net/listing-images/4c0bda1e-4974-47dd-8922-66eb666f9500_89359d64-ba98-41c2-9eab-e3bc2d0b7e8a.jpg/250x188.webp,2026-08-03T05:44:11.724674,2.31,2
c56e1f71-5047-4633-bf37-1ac927772ee4,https://www.autoscout24.be/fr/offres/c56e1f71-5047-4633-bf37-1ac927772ee4,be,Mercedes-Benz,eqs,,Mercedes-Benz EQSEQS 350 Star Edition,74980,,True,2026,04-2026,1110,,used,electric,215,292,,,,20.0,,,Arrière,Citadine,4,5,Bleu,,,,,dealer,BYmyCAR Brussels,BE-1200 Bruxelles,BE,2,https://prod.pictures.autoscout24.net/listing-images/c56e1f71-5047-4633-bf37-1ac927772ee4_fc134887-ed45-452f-b373-94daae8a9741.jpg/250x188.webp,2026-08-03T05:44:11.724682,67.55,0
ef7019d6-7d0b-42b1-a451-a4105acdb440,https://www.autoscout24.be/fr/offres/ef7019d6-7d0b-42b1-a451-a4105acdb440,be,Mercedes-Benz,glc 200,,Mercedes-Benz GLC 200GLC d Business Solution PANO | LEDER |,32845,,True,2021,04-2021,49044,,used,diesel,120,163,2000,,,2154.0,,,Arrière,SUV/4x4/Pick-Up,5,5,Gris,,,,,dealer,,BE-9160 Lokeren,BE,1,https://prod.pictures.autoscout24.net/listing-images/ef7019d6-7d0b-42b1-a451-a4105acdb440_4f911890-bf98-4f78-ba57-e8f9e5a9d2c9.jpg/250x188.webp,2026-08-03T05:44:11.724689,0.67,5
d4712316-a763-40ad-9398-80511aa0745d,https://www.autoscout24.be/fr/offres/d4712316-a763-40ad-9398-80511aa0745d,be,Audi,sq5,,Audi SQ5SQ5 Sportback 3.0TDi V6 Quattro MATRIX,41990,,True,2022,03-2022,125000,1,used,diesel,184,251,2967,Euro 6d,,6.0,,,AWD,SUV/4x4/Pick-Up,5,5,Gris,,,,,dealer,VOITO Premium Cars,BE-8791 Waregem,BE,2,https://prod.pictures.autoscout24.net/listing-images/d4712316-a763-40ad-9398-80511aa0745d_563be7f6-c6ff-4a19-9197-048bbfa90aa4.jpg/250x188.webp,2026-08-03T05:44:11.724697,0.34,4
c362ffcd-5764-4019-a9be-1fa1476b4149,https://www.autoscout24.be/fr/offres/c362ffcd-5764-4019-a9be-1fa1476b4149,be,BMW,x5,,BMW X545e X-Drive - M-SPORT/ ADAPTIVE/ HEAD UP/ LED/,44500,,True,2020,09-2020,113000,1,used,hybrid,154,210,2998,Euro 6d,,6.0,,,AWD,SUV/4x4/Pick-Up,4,5,Noir,,,,,dealer,VD AUTO bv,BE-3920 Lommel,BE,2,https://prod.pictures.autoscout24.net/listing-images/c362ffcd-5764-4019-a9be-1fa1476b4149_1768329b-0e77-4797-8532-5f35ed3447f4.jpg/250x188.webp,2026-08-03T05:44:11.724704,0.39,6
8631fc3c-109c-40ce-81c5-f1761b66c6c6,https://www.autoscout24.be/fr/offres/8631fc3c-109c-40ce-81c5-f1761b66c6c6,be,Skoda,kamiq,,Skoda KamiqKamiq 1.0 TSI Style*CAMERA*38.000KM*GARANRIE12M,15999,,True,2022,03-2022,38000,1,used,petrol,81,110,999,Euro 6d,,6.0,,,Boîte manuelle,SUV/4x4/Pick-Up,5,5,Noir,,,,,dealer,Auto Aria,BE-1332 Genval,BE,2,https://prod.pictures.autoscout24.net/listing-images/8631fc3c-109c-40ce-81c5-f1761b66c6c6_7021860a-a7af-48b0-9183-ba3cf3c7ae55.jpg/250x188.webp,2026-08-03T05:44:11.724712,0.42,4
e1824fbf-5c19-414d-81d4-96d2be1db11b,https://www.autoscout24.be/fr/offres/e1824fbf-5c19-414d-81d4-96d2be1db11b,be,BMW,520,,BMW 520iA Sport Line,27950,,True,2020,09-2020,50000,2,used,petrol,135,183,1998,Euro 6d,,6.0,,,Boîte automatique,Berline,4,5,Blanc,,,,,dealer,Auto's - Lee,BE-9790 Ooike (Wortegem-Petegem),BE,2,https://prod.pictures.autoscout24.net/listing-images/e1824fbf-5c19-414d-81d4-96d2be1db11b_355ce7f2-6ff7-44fd-b857-e5e36dac4852.jpg/250x188.webp,2026-08-03T05:44:11.724719,0.56,6
5e121736-6ef5-47bf-8c15-2991ff1f89c7,https://www.autoscout24.be/fr/offres/5e121736-6ef5-47bf-8c15-2991ff1f89c7,be,Mercedes-Benz,e 63 amg,,Mercedes-Benz E 63 AMGS 4MATIC+ / Selenite Grey / PPF / Top,77950,,True,2022,07-2022,26500,,used,petrol,450,612,3982,Euro 6b,,6.0,automatic,,AWD,Break,5,5,Gris,,,,,dealer,ElsenBergen Car Collection,BE-3200 Aarschot,BE,2,https://prod.pictures.autoscout24.net/listing-images/5e121736-6ef5-47bf-8c15-2991ff1f89c7_4b4ded77-f43e-4422-973d-9152160109e1.jpg/250x188.webp,2026-08-03T05:44:11.724727,2.94,4
f865c42e-0acb-426f-8696-74368f9593f2,https://www.autoscout24.be/fr/offres/f865c42e-0acb-426f-8696-74368f9593f2,be,BMW,x3,,BMW X3X3 PHEV 2.0iAS xDrive30e OPF,30900,,True,2021,09-2021,79000,1,used,hybrid,120,163,1998,Euro 6d,,6.0,,,AWD,SUV/4x4/Pick-Up,5,5,Gris,,,,,dealer,MDV CARS,BE-1730 Asse,BE,2,https://prod.pictures.autoscout24.net/listing-images/f865c42e-0acb-426f-8696-74368f9593f2_5541eb87-367a-4854-ac4a-158f62af0ca4.jpg/250x188.webp,2026-08-03T05:44:11.724735,0.39,5
5dfbebde-8766-40d0-a0e8-bcd8bcca3140,https://www.autoscout24.be/fr/offres/5dfbebde-8766-40d0-a0e8-bcd8bcca3140,be,Porsche,718,,Porsche 718Cayman * Style Edition * PDK * Carbone * Chrono,76900,,True,2024,08-2024,28612,2,used,petrol,161,220,1988,Euro 6d,,6.0,,,Arrière,Coupé,2,2,Gris,,,,,dealer,Deman Brussels,BE-1160 Bruxelles,BE,2,https://prod.pictures.autoscout24.net/listing-images/5dfbebde-8766-40d0-a0e8-bcd8bcca3140_62065101-a307-45c7-89dd-29ea48a8d244.jpg/250x188.webp,2026-08-03T05:44:11.724743,2.69,2
a4658c36-7585-4863-bbbc-e18a9c9aa29d,https://www.autoscout24.be/fr/offres/a4658c36-7585-4863-bbbc-e18a9c9aa29d,be,BMW,520,,BMW 520PHEV*M SPORT,27550,,True,2022,01-2022,127350,1,used,hybrid,135,183,1998,Euro 6d,,6.0,,,Arrière,Break,5,5,Noir,,,,,dealer,Cardicted BV,BE-2220 Heist-op-den-berg,BE,2,https://prod.pictures.autoscout24.net/listing-images/a4658c36-7585-4863-bbbc-e18a9c9aa29d_8680be13-857a-4a10-a180-4df5501d4325.jpg/250x188.webp,2026-08-03T05:44:11.724751,0.22,4
e3d98ab3-070f-4642-9eac-05a0ed5e1cde,https://www.autoscout24.be/fr/offres/e3d98ab3-070f-4642-9eac-05a0ed5e1cde,be,Volkswagen,golf gti,,Volkswagen Golf GTIGolf 2.0 TSI TCR OPF DSG,28995,,True,2019,06-2019,80749,2,used,petrol,213,289,1984,Euro 6d,,6.0,,,Avant,Berline,5,5,Rouge,,,,,dealer,L-Cars,BE-9280 Lebbeke,BE,2,https://prod.pictures.autoscout24.net/listing-images/e3d98ab3-070f-4642-9eac-05a0ed5e1cde_4e3644ce-1d56-415e-9ec0-3ab4451eecbd.jpg/250x188.webp,2026-08-03T05:44:11.724759,0.36,7
4f5650db-363d-44fe-a1e9-4a213423bfe9,https://www.autoscout24.be/fr/offres/4f5650db-363d-44fe-a1e9-4a213423bfe9,be,Mercedes-Benz,s 350,,Mercedes-Benz S 350d L AMG! ULTRA FULL options! Chauffeur,49900,,True,2018,03-2018,99000,1,used,diesel,154,210,2925,Euro 6c,,6.0,,,AWD,Berline,4,5,Noir,,,,,dealer,B-Premiumcars,BE-3970 Leopoldsburg,BE,2,https://prod.pictures.autoscout24.net/listing-images/4f5650db-363d-44fe-a1e9-4a213423bfe9_18b2e021-e0a3-40d4-87a7-a1915ef551fb.jpg/250x188.webp,2026-08-03T05:44:11.724767,0.5,8
4933787d-0435-4433-be3a-b7ad71fcd03c,https://www.autoscout24.be/fr/offres/4933787d-0435-4433-be3a-b7ad71fcd03c,be,Audi,e-tron,,Audi e-tron55 Quattro S-Line Florett Zilver - Garantie,41995,,True,2023,02-2023,55000,1,used,electric,300,408,,,,20.0,,,AWD,SUV/4x4/Pick-Up,5,5,Argent,,,,,dealer,Autofest Bv,BE-8020 Oostkamp,BE,2,https://prod.pictures.autoscout24.net/listing-images/4933787d-0435-4433-be3a-b7ad71fcd03c_05917595-c259-40e5-838e-47c553009f18.jpg/250x188.webp,2026-08-03T05:44:11.724776,0.76,3
92b4694c-7ad1-4029-a905-ea8fa2809462,https://www.autoscout24.be/fr/offres/92b4694c-7ad1-4029-a905-ea8fa2809462,be,Audi,rs5,,Audi RS5Sportback 2.9 V6 TFSI Quattro Tiptronic  / Matrix /,67900,,True,2023,06-2023,19500,1,used,petrol,331,450,2894,Euro 6d,,6.0,,,AWD,Berline,5,5,Noir,,,,,dealer,Amotors,BE-8730 Beernem,BE,2,https://prod.pictures.autoscout24.net/listing-images/92b4694c-7ad1-4029-a905-ea8fa2809462_8d65dffe-fa9e-4a8c-a0af-2123817b3cd0.jpg/250x188.webp,2026-08-03T05:44:11.724784,3.48,3
ef6af96a-9a0c-478b-bb02-240020280ef5,https://www.autoscout24.be/fr/offres/ef6af96a-9a0c-478b-bb02-240020280ef5,be,Mercedes-Benz,gls 400,,Mercedes-Benz GLS 400D 4MATIC 9G-TRONIC AMG LINE ***7 SEATS,86950,,True,2023,03-2023,47000,1,used,diesel,243,330,2925,Euro 6d,,6.0,,,AWD,SUV/4x4/Pick-Up,5,7,Obsidiaanzwart,,,,,dealer,XOTO,BE-8490 Varsenare,BE,2,https://prod.pictures.autoscout24.net/listing-images/ef6af96a-9a0c-478b-bb02-240020280ef5_92dac3af-a05a-4f18-a665-edad10447aa5.jpg/250x188.webp,2026-08-03T05:44:11.724792,1.85,3
c9ea752e-001f-45a2-af8c-326775dee9de,https://www.autoscout24.be/fr/offres/c9ea752e-001f-45a2-af8c-326775dee9de,be,Audi,e-tron,,Audi e-tronE-Tron 50 Sportback Quattro S line -PANO,37999,,True,2021,12-2021,39081,1,used,electric,230,312,,,,350.0,,,AWD,SUV/4x4/Pick-Up,5,5,Gris,,,,,dealer,Roys Cars,BE-2200 Herentals,BE,2,https://prod.pictures.autoscout24.net/listing-images/c9ea752e-001f-45a2-af8c-326775dee9de_f686d33b-606c-449a-acd6-2b7bf4b9b628.jpg/250x188.webp,2026-08-03T05:44:11.724800,0.97,5
966bfb4d-efb3-4a95-9403-f6c63e714386,https://www.autoscout24.be/fr/offres/966bfb4d-efb3-4a95-9403-f6c63e714386,be,Lotus,evora,,Lotus EvoraGT410 2+2 LHD 2020 - Metallic Dark Grey - 21% VAT,85900,,True,2020,05-2020,16310,1,used,petrol,306,416,3456,Euro 6,,6.0,,,Arrière,Coupé,2,4,Gris,,,,,dealer,House of Cars S.A.,BE-1332 Genval,BE,2,https://prod.pictures.autoscout24.net/listing-images/966bfb4d-efb3-4a95-9403-f6c63e714386_e42aafbf-e6ea-4999-bd93-826e2c2fdac0.jpg/250x188.webp,2026-08-03T05:44:11.724810,5.27,6
523e710a-1206-479f-82fa-188cc718aa38,https://www.autoscout24.be/fr/offres/523e710a-1206-479f-82fa-188cc718aa38,be,Mercedes-Benz,c 200,,Mercedes-Benz C 200Pack AMG C 43 Toit Ouvrant Pano. Cockpit,27990,,True,2019,12-2019,72000,1,used,diesel,110,149,,Euro 6d-TEMP,,6.0,,,Arrière,Berline,4,5,Noir,,,,,dealer,Gen Auto SRL,BE-4000 Liège,BE,2,https://prod.pictures.autoscout24.net/listing-images/523e710a-1206-479f-82fa-188cc718aa38_644f4bfb-b09f-4987-9b99-ed812dd74539.jpg/250x188.webp,2026-08-03T05:44:11.724826,0.39,7
cc1a173b-5923-496d-97bb-8003332378fe,https://www.autoscout24.be/fr/offres/cc1a173b-5923-496d-97bb-8003332378fe,be,Audi,a3,,Audi A3Audi A3 Berline S line 30 TFSI  81(110) kW(ch) S,34950,,True,2025,06-2025,21,1,new,petrol,81,110,999,Euro 6d,,6.0,,,Avant,Berline,4,5,Gris,,,,,dealer,Groupe Michaël Mazuin,BE-5070 Fosses-la-Ville,BE,2,https://prod.pictures.autoscout24.net/listing-images/cc1a173b-5923-496d-97bb-8003332378fe_bf4265ff-c2ad-4712-bc71-ce4e41c09f57.jpg/250x188.webp,2026-08-03T05:44:11.724834,1664.29,1
2fcbc3e4-a684-46f2-98b4-5d5d4bde10d2,https://www.autoscout24.be/fr/offres/2fcbc3e4-a684-46f2-98b4-5d5d4bde10d2,be,Porsche,cayenne,,Porsche CayenneCayenne 3.0 Turbo V6 Tiptronic S*NIGHT,49990,,True,2020,06-2020,128634,1,used,petrol,183,250,2995,Euro 6d,,6.0,automatic,,AWD,SUV/4x4/Pick-Up,5,5,Blanc,,,,,dealer,bvba Expo Cars,BE-8800 Roeselare (Kortrijk-Brugge),BE,2,https://prod.pictures.autoscout24.net/listing-images/2fcbc3e4-a684-46f2-98b4-5d5d4bde10d2_7ae33061-2ae4-47a1-bf8f-dfa5d89b1671.jpg/250x188.webp,2026-08-03T05:44:11.724841,0.39,6
55ab6bf4-85d0-4f2b-a10c-9434d9dcef10,https://www.autoscout24.be/fr/offres/55ab6bf4-85d0-4f2b-a10c-9434d9dcef10,be,Audi,a6,,Audi A6Avant 35 TDI MHEV 3x S-Line Night Edition MATRIX,37950,,True,2022,08-2022,80000,1,used,diesel,120,163,1968,Euro 6d,,6.0,,,Avant,Break,5,5,Gris,,,,,dealer,AUTO PRESTIGE SRL,BE-5060 Falisolle,BE,2,https://prod.pictures.autoscout24.net/listing-images/55ab6bf4-85d0-4f2b-a10c-9434d9dcef10_d577e6ec-97a3-40df-9166-08e78d45f4a2.jpg/250x188.webp,2026-08-03T05:44:11.724849,0.47,4
6bb6ab12-8275-41a6-8b53-5493f2096a6e,https://www.autoscout24.be/fr/offres/6bb6ab12-8275-41a6-8b53-5493f2096a6e,be,Ineos,grenadier,,Ineos Grenadier*TVA-21%-VAT*UTILITAIRE,67990,,True,2024,09-2024,22000,1,used,diesel,134,183,2993,Euro 6d,,6.0,,,AWD,SUV/4x4/Pick-Up,5,5,Gris,,,,,dealer,Faubourg Cars,BE-1410 Waterloo,BE,2,https://prod.pictures.autoscout24.net/listing-images/6bb6ab12-8275-41a6-8b53-5493f2096a6e_2839f004-75de-4028-950d-0f717ba789a7.jpg/250x188.webp,2026-08-03T05:44:11.724857,3.09,2
cd61017a-42d4-4fac-b49b-ff9c28e69dc4,https://www.autoscout24.be/fr/offres/cd61017a-42d4-4fac-b49b-ff9c28e69dc4,be,BMW,m4,,BMW M4COMPETITION-CARBONE-LASER-HARMAN KARDON-EXHAUST,69900,,True,2021,10-2021,49000,1,used,petrol,375,510,2993,Euro 6d-TEMP,,6.0,,,Arrière,Coupé,2,4,Gris,,,,,dealer,BCS Franzese SPRL,BE-7390 Quaregnon,BE,2,https://prod.pictures.autoscout24.net/listing-images/cd61017a-42d4-4fac-b49b-ff9c28e69dc4_d5222552-5a1c-4f3b-93a8-7d45575e68e5.jpg/250x188.webp,2026-08-03T05:44:11.724864,1.43,5
e8eba8bd-985e-423f-bbc9-d199e1f540ba,https://www.autoscout24.be/fr/offres/e8eba8bd-985e-423f-bbc9-d199e1f540ba,be,Mercedes-Benz,glc 200,,Mercedes-Benz GLC 200d 4-MATIC COUPE|AMG,43500,,True,2023,06-2023,40608,2,used,diesel,120,163,1950,Euro 6d,,6.0,,,AWD,SUV/4x4/Pick-Up,5,5,Beige,,,,,dealer,Carrure BV,BE-8900 Ieper,BE,2,https://prod.pictures.autoscout24.net/listing-images/e8eba8bd-985e-423f-bbc9-d199e1f540ba_c067712a-2a36-412d-9728-d486df97a708.jpg/250x188.webp,2026-08-03T05:44:11.724873,1.07,3
41491c1a-4982-4354-ae07-41376cc2c133,https://www.autoscout24.be/fr/offres/41491c1a-4982-4354-ae07-41376cc2c133,be,Volkswagen,golf gti,,Volkswagen Golf GTI2.0 TSI Clubsport OPF H&K,32995,,True,2023,08-2023,42075,2,used,petrol,221,300,1984,Euro 6d,,6.0,,,Avant,Berline,5,5,Noir,,,,,dealer,L-Cars,BE-9280 Lebbeke,BE,2,https://prod.pictures.autoscout24.net/listing-images/41491c1a-4982-4354-ae07-41376cc2c133_dcbdcdcd-971e-4dad-b218-bc25f784b5e9.jpg/250x188.webp,2026-08-03T05:44:11.724881,0.78,3
120f564e-72d6-4a18-89cc-ffdd4e24091b,https://www.autoscout24.be/fr/offres/120f564e-72d6-4a18-89cc-ffdd4e24091b,be,Porsche,taycan,,"Porsche TaycanSport Turismo FACELIFT | 21"" | Panodak |",87900,,True,2024,12-2024,27449,1,used,electric,235,320,,,,600.0,,,Arrière,Break,5,5,Noir,,,,,dealer,Speedforce,BE-2180 Ekeren (Antwerpen),BE,2,https://prod.pictures.autoscout24.net/listing-images/120f564e-72d6-4a18-89cc-ffdd4e24091b_a7d385d4-5370-45f6-a75a-93cf54a2245f.jpg/250x188.webp,2026-08-03T05:44:11.724889,3.2,2
82d1b644-8738-4371-b8b1-45ccaed62d57,https://www.autoscout24.be/fr/offres/82d1b644-8738-4371-b8b1-45ccaed62d57,be,Audi,sq7,,Audi SQ74.0 TFSi V8 QUATTRO TIPTRONIC *** GOODWOOD GREEN,57950,,True,2021,05-2021,123810,1,used,petrol,373,507,3996,Euro 6d,,6.0,,,AWD,SUV/4x4/Pick-Up,5,5,Vert,,,,,dealer,XOTO,BE-8490 Varsenare,BE,2,https://prod.pictures.autoscout24.net/listing-images/82d1b644-8738-4371-b8b1-45ccaed62d57_165a53de-2311-4504-ba61-307679f643c3.jpg/250x188.webp,2026-08-03T05:44:11.724896,0.47,5
c2294b6b-84d0-456f-ba9d-f52c268fcbae,https://www.autoscout24.be/fr/offres/c2294b6b-84d0-456f-ba9d-f52c268fcbae,be,Audi,a5,,Audi A5Avant 2.0 TFSI Avant S tronic S line Plus,43900,,True,2025,05-2025,12000,,used,petrol,150,204,1984,Euro 6e,,6.0,,,Avant,Break,5,5,Blanc,,,,,dealer,Autobedrijf NVD,BE-9100 Sint-Niklaas,BE,2,https://prod.pictures.autoscout24.net/listing-images/c2294b6b-84d0-456f-ba9d-f52c268fcbae_3015fdf8-5707-4311-924f-adc62788e5b5.jpg/250x188.webp,2026-08-03T05:44:11.724904,3.66,1
13c2d9a3-a6fe-410c-89c9-e77ae3ec325c,https://www.autoscout24.be/fr/offres/13c2d9a3-a6fe-410c-89c9-e77ae3ec325c,be,BMW,ix,,BMW iX76.6 kWh xDrive40 Swarovski,40950,,True,2022,05-2022,63000,1,used,electric,240,326,,Euro 6,,6.0,,,AWD,SUV/4x4/Pick-Up,5,5,Noir,,,,,dealer,AZ Motors,BE-2390 Malle,BE,2,https://prod.pictures.autoscout24.net/listing-images/13c2d9a3-a6fe-410c-89c9-e77ae3ec325c_a54e6567-9895-4364-b5e2-c50b1225d4ea.jpg/250x188.webp,2026-08-03T05:44:11.724912,0.65,4
f0265a96-dd97-4280-a026-747971b240e8,https://www.autoscout24.be/fr/offres/f0265a96-dd97-4280-a026-747971b240e8,be,Hyundai,bayon,,Hyundai BAYONBayon 1.0 T-GDi Twist DCT,14999,,True,2022,04-2022,56000,1,used,petrol,73,99,998,Euro 6d,,6.0,automatic,,Boîte automatique,SUV/4x4/Pick-Up,5,5,Vert,,,,,dealer,Auto Aria,BE-1332 Genval,BE,2,https://prod.pictures.autoscout24.net/listing-images/f0265a96-dd97-4280-a026-747971b240e8_1e5cc0c3-b7d2-42ef-a0f9-5a4cfe3948b3.jpg/250x188.webp,2026-08-03T05:44:11.724921,0.27,4
0c4e3a69-b72c-4992-a778-755b982be8ec,https://www.autoscout24.be/fr/offres/0c4e3a69-b72c-4992-a778-755b982be8ec,be,BMW,x2,,BMW X2X2 1.5 dA sDrive16 (EU6AP) Black Edition,16250,,True,2020,12-2020,110106,,used,diesel,85,115,1496,Euro 6d,,6.0,,,Boîte automatique,SUV/4x4/Pick-Up,5,5,Noir,,,,,dealer,PGN bvba,BE-9860 Oosterzele,BE,2,https://prod.pictures.autoscout24.net/listing-images/0c4e3a69-b72c-4992-a778-755b982be8ec_064be9c2-14d4-42ae-ab66-5bbc0e908a08.jpg/250x188.webp,2026-08-03T05:44:11.724928,0.15,6
b8fe333c-ac4e-4fe3-a19d-f7e0167238ba,https://www.autoscout24.be/fr/offres/b8fe333c-ac4e-4fe3-a19d-f7e0167238ba,be,Land Rover,range rover velar,,Land Rover Range Rover VelarNAVI | CARPLAY | PANO,32990,,True,2020,09-2020,89833,1,used,petrol,184,250,1997,Euro 6,,6.0,,,AWD,SUV/4x4/Pick-Up,5,5,Noir,,,,,dealer,Checked By Vanhulle Izegem,BE-8870 Izegem,BE,2,https://prod.pictures.autoscout24.net/listing-images/b8fe333c-ac4e-4fe3-a19d-f7e0167238ba_6bb39ed0-e261-4b0e-97ce-01cf54fc7b03.jpg/250x188.webp,2026-08-03T05:44:11.724936,0.37,6
88a70596-4261-4dde-8d7b-47bd05c38112,https://www.autoscout24.be/fr/offres/88a70596-4261-4dde-8d7b-47bd05c38112,be,Skoda,kamiq,,Skoda Kamiq1.5 TSI Monte Carlo DSG Nardo Black Edition,22950,,True,2021,01-2021,45000,1,used,petrol,110,149,1498,Euro 6d,,6.0,,,Avant,SUV/4x4/Pick-Up,5,5,Gris,,,,,dealer,AUTO PRESTIGE SRL,BE-5060 Falisolle,BE,2,https://prod.pictures.autoscout24.net/listing-images/88a70596-4261-4dde-8d7b-47bd05c38112_b140374a-225b-4c07-98ae-95ae1470151a.jpg/250x188.webp,2026-08-03T05:44:11.724944,0.51,5
972e4f63-3125-4acc-adc2-74a05535ef0c,https://www.autoscout24.be/fr/offres/972e4f63-3125-4acc-adc2-74a05535ef0c,be,BMW,x5,,BMW X5xD30d - M sportpack - 360° - HUD - pano - Harman,73900,,True,2025,08-2025,24299,1,used,diesel,219,297,2993,Euro 6e,,6.0,,,AWD,SUV/4x4/Pick-Up,5,5,Noir,,,,,dealer,BMW Premium Selection Center by De Schepper N.V.,BE-9100 Sint-Niklaas,BE,2,https://prod.pictures.autoscout24.net/listing-images/972e4f63-3125-4acc-adc2-74a05535ef0c_96c775a9-e25b-4159-a85a-7489a22232a4.jpg/250x188.webp,2026-08-03T05:44:11.724952,3.04,1
58c15aea-d3d1-48e6-9438-5c0255c09ab6,https://www.autoscout24.be/fr/offres/58c15aea-d3d1-48e6-9438-5c0255c09ab6,be,Porsche,macan,,"Porsche MacanS 3.0 V6 Bi-Turbo PDK, CHRONO Pack, Toit",43950,,True,2019,10-2019,99000,1,used,petrol,191,260,2997,Euro 6b,,6.0,,,AWD,SUV/4x4/Pick-Up,5,5,Gris,,,,,dealer,CAR PROJECT,BE-7110 Strépy-Bracquegnies,BE,2,https://prod.pictures.autoscout24.net/listing-images/58c15aea-d3d1-48e6-9438-5c0255c09ab6_9913827d-6807-4d66-bebd-c7baeeaeaf91.jpg/250x188.webp,2026-08-03T05:44:11.724960,0.44,7
3092feab-0c39-486e-9c2b-888c8ef81d2d,https://www.autoscout24.be/fr/offres/3092feab-0c39-486e-9c2b-888c8ef81d2d,be,Land Rover,discovery,,Land Rover Discovery,19950,,True,2020,06-2020,93980,2,used,diesel,110,149,1999,Euro 6d,,6.0,,,AWD,SUV/4x4/Pick-Up,5,,Noir,,,,,dealer,MH Automobile,BE-5100 Wierde,BE,2,https://prod.pictures.autoscout24.net/listing-images/3092feab-0c39-486e-9c2b-888c8ef81d2d_8ecb60d1-11f1-4033-a493-5ce7d450b557.jpg/250x188.webp,2026-08-03T05:44:11.724968,0.21,6
6fe73a9b-a366-44c4-8722-d5310ef3c152,https://www.autoscout24.be/fr/offres/6fe73a9b-a366-44c4-8722-d5310ef3c152,be,Porsche,cayenne,,Porsche Cayenne*1-PROPRIETAIRE,42990,,True,2018,08-2018,69990,1,used,petrol,183,250,2995,Euro 6,,6.0,,,AWD,SUV/4x4/Pick-Up,5,5,Brun,,,,,dealer,Faubourg Cars,BE-1410 Waterloo,BE,2,https://prod.pictures.autoscout24.net/listing-images/6fe73a9b-a366-44c4-8722-d5310ef3c152_0baf21b6-9228-44eb-b37b-0c9075236a51.jpg/250x188.webp,2026-08-03T05:44:11.724975,0.61,8
425027d7-5bcc-497f-bcc3-d2bd201c3d81,https://www.autoscout24.be/fr/offres/425027d7-5bcc-497f-bcc3-d2bd201c3d81,be,Dodge,ram,,Dodge ram,79860,,True,,new,10000,,used,petrol,213,291,5700,,,,,,AWD,SUV/4x4/Pick-Up,5,5,Noir,,,,,dealer,Handiri Cars bvba,BE-9100 Sint-Niklaas,BE,2,https://prod.pictures.autoscout24.net/listing-images/425027d7-5bcc-497f-bcc3-d2bd201c3d81_f74b9cab-b94a-442b-931c-0ebed92f2fd0.jpg/250x188.webp,2026-08-03T05:44:11.724983,7.99,
16baabfc-bba3-420c-9d77-ce1ee373521a,https://www.autoscout24.be/fr/offres/16baabfc-bba3-420c-9d77-ce1ee373521a,be,Audi,rs q3,,Audi RS Q3Sportback 2.5 TFSI Quattro S tronic,44990,,True,2021,05-2021,75683,1,used,petrol,294,399,2480,Euro 6d,,6.0,,,AWD,SUV/4x4/Pick-Up,5,5,Gris,,,,,dealer,,BE-5190 Jemeppes-sur-sambre,BE,1,https://prod.pictures.autoscout24.net/listing-images/16baabfc-bba3-420c-9d77-ce1ee373521a_c7b1ff29-1fac-4cb0-9612-8d2cc7ab6470.jpg/250x188.webp,2026-08-03T05:44:11.724991,0.59,5
554eb91f-b3fd-461a-9955-a4d3daf99284,https://www.autoscout24.be/fr/offres/554eb91f-b3fd-461a-9955-a4d3daf99284,be,Audi,q3,,Audi Q3SOLD BIJ GARAGE VRIENS YVES BV!!!!,29995,,True,2021,06-2021,35205,1,used,hybrid,180,244,1395,Euro 6d,,6.0,,,Avant,SUV/4x4/Pick-Up,5,5,Bleu,,,,,dealer,Garage Vriens Bvba,BE-2250 Olen,BE,2,https://prod.pictures.autoscout24.net/listing-images/554eb91f-b3fd-461a-9955-a4d3daf99284_2043e62f-3e54-4bad-98e1-927eeffd0956.jpg/250x188.webp,2026-08-03T05:44:11.725050,0.85,5
caf874f4-be55-473c-a008-b8b745dbb92b,https://www.autoscout24.be/fr/offres/caf874f4-be55-473c-a008-b8b745dbb92b,be,Audi,rs4,,Audi RS4QUATTRO|CERAMIC|CARBON|360°|B&O|PANO|ALCANTARA,61990,,True,2021,10-2021,57596,1,used,petrol,331,450,2894,Euro 6d,,6.0,,,AWD,Break,5,5,Noir,,,,,dealer,VDJ AUTOMOTIVE,BE-2280 Grobbendonk,BE,2,https://prod.pictures.autoscout24.net/listing-images/caf874f4-be55-473c-a008-b8b745dbb92b_d27d9225-9b6e-4254-b650-d70496fb396a.jpg/250x188.webp,2026-08-03T05:44:11.725059,1.08,5
d7e63268-a7ee-45e3-b2b1-ae4a4088c28c,https://www.autoscout24.be/fr/offres/d7e63268-a7ee-45e3-b2b1-ae4a4088c28c,be,Kia,seltos,,Kia Seltos1.6 T-GDi 180pk DCT7 FWD,34990,,True,2026,07-2026,15,1,new,petrol,132,179,1598,Euro 6e,,6.0,,,Avant,SUV/4x4/Pick-Up,5,5,Bleu,,,,,dealer,KIA Vermant Used Car,BE-2800 Mechelen,BE,2,https://prod.pictures.autoscout24.net/listing-images/d7e63268-a7ee-45e3-b2b1-ae4a4088c28c_fe2cbcac-a474-48ee-96a6-cac3393245f9.jpg/250x188.webp,2026-08-03T05:44:11.725066,2332.67,0
840eebd8-48f6-4eb4-87fe-a2774160469f,https://www.autoscout24.be/fr/offres/840eebd8-48f6-4eb4-87fe-a2774160469f,be,Porsche,macan,,Porsche MacanGTS 2.9 V6,74990,,True,2023,04-2023,43620,1,used,petrol,238,324,2894,Euro 6d,,6.0,,,AWD,SUV/4x4/Pick-Up,5,5,Bleu,,,,,dealer,Legend Car,BE-1790 Affligem,BE,2,https://prod.pictures.autoscout24.net/listing-images/840eebd8-48f6-4eb4-87fe-a2774160469f_c2c6e245-4628-487d-8944-d164af1eb8b2.jpg/250x188.webp,2026-08-03T05:44:11.725073,1.72,3
0bfae474-77a8-43ea-b77d-114ea610174a,https://www.autoscout24.be/fr/offres/0bfae474-77a8-43ea-b77d-114ea610174a,be,Mercedes-Benz,c 300,,"Mercedes-Benz C 300e AMG! Night, Burmester, 360°, Sfeer!",26900,,True,2020,09-2020,80000,2,used,hybrid,230,312,1991,Euro 6d,,6.0,,,Arrière,Berline,4,5,Gris,,,,,dealer,B-Premiumcars,BE-3970 Leopoldsburg,BE,2,https://prod.pictures.autoscout24.net/listing-images/0bfae474-77a8-43ea-b77d-114ea610174a_9addb73a-3b07-4ae1-8d31-ce6193c404be.jpg/250x188.webp,2026-08-03T05:44:11.725081,0.34,6
c3212048-11d3-4fc8-ae1c-4b4c3d7623ec,https://www.autoscout24.be/fr/offres/c3212048-11d3-4fc8-ae1c-4b4c3d7623ec,be,Mercedes-Benz,gls 400,,Mercedes-Benz GLS 400d 4-Matic AMG-Line  PANO,68399,,True,2021,03-2021,84000,1,used,diesel,243,330,2925,Euro 6d,,6.0,,,AWD,SUV/4x4/Pick-Up,5,7,Vert,,,,,dealer,Garage Temur,BE-3550 Heusden-Zolder,BE,2,https://prod.pictures.autoscout24.net/listing-images/c3212048-11d3-4fc8-ae1c-4b4c3d7623ec_acd8e07f-dbab-439f-a609-8f5ba981856d.jpg/250x188.webp,2026-08-03T05:44:11.725089,0.81,5
0b5fd160-9580-4b9c-be7e-2198427a28b5,https://www.autoscout24.be/fr/offres/0b5fd160-9580-4b9c-be7e-2198427a28b5,be,BMW,x3 m,,BMW X3 MCOMPETITION  -  LICHTE VRACHT | PANO | HUD |,56499,,True,2021,06-2021,59258,1,used,petrol,275,375,2993,Euro 6d,,6.0,,,AWD,SUV/4x4/Pick-Up,5,5,Gris,,,,,dealer,ICON BV,BE-9170 Sint-Gillis-Waas,BE,2,https://prod.pictures.autoscout24.net/listing-images/0b5fd160-9580-4b9c-be7e-2198427a28b5_f2f5e2ef-b0a3-4ec6-ad16-f099636652dc.jpg/250x188.webp,2026-08-03T05:44:11.725096,0.95,5
89137ab7-e636-4afd-a65c-5b41c58e16c1,https://www.autoscout24.be/fr/offres/89137ab7-e636-4afd-a65c-5b41c58e16c1,be,Renault,rafale,,Renault RafaleAlpine E-Tech 4x4 Plug-In Hybrid 300,36355,,True,2025,06-2025,23108,2,used,hybrid,162,221,1199,,,217.0,,,AWD,SUV/4x4/Pick-Up,5,5,Noir,,,,,dealer,Qmotors,BE-3580 Beringen,BE,2,https://prod.pictures.autoscout24.net/listing-images/89137ab7-e636-4afd-a65c-5b41c58e16c1_657faf07-28af-4927-841b-bca5b875658b.jpg/250x188.webp,2026-08-03T05:44:11.725104,1.57,1
aad0d1d6-845a-425b-8458-1d35185b0c58,https://www.autoscout24.be/fr/offres/aad0d1d6-845a-425b-8458-1d35185b0c58,be,Volvo,xc90,,Volvo XC90T8 AWD Recharge *7 Pl.* *12,39999,,True,2021,01-2021,79800,2,used,hybrid,163,223,1969,Euro 6d,,6.0,,,AWD,SUV/4x4/Pick-Up,5,7,Gris,,,,,dealer,Prestige Auto Group bv,BE-3583 Paal,BE,2,https://prod.pictures.autoscout24.net/listing-images/aad0d1d6-845a-425b-8458-1d35185b0c58_561012da-b644-4c8f-b520-f24a2772c37a.jpg/250x188.webp,2026-08-03T05:44:11.725112,0.5,5
a5fcc6a0-4a60-4327-9eaf-f5a0a0efe15f,https://www.autoscout24.be/fr/offres/a5fcc6a0-4a60-4327-9eaf-f5a0a0efe15f,be,Audi,q5,,Audi Q5Q5 PHEV 55 TFSIe / S-Line / Luchtvering / Carplay,38990,,True,2022,12-2022,67000,1,used,hybrid,198,270,1984,Euro 6d,,6.0,automatic,,AWD,SUV/4x4/Pick-Up,5,5,Noir,,,,,dealer,Autotheker,BE-8710 Wielsbeke,BE,2,https://prod.pictures.autoscout24.net/listing-images/a5fcc6a0-4a60-4327-9eaf-f5a0a0efe15f_23f03484-06a9-4343-8816-b234b52d639b.jpg/250x188.webp,2026-08-03T05:44:11.725120,0.58,4
0552e327-8be0-4a10-bdaf-4c2f048e7eea,https://www.autoscout24.be/fr/offres/0552e327-8be0-4a10-bdaf-4c2f048e7eea,be,Audi,a3,,Audi A335 TFSI 150CH*S-LINE,36950,,True,2025,07-2025,2428,1,used,petrol,110,150,1498,Euro 6e,,6.0,,,Avant,Berline,5,5,Noir,,,,,dealer,Gotta Premium Cars,BE-4600 Vise,BE,2,https://prod.pictures.autoscout24.net/listing-images/0552e327-8be0-4a10-bdaf-4c2f048e7eea_a5c30ca3-b67f-4a19-bfa7-c254858941a0.jpg/250x188.webp,2026-08-03T05:44:11.725127,15.22,1
292db7ff-084b-4f27-b702-ab9b16c42f8c,https://www.autoscout24.be/fr/offres/292db7ff-084b-4f27-b702-ab9b16c42f8c,be,Land Rover,range rover velar,,Land Rover Range Rover VelarVelar 2.0 TD4 R-Dynamic,38950,,True,2023,02-2023,62812,1,used,diesel,150,204,1999,Euro 6d,,6.0,,,Boîte automatique,SUV/4x4/Pick-Up,5,5,Gris,,,,,dealer,Garage Jean-Claude,BE-1760 Roosdaal,BE,2,https://prod.pictures.autoscout24.net/listing-images/292db7ff-084b-4f27-b702-ab9b16c42f8c_7c9ac280-2431-4549-8585-9010d8e669d0.jpg/250x188.webp,2026-08-03T05:44:11.725135,0.62,3
332d5bf2-de94-4658-aa75-f273bf596da7,https://www.autoscout24.be/fr/offres/332d5bf2-de94-4658-aa75-f273bf596da7,be,Audi,q5,,Audi Q555 TFSIe Quattro S line,41999,,True,2021,04-2021,52000,,used,hybrid,198,270,1984,Euro 6d,,6.0,,,AWD,SUV/4x4/Pick-Up,5,5,Gris,,,,,dealer,Exclusive Car Design BV,BE-9300 Aalst,BE,2,https://prod.pictures.autoscout24.net/listing-images/332d5bf2-de94-4658-aa75-f273bf596da7_367a5aa7-472b-4676-8e3d-5d837a28fd5c.jpg/250x188.webp,2026-08-03T05:44:11.725143,0.81,5
63aa0bdd-7362-4b87-92fd-ff66862ffe71,https://www.autoscout24.be/fr/offres/63aa0bdd-7362-4b87-92fd-ff66862ffe71,be,Peugeot,2008,,Peugeot 20082 1.2 Puretech 74KW S&S Style,15992,,True,2025,09-2025,8828,1,used,petrol,54,74,1199,,,5.7,,,Boîte manuelle,SUV/4x4/Pick-Up,5,5,Bleu,,,,,dealer,Stellantis&YOU Mechelen,BE-2800 Mechelen,BE,2,https://prod.pictures.autoscout24.net/listing-images/63aa0bdd-7362-4b87-92fd-ff66862ffe71_9d95180a-4c89-4c45-b978-1c2bf5f463d7.jpg/250x188.webp,2026-08-03T05:44:11.725151,1.81,1
bd73eb8d-82a3-4306-bc4d-a44da902f33f,https://www.autoscout24.be/fr/offres/bd73eb8d-82a3-4306-bc4d-a44da902f33f,be,Porsche,taycan,,"Porsche TaycanFACELIFT | CRAYON | 21"" | HD-Matrix | Panodak",88400,,True,2024,12-2024,24131,1,used,electric,235,320,,,,600.0,,,Arrière,Berline,4,5,Gris,,,,,dealer,Speedforce,BE-2180 Ekeren (Antwerpen),BE,2,https://prod.pictures.autoscout24.net/listing-images/bd73eb8d-82a3-4306-bc4d-a44da902f33f_ab836736-9a76-4fae-b581-339e2ed03dc2.jpg/250x188.webp,2026-08-03T05:44:11.725158,3.66,2
3b174f7b-64fd-4cc3-b2d1-fb0bd3798eda,https://www.autoscout24.be/fr/offres/3b174f7b-64fd-4cc3-b2d1-fb0bd3798eda,be,Mercedes-Benz,a 200,,Mercedes-Benz A 200A 200,16500,,True,2018,10-2018,121000,,used,petrol,120,163,1332,Euro 6d,,6.0,,,Boîte automatique,Berline,5,5,Gris,,,,,dealer,,BE-1500 Halle,BE,1,https://prod.pictures.autoscout24.net/listing-images/3b174f7b-64fd-4cc3-b2d1-fb0bd3798eda_13a9bad7-75a7-4ea2-9603-23c0d7813be4.jpg/250x188.webp,2026-08-03T05:44:11.725166,0.14,8
9c2952e8-2702-4d3a-9922-6c232d093834,https://www.autoscout24.be/fr/offres/9c2952e8-2702-4d3a-9922-6c232d093834,be,Mercedes-Benz,eqe 350,,Mercedes-Benz EQE 350EQE 350+ AMG-Line | Full option,42990,,True,2022,04-2022,63600,1,used,electric,215,292,,Euro 6,,6.0,automatic,,Arrière,Berline,4,5,Blanc,,,,,dealer,2DRIVE - 2drivecars.com,BE-3560 Lummen,BE,2,https://prod.pictures.autoscout24.net/listing-images/9c2952e8-2702-4d3a-9922-6c232d093834_0002b78f-7989-44da-a2d1-03b9caa5b2c5.jpg/250x188.webp,2026-08-03T05:44:11.725173,0.68,4
992b2ef9-becb-47f0-970c-9dfb735b9686,https://www.autoscout24.be/fr/offres/992b2ef9-becb-47f0-970c-9dfb735b9686,be,BMW,123,,"BMW 123iA xDrive MHEV, PACK-M, 360 Camera, Car-Play, GPS",35950,,True,2025,06-2025,31000,,used,petrol,110,150,1998,Euro 6e,,6.0,,,AWD,Berline,5,5,Gris,,,,,dealer,CAR PROJECT,BE-7110 Strépy-Bracquegnies,BE,2,https://prod.pictures.autoscout24.net/listing-images/992b2ef9-becb-47f0-970c-9dfb735b9686_61a9b0a8-a99f-4e5a-80a7-e5bf33731486.jpg/250x188.webp,2026-08-03T05:44:11.725181,1.16,1
2354beea-ae1c-4ac2-8b17-593989acc8bd,https://www.autoscout24.be/fr/offres/2354beea-ae1c-4ac2-8b17-593989acc8bd,be,BMW,118,,BMW 118i * GARANTIE 12 MOIS * LOOK M SPORT * 1ER PROP,15990,,True,2021,04-2021,94185,1,used,petrol,100,136,1499,Euro 6d-TEMP,,6.0,,,Boîte manuelle,Berline,5,5,Gris,,,,,dealer,Ab Cars,BE-4040 Herstal,BE,2,https://prod.pictures.autoscout24.net/listing-images/2354beea-ae1c-4ac2-8b17-593989acc8bd_e43f5e02-1dee-4921-ab3d-06100402cc94.jpg/250x188.webp,2026-08-03T05:44:11.725188,0.17,5
ecbd912c-d330-4333-bc8f-907b87d49f48,https://www.autoscout24.be/fr/offres/ecbd912c-d330-4333-bc8f-907b87d49f48,be,Mercedes-Benz,eqs,,Mercedes-Benz EQSEQS 450 4MATIC - AMG LINE PANO - 360°- HUD,88330,,True,,new,20,1,new,electric,265,360,,,,798.0,,,AWD,Berline,5,5,Noir,,,,,dealer,EV BLUE AUTOMOBILE,BE-4300 WAREMME,BE,2,https://prod.pictures.autoscout24.net/listing-images/ecbd912c-d330-4333-bc8f-907b87d49f48_ec2b7325-effd-4625-b3ac-dd1405981512.jpg/250x188.webp,2026-08-03T05:44:11.725196,4416.5,
80ab0778-fba9-492a-8513-ed4f07f677e6,https://www.autoscout24.be/fr/offres/80ab0778-fba9-492a-8513-ed4f07f677e6,be,Mercedes-Benz,eqb 250,,Mercedes-Benz EQB 250EQB 250 **ETAT SHOWROOM**GARANTIE,28990,,True,2023,10-2023,64999,,used,electric,140,190,,,,9422.0,,,Boîte automatique,SUV/4x4/Pick-Up,5,5,Gris,,,,,dealer,Mastercars,BE-7350 Hensies,BE,2,https://prod.pictures.autoscout24.net/listing-images/80ab0778-fba9-492a-8513-ed4f07f677e6_20ee817a-7a44-4c37-8987-55e886dfa944.jpg/250x188.webp,2026-08-03T05:44:11.725204,0.45,3
a8997b70-e113-4d11-9453-6e16a9498018,https://www.autoscout24.be/fr/offres/a8997b70-e113-4d11-9453-6e16a9498018,be,Audi,q4 e-tron,,"Audi Q4 e-tronAudi Q4  Attraction 40 e-tron  150,00 kW /",39990,,True,2025,07-2025,11123,1,used,electric,150,204,,,,20.0,,,Avant,SUV/4x4/Pick-Up,5,5,Noir,,,,,dealer,Van Mossel Volkswagen Audi Lokeren,BE-9160 Lokeren,BE,3,https://prod.pictures.autoscout24.net/listing-images/a8997b70-e113-4d11-9453-6e16a9498018_0c65ba2a-822f-4d79-811a-bcd2013c36de.jpg/250x188.webp,2026-08-03T05:44:11.725212,3.6,1
01d9d1e3-8f9c-4829-9048-fdd183e2e802,https://www.autoscout24.be/fr/offres/01d9d1e3-8f9c-4829-9048-fdd183e2e802,be,Audi,a5,,Audi A5Avant S line 2.0 TFSI 150kW S tronic,42999,,True,2025,01-2025,10000,,used,petrol,150,204,1984,Euro 6e,,6.0,,,Avant,Break,5,5,Noir,,,,,dealer,Exclusive Car Design BV,BE-9300 Aalst,BE,2,https://prod.pictures.autoscout24.net/listing-images/01d9d1e3-8f9c-4829-9048-fdd183e2e802_6b96b7e2-fe7e-420e-8e61-dc86711a9b6c.jpg/250x188.webp,2026-08-03T05:44:11.725220,4.3,1
526399c5-f791-41ab-b612-49f7225e5caa,https://www.autoscout24.be/fr/offres/526399c5-f791-41ab-b612-49f7225e5caa,be,BMW,x3 m,,BMW X3 M3.0 - Lichte Vracht - H,44990,,True,2019,09-2019,89972,2,used,petrol,259,353,2993,Euro 6d-TEMP,,6.0,,,AWD,SUV/4x4/Pick-Up,5,5,Noir,,,,,dealer,BK MOTORS,BE-9831 Deurle,BE,2,https://prod.pictures.autoscout24.net/listing-images/526399c5-f791-41ab-b612-49f7225e5caa_aceef344-3a00-4498-acc0-8e1d37a95e67.jpg/250x188.webp,2026-08-03T05:44:11.725227,0.5,7
c789ae30-8b21-45bd-9bf9-7d52eb278134,https://www.autoscout24.be/fr/offres/c789ae30-8b21-45bd-9bf9-7d52eb278134,be,BMW,x3,,BMW X3X3 2.0 dA xDrive25*M PACK*HARMAN KARDON*PANORAMA,25950,,True,2019,06-2019,145806,2,used,diesel,170,231,1995,Euro 6c,,6.0,,,AWD,SUV/4x4/Pick-Up,5,5,Gris,,,,,dealer,IF CARS,BE-3290 Diest,BE,2,https://prod.pictures.autoscout24.net/listing-images/c789ae30-8b21-45bd-9bf9-7d52eb278134_ac1ff11c-a880-4e0f-886b-b9d885aec4cd.jpg/250x188.webp,2026-08-03T05:44:11.725235,0.18,7
ef0617aa-3ce9-4fc8-a977-ba2afd35b3ee,https://www.autoscout24.be/fr/offres/ef0617aa-3ce9-4fc8-a977-ba2afd35b3ee,be,Volvo,xc40,,Volvo XC40XC40 - T5 - PHEV - Plus Bright Design - Keyless -,24999,,True,2022,06-2022,70896,1,used,hybrid,132,179,1477,Euro 6d,,6.0,,,Avant,SUV/4x4/Pick-Up,5,5,Gris,,,,,dealer,GDCauto,BE-9620 Zottegem,BE,2,https://prod.pictures.autoscout24.net/listing-images/ef0617aa-3ce9-4fc8-a977-ba2afd35b3ee_02e1d669-33c9-4d9d-91ae-413823d5950a.jpg/250x188.webp,2026-08-03T05:44:11.725243,0.35,4
8d333e5c-e037-4097-b2b3-33c55eb9a17a,https://www.autoscout24.be/fr/offres/8d333e5c-e037-4097-b2b3-33c55eb9a17a,be,Audi,e-tron,,Audi e-tronE-tron 50*S LINE*BLACK EDITION,37950,,True,2022,12-2022,43500,1,used,electric,230,312,,,,9300.0,,,AWD,SUV/4x4/Pick-Up,5,5,Gris,,,,,dealer,Cardicted BV,BE-2220 Heist-op-den-berg,BE,2,https://prod.pictures.autoscout24.net/listing-images/8d333e5c-e037-4097-b2b3-33c55eb9a17a_0e27c196-bd6f-4232-ba0e-00a839baab0e.jpg/250x188.webp,2026-08-03T05:44:11.725251,0.87,4
5f9f3b9f-3f47-4321-a604-496652f6c8f1,https://www.autoscout24.be/fr/offres/5f9f3b9f-3f47-4321-a604-496652f6c8f1,be,Land Rover,defender,,Land Rover Defender// 90 S,70490,,True,2026,01-2026,0,,new,diesel,147,199,2993,,,2220.0,,,AWD,SUV/4x4/Pick-Up,,5,Noir,,,,,dealer,Jaguar Land Rover Metropool Noord,BE-2900 Schoten,BE,2,https://prod.pictures.autoscout24.net/listing-images/5f9f3b9f-3f47-4321-a604-496652f6c8f1_27cfa06e-7f4d-4064-b64b-6fa119079041.jpg/250x188.webp,2026-08-03T05:44:11.725259,,0
f7105089-426e-4262-8318-5ee273276940,https://www.autoscout24.be/fr/offres/f7105089-426e-4262-8318-5ee273276940,be,BMW,x1,,BMW X1X1 1.5 d sDrive16 AdBlue (EU6AP),14950,,True,2021,05-2021,125000,1,used,diesel,85,115,1496,Euro 6d,,6.0,automatic,,Avant,SUV/4x4/Pick-Up,5,5,Gris,,,,,dealer,Cardicted BV,BE-2220 Heist-op-den-berg,BE,2,https://prod.pictures.autoscout24.net/listing-images/f7105089-426e-4262-8318-5ee273276940_07f68447-c1db-4c38-b11a-5f9d0fcb9bdf.jpg/250x188.webp,2026-08-03T05:44:11.725267,0.12,5
26407930-3ad1-4fe4-8c48-7b93ee520a81,https://www.autoscout24.be/fr/offres/26407930-3ad1-4fe4-8c48-7b93ee520a81,be,Peugeot,5008,,Peugeot 5008* GT* TOIT PANO* CAMERA 360 *  7 PLACES* * LED*,17450,,True,2022,03-2022,125000,2,used,petrol,96,130,1199,Euro 6d,,6.0,,,Avant,SUV/4x4/Pick-Up,5,7,Noir,,,,,dealer,MBS Automobile sprl,BE-4040 Herstal,BE,2,https://prod.pictures.autoscout24.net/listing-images/26407930-3ad1-4fe4-8c48-7b93ee520a81_2476f5ae-560c-47bc-a59b-0c0af5380b5f.jpg/250x188.webp,2026-08-03T05:44:11.725275,0.14,4
01155720-c66a-4ffd-b854-b090ddcc6910,https://www.autoscout24.be/fr/offres/01155720-c66a-4ffd-b854-b090ddcc6910,be,Skoda,kodiaq,,Skoda KodiaqKodiaq 1.5 TSI MHEV Selection DSG,35990,,True,2024,06-2024,12000,1,used,hybrid,110,149,1498,Euro 6e,,6.0,,,Avant,SUV/4x4/Pick-Up,5,5,Noir,,,,,dealer,Centr' Auto Charleroi s.a,BE-6041 Gosselies,BE,3,https://prod.pictures.autoscout24.net/listing-images/01155720-c66a-4ffd-b854-b090ddcc6910_4d2c76ab-4fba-48ae-b7b0-284c34f136b2.jpg/250x188.webp,2026-08-03T05:44:11.725283,3.0,2
55d32084-9961-466c-a35c-f81c8d5a265f,https://www.autoscout24.be/fr/offres/55d32084-9961-466c-a35c-f81c8d5a265f,be,Mercedes-Benz,cla 200,,Mercedes-Benz CLA 200CLA 200 AMG Line PANO,25550,,True,2022,01-2022,118702,1,used,petrol,120,163,1332,Euro 6d,,6.0,,,Avant,Berline,4,5,Argent,,,,,dealer,Vtron Mobility,BE-3270 Scherpenheuvel-Zichem,BE,2,https://prod.pictures.autoscout24.net/listing-images/55d32084-9961-466c-a35c-f81c8d5a265f_c36e18e0-37ad-4e29-8d83-f6a08c1c5455.jpg/250x188.webp,2026-08-03T05:44:11.725291,0.22,4
22f72347-7900-4f11-bfa4-fe2bc70f9614,https://www.autoscout24.be/fr/offres/22f72347-7900-4f11-bfa4-fe2bc70f9614,be,BMW,430,,BMW 4304 Coupé 430dA xDrive M-Sport Pro LEDER,35990,,True,2021,08-2021,76816,1,used,diesel,210,285,2993,Euro 6d,,6.0,,,AWD,Coupé,2,4,Gris,,,,,dealer,Ayvens Mobility Center Liège,BE-4000 Liège,BE,2,https://prod.pictures.autoscout24.net/listing-images/22f72347-7900-4f11-bfa4-fe2bc70f9614_14edae24-e050-48bf-89a8-28345a7a8c10.jpg/250x188.webp,2026-08-03T05:44:11.725299,0.47,5
d4089813-0029-4b3e-8d40-3a81c3c6f76f,https://www.autoscout24.be/fr/offres/d4089813-0029-4b3e-8d40-3a81c3c6f76f,be,BMW,ix3,,BMW iX3iX3 xDrive50 - M Pack - Direct beschikbaar,82900,,True,2026,03-2026,11480,1,used,electric,253,345,,,,720.0,,,AWD,SUV/4x4/Pick-Up,5,5,Noir,,,,,dealer,BMW - Juma Leuven,BE-3020 Herent,BE,2,https://prod.pictures.autoscout24.net/listing-images/d4089813-0029-4b3e-8d40-3a81c3c6f76f_f3c2799b-f00f-4c8e-8a07-5d5468c2ab4c.png/250x188.webp,2026-08-03T05:44:11.725308,7.22,0
cc790c29-b969-407c-802d-e34e206fd495,https://www.autoscout24.be/fr/offres/cc790c29-b969-407c-802d-e34e206fd495,be,BMW,x3,,BMW X3M-LOOK-X3 PHEV*44GRCO2,31499,,True,2021,08-2021,82000,1,used,hybrid,215,292,1998,Euro 6e,,6.0,,,AWD,SUV/4x4/Pick-Up,5,5,Noir,,,,,dealer,MDV CARS,BE-1730 Asse,BE,2,https://prod.pictures.autoscout24.net/listing-images/cc790c29-b969-407c-802d-e34e206fd495_5bf4284d-e9a3-4fa0-9637-0f74f7804231.jpg/250x188.webp,2026-08-03T05:44:11.725316,0.38,5
78912a6e-eec4-4410-b66d-52cabff70793,https://www.autoscout24.be/fr/offres/78912a6e-eec4-4410-b66d-52cabff70793,be,BMW,x4,,BMW X4xDrive20i*AUT*M-SPORT,44890,,True,2023,06-2023,46011,1,used,petrol,135,183,1998,Euro 6,,6.0,,,AWD,SUV/4x4/Pick-Up,5,5,Gris,,,,,dealer,FALCOMOTIVE,BE-3800 Sint-Truiden,BE,2,https://prod.pictures.autoscout24.net/listing-images/78912a6e-eec4-4410-b66d-52cabff70793_0e9da51e-9f20-4204-81ac-3b321ea99f3f.jpg/250x188.webp,2026-08-03T05:44:11.725325,0.98,3
d1c42b0c-b63e-4437-8007-479fb82f16cf,https://www.autoscout24.be/fr/offres/d1c42b0c-b63e-4437-8007-479fb82f16cf,be,Mercedes-Benz,glc 63 amg,,Mercedes-Benz GLC 63 AMGS 4-Matic / PANO / BURMESTER / HUD,47995,,True,2018,04-2018,94271,,used,petrol,375,510,3982,Euro 6b,,6.0,,,AWD,SUV/4x4/Pick-Up,5,5,Noir,,,,,dealer,Carmotive,BE-2200 Herentals,BE,2,https://prod.pictures.autoscout24.net/listing-images/d1c42b0c-b63e-4437-8007-479fb82f16cf_14740d6f-505f-40fe-8c52-16a10b5b3e7d.jpg/250x188.webp,2026-08-03T05:44:11.725333,0.51,8
c237f054-4f1c-4c9c-b1bf-c6d79c602f2c,https://www.autoscout24.be/fr/offres/c237f054-4f1c-4c9c-b1bf-c6d79c602f2c,be,Land Rover,range rover sport,,Land Rover Range Rover SportRange Rover Sport P440e Hybrid,76950,,True,2023,01-2023,119500,1,used,hybrid,324,440,2996,Euro 6d,,6.0,,,AWD,SUV/4x4/Pick-Up,5,5,Noir,,,,,dealer,Premium Car Company,BE-3920 Lommel,BE,2,https://prod.pictures.autoscout24.net/listing-images/c237f054-4f1c-4c9c-b1bf-c6d79c602f2c_ee697eca-bcf6-4f55-ba2a-73bb2c973c46.jpg/250x188.webp,2026-08-03T05:44:11.725341,0.64,3
12c880eb-2ad4-4586-aeb5-22d3d0d681cd,https://www.autoscout24.be/fr/offres/12c880eb-2ad4-4586-aeb5-22d3d0d681cd,be,Land Rover,range rover sport,,Land Rover Range Rover Sport2.0 P400e PHEV HSE DYNAMIC ***,44950,,True,2018,05-2018,67000,2,used,hybrid,221,300,1997,Euro 6d,,6.0,,,AWD,SUV/4x4/Pick-Up,5,5,Gris,,,,,dealer,XOTO,BE-8490 Varsenare,BE,2,https://prod.pictures.autoscout24.net/listing-images/12c880eb-2ad4-4586-aeb5-22d3d0d681cd_a2f7d4e4-04e7-4fca-8c63-018b20660090.jpg/250x188.webp,2026-08-03T05:44:11.725348,0.67,8
84200f78-425c-44ef-a658-dc8044580045,https://www.autoscout24.be/fr/offres/84200f78-425c-44ef-a658-dc8044580045,be,BMW,420,,BMW 420Cabrio 420iAS - Full options,46990,,True,2025,04-2025,38000,1,used,petrol,135,183,1998,Euro 6e,,6.0,,,Avant,Cabriolet,2,4,Blanc,,,,,dealer,Transakauto Mons,BE-7000 Mons,BE,2,https://prod.pictures.autoscout24.net/listing-images/84200f78-425c-44ef-a658-dc8044580045_474e9928-fea7-4bcd-9d55-66c0eb532f82.jpg/250x188.webp,2026-08-03T05:44:11.725356,1.24,1
009e8ec8-ca25-45e4-b311-04fcd640ff12,https://www.autoscout24.be/fr/offres/009e8ec8-ca25-45e4-b311-04fcd640ff12,be,Audi,q3,,Audi Q3Sportback * S-Tronic * Cuir chauffant * Virtual,26990,,True,2022,02-2022,113026,1,used,diesel,80,110,1968,Euro 6d,,6.0,,,AWD,SUV/4x4/Pick-Up,5,5,Noir,,,,,dealer,WAPICAR SRL,BE-7332 NEUFMAISON,BE,2,https://prod.pictures.autoscout24.net/listing-images/009e8ec8-ca25-45e4-b311-04fcd640ff12_8a09a656-5b04-4864-bee1-d223fc30428c.jpg/250x188.webp,2026-08-03T05:44:11.725363,0.24,4
26270a5c-a299-474e-87f6-e83a811ed8f9,https://www.autoscout24.be/fr/offres/26270a5c-a299-474e-87f6-e83a811ed8f9,be,Mercedes-Benz,gle 300,,Mercedes-Benz GLE 300d 4M AMG Pack Night,48890,,True,2022,10-2022,96235,,used,diesel,200,272,1993,Euro 6,,6.0,automatic,,Boîte automatique,SUV/4x4/Pick-Up,5,,Gris,,,,,dealer,SAGA Drogenbos,BE-1620 Drogenbos,BE,2,https://prod.pictures.autoscout24.net/listing-images/26270a5c-a299-474e-87f6-e83a811ed8f9_204b56b6-da9d-48ef-a181-02f156fc6709.jpg/250x188.webp,2026-08-03T05:44:11.725371,0.51,4
7b8b8842-4dda-47a6-88a4-2d5e53022748,https://www.autoscout24.be/fr/offres/7b8b8842-4dda-47a6-88a4-2d5e53022748,be,Audi,a4,,Audi A4Avant 40 TFSI S tronic S line quattro Avant B&O,32985,,True,2023,04-2023,68645,1,used,petrol,150,204,1984,Euro 6e,,6.0,automatic,,AWD,Break,5,5,Gris,,,,,dealer,Van Mossel Used Cars Center Antwerpen,BE-2060 Antwerpen,BE,2,https://prod.pictures.autoscout24.net/listing-images/7b8b8842-4dda-47a6-88a4-2d5e53022748_8311b8fa-2aa9-490d-ab99-d0c1b64139c5.jpg/250x188.webp,2026-08-03T05:44:11.725379,0.48,3
68a3548a-e163-470b-a9ca-38009587afdb,https://www.autoscout24.be/fr/offres/68a3548a-e163-470b-a9ca-38009587afdb,be,Nissan,x-trail,,Nissan X-Trail1.5e-Power*e-4ORCE,32900,,True,2024,03-2024,25271,1,used,hybrid,157,213,1497,Euro 6e,,6.0,,,AWD,SUV/4x4/Pick-Up,5,5,Gris,,,,,dealer,Autobedrijf  De Baets,BE-9090 Melle,BE,2,https://prod.pictures.autoscout24.net/listing-images/68a3548a-e163-470b-a9ca-38009587afdb_18265a46-a43b-498f-8f9a-ef8e6b9c93fa.jpg/250x188.webp,2026-08-03T05:44:11.725386,1.3,2
8cc172dc-f1c1-44c7-a7c9-4374f28f1c95,https://www.autoscout24.be/fr/offres/8cc172dc-f1c1-44c7-a7c9-4374f28f1c95,be,BMW,m4,,BMW M43.0 | M-competition | XDrive | 360° | H.Kardon,75400,,True,2023,06-2023,49500,1,used,petrol,375,510,2993,Euro 6d,,6.0,,,AWD,Cabriolet,2,4,Noir,,,,,dealer,Autobedrijf NVD,BE-9100 Sint-Niklaas,BE,2,https://prod.pictures.autoscout24.net/listing-images/8cc172dc-f1c1-44c7-a7c9-4374f28f1c95_60002ab1-43a0-4f73-89bb-49bac389f41c.jpg/250x188.webp,2026-08-03T05:44:11.725394,1.52,3
8c62235d-f264-412e-b84e-f2796eedcd15,https://www.autoscout24.be/fr/offres/8c62235d-f264-412e-b84e-f2796eedcd15,be,BMW,x7,,"BMW X7xDrive 30d M-pack pro Full! Acc, Hud, Memory!",54900,,True,2020,01-2020,110000,,used,diesel,195,265,2993,Euro 6d,,6.0,,,AWD,SUV/4x4/Pick-Up,5,7,Gris,,,,,dealer,B-Premiumcars,BE-3970 Leopoldsburg,BE,2,https://prod.pictures.autoscout24.net/listing-images/8c62235d-f264-412e-b84e-f2796eedcd15_7d71902a-8983-40c8-9469-3dce66dd3fad.jpg/250x188.webp,2026-08-03T05:44:11.725401,0.5,6
7212902b-7152-4398-bda4-b7813d99eb3a,https://www.autoscout24.be/fr/offres/7212902b-7152-4398-bda4-b7813d99eb3a,be,Opel,corsa,,Opel CorsaGS / CARPLAY / CAMERA / KEYLESS / INDUCTIELADEN,14950,,True,2025,03-2025,13001,1,used,petrol,74,100,1199,Euro 6e,,6.0,,,Avant,Berline,5,5,Noir,,,,,dealer,Premium Quality Cars Poperinge,BE-8970 Poperinge,BE,2,https://prod.pictures.autoscout24.net/listing-images/7212902b-7152-4398-bda4-b7813d99eb3a_b0d43e14-7da8-4423-80b6-dd3c5c882671.jpg/250x188.webp,2026-08-03T05:44:11.725408,1.15,1
041b4566-23f6-4e92-9df2-ab70ab81fc6a,https://www.autoscout24.be/fr/offres/041b4566-23f6-4e92-9df2-ab70ab81fc6a,be,Dacia,duster,,Dacia DusterDuster 1.6 SCe 4WD Prestige (EU6.2),6990,,True,2019,03-2019,123000,,used,petrol,84,114,,,,,,,Avant,SUV/4x4/Pick-Up,5,,Blanc,,,,,dealer,FA AUTO,BE-7024 Mons Cuesmes,BE,1,https://prod.pictures.autoscout24.net/listing-images/041b4566-23f6-4e92-9df2-ab70ab81fc6a_30237f68-5ff6-45c8-9603-85c697afbc50.jpg/250x188.webp,2026-08-03T05:44:11.725415,0.06,7
185a9fa3-eb15-4731-b99f-f74777aeba00,https://www.autoscout24.be/fr/offres/185a9fa3-eb15-4731-b99f-f74777aeba00,be,Land Rover,defender,,Land Rover DefenderD300 l MHEV l X-Dynamic HSE l Trekhaak l,70000,,True,2022,03-2022,70567,,used,diesel,221,300,2996,Euro 6e,,6.0,,,AWD,SUV/4x4/Pick-Up,3,5,Noir,,,,,dealer,GDCauto,BE-9620 Zottegem,BE,2,https://prod.pictures.autoscout24.net/listing-images/185a9fa3-eb15-4731-b99f-f74777aeba00_d876e1ad-b0e9-4850-b9db-8c1c131c1a69.jpg/250x188.webp,2026-08-03T05:44:11.725423,0.99,4
74f29940-3b54-464d-8d69-7263f14dac21,https://www.autoscout24.be/fr/offres/74f29940-3b54-464d-8d69-7263f14dac21,be,BMW,z4,,BMW Z4sDrive30i 2.0iAS Pack-M Performance Shadow Line,31950,,True,2020,06-2020,101373,1,used,petrol,190,258,1998,Euro 6d,,6.0,,,Arrière,Cabriolet,2,2,Noir,,,,,dealer,Auto Hairman,BE-5032 Mazy,BE,2,https://prod.pictures.autoscout24.net/listing-images/74f29940-3b54-464d-8d69-7263f14dac21_7b537f36-62d1-4413-b127-ce19eb1342e5.jpg/250x188.webp,2026-08-03T05:44:11.725430,0.32,6
ed7a4d64-1222-47f0-baa9-a3df11381183,https://www.autoscout24.be/fr/offres/ed7a4d64-1222-47f0-baa9-a3df11381183,be,BMW,x1,,BMW,22990,,True,2022,02-2022,124740,1,used,hybrid,190,258,1499,Euro 6d,,6.0,,,AWD,SUV/4x4/Pick-Up,5,5,Gris,,,,,dealer,Garage Brys,BE-9400 Voorde,BE,2,https://prod.pictures.autoscout24.net/listing-images/ed7a4d64-1222-47f0-baa9-a3df11381183_28861ad4-715f-4ed3-ac07-a463a97e23ed.jpg/250x188.webp,2026-08-03T05:44:11.725438,0.18,4
7ba7d3f4-f7a7-432c-95af-96c42140899d,https://www.autoscout24.be/fr/offres/7ba7d3f4-f7a7-432c-95af-96c42140899d,be,BMW,116,,"BMW 116*PACK M PERFORMANCE,CAPTEURS AV",11490,,True,2019,01-2019,121967,,used,petrol,58,80,1499,Euro 6d,,6.0,,,Boîte manuelle,Berline,5,5,Blanc,,,,,dealer,,BE-4020 Wandre,BE,1,https://prod.pictures.autoscout24.net/listing-images/7ba7d3f4-f7a7-432c-95af-96c42140899d_da076879-b169-4b05-9180-c52e656d6945.jpg/250x188.webp,2026-08-03T05:44:11.725460,0.09,7
0b60ec6b-8dbe-4ae5-9075-8cd15c3c4179,https://www.autoscout24.be/fr/offres/0b60ec6b-8dbe-4ae5-9075-8cd15c3c4179,be,Land Rover,range rover sport,,"Land Rover Range Rover Sport3.0 TDV6 HSE! ACC, Pano,",44900,,True,2021,05-2021,99000,2,used,diesel,183,248,2997,Euro 6d,,6.0,,,AWD,SUV/4x4/Pick-Up,5,5,Noir,,,,,dealer,B-Premiumcars,BE-3970 Leopoldsburg,BE,2,https://prod.pictures.autoscout24.net/listing-images/0b60ec6b-8dbe-4ae5-9075-8cd15c3c4179_ac33a4e6-b8fc-428b-b8d9-c603fbd7c7e3.jpg/250x188.webp,2026-08-03T05:44:11.725468,0.45,5
8cd86db6-8d29-47c4-ac1a-218975a61f5f,https://www.autoscout24.be/fr/offres/8cd86db6-8d29-47c4-ac1a-218975a61f5f,be,Volkswagen,tiguan,,Volkswagen TiguaneHybrid | Camera | Led | Carplay | Navi |,26495,,True,2022,06-2022,62500,1,used,hybrid,132,180,1395,Euro 6d,,6.0,,,AWD,SUV/4x4/Pick-Up,5,5,Noir,,,,,dealer,SZ MOTORS,BE-8820 Torhout,BE,2,https://prod.pictures.autoscout24.net/listing-images/8cd86db6-8d29-47c4-ac1a-218975a61f5f_eb4bcf96-82a5-4cf3-8442-fc7354fa74e4.jpg/250x188.webp,2026-08-03T05:44:11.725475,0.42,4
5abb4895-ca23-43ec-9b12-1e409960928d,https://www.autoscout24.be/fr/offres/5abb4895-ca23-43ec-9b12-1e409960928d,be,Mercedes-Benz,eqs,,Mercedes-Benz EQS53 4 MATIC+ DYNAMIC PLUS AMG 107.8 KWh,59750,,True,2022,05-2022,85248,1,used,electric,560,761,,,,586.0,,,AWD,Berline,5,5,Gris,,,,,dealer,EV BLUE AUTOMOBILE,BE-4300 WAREMME,BE,2,https://prod.pictures.autoscout24.net/listing-images/5abb4895-ca23-43ec-9b12-1e409960928d_753ec87f-392b-453e-89c4-744b2442f971.jpg/250x188.webp,2026-08-03T05:44:11.725482,0.7,4
f9243f40-e190-4fbf-a81b-5bc62724917a,https://www.autoscout24.be/fr/offres/f9243f40-e190-4fbf-a81b-5bc62724917a,be,BMW,m8,,BMW M8GRAN COUPE AS V8 COMPETITION INDIVIDUAL *** NP :,69950,,True,2022,07-2022,96000,1,used,petrol,460,625,4395,Euro 6e,,6.0,,,AWD,Berline,4,5,Bleu,,,,,dealer,XOTO,BE-8490 Varsenare,BE,2,https://prod.pictures.autoscout24.net/listing-images/f9243f40-e190-4fbf-a81b-5bc62724917a_a0ac0e23-9f2e-4bb4-b315-a062b89fabf1.jpg/250x188.webp,2026-08-03T05:44:11.725490,0.73,4
8c0d68e1-46eb-4c4a-8952-d33287df99b1,https://www.autoscout24.be/fr/offres/8c0d68e1-46eb-4c4a-8952-d33287df99b1,be,Audi,rs5,,Audi RS5RS5 Coupé l Pano l RS Design pakket rood l B&O.,56999,,True,2021,03-2021,79890,,used,petrol,331,450,2894,Euro 6d,,6.0,,,Boîte automatique,Coupé,2,4,Noir,,,,,dealer,GDCauto,BE-9620 Zottegem,BE,2,https://prod.pictures.autoscout24.net/listing-images/8c0d68e1-46eb-4c4a-8952-d33287df99b1_78926bae-b5df-43ab-a14f-4f299add06e3.jpg/250x188.webp,2026-08-03T05:44:11.725497,0.71,5
668393d2-ab3b-4606-8620-b3ba7dd7a603,https://www.autoscout24.be/fr/offres/668393d2-ab3b-4606-8620-b3ba7dd7a603,be,Audi,rs4,,Audi RS4AVANT / QUATTRO / MATRIX / PANO / B&O / LANE ASSIST,49950,,True,2018,08-2018,106352,,used,petrol,331,450,2894,Euro 6b,,6.0,,,AWD,Break,5,5,Gris,,,,,dealer,AECARS BV,BE-8870 Izegem,BE,2,https://prod.pictures.autoscout24.net/listing-images/668393d2-ab3b-4606-8620-b3ba7dd7a603_44e88f6c-96cb-4b23-badc-b4dce51773d0.jpg/250x188.webp,2026-08-03T05:44:11.725505,0.47,8
647bc5b3-0731-4c91-8cc1-620ccfe987a0,https://www.autoscout24.be/fr/offres/647bc5b3-0731-4c91-8cc1-620ccfe987a0,be,Audi,a5,,Audi A5A5 Sportback 30TDI S-Tronic Panodak,28990,,True,2021,04-2021,86591,1,used,diesel,100,136,1968,Euro 6d,,6.0,,,Boîte automatique,Berline,5,4,Vert,,,,,dealer,Leconte Motors,BE-8550 Zwevegem,BE,2,https://prod.pictures.autoscout24.net/listing-images/647bc5b3-0731-4c91-8cc1-620ccfe987a0_7d67defc-dc6d-45f3-b47b-82dfffa4d910.jpg/250x188.webp,2026-08-03T05:44:11.725512,0.33,5
dddaca8f-ad12-42bc-98c8-df7f8213d00b,https://www.autoscout24.be/fr/offres/dddaca8f-ad12-42bc-98c8-df7f8213d00b,be,BMW,x4,,BMW X4xDrive20i*AUT*M-SPORT*27.871 KM!!!*LIKE NEW,44690,,True,2023,06-2023,27871,1,used,petrol,135,183,1998,Euro 6,,6.0,,,AWD,SUV/4x4/Pick-Up,5,5,Noir,,,,,dealer,FALCOMOTIVE,BE-3800 Sint-Truiden,BE,2,https://prod.pictures.autoscout24.net/listing-images/dddaca8f-ad12-42bc-98c8-df7f8213d00b_13a8dba3-5460-48bb-b986-a6286042cd3b.jpg/250x188.webp,2026-08-03T05:44:11.725520,1.6,3
3be0c4b7-bbb7-41cf-8d3c-84a1a9d24166,https://www.autoscout24.be/fr/offres/3be0c4b7-bbb7-41cf-8d3c-84a1a9d24166,be,Jaecoo,j8,,Jaecoo J8JAECOO 8 SHS-P Exclusive,49900,,True,2026,06-2026,900,1,used,hybrid,105,142,1499,Euro 6e,,6.0,,,AWD,SUV/4x4/Pick-Up,5,7,Noir,,,,,dealer,Van Vaerenbergh Mobility,BE-1730 Asse,BE,2,https://prod.pictures.autoscout24.net/listing-images/3be0c4b7-bbb7-41cf-8d3c-84a1a9d24166_1219d919-3125-4b8e-a36b-dad7de4be708.jpg/250x188.webp,2026-08-03T05:44:11.725528,55.44,0
6cecbc68-2f17-4a85-a077-c96b353b3d7f,https://www.autoscout24.be/fr/offres/6cecbc68-2f17-4a85-a077-c96b353b3d7f,be,Tesla,model 3,,Tesla Model 3HARDWARE 4 - HIGHLAND PREMIUM - PERFORMANCE -,49990,,True,2024,12-2024,34720,1,used,electric,375,510,,,,528.0,,,AWD,Berline,4,5,Noir,,,,,dealer,NIKOLA BRUSSELS BV,BE-1840 Londerzeel,BE,2,https://prod.pictures.autoscout24.net/listing-images/6cecbc68-2f17-4a85-a077-c96b353b3d7f_70002393-9e9e-408a-bcfd-4950e9daddc5.jpg/250x188.webp,2026-08-03T05:44:11.725535,1.44,2
e5b49309-0096-4e1b-9a09-46abb5a903e3,https://www.autoscout24.be/fr/offres/e5b49309-0096-4e1b-9a09-46abb5a903e3,be,Audi,q2,,Audi Q2Q2 30 TFSI Advanced-CARPLAY-CAM-REGUL,18990,,True,2021,02-2021,67500,1,used,petrol,81,110,999,Euro 6d,,6.0,automatic,,Avant,SUV/4x4/Pick-Up,5,5,Gris,,,,,dealer,SimpliciCar Verviers-Welkenraedt,BE-4840 Welkenraedt,BE,2,https://prod.pictures.autoscout24.net/listing-images/e5b49309-0096-4e1b-9a09-46abb5a903e3_c9adb846-e389-468a-8f18-b57ad62ac259.jpg/250x188.webp,2026-08-03T05:44:11.725542,0.28,5
889e03c9-e4d4-4c2f-a497-b237e9a9b0d2,https://www.autoscout24.be/fr/offres/889e03c9-e4d4-4c2f-a497-b237e9a9b0d2,be,BMW,x5,,BMW X550E / M-SPORT / PANO / TREKHK / DRIV+PARK PRO / INTGR,94950,,True,2025,09-2025,12777,1,used,hybrid,360,489,2998,Euro 6e,,6.0,,,AWD,SUV/4x4/Pick-Up,5,5,Gris,,,,,dealer,AUTO FRANK BV,BE-9770 Kruishoutem (Gent-Kortrijk),BE,2,https://prod.pictures.autoscout24.net/listing-images/889e03c9-e4d4-4c2f-a497-b237e9a9b0d2_ae4281e0-7d17-4b21-88f4-baf99cecce90.jpg/250x188.webp,2026-08-03T05:44:11.725557,7.43,1
7a04ba65-cfb1-4fcc-bfe1-97a043a620d3,https://www.autoscout24.be/fr/offres/7a04ba65-cfb1-4fcc-bfe1-97a043a620d3,be,Lexus,ux 300h,,Lexus UX 300hBusiness Line | winter pack | all seasons,35990,,True,2025,01-2025,10438,1,used,hybrid,146,198,1987,Euro 6e,,6.0,,,Avant,SUV/4x4/Pick-Up,5,5,Noir,,,,,dealer,Toyota City Approved Used Woluwe,BE-1200 Woluwe-Saint-Lambert,BE,2,https://prod.pictures.autoscout24.net/listing-images/7a04ba65-cfb1-4fcc-bfe1-97a043a620d3_d1ebf5af-7c46-4c86-8fe3-43a662605c68.jpg/250x188.webp,2026-08-03T05:44:11.725564,3.45,1
c63fc88d-9616-4334-ac09-3a9725721277,https://www.autoscout24.be/fr/offres/c63fc88d-9616-4334-ac09-3a9725721277,be,Mercedes-Benz,eqe suv,,Mercedes-Benz EQE SUV350+ HYPERSCREEN Grijs-Leder PANO,67950,,True,2024,10-2024,16000,1,used,electric,158,215,,Euro 6e,,6.0,,,Arrière,SUV/4x4/Pick-Up,5,5,Noir,,,,,dealer,Ramakers Car Center,BE-3630 Maasmechelen,BE,2,https://prod.pictures.autoscout24.net/listing-images/c63fc88d-9616-4334-ac09-3a9725721277_50f9fe50-f4ef-4a3e-80fd-515e3c228755.jpg/250x188.webp,2026-08-03T05:44:11.725579,4.25,2
0c7b251f-30a4-47fc-a214-c9425c3423c0,https://www.autoscout24.be/fr/offres/0c7b251f-30a4-47fc-a214-c9425c3423c0,be,Skoda,octavia,,Skoda OctaviaOctavia SW 2.0 TDi SCR Ambition 1HAND CARPASS,10450,,True,2021,01-2021,172692,1,used,diesel,85,115,1968,Euro 6d,,6.0,,,Avant,Break,5,5,Gris,,,,,dealer,Stad M,BE-1760 Roosdaal,BE,2,https://prod.pictures.autoscout24.net/listing-images/0c7b251f-30a4-47fc-a214-c9425c3423c0_fc95fe7e-564f-4808-ae25-9cb0a7df4bd5.jpg/250x188.webp,2026-08-03T05:44:11.725587,0.06,5
1272f411-b1ad-4c74-9c53-fcf5de2c04d0,https://www.autoscout24.be/fr/offres/1272f411-b1ad-4c74-9c53-fcf5de2c04d0,be,Volkswagen,polo,,Volkswagen Polo1.0 DSG*AUTOMAT*CarPlay *Garantie 12M,15499,,True,2021,06-2021,45131,1,used,petrol,70,95,999,Euro 6,,6.0,automatic,,Avant,Citadine,5,5,Gris,,,,,dealer,Auto Unique,BE-3090 Overijse (à 5 min de Wavre et Bruxelles),BE,2,https://prod.pictures.autoscout24.net/listing-images/1272f411-b1ad-4c74-9c53-fcf5de2c04d0_dcf66b99-6bca-42f3-9abe-320edcd11a05.jpg/250x188.webp,2026-08-03T05:44:11.725594,0.34,5
7c119674-d411-4403-8840-5362626310e0,https://www.autoscout24.be/fr/offres/7c119674-d411-4403-8840-5362626310e0,be,Porsche,panamera,,Porsche Panamera4 R-HYBRID SPORT TURISMO / SPORT CHRONO /,59950,,True,2018,02-2018,114156,,used,hybrid,249,340,2894,Euro 6b,,6.0,,,AWD,Berline,5,5,Brun,,,,,dealer,AECARS BV,BE-8870 Izegem,BE,2,https://prod.pictures.autoscout24.net/listing-images/7c119674-d411-4403-8840-5362626310e0_215331e5-0a8e-495e-86e5-aaf9cd802883.jpg/250x188.webp,2026-08-03T05:44:11.725655,0.53,8
1c7b67d2-8b5c-4b0c-a2ed-4372a1f984ec,https://www.autoscout24.be/fr/offres/1c7b67d2-8b5c-4b0c-a2ed-4372a1f984ec,be,Audi,a5,,Audi A535TFSI * Coupé * S LINE / LOOK RS5 UNIQUE * GAR 12,39990,,True,2024,03-2024,27125,1,used,petrol,110,149,1984,Euro 6e,,6.0,,,Boîte automatique,Coupé,2,4,Gris,,,,,dealer,Ab Cars,BE-4040 Herstal,BE,2,https://prod.pictures.autoscout24.net/listing-images/1c7b67d2-8b5c-4b0c-a2ed-4372a1f984ec_3de592b0-add5-4a0f-9a16-7ed34a739c96.jpg/250x188.webp,2026-08-03T05:44:11.725663,1.47,2
b05c96a9-1fd0-4d68-92b2-974db6d010cc,https://www.autoscout24.be/fr/offres/b05c96a9-1fd0-4d68-92b2-974db6d010cc,be,BMW,i4,,BMW i4eDrive35*70.3kWh*97.6% SOH*483 KM WLTP,39500,,True,2024,02-2024,42785,1,used,electric,210,285,0,Euro 6d,,6.0,,,Arrière,Berline,5,5,Gris,,,,,dealer,FALCOMOTIVE,BE-3800 Sint-Truiden,BE,2,https://prod.pictures.autoscout24.net/listing-images/b05c96a9-1fd0-4d68-92b2-974db6d010cc_34099aba-cf57-484b-9e6c-df95e121ac53.jpg/250x188.webp,2026-08-03T05:44:11.725671,0.92,2
95d608b0-af09-49e8-b721-d89ffb3e8991,https://www.autoscout24.be/fr/offres/95d608b0-af09-49e8-b721-d89ffb3e8991,be,Mg,zs,,MG ZSMG EV Comfort 45 kWh CAMERA | NAVI | ECC,13945,,True,2021,06-2021,27730,,used,electric,45,61,,,,20.0,,,Avant,SUV/4x4/Pick-Up,5,5,Bleu,,,,,dealer,,BE-9160 Lokeren,BE,1,https://prod.pictures.autoscout24.net/listing-images/95d608b0-af09-49e8-b721-d89ffb3e8991_fae96df4-7acf-40c5-99ef-8d432aca4d36.jpg/250x188.webp,2026-08-03T05:44:11.725679,0.5,5
b2289331-72c2-41a8-9333-280959c59137,https://www.autoscout24.be/fr/offres/b2289331-72c2-41a8-9333-280959c59137,be,Mercedes-Benz,c 200,,Mercedes-Benz C 200AMG Line*TOIT OUVRANT*CUIR COGNA,38990,,True,2023,01-2023,30000,1,used,diesel,120,163,1993,Euro 6d,,6.0,,,Arrière,Berline,4,5,Gris,,,,,dealer,Ready Cars,BE-1420 Braine l'Alleud,BE,2,https://prod.pictures.autoscout24.net/listing-images/b2289331-72c2-41a8-9333-280959c59137_720f51fb-7102-40d5-9a2f-0dafb32a932c.jpg/250x188.webp,2026-08-03T05:44:11.725687,1.3,3
9a7878b0-51b1-473e-9649-89f90a3519f9,https://www.autoscout24.be/fr/offres/9a7878b0-51b1-473e-9649-89f90a3519f9,be,Audi,q3,,Audi Q3Q3 35 TFSI Business Edition Attraction Str.,30499,,True,2022,05-2022,46204,1,used,petrol,110,149,1498,Euro 6d,,6.0,,,Avant,SUV/4x4/Pick-Up,5,5,Noir,,,,,dealer,JNS Motors,BE-9810 Eke,BE,2,https://prod.pictures.autoscout24.net/listing-images/9a7878b0-51b1-473e-9649-89f90a3519f9_ec668ece-7a9c-4a5a-8f14-e1717e3a1410.jpg/250x188.webp,2026-08-03T05:44:11.725695,0.66,4
f2b92ee2-507d-4ef5-a29f-55a348b00d59,https://www.autoscout24.be/fr/offres/f2b92ee2-507d-4ef5-a29f-55a348b00d59,be,Porsche,macan,,Porsche MacanMacan 2.0 Turbo PDK,42900,,True,2019,08-2019,73038,2,used,petrol,132,180,1984,Euro 6d,,6.0,,,AWD,SUV/4x4/Pick-Up,5,5,Gris,,,,,dealer,COYSMAN MOTORS,BE-9041 Oostakker,BE,2,https://prod.pictures.autoscout24.net/listing-images/f2b92ee2-507d-4ef5-a29f-55a348b00d59_3cb17b66-48f8-4d25-9467-9da0dddd1bc7.jpg/250x188.webp,2026-08-03T05:44:11.725702,0.59,7
80769fb0-e68b-4c01-a63f-99c7f47baeaa,https://www.autoscout24.be/fr/offres/80769fb0-e68b-4c01-a63f-99c7f47baeaa,be,Volkswagen,tiguan,,"Volkswagen TiguanR 320PK 4 MOTION DSG * PANO * 21"" *",36995,,True,2022,04-2022,90864,1,used,petrol,172,235,1984,Euro 6d,,6.0,,,AWD,SUV/4x4/Pick-Up,5,5,Gris,,,,,dealer,Garage Vriens Bvba,BE-2250 Olen,BE,2,https://prod.pictures.autoscout24.net/listing-images/80769fb0-e68b-4c01-a63f-99c7f47baeaa_7e4376d6-74aa-4158-a5c7-660fed217341.jpg/250x188.webp,2026-08-03T05:44:11.725710,0.41,4
59a9de4d-c058-494d-8205-9fa69a5b6da9,https://www.autoscout24.be/fr/offres/59a9de4d-c058-494d-8205-9fa69a5b6da9,be,Foton,tunland v9,,Foton tunland v9,44990,,True,,new,50,,new,diesel,117,160,1968,,,2276.0,,,AWD,SUV/4x4/Pick-Up,4,5,Vert,,,,,dealer,Eurocartel SRL,BE-6927 Tellin,BE,2,https://prod.pictures.autoscout24.net/listing-images/59a9de4d-c058-494d-8205-9fa69a5b6da9_2a1ef131-be4d-44a1-8db4-e89dc14d764d.jpg/250x188.webp,2026-08-03T05:44:11.725718,899.8,
46f2841e-d66e-480a-a137-a39c0f4ae7a9,https://www.autoscout24.be/fr/offres/46f2841e-d66e-480a-a137-a39c0f4ae7a9,be,Mercedes-Benz,gls 400,,"Mercedes-Benz GLS 400d 4Matic AMG, Lichte vracht",88995,,True,2022,01-2022,44285,1,used,diesel,178,243,2925,Euro 6,,6.0,,,AWD,SUV/4x4/Pick-Up,5,7,Noir,,,,,dealer,David Rouss Automotive,BE-2910 Essen,BE,2,https://prod.pictures.autoscout24.net/listing-images/46f2841e-d66e-480a-a137-a39c0f4ae7a9_5042e822-d72b-40cc-802f-7ec9976e301b.jpg/250x188.webp,2026-08-03T05:44:11.725726,2.01,4
e24cceda-6a2f-4896-af2e-de1c08d249ea,https://www.autoscout24.be/fr/offres/e24cceda-6a2f-4896-af2e-de1c08d249ea,be,Audi,e-tron,,Audi e-tron55 Quattro 2X S-LINE BLACK EDITION,40990,,True,2022,12-2022,73000,1,used,electric,300,408,,,,20.0,,,AWD,SUV/4x4/Pick-Up,5,5,Noir,,,,,dealer,VOITO Premium Cars,BE-8791 Waregem,BE,2,https://prod.pictures.autoscout24.net/listing-images/e24cceda-6a2f-4896-af2e-de1c08d249ea_f12c45d4-80f5-44f3-bbac-7e1b3758a381.jpg/250x188.webp,2026-08-03T05:44:11.725734,0.56,4
97f61009-086a-48d1-85e5-25c588d2db61,https://www.autoscout24.be/fr/offres/97f61009-086a-48d1-85e5-25c588d2db61,be,Porsche,cayenne,,Porsche CayenneCoupe Sport Chrono! Platinum edition! Full!,69900,,True,2023,06-2023,105000,2,used,hybrid,249,340,2995,Euro 6d,,6.0,,,AWD,SUV/4x4/Pick-Up,5,5,Argent,,,,,dealer,B-Premiumcars,BE-3970 Leopoldsburg,BE,2,https://prod.pictures.autoscout24.net/listing-images/97f61009-086a-48d1-85e5-25c588d2db61_a2f1d556-38af-482e-b61d-2488145e40a9.jpg/250x188.webp,2026-08-03T05:44:11.725741,0.67,3
ecfcc49c-ce30-4dc6-9a7a-6f64a2346df6,https://www.autoscout24.be/fr/offres/ecfcc49c-ce30-4dc6-9a7a-6f64a2346df6,be,Volkswagen,t-roc,,Volkswagen T-RocT-Roc R 2.0 TSI 4Motion DSG AKRA,32995,,True,2023,06-2023,61702,2,used,petrol,221,300,1984,Euro 6e,,6.0,,,AWD,SUV/4x4/Pick-Up,5,5,Noir,,,,,dealer,L-Cars,BE-9280 Lebbeke,BE,2,https://prod.pictures.autoscout24.net/listing-images/ecfcc49c-ce30-4dc6-9a7a-6f64a2346df6_feec93ab-de7a-4b5c-a9ed-8f2961b15bdb.jpg/250x188.webp,2026-08-03T05:44:11.725748,0.53,3
48d9b623-cdd1-4b38-a3ba-6a51f2e419ad,https://www.autoscout24.be/fr/offres/48d9b623-cdd1-4b38-a3ba-6a51f2e419ad,be,BMW,i5,,BMW i5Touring - M60,79900,,True,2025,11-2025,5446,1,used,electric,442,601,,,,499.0,,,AWD,Break,5,5,Gris,,,,,dealer,BMW – Juma Mechelen,BE-2800 Mechelen,BE,2,https://prod.pictures.autoscout24.net/listing-images/48d9b623-cdd1-4b38-a3ba-6a51f2e419ad_ea2245f3-ca49-4771-8102-8770eee55af4.jpg/250x188.webp,2026-08-03T05:44:11.725756,14.67,1
ce671ef6-27b1-4302-847f-8233b4390908,https://www.autoscout24.be/fr/offres/ce671ef6-27b1-4302-847f-8233b4390908,be,Audi,e-tron,,Audi e-tronQuattro S line / Pano dak / Massage seats /,33990,,True,2020,06-2020,53450,1,used,electric,245,333,,Euro 6e,,6.0,,,AWD,SUV/4x4/Pick-Up,5,5,Blanc,,,,,dealer,Carcenter STV,BE-8930 Menen,BE,2,https://prod.pictures.autoscout24.net/listing-images/ce671ef6-27b1-4302-847f-8233b4390908_09b78d35-005c-4d50-b399-6975478c7daa.jpg/250x188.webp,2026-08-03T05:44:11.725763,0.64,6
56c92325-e57b-423f-887e-8e6c543bcc74,https://www.autoscout24.be/fr/offres/56c92325-e57b-423f-887e-8e6c543bcc74,be,Hyundai,i20,,Hyundai i20i20 1.0 T-GDi Sky Sky *Carplay,13900,,True,2024,02-2024,62273,1,used,petrol,74,100,998,Euro 6,,6.0,,,Avant,Berline,5,5,Gris,,,,,dealer,Bolide Motors,BE-8870 Izegem,BE,2,https://prod.pictures.autoscout24.net/listing-images/56c92325-e57b-423f-887e-8e6c543bcc74_89b0285d-921d-4996-9a75-76a325f1d865.jpg/250x188.webp,2026-08-03T05:44:11.725771,0.22,2
64557be8-02d4-4953-b610-8556a1d33272,https://www.autoscout24.be/fr/offres/64557be8-02d4-4953-b610-8556a1d33272,be,Audi,a4,,"Audi A4Avant 35 TFSI S-TRONIC 150pk / 19"" / Carplay / GPS /",25890,,True,2022,07-2022,49000,1,used,petrol,80,110,1984,Euro 6d-TEMP,,6.0,,,Avant,Break,5,5,Noir,,,,,dealer,Garage De Mey VW - AUDI,BE-9990 Maldegem,BE,2,https://prod.pictures.autoscout24.net/listing-images/64557be8-02d4-4953-b610-8556a1d33272_a9a19f92-7b8a-4451-8c19-68b5554062ef.jpg/250x188.webp,2026-08-03T05:44:11.725779,0.53,4
82317622-f0b8-4fa8-94b8-ef6ab3b88f20,https://www.autoscout24.be/fr/offres/82317622-f0b8-4fa8-94b8-ef6ab3b88f20,be,Skoda,kamiq,,Skoda KamiqKamiq 1.6 CR TDi Ambition DSG 1HAND CARPASS,12950,,True,2020,10-2020,133754,1,used,diesel,85,115,1598,Euro 6d,,6.0,,,Arrière,SUV/4x4/Pick-Up,5,5,Argent,,,,,dealer,Stad M,BE-1760 Roosdaal,BE,2,https://prod.pictures.autoscout24.net/listing-images/82317622-f0b8-4fa8-94b8-ef6ab3b88f20_0697dbac-9406-4af6-9a69-3d1a26868c89.jpg/250x188.webp,2026-08-03T05:44:11.725786,0.1,6
80b5027c-9621-4c29-b808-e1573e3f1e95,https://www.autoscout24.be/fr/offres/80b5027c-9621-4c29-b808-e1573e3f1e95,be,Porsche,taycan,,Porsche Taycan4S Sport Turismo Face Lift 21inch,97900,,True,2024,09-2024,17800,1,used,electric,308,420,,Euro 6e,,6.0,,,AWD,Break,5,5,Gris,,,,,dealer,MAC-AUTOMOTIVE,BE-2950 Kapellen,BE,2,https://prod.pictures.autoscout24.net/listing-images/80b5027c-9621-4c29-b808-e1573e3f1e95_c675b72e-7639-44f3-9328-e6ec8b97b53d.jpg/250x188.webp,2026-08-03T05:44:11.725794,5.5,2
74863294-1da8-49d3-8d4d-c89ab94e5468,https://www.autoscout24.be/fr/offres/74863294-1da8-49d3-8d4d-c89ab94e5468,be,Volkswagen,golf,,Volkswagen GolfGolf 1.0 TSI BMT Join DSG,15490,,True,2021,03-2021,130000,,used,petrol,81,110,999,Euro 6d-TEMP,,6.0,,,Avant,Berline,5,5,Gris,,,,,dealer,AGD auto,BE-4430 Ans,BE,2,https://prod.pictures.autoscout24.net/listing-images/74863294-1da8-49d3-8d4d-c89ab94e5468_ef43fa82-2785-41f6-9537-46c1612af7da.jpg/250x188.webp,2026-08-03T05:44:11.725801,0.12,5
5b2185cb-874d-4f12-be21-e69a751fedf6,https://www.autoscout24.be/fr/offres/5b2185cb-874d-4f12-be21-e69a751fedf6,be,Land Rover,range rover evoque,,Land Rover Range Rover EvoqueP300e R-Dynamic AWD PHEV !!!!,32800,,True,2022,01-2022,76900,1,used,hybrid,221,300,1498,Euro 6d,,6.0,,,AWD,SUV/4x4/Pick-Up,5,5,Noir,,,,,dealer,Q-Auto bvba,BE-8970 Poperinge,BE,2,https://prod.pictures.autoscout24.net/listing-images/5b2185cb-874d-4f12-be21-e69a751fedf6_4b288937-78a6-4b60-81ed-e47d9cededf0.jpg/250x188.webp,2026-08-03T05:44:11.725808,0.43,4
1bd4a1b2-9951-4c08-914b-6e5df54b2a01,https://www.autoscout24.be/fr/offres/1bd4a1b2-9951-4c08-914b-6e5df54b2a01,be,Alpine,a110,,Alpine A110A110 S * Vert Emeraude N°23,74600,,True,2022,05-2022,7513,1,used,petrol,221,300,1798,Euro 6d,,6.0,,,Arrière,Coupé,2,2,Vert,,,,,dealer,Deman Brussels,BE-1160 Bruxelles,BE,2,https://prod.pictures.autoscout24.net/listing-images/1bd4a1b2-9951-4c08-914b-6e5df54b2a01_bf10ba80-5ee2-4002-b2a7-7d8373705fa7.jpg/250x188.webp,2026-08-03T05:44:11.725815,9.93,4
9e59993f-ee9b-47dd-9869-919ecdd29402,https://www.autoscout24.be/fr/offres/9e59993f-ee9b-47dd-9869-919ecdd29402,be,BMW,x3 m,,BMW X3 M*3.0-COMPETITION*LASER*DRIVERS-PACK*H,55990,,True,2021,10-2021,63000,,used,petrol,375,510,2993,Euro 6e,,6.0,,,AWD,SUV/4x4/Pick-Up,5,5,Type de peintureAutres,,,,,dealer,Faubourg Cars,BE-1410 Waterloo,BE,2,https://prod.pictures.autoscout24.net/listing-images/9e59993f-ee9b-47dd-9869-919ecdd29402_5579ec80-1aeb-4817-a270-21bacdddc09e.jpg/250x188.webp,2026-08-03T05:44:11.725823,0.89,5
74190fe4-b5f7-4106-b6c0-dcb9ce2a225c,https://www.autoscout24.be/fr/offres/74190fe4-b5f7-4106-b6c0-dcb9ce2a225c,be,Land Rover,range rover evoque,,Land Rover Range Rover Evoque1.5 PHEV 4WD P300E R-Dynamic,34990,,True,2022,12-2022,48860,1,used,hybrid,147,199,1498,Euro 6d,,6.0,,,AWD,SUV/4x4/Pick-Up,5,5,Noir,,,,,dealer,Transakauto Mons,BE-7000 Mons,BE,2,https://prod.pictures.autoscout24.net/listing-images/74190fe4-b5f7-4106-b6c0-dcb9ce2a225c_c4163e5e-b6c1-4191-9476-51e34f0d8669.jpg/250x188.webp,2026-08-03T05:44:11.725830,0.72,4
bff350c9-2804-4a0e-9ddc-632a5da2afb4,https://www.autoscout24.be/fr/offres/bff350c9-2804-4a0e-9ddc-632a5da2afb4,be,Seat,tarraco,,SEAT TarracoXcellence 1.4 TSI e-Hybrid ** Trekhaak | ACC |,25490,,True,2021,07-2021,54715,1,used,hybrid,180,244,1395,Euro 6,,6.0,automatic,,Avant,SUV/4x4/Pick-Up,5,5,Rouge,,,,,dealer,Auto's Verschueren NV,BE-2830 Willebroek,BE,2,https://prod.pictures.autoscout24.net/listing-images/bff350c9-2804-4a0e-9ddc-632a5da2afb4_484c1881-5d7e-440f-a66c-351f7e7670d1.jpg/250x188.webp,2026-08-03T05:44:11.725838,0.47,5
8b754025-2b9c-468e-b0f9-70a501d4f25b,https://www.autoscout24.be/fr/offres/8b754025-2b9c-468e-b0f9-70a501d4f25b,be,Mercedes-Benz,cla 180,,Mercedes-Benz CLA 180d Pack AMG Shadow Line & Pack Light |,23500,,True,2020,10-2020,73544,1,used,diesel,85,115,1461,Euro 6d,,6.0,,,Avant,Berline,4,5,Noir,,,,,dealer,Autos Passion,BE-4621 Retinne,BE,2,https://prod.pictures.autoscout24.net/listing-images/8b754025-2b9c-468e-b0f9-70a501d4f25b_708592b2-5af2-41ef-8114-b3c01601d8e2.jpg/250x188.webp,2026-08-03T05:44:11.725844,0.32,6
2cbd5f15-9e21-4ae6-a0f5-4374bd1e17d1,https://www.autoscout24.be/fr/offres/2cbd5f15-9e21-4ae6-a0f5-4374bd1e17d1,be,Mercedes-Benz,glb 200,,Mercedes-Benz GLB 200AMG Line 7Pl,35999,,True,2022,12-2022,51000,1,used,petrol,120,163,1332,Euro 6d,,6.0,,,Avant,SUV/4x4/Pick-Up,5,7,Noir,,,,,dealer,BV Cars,BE-8000 Brugge,BE,2,https://prod.pictures.autoscout24.net/listing-images/2cbd5f15-9e21-4ae6-a0f5-4374bd1e17d1_83974f2c-4d3a-4aec-9605-89010b65d9a1.jpg/250x188.webp,2026-08-03T05:44:11.725851,0.71,4
3b577357-6e5f-4667-9631-e9109b6e5bfb,https://www.autoscout24.be/fr/offres/3b577357-6e5f-4667-9631-e9109b6e5bfb,be,BMW,x5,,BMW X550E / SPORT-PRO / TRKHK / PANO / SFT-CLS / INTGR STR,92950,,True,2025,10-2025,14084,1,used,hybrid,360,489,2998,Euro 6e,,6.0,,,AWD,SUV/4x4/Pick-Up,5,5,Gris,,,,,dealer,AUTO FRANK BV,BE-9770 Kruishoutem (Gent-Kortrijk),BE,2,https://prod.pictures.autoscout24.net/listing-images/3b577357-6e5f-4667-9631-e9109b6e5bfb_aeab033a-4063-47c4-bcb3-10786aa80852.jpg/250x188.webp,2026-08-03T05:44:11.725859,6.6,1
6fc2f023-9f3d-41e3-bd43-b4100651a90e,https://www.autoscout24.be/fr/offres/6fc2f023-9f3d-41e3-bd43-b4100651a90e,be,Mazda,cx-30,,Mazda CX-302.0 e-Skyactiv X 137kW Skydrive Business Nog,24745,,True,2024,08-2024,7,,new,petrol,137,186,2000,,,2127.0,,,Avant,SUV/4x4/Pick-Up,5,5,Gris,,,,,dealer,,BE-9160 Lokeren,BE,1,https://prod.pictures.autoscout24.net/listing-images/6fc2f023-9f3d-41e3-bd43-b4100651a90e_b27841ff-3f28-4f42-8f97-dfff6fdfc0ec.jpg/250x188.webp,2026-08-03T05:44:11.725866,3535.0,2
780a7774-1a2f-4718-a800-9ac8d0fdaf06,https://www.autoscout24.be/fr/offres/780a7774-1a2f-4718-a800-9ac8d0fdaf06,be,BMW,850,,BMW 850✖ M8 COMPETITION | FULL | BOWERS&WILKINS  ✔,79950,,True,2020,10-2020,50000,1,used,petrol,240,326,5379,,,14.0,,,Boîte automatique,Coupé,2,5,Noir,,,,,dealer,,BE-4801 Stembert,BE,1,https://prod.pictures.autoscout24.net/listing-images/780a7774-1a2f-4718-a800-9ac8d0fdaf06_9c1f2acf-d1ef-48c5-8734-7f5cf64e6961.jpg/250x188.webp,2026-08-03T05:44:11.725874,1.6,6
a9467f1d-3468-4f9c-9bc6-2737107f0eaa,https://www.autoscout24.be/fr/offres/a9467f1d-3468-4f9c-9bc6-2737107f0eaa,be,BMW,318,,BMW 318M SPORT - FULL BLACK -VERWARMD STUUR+ZETELS,25995,,True,2021,05-2021,124837,1,used,petrol,115,156,1998,,,,,,Arrière,Berline,4,5,Noir,,,,,dealer,DR Motors,BE-8000 Brugge,BE,2,https://prod.pictures.autoscout24.net/listing-images/a9467f1d-3468-4f9c-9bc6-2737107f0eaa_86174b7f-9257-4bf8-bb1e-3bb011bbafe3.jpg/250x188.webp,2026-08-03T05:44:11.725881,0.21,5
067575df-4af4-4ac9-819e-260cf125fff2,https://www.autoscout24.be/fr/offres/067575df-4af4-4ac9-819e-260cf125fff2,be,Porsche,macan,,Porsche MacanMacan GTS 2.9 V6 BiTurbo PDK,62950,,True,2021,10-2021,70763,1,used,petrol,205,280,2894,Euro 6d,,6.0,,,AWD,SUV/4x4/Pick-Up,5,5,Blanc,,,,,dealer,MH Automobile,BE-5100 Wierde,BE,2,https://prod.pictures.autoscout24.net/listing-images/067575df-4af4-4ac9-819e-260cf125fff2_0a002fb2-7587-4958-867a-35c054d18c6e.jpg/250x188.webp,2026-08-03T05:44:11.725889,0.89,5
5d5726fc-3804-4d3f-a4da-c8dbf3696c43,https://www.autoscout24.be/fr/offres/5d5726fc-3804-4d3f-a4da-c8dbf3696c43,be,Hyundai,tucson,,Hyundai TUCSON1.6 GDi Feel Comfort Attache remorque - clim,14490,,True,2020,08-2020,125000,1,used,petrol,71,97,1591,Euro 6d-TEMP,,6.0,,,Avant,SUV/4x4/Pick-Up,5,5,Gris,,,,,dealer,Kiwin,BE-7134 Ressaix,BE,2,https://prod.pictures.autoscout24.net/listing-images/5d5726fc-3804-4d3f-a4da-c8dbf3696c43_2cbc707e-4bb3-4078-a6a3-ec81ae0cfc99.jpg/250x188.webp,2026-08-03T05:44:11.725896,0.12,6
a25f6ffe-c768-4d5c-bc46-ff50c0f929ed,https://www.autoscout24.be/fr/offres/a25f6ffe-c768-4d5c-bc46-ff50c0f929ed,be,Mercedes-Benz,eqe suv,,Mercedes-Benz EQE SUV350 4-Matic AMG Line,75900,,True,2026,01-2026,8901,,used,electric,158,215,,,,545.0,,,AWD,SUV/4x4/Pick-Up,5,5,Noir,,,,,dealer,Deweer Car Gallery,BE-2520 Ranst,BE,2,https://prod.pictures.autoscout24.net/listing-images/a25f6ffe-c768-4d5c-bc46-ff50c0f929ed_1e9c230a-f37b-4893-a8eb-40c685cf2bc8.jpg/250x188.webp,2026-08-03T05:44:11.725903,8.53,0
c26a88a1-4a82-4962-a72d-c836fb561d59,https://www.autoscout24.be/fr/offres/c26a88a1-4a82-4962-a72d-c836fb561d59,be,BMW,x7,,BMW X7xDrive 40d,75900,,True,2023,02-2023,48901,1,used,diesel,250,340,2993,,,2216.0,,,AWD,SUV/4x4/Pick-Up,5,7,Noir,,,,,dealer,BMW Jorssen Noord,BE-2170 Merksem,BE,2,https://prod.pictures.autoscout24.net/listing-images/c26a88a1-4a82-4962-a72d-c836fb561d59_a6c83990-365d-47e6-8943-d5bf9540148b.jpg/250x188.webp,2026-08-03T05:44:11.725911,1.55,3
9798bfa9-cd26-4410-af24-100f16e0b0d3,https://www.autoscout24.be/fr/offres/9798bfa9-cd26-4410-af24-100f16e0b0d3,be,Mercedes-Benz,c 220,,Mercedes-Benz C 220d 4-Matic AMG Line - Garantie,33990,,True,2021,10-2021,94000,2,used,diesel,147,199,1993,Euro 6e,,6.0,,,Avant,Berline,4,5,Gris,,,,,dealer,Transakauto Mons,BE-7000 Mons,BE,2,https://prod.pictures.autoscout24.net/listing-images/9798bfa9-cd26-4410-af24-100f16e0b0d3_c4de67be-8ec0-434d-a9f0-3a8915c8a690.jpg/250x188.webp,2026-08-03T05:44:11.725918,0.36,5
162bfbe4-9cb3-4385-9fb5-47d63d6f5691,https://www.autoscout24.be/fr/offres/162bfbe4-9cb3-4385-9fb5-47d63d6f5691,be,Skoda,kodiaq,,Skoda,39950,,True,2024,02-2024,68817,1,used,petrol,132,180,1984,Euro 6d,,6.0,,,AWD,SUV/4x4/Pick-Up,5,5,Argent,,,,,dealer,Garage Thomas Uyttendaele,BE-9340 Lede,BE,2,https://prod.pictures.autoscout24.net/listing-images/162bfbe4-9cb3-4385-9fb5-47d63d6f5691_520e8c24-b611-4b35-adf8-6314e6d7a387.jpg/250x188.webp,2026-08-03T05:44:11.725926,0.58,2
5e470b4a-e837-49a6-9d7b-ed68063597c9,https://www.autoscout24.be/fr/offres/5e470b4a-e837-49a6-9d7b-ed68063597c9,be,Mercedes-Benz,gle 53 amg,,"Mercedes-Benz GLE 53 AMG4M+ HYBRID Night 22"" PANO Massage",94950,,True,2024,11-2024,78000,1,used,hybrid,400,544,2999,Euro 6e,,6.0,,,AWD,SUV/4x4/Pick-Up,5,5,Argent,,,,,dealer,Ramakers Car Center,BE-3630 Maasmechelen,BE,2,https://prod.pictures.autoscout24.net/listing-images/5e470b4a-e837-49a6-9d7b-ed68063597c9_bc1658bd-cea2-4c55-a663-e4fe6b7aff99.jpg/250x188.webp,2026-08-03T05:44:11.725935,1.22,2
1d929d72-7815-48e5-ae83-17b9cea2da18,https://www.autoscout24.be/fr/offres/1d929d72-7815-48e5-ae83-17b9cea2da18,be,BMW,ix,,BMW iXxD40 - Harman,39890,,True,2021,07-2021,58530,2,used,electric,240,326,,,,403.0,,,AWD,SUV/4x4/Pick-Up,5,5,Bleu,,,,,dealer,BMW Premium Selection Center by De Schepper N.V.,BE-9100 Sint-Niklaas,BE,2,https://prod.pictures.autoscout24.net/listing-images/1d929d72-7815-48e5-ae83-17b9cea2da18_4e45034a-ee30-40a5-8946-85a92e335775.jpg/250x188.webp,2026-08-03T05:44:11.725943,0.68,5
2b0fe644-0c40-4532-9772-a1a2e6479c01,https://www.autoscout24.be/fr/offres/2b0fe644-0c40-4532-9772-a1a2e6479c01,be,Audi,rs6,,Audi RS6Avant 4.0 V8 TFSI Quattro Performance 630 pk,94900,,True,2023,10-2023,78333,1,used,petrol,340,463,3996,Euro 6d,,6.0,,,AWD,Break,5,5,Noir,,,,,dealer,Yprauto,BE-8840 Oostnieuwkerke,BE,2,https://prod.pictures.autoscout24.net/listing-images/2b0fe644-0c40-4532-9772-a1a2e6479c01_0eff56fc-8923-4c91-87d2-eda5f2a45149.jpg/250x188.webp,2026-08-03T05:44:11.725951,1.21,3
9e3753f7-bf3a-4b58-ae5f-3860faa921dd,https://www.autoscout24.be/fr/offres/9e3753f7-bf3a-4b58-ae5f-3860faa921dd,be,BMW,418,,BMW 418i*AUT*M-SPORT*NAVI PRO,27750,,True,2020,11-2020,52477,2,used,petrol,100,136,1499,Euro 6,,6.0,,,Arrière,Berline,5,5,Noir,,,,,dealer,FALCOMOTIVE,BE-3800 Sint-Truiden,BE,2,https://prod.pictures.autoscout24.net/listing-images/9e3753f7-bf3a-4b58-ae5f-3860faa921dd_327328eb-f741-4daf-99d4-55dbc3ed54e8.jpg/250x188.webp,2026-08-03T05:44:11.725959,0.53,6
07e1a7d6-fa2f-4e9a-8d20-2a279df0516e,https://www.autoscout24.be/fr/offres/07e1a7d6-fa2f-4e9a-8d20-2a279df0516e,be,Lotus,elise,,Lotus Elise1.8 Sport 240 Final Edition,64950,,True,2021,06-2021,11600,1,used,petrol,179,243,1800,,,2177.0,,,Arrière,Coupé,2,2,Jaune,,,,,dealer,Lotus Antwerp,BE-2250 Kontich,BE,2,https://prod.pictures.autoscout24.net/listing-images/07e1a7d6-fa2f-4e9a-8d20-2a279df0516e_493e0429-180b-48ef-b36e-8e693c5c2f89.jpg/250x188.webp,2026-08-03T05:44:11.725967,5.6,5
9a9cb932-3b14-4e64-acdf-9d8243e49676,https://www.autoscout24.be/fr/offres/9a9cb932-3b14-4e64-acdf-9d8243e49676,be,BMW,520,,BMW 520iA MHEV I M sport I PANO I 360° I Bowers & Wilkins I,47990,,True,2024,03-2024,40000,1,used,petrol,140,190,1998,Euro 6e,,6.0,,,Arrière,Berline,4,5,Noir,,,,,dealer,Daily Cars Center,BE-1410 Waterloo,BE,2,https://prod.pictures.autoscout24.net/listing-images/9a9cb932-3b14-4e64-acdf-9d8243e49676_a9158b42-5b09-4e04-a1c3-321dfb150470.jpg/250x188.webp,2026-08-03T05:44:11.725976,1.2,2
5a19e665-6191-4e8e-8646-2173b1aac414,https://www.autoscout24.be/fr/offres/5a19e665-6191-4e8e-8646-2173b1aac414,be,Volkswagen,id.7,,Volkswagen ID.777 kWh Pro Business Premium !! FULL OPTIONS,44990,,True,2025,06-2025,20000,1,used,electric,77,104,,,,20.0,,,AWD,Berline,5,5,Gris,,,,,dealer,Daily Cars Center,BE-1410 Waterloo,BE,2,https://prod.pictures.autoscout24.net/listing-images/5a19e665-6191-4e8e-8646-2173b1aac414_5decac58-09a0-4fd8-a717-946ac677fa5b.jpg/250x188.webp,2026-08-03T05:44:11.725983,2.25,1
62036c78-3aff-4dc4-94c8-d1c6eba19bc0,https://www.autoscout24.be/fr/offres/62036c78-3aff-4dc4-94c8-d1c6eba19bc0,be,Mercedes-Benz,c 200,,Mercedes-Benz C 200Buisness l Carplay l Camera l Zetelverw.,24999,,True,2019,07-2019,49862,1,used,diesel,110,149,1950,Euro 6d,,6.0,,,Arrière,Berline,4,5,Argent,,,,,dealer,GDCauto,BE-9620 Zottegem,BE,2,https://prod.pictures.autoscout24.net/listing-images/62036c78-3aff-4dc4-94c8-d1c6eba19bc0_5631d813-e3c6-4f56-a96e-42fc54c9afdc.jpg/250x188.webp,2026-08-03T05:44:11.725991,0.5,7
58ae6c94-8e47-4e4b-baad-ad9b850af16f,https://www.autoscout24.be/fr/offres/58ae6c94-8e47-4e4b-baad-ad9b850af16f,be,Audi,a3,,Audi A3A3 Sportback PHEV 45 TFSI e Competition S tronic,28990,,True,2021,07-2021,35000,2,used,hybrid,180,244,1395,Euro 6,,6.0,,,Avant,Berline,5,5,Noir,,,,,dealer,LRMOTORS,BE-6060 Gilly,BE,2,https://prod.pictures.autoscout24.net/listing-images/58ae6c94-8e47-4e4b-baad-ad9b850af16f_e0fd1f10-7e5d-4de8-8e78-749d9abd7855.jpg/250x188.webp,2026-08-03T05:44:11.725999,0.83,5
6b0171cc-132f-42f9-9e4e-03d957ec25cd,https://www.autoscout24.be/fr/offres/6b0171cc-132f-42f9-9e4e-03d957ec25cd,be,Mini,john cooper works clubman,,MINI John Cooper Works ClubmanMini ALL4 AT HEAD-UP DISPLAY,27995,,True,2022,05-2022,106604,1,used,petrol,225,306,1998,Euro 6d,,6.0,,,AWD,Break,5,5,Vert,,,,,dealer,Van Mossel Used Cars Center Antwerpen,BE-2060 Antwerpen,BE,2,https://prod.pictures.autoscout24.net/listing-images/6b0171cc-132f-42f9-9e4e-03d957ec25cd_33d4728c-c55b-4440-9149-e2c9cf5a7cdd.jpg/250x188.webp,2026-08-03T05:44:11.726008,0.26,4
f3205530-753e-40fa-863e-1c54ef4759fd,https://www.autoscout24.be/fr/offres/f3205530-753e-40fa-863e-1c54ef4759fd,be,Hyundai,kona,,Hyundai KONA1.6 N-Line | 360° Camera | Adaptive Cruise |,24895,,True,2023,10-2023,37891,1,used,petrol,146,198,1598,Euro 6d,,6.0,,,Avant,SUV/4x4/Pick-Up,5,5,Vert,,,,,dealer,Berg Selected,BE-9200 Dendermonde,BE,2,https://prod.pictures.autoscout24.net/listing-images/f3205530-753e-40fa-863e-1c54ef4759fd_1c0bc0c5-8550-4d88-91de-45db50757694.jpg/250x188.webp,2026-08-03T05:44:11.726015,0.66,3
23bbef85-b6c5-446f-8dc2-a5063ad235a6,https://www.autoscout24.be/fr/offres/23bbef85-b6c5-446f-8dc2-a5063ad235a6,be,BMW,x3,,BMW X3GARANTIE - PACK M - CAMERA - B48 - Carnet complet,23990,,True,2020,06-2020,124990,2,used,petrol,135,183,1998,Euro 6d,,6.0,,,AWD,SUV/4x4/Pick-Up,5,5,Gris,,,,,dealer,Slo-Belgium SPRL,BE-1160 Auderghem,BE,2,https://prod.pictures.autoscout24.net/listing-images/23bbef85-b6c5-446f-8dc2-a5063ad235a6_abfeafa4-a175-4e17-8885-2e611dfbc4da.jpg/250x188.webp,2026-08-03T05:44:11.726023,0.19,6
0fa1dafc-0063-43bc-8905-6c2cb3d614b0,https://www.autoscout24.be/fr/offres/0fa1dafc-0063-43bc-8905-6c2cb3d614b0,be,BMW,x5 m,,BMW X5 M🔵COMPETITION🔵FULL OPTIONS🔵LASER LIGHTS,78999,,True,2020,10-2020,46430,2,used,petrol,460,625,4395,Euro 6d,,6.0,,,Boîte automatique,SUV/4x4/Pick-Up,5,5,Bleu,,,,,dealer,Concept Automobile,BE-4100 SERAING,BE,2,https://prod.pictures.autoscout24.net/listing-images/0fa1dafc-0063-43bc-8905-6c2cb3d614b0_596d5171-feed-458a-b17f-f28cf34a5c43.jpg/250x188.webp,2026-08-03T05:44:11.726030,1.7,6
56f35a00-4512-4247-a2a8-813813fd5a0d,https://www.autoscout24.be/fr/offres/56f35a00-4512-4247-a2a8-813813fd5a0d,be,Smart,#1,,smart #1BEV 66KWH PREMIUM,25950,,True,2023,12-2023,44355,,used,electric,66,89,,Euro 6,,6.0,,,Arrière,SUV/4x4/Pick-Up,5,5,IntérieurTissu,,,,,dealer,Mercedes GMS Certified used Cars,BE-3001 Heverlee,BE,2,https://prod.pictures.autoscout24.net/listing-images/56f35a00-4512-4247-a2a8-813813fd5a0d_14bb0545-046f-4674-853f-5dee8d399e48.jpg/250x188.webp,2026-08-03T05:44:11.726037,0.59,3
1a4418de-842a-45bb-9f91-c7023631ef07,https://www.autoscout24.be/fr/offres/1a4418de-842a-45bb-9f91-c7023631ef07,be,Mercedes-Benz,a 180,,Mercedes-Benz A 180AMG Line MHEV - BURMESTER - 13.094 KM!!,31950,,True,2025,07-2025,13094,1,used,hybrid,100,136,1332,Euro 6e,,6.0,,,Boîte automatique,Berline,5,5,Noir,,,,,dealer,Autocenter Borsbeek,BE-2150 Borsbeek,BE,2,https://prod.pictures.autoscout24.net/listing-images/1a4418de-842a-45bb-9f91-c7023631ef07_7ee7f3e2-daa6-43d8-b7e5-e6e5097738f0.jpg/250x188.webp,2026-08-03T05:44:11.726044,2.44,1
a01b5feb-5d11-4990-8ddb-6f9832e1f75c,https://www.autoscout24.be/fr/offres/a01b5feb-5d11-4990-8ddb-6f9832e1f75c,be,Audi,a3,,Audi A3S-LINE Sportback PHEV 40  - Competition Seats,25900,,True,2022,02-2022,63500,,used,hybrid,110,149,1395,Euro 6d,,6.0,,,AWD,Berline,5,5,Gris,,,,,dealer,Amotors,BE-8730 Beernem,BE,2,https://prod.pictures.autoscout24.net/listing-images/a01b5feb-5d11-4990-8ddb-6f9832e1f75c_12a0ca7b-77c9-4e84-b5dc-fd4443001584.jpg/250x188.webp,2026-08-03T05:44:11.726051,0.41,4
77bc9f14-2f31-4dd8-828e-e2a47764548f,https://www.autoscout24.be/fr/offres/77bc9f14-2f31-4dd8-828e-e2a47764548f,be,Mercedes-Benz,cla 35 amg,,Mercedes-Benz CLA 35 AMG4-Matic *PANO DAK*MEMORYPAKKET*MBUX,42870,,True,2023,01-2023,20214,1,used,petrol,225,306,1991,Euro 6d,,6.0,,,AWD,Berline,4,5,Blanc,,,,,dealer,Garage Auto-Elektro Peeters,BE-2390 Westmalle,BE,2,https://prod.pictures.autoscout24.net/listing-images/77bc9f14-2f31-4dd8-828e-e2a47764548f_8fe19dbd-3ea5-41bd-ba96-065de3533516.jpg/250x188.webp,2026-08-03T05:44:11.726058,2.12,3
2150be27-e53d-4ff1-bcc2-5056e3e698ea,https://www.autoscout24.be/fr/offres/2150be27-e53d-4ff1-bcc2-5056e3e698ea,be,Mercedes-Benz,glb 180,,Mercedes-Benz GLB 1802.0 Pack AMG & Shadow Line & Light Pack,31500,,True,2021,07-2021,69668,1,used,diesel,85,115,1950,Euro 6d,,6.0,,,Avant,SUV/4x4/Pick-Up,5,5,Noir,,,,,dealer,Autos Passion,BE-4621 Retinne,BE,2,https://prod.pictures.autoscout24.net/listing-images/2150be27-e53d-4ff1-bcc2-5056e3e698ea_c46446ae-c393-45a4-a56b-eecc47016990.jpg/250x188.webp,2026-08-03T05:44:11.726066,0.45,5
f86c68f4-1374-4485-9116-21929669e84b,https://www.autoscout24.be/fr/offres/f86c68f4-1374-4485-9116-21929669e84b,be,BMW,140,,BMW 140M140iAS - NAVPRO | HARMANKARDON | LED | RWD | BMW,33999,,True,2018,10-2018,89995,1,used,petrol,250,340,2998,Euro 6d,,6.0,,,Arrière,Berline,5,5,Gris,,,,,dealer,ICON BV,BE-9170 Sint-Gillis-Waas,BE,2,https://prod.pictures.autoscout24.net/listing-images/f86c68f4-1374-4485-9116-21929669e84b_eba18c52-75c9-4e59-a7ec-af2f3dcfdc26.jpg/250x188.webp,2026-08-03T05:44:11.726072,0.38,8
b08a39d4-6a72-4002-83f4-e2dd323eede6,https://www.autoscout24.be/fr/offres/b08a39d4-6a72-4002-83f4-e2dd323eede6,be,BMW,240,,BMW 240M240i xDrive Coupé OpenDak HarmanKardon ACC Belgisch,42900,,True,2022,10-2022,42900,,used,petrol,202,275,2998,Euro 6e,,6.0,,,AWD,Coupé,2,4,Noir,,,,,dealer,RoadCare,BE-2560 Nijlen (op afspraak),BE,2,https://prod.pictures.autoscout24.net/listing-images/b08a39d4-6a72-4002-83f4-e2dd323eede6_042a86dc-931c-4490-8639-8492ffa14a55.jpg/250x188.webp,2026-08-03T05:44:11.726080,1.0,4
157b5714-aab6-4d13-b14a-0a86b221d6ce,https://www.autoscout24.be/fr/offres/157b5714-aab6-4d13-b14a-0a86b221d6ce,be,Ds Automobiles,ds 7 crossback,,DS Automobiles DS 7 CrossbackCROSSBACK PHEV 1.6 E-TENSE 4x4,25990,,True,2022,11-2022,33500,1,used,hybrid,220,299,1598,Euro 6d,,6.0,,,AWD,SUV/4x4/Pick-Up,5,5,Gris,,,,,dealer,LM SALES Car Center,BE-8900 Ieper,BE,2,https://prod.pictures.autoscout24.net/listing-images/157b5714-aab6-4d13-b14a-0a86b221d6ce_5bd3dee7-7e48-48cc-9931-556be9137ed4.jpg/250x188.webp,2026-08-03T05:44:11.726088,0.78,4
ad992d69-de69-47b3-a94e-c7dd51ef4c5e,https://www.autoscout24.be/fr/offres/ad992d69-de69-47b3-a94e-c7dd51ef4c5e,be,Mercedes-Benz,eqs,,Mercedes-Benz EQSEQS 107.8 kWh 450+  AMG Line,55750,,True,2022,07-2022,69246,2,used,electric,245,333,,,,725.0,,,AWD,Berline,5,5,Noir,,,,,dealer,High-End Cars,BE-9120 Beveren,BE,2,https://prod.pictures.autoscout24.net/listing-images/ad992d69-de69-47b3-a94e-c7dd51ef4c5e_71367734-0b31-4df0-ae18-56b7c6eec9ec.jpg/250x188.webp,2026-08-03T05:44:11.726096,0.81,4
c2b99292-6d2a-4780-abd9-99ac08d72be7,https://www.autoscout24.be/fr/offres/c2b99292-6d2a-4780-abd9-99ac08d72be7,be,Land Rover,defender,,Land Rover defender,60500,,True,2024,01-2024,92500,1,used,diesel,147,199,2997,Euro 6e,,6.0,,,AWD,SUV/4x4/Pick-Up,5,7,Gris,,,,,dealer,Garage Pauwels Mechanics,BE-8531 Bavikhove,BE,2,https://prod.pictures.autoscout24.net/listing-images/c2b99292-6d2a-4780-abd9-99ac08d72be7_4d325ed6-4b88-421c-9a10-091ed8932b57.jpg/250x188.webp,2026-08-03T05:44:11.726103,0.65,2
c4a2cdca-efd3-49d6-bf65-b630d06623f8,https://www.autoscout24.be/fr/offres/c4a2cdca-efd3-49d6-bf65-b630d06623f8,be,Mercedes-Benz,glb 180,,Mercedes-Benz GLB 180GLB 180 d AMG Line,32999,,True,2024,04-2024,74451,1,used,diesel,85,115,1950,Euro 6e,,6.0,,,Boîte automatique,SUV/4x4/Pick-Up,5,5,Blanc,,,,,dealer,Jordan Gobin automobiles,BE-5100 Namur,BE,2,https://prod.pictures.autoscout24.net/listing-images/c4a2cdca-efd3-49d6-bf65-b630d06623f8_540f4965-e3b9-4312-a010-457e001c3f62.jpg/250x188.webp,2026-08-03T05:44:11.726110,0.44,2
d304ede5-45db-453f-9720-cc9f7ac59e0a,https://www.autoscout24.be/fr/offres/d304ede5-45db-453f-9720-cc9f7ac59e0a,be,Volkswagen,tayron,,Volkswagen TayronTayron R-Line 1.5 eTSI 110 kW (150 ch) 7,45990,,True,2025,05-2025,12000,1,used,hybrid,110,149,1498,Euro 6e,,6.0,automatic,,Avant,SUV/4x4/Pick-Up,5,7,Gris,,,,,dealer,Centr' Auto Charleroi s.a,BE-6041 Gosselies,BE,3,https://prod.pictures.autoscout24.net/listing-images/d304ede5-45db-453f-9720-cc9f7ac59e0a_91a12c6f-6f05-470e-a1cc-8ab0514f4f4b.jpg/250x188.webp,2026-08-03T05:44:11.726117,3.83,1
3f68a8c4-a55e-459f-ab1a-c45c27998143,https://www.autoscout24.be/fr/offres/3f68a8c4-a55e-459f-ab1a-c45c27998143,be,Volvo,xc40,,Volvo XC40B3 AUT Core + Leder,30750,,True,2025,08-2025,31956,1,used,hybrid,120,163,1969,Euro 6d,,6.0,,,Avant,SUV/4x4/Pick-Up,5,5,Gris,,,,,dealer,Rutten NV,BE-2200 Herentals,BE,2,https://prod.pictures.autoscout24.net/listing-images/3f68a8c4-a55e-459f-ab1a-c45c27998143_c5a4735f-f9b3-49bf-b002-dc7f58d76ce5.jpg/250x188.webp,2026-08-03T05:44:11.726125,0.96,1
ba8c0844-15ad-4102-811c-2611bcb2a256,https://www.autoscout24.be/fr/offres/ba8c0844-15ad-4102-811c-2611bcb2a256,be,Peugeot,2008,,Peugeot 2008II Allure Pack,13490,,True,2021,06-2021,48827,1,used,petrol,74,100,1199,Euro 6d,,6.0,,,Avant,SUV/4x4/Pick-Up,5,5,Gris,,,,,dealer,D&O Group Ollivier Wauthier-Braine,BE-1440 Wauthier-Braine,BE,2,https://prod.pictures.autoscout24.net/listing-images/ba8c0844-15ad-4102-811c-2611bcb2a256_15f63ed5-4a5d-47fd-824a-b36b0307e2c7.jpg/250x188.webp,2026-08-03T05:44:11.726139,0.28,5
7cf5e495-d201-46eb-8c2f-c41ac4a5dfef,https://www.autoscout24.be/fr/offres/7cf5e495-d201-46eb-8c2f-c41ac4a5dfef,be,Porsche,taycan,,Porsche Taycan4 Cross Turismo 105 kWh Perf Batt+,83900,,True,2024,12-2024,30610,1,used,electric,77,105,,Euro 6e,,6.0,,,AWD,Break,5,4,Type de peintureAutres,,,,,dealer,MAC-AUTOMOTIVE,BE-2950 Kapellen,BE,2,https://prod.pictures.autoscout24.net/listing-images/7cf5e495-d201-46eb-8c2f-c41ac4a5dfef_9951518d-2a0f-4a47-99b6-07d4b0255f75.jpg/250x188.webp,2026-08-03T05:44:11.726154,2.74,2
3b9763d3-bd7f-48be-ad36-94f525d26af1,https://www.autoscout24.be/fr/offres/3b9763d3-bd7f-48be-ad36-94f525d26af1,be,BMW,x3,,BMW X3xDrive20i,35900,,True,2021,07-2021,30713,1,used,petrol,135,183,1998,Euro 6d,,6.0,,,AWD,SUV/4x4/Pick-Up,5,5,Noir,,,,,dealer,BMW Jorssen Noord,BE-2170 Merksem,BE,2,https://prod.pictures.autoscout24.net/listing-images/3b9763d3-bd7f-48be-ad36-94f525d26af1_8ae01a7f-c53a-4677-a9d2-18fa26e1c3fa.jpg/250x188.webp,2026-08-03T05:44:11.726162,1.17,5
a4c3cb3b-10f6-4bfa-af95-a1d612344449,https://www.autoscout24.be/fr/offres/a4c3cb3b-10f6-4bfa-af95-a1d612344449,be,BMW,745,,BMW 745BTW-WAGEN,52999,,True,2021,12-2021,67803,2,used,hybrid,290,394,2998,Euro 6d,,6.0,,,AWD,Berline,4,5,Noir,,,,,dealer,Roys Cars,BE-2200 Herentals,BE,2,https://prod.pictures.autoscout24.net/listing-images/a4c3cb3b-10f6-4bfa-af95-a1d612344449_796c0dc2-a77a-41f7-b787-9f84de89865f.jpg/250x188.webp,2026-08-03T05:44:11.726169,0.78,5
17a4f876-e307-4552-8424-e8ba143d2356,https://www.autoscout24.be/fr/offres/17a4f876-e307-4552-8424-e8ba143d2356,be,Audi,a5,,Audi A5A5 Sportback 2.0 TFSI Sport S tronic,23950,,True,2020,03-2020,98492,1,used,hybrid,110,149,2000,Euro 6b,,6.0,automatic,,Avant,Berline,5,4,Noir,,,,,dealer,DPAUTO bvba,BE-8830 Hooglede,BE,2,https://prod.pictures.autoscout24.net/listing-images/17a4f876-e307-4552-8424-e8ba143d2356_311b1690-588a-4e7f-83cf-a095eb2ca933.jpg/250x188.webp,2026-08-03T05:44:11.726225,0.24,6
35e73b71-c0ba-4ba7-b9ba-75dcb32582c7,https://www.autoscout24.be/fr/offres/35e73b71-c0ba-4ba7-b9ba-75dcb32582c7,be,Audi,a5,,"Audi A5A5 Sportback 30 TDi S-Tronic Incl. LED - JA 19"" -",20990,,True,2021,03-2021,110691,1,used,diesel,100,136,1968,Euro 6d,,6.0,,,Boîte automatique,Berline,5,4,Gris,,,,,dealer,click2move by Declerc,BE-5100 Naninne (Namur),BE,2,https://prod.pictures.autoscout24.net/listing-images/35e73b71-c0ba-4ba7-b9ba-75dcb32582c7_da6c27e4-2868-4240-9749-7ab8892d4c8a.jpg/250x188.webp,2026-08-03T05:44:11.726235,0.19,5
6052ceaa-0874-4334-a11f-6dce8d326059,https://www.autoscout24.be/fr/offres/6052ceaa-0874-4334-a11f-6dce8d326059,be,Mercedes-Benz,e 350,,Mercedes-Benz E,38900,,True,2019,04-2019,45000,1,used,petrol,220,299,1991,Euro 6d,,6.0,,,Arrière,Coupé,2,4,Noir,,,,,dealer,Carrure BV,BE-8900 Ieper,BE,2,https://prod.pictures.autoscout24.net/listing-images/6052ceaa-0874-4334-a11f-6dce8d326059_49551a47-760e-4551-b106-0e06cf572f4e.jpg/250x188.webp,2026-08-03T05:44:11.726243,0.86,7
bae7198d-5f75-4e9d-8a21-15991ce9041b,https://www.autoscout24.be/fr/offres/bae7198d-5f75-4e9d-8a21-15991ce9041b,be,Mini,cooper s cabrio,,MINI Cooper S CabrioJohn Cooper Works | Head Up | H. Kardon,29900,,True,2023,03-2023,37227,,used,petrol,141,191,1998,Euro 6d,,6.0,,,Avant,Cabriolet,2,4,Noir,,,,,dealer,Autobedrijf NVD,BE-9100 Sint-Niklaas,BE,2,https://prod.pictures.autoscout24.net/listing-images/bae7198d-5f75-4e9d-8a21-15991ce9041b_6f8bdad1-2f2b-4c2d-b5e6-14392f735665.jpg/250x188.webp,2026-08-03T05:44:11.726250,0.8,3
ce60c4a2-2251-4ac2-9fd1-812e3740a38d,https://www.autoscout24.be/fr/offres/ce60c4a2-2251-4ac2-9fd1-812e3740a38d,be,Mercedes-Benz,eqc 400,,Mercedes-Benz EQC 4004MATIC SUV 400 4MATIC 80 kWh,35590,,True,2021,10-2021,32427,,used,electric,80,108,,Euro 6,,6.0,,,AWD,SUV/4x4/Pick-Up,5,5,Noir,,,,,dealer,GH - Henry SA - Visé – Voitures Occasion Certified,BE-4600 Visé,BE,2,https://prod.pictures.autoscout24.net/listing-images/ce60c4a2-2251-4ac2-9fd1-812e3740a38d_d735754f-5c62-468e-b48a-e6e69e46aa65.jpg/250x188.webp,2026-08-03T05:44:11.726257,1.1,5
b6f685c7-892b-413a-86b1-95a5f9e1021b,https://www.autoscout24.be/fr/offres/b6f685c7-892b-413a-86b1-95a5f9e1021b,be,Kia,ev5,,"Kia EV581,4 kWh GT-Line + Premium Pack - Snel leverbaar!",49990,,True,2026,06-2026,25,1,new,electric,160,217,,Euro 6e,,6.0,,,Avant,Berline,5,5,Gris,,,,,dealer,KIA Vermant Used Car,BE-2800 Mechelen,BE,2,https://prod.pictures.autoscout24.net/listing-images/b6f685c7-892b-413a-86b1-95a5f9e1021b_febf0855-cde4-42b1-b9b9-cefb23f3c902.jpg/250x188.webp,2026-08-03T05:44:11.726264,1999.6,0
1711b945-5939-4e53-87fc-8fd67afd01bf,https://www.autoscout24.be/fr/offres/1711b945-5939-4e53-87fc-8fd67afd01bf,be,Audi,a3,,Audi A3*S-LINE,38450,,True,2026,02-2026,4462,1,used,petrol,110,149,1498,Euro 6e,,6.0,,,Avant,Break,5,5,Vert,,,,,dealer,Gotta Premium Cars,BE-4600 Vise,BE,2,https://prod.pictures.autoscout24.net/listing-images/1711b945-5939-4e53-87fc-8fd67afd01bf_a98991c1-571c-4ca5-b445-f97035550aaa.jpg/250x188.webp,2026-08-03T05:44:11.726271,8.62,0
d996b400-39e1-4cb7-8533-1790765f19cc,https://www.autoscout24.be/fr/offres/d996b400-39e1-4cb7-8533-1790765f19cc,be,Mazda,3,,Mazda 33 Sedan 2.0i e-Skyactiv-G Skycruise,23999,,True,2024,04-2024,27023,1,used,hybrid,90,122,1998,Euro 6d,,6.0,,,Boîte manuelle,Berline,4,5,Gris,,,,,dealer,Mazda - Gerard et Fils,BE-6800 Recogne,BE,2,https://prod.pictures.autoscout24.net/listing-images/d996b400-39e1-4cb7-8533-1790765f19cc_6a258e3f-e2bb-48f0-8554-5e5ae776301d.jpg/250x188.webp,2026-08-03T05:44:11.726278,0.89,2
b856583f-ebe3-408c-a25c-6eef58352dac,https://www.autoscout24.be/fr/offres/b856583f-ebe3-408c-a25c-6eef58352dac,be,Mercedes-Benz,cla 250,,Mercedes-Benz CLA 250250e,28900,,True,2020,12-2020,115877,1,used,hybrid,160,217,1332,Euro 6,,6.0,,,Avant,Coupé,4,5,Noir,,,,,dealer,FALCOMOTIVE,BE-3800 Sint-Truiden,BE,2,https://prod.pictures.autoscout24.net/listing-images/b856583f-ebe3-408c-a25c-6eef58352dac_a0f08afc-e649-4c31-aacb-46f9ebecd48e.jpg/250x188.webp,2026-08-03T05:44:11.726285,0.25,6
1b51296f-190f-48af-8fcf-bb7245cec334,https://www.autoscout24.be/fr/offres/1b51296f-190f-48af-8fcf-bb7245cec334,be,Audi,s3,,Audi S3Limousine 2.0TFSI Quattro S tronic PANO,39990,,True,2022,09-2022,43000,1,used,petrol,228,310,1984,Euro 6d,,6.0,,,AWD,Berline,4,5,Bleu,,,,,dealer,VOITO Premium Cars,BE-8791 Waregem,BE,2,https://prod.pictures.autoscout24.net/listing-images/1b51296f-190f-48af-8fcf-bb7245cec334_5268dcc3-f15a-4394-926c-bc936690eb69.jpg/250x188.webp,2026-08-03T05:44:11.726293,0.93,4
ba831fcd-89a6-4680-b02a-6b9a5a8d91b7,https://www.autoscout24.be/fr/offres/ba831fcd-89a6-4680-b02a-6b9a5a8d91b7,be,Byd,seal u,,BYD Seal UDM-i Boost Exterior schadowline pack,40050,,True,,new,5,,new,hybrid,117,160,1498,,,80.0,,,Avant,SUV/4x4/Pick-Up,5,5,Noir,,,,,dealer,BYD by Smets,BE-2500 Lier,BE,2,https://prod.pictures.autoscout24.net/listing-images/ba831fcd-89a6-4680-b02a-6b9a5a8d91b7_30491d3c-7598-4a06-8e71-193be694fc94.jpg/250x188.webp,2026-08-03T05:44:11.726300,8010.0,
8a2e7d45-8913-4e1c-acbf-f1db65cc9c4f,https://www.autoscout24.be/fr/offres/8a2e7d45-8913-4e1c-acbf-f1db65cc9c4f,be,Volkswagen,t-roc,,Volkswagen T-RocNEW 1.5 TSI Life DSG ** ACC | Camera |,31990,,True,2026,04-2026,10,1,new,petrol,110,149,1498,Euro 6,,6.0,,,Avant,SUV/4x4/Pick-Up,4,5,Gris,,,,,dealer,Auto's Verschueren NV,BE-2830 Willebroek,BE,2,https://prod.pictures.autoscout24.net/listing-images/8a2e7d45-8913-4e1c-acbf-f1db65cc9c4f_b425451b-ee7b-4964-a394-180b43fe2850.jpg/250x188.webp,2026-08-03T05:44:11.726308,3199.0,0
d34e0ea0-cd5c-42be-8b4e-4b9e7a9c87eb,https://www.autoscout24.be/fr/offres/d34e0ea0-cd5c-42be-8b4e-4b9e7a9c87eb,be,BMW,330,,BMW 330e-Xdrive-Pano-Head Up-Elekzetels+Geheugen-Camera,37999,,True,2022,09-2022,31000,1,used,hybrid,215,292,1998,,,10.0,,,AWD,Berline,5,5,Noir,,,,,dealer,Pb Automotive Group,BE-3740 Bilzen,BE,2,https://prod.pictures.autoscout24.net/listing-images/d34e0ea0-cd5c-42be-8b4e-4b9e7a9c87eb_e8e28e1f-c2b9-4511-9107-05a42d325474.jpg/250x188.webp,2026-08-03T05:44:11.726316,1.23,4
3702a3dd-e9b7-4277-8c8f-50f9ad5fa2bf,https://www.autoscout24.be/fr/offres/3702a3dd-e9b7-4277-8c8f-50f9ad5fa2bf,be,Volkswagen,polo,,Volkswagen Polo1.0i * CarPlay * Grand Ecran * Radars * Clim,10490,,True,2020,06-2020,107000,2,used,petrol,59,80,999,Euro 6d,,6.0,,,Avant,Citadine,5,5,Gris,,,,,dealer,MBS Automobile sprl,BE-4040 Herstal,BE,2,https://prod.pictures.autoscout24.net/listing-images/3702a3dd-e9b7-4277-8c8f-50f9ad5fa2bf_ebaa50d6-13bc-40eb-b478-8ad6914dab25.jpg/250x188.webp,2026-08-03T05:44:11.726324,0.1,6
1e9dff73-4d7d-4f4e-9cc2-81bc2961ee15,https://www.autoscout24.be/fr/offres/1e9dff73-4d7d-4f4e-9cc2-81bc2961ee15,be,Volkswagen,t-roc,,Volkswagen T-RocT-Roc 1.0 TSI Style,11990,,True,2020,03-2020,156368,2,used,petrol,85,115,999,Euro 6b,,6.0,,,Avant,SUV/4x4/Pick-Up,5,5,Noir,,,,,dealer,Transakauto Mons,BE-7000 Mons,BE,2,https://prod.pictures.autoscout24.net/listing-images/1e9dff73-4d7d-4f4e-9cc2-81bc2961ee15_bf0cc2aa-25f5-47e3-aa7b-f92416045d4e.jpg/250x188.webp,2026-08-03T05:44:11.726332,0.08,6
15383321-52fd-42c5-acf1-9dc8091a78ed,https://www.autoscout24.be/fr/offres/15383321-52fd-42c5-acf1-9dc8091a78ed,be,BMW,550,,BMW 550E / TOURING / SPORT-PRO / PANO / DRIV PRO /,71950,,True,2025,09-2025,17698,1,used,hybrid,360,489,2998,Euro 6e,,6.0,,,AWD,Break,5,5,Rouge,,,,,dealer,AUTO FRANK BV,BE-9770 Kruishoutem (Gent-Kortrijk),BE,2,https://prod.pictures.autoscout24.net/listing-images/15383321-52fd-42c5-acf1-9dc8091a78ed_bc2e2b0c-8521-496b-8364-3aa60b5d763e.jpg/250x188.webp,2026-08-03T05:44:11.726340,4.07,1
0ec34760-6b66-43b1-b566-6e3b7d795a29,https://www.autoscout24.be/fr/offres/0ec34760-6b66-43b1-b566-6e3b7d795a29,be,Mercedes-Benz,glc 200,,Mercedes-Benz GLC 200GLC 200 d AMG | CAMERA 36° | TOIT,35890,,True,2021,10-2021,61000,1,used,diesel,120,163,1950,Euro 6d,,6.0,,,Boîte automatique,SUV/4x4/Pick-Up,5,5,Noir,,,,,dealer,Beuler automotive,BE-4845 Jalhay,BE,2,https://prod.pictures.autoscout24.net/listing-images/0ec34760-6b66-43b1-b566-6e3b7d795a29_7b967a74-956f-45a4-801b-1309d8aa8c09.jpg/250x188.webp,2026-08-03T05:44:11.726347,0.59,5
86147c80-7752-4427-8a9c-183b529390a9,https://www.autoscout24.be/fr/offres/86147c80-7752-4427-8a9c-183b529390a9,be,BMW,320,,BMW 320dAS PACK-M,27990,,True,2020,02-2020,90945,,used,diesel,140,190,1995,Euro 6d,,6.0,,,Arrière,Berline,4,5,Blanc,,,,,dealer,,BE-5190 Jemeppes-sur-sambre,BE,1,https://prod.pictures.autoscout24.net/listing-images/86147c80-7752-4427-8a9c-183b529390a9_44f45eb8-e38f-4b36-917d-e42865deb3a9.jpg/250x188.webp,2026-08-03T05:44:11.726356,0.31,6
37edbcf1-3aef-4ae7-96c6-88a578c60995,https://www.autoscout24.be/fr/offres/37edbcf1-3aef-4ae7-96c6-88a578c60995,be,BMW,330,,"BMW 330e M-Pakket-Laser-Keyless-Head Up-Pano-Pro-Cam18""",34490,,True,2023,01-2023,111000,2,used,hybrid,215,292,1998,Euro 6,,6.0,,,Arrière,Berline,4,5,Gris,,,,,dealer,BC-Cars,BE-3740 Bilzen Hoeselt,BE,2,https://prod.pictures.autoscout24.net/listing-images/37edbcf1-3aef-4ae7-96c6-88a578c60995_a43ccc8c-cb9a-4d2c-9339-9c284b8bf880.jpg/250x188.webp,2026-08-03T05:44:11.726364,0.31,3
1184c22c-522f-4cf8-8480-a7664c91df8e,https://www.autoscout24.be/fr/offres/1184c22c-522f-4cf8-8480-a7664c91df8e,be,Volkswagen,golf sportsvan,,Volkswagen Golf SportsvanGolf Sportsvan JOIN 1.5TSI 130PK,15990,,True,2019,03-2019,64564,1,used,petrol,96,130,1498,Euro 6d-TEMP,,6.0,,,Avant,Break,5,5,Noir,,,,,dealer,Van Mossel Volkswagen Audi Lokeren,BE-9160 Lokeren,BE,3,https://prod.pictures.autoscout24.net/listing-images/1184c22c-522f-4cf8-8480-a7664c91df8e_99ceef5b-41cf-4986-b437-e777a3ca234b.jpg/250x188.webp,2026-08-03T05:44:11.726372,0.25,7
c51c8c06-9791-4e4d-b3e4-40bd6eefe032,https://www.autoscout24.be/fr/offres/c51c8c06-9791-4e4d-b3e4-40bd6eefe032,be,BMW,x3,,BMW X3PHEV 2.0iAS xDrive30e M Pack BTW Pano Garantie!,28999,,True,2021,01-2021,125591,1,used,hybrid,135,183,1998,,,2.1,,,AWD,SUV/4x4/Pick-Up,5,5,Noir,,,,,dealer,Auto's I&M,BE-3940 Hechtel-Eksel,BE,2,https://prod.pictures.autoscout24.net/listing-images/c51c8c06-9791-4e4d-b3e4-40bd6eefe032_9792a7c1-8254-4552-bf12-2cada18a8158.jpg/250x188.webp,2026-08-03T05:44:11.726380,0.23,5
dd9589c7-0741-45b2-adda-ee742ab928d7,https://www.autoscout24.be/fr/offres/dd9589c7-0741-45b2-adda-ee742ab928d7,be,Mercedes-Benz,s 350,,Mercedes-Benz S 350S d 4MATIC,66750,,True,2021,04-2021,64935,1,used,diesel,210,285,2900,Euro 6,,6.0,,,AWD,Berline,4,5,Noir,,,,,dealer,Mercedes GMS Certified used Cars,BE-3001 Heverlee,BE,2,https://prod.pictures.autoscout24.net/listing-images/dd9589c7-0741-45b2-adda-ee742ab928d7_91762405-0792-48a7-8951-613b41d0befe.jpg/250x188.webp,2026-08-03T05:44:11.726397,1.03,5
2d7c737f-518e-47b8-bff7-c0dce2077ffd,https://www.autoscout24.be/fr/offres/2d7c737f-518e-47b8-bff7-c0dce2077ffd,be,Alpine,a110,,Alpine A110SAN REMO EDITION / 031 OF 200 / BELGIAN / 4.500,84950,,True,2023,07-2023,4502,,used,petrol,221,300,1798,Euro 6d,,6.0,,,Arrière,Coupé,2,2,Bleu,,,,,dealer,AECARS BV,BE-8870 Izegem,BE,2,https://prod.pictures.autoscout24.net/listing-images/2d7c737f-518e-47b8-bff7-c0dce2077ffd_60b1b09c-6ec8-487b-8650-d9054409a0d9.jpg/250x188.webp,2026-08-03T05:44:11.726405,18.87,3
13477970-6141-400c-80c3-7f841c313897,https://www.autoscout24.be/fr/offres/13477970-6141-400c-80c3-7f841c313897,be,Hyundai,kona,,Hyundai KONAINTUITIVE 39 kWh ***APPLE CARPLAY WIRELESS*REAR,16990,,True,2021,12-2021,64288,1,used,electric,39,53,,Euro 6d,,6.0,,,Avant,SUV/4x4/Pick-Up,5,5,Gris,,,,,dealer,Evercar,BE-4470 Saint-Georges-sur-Meuse,BE,2,https://prod.pictures.autoscout24.net/listing-images/13477970-6141-400c-80c3-7f841c313897_673dcf2f-2560-40f5-856a-d3d1bf56bd85.jpg/250x188.webp,2026-08-03T05:44:11.726413,0.26,5
1f48b550-c849-4595-8c75-e372ce96e80a,https://www.autoscout24.be/fr/offres/1f48b550-c849-4595-8c75-e372ce96e80a,be,BMW,330,,BMW 330PHEV*M-SPORT*PANO*360°CAMERA*COMFORT,27790,,True,2022,03-2022,132415,1,used,hybrid,240,326,1998,Euro 6d,,6.0,,,Arrière,Break,5,5,Bleu,,,,,dealer,Garage Brys,BE-9400 Voorde,BE,2,https://prod.pictures.autoscout24.net/listing-images/1f48b550-c849-4595-8c75-e372ce96e80a_3a53a012-30c2-44c4-8edc-77ca9b9bd755.jpg/250x188.webp,2026-08-03T05:44:11.726421,0.21,4
ad8f9cc0-8b62-4f1d-996d-bbd60501560c,https://www.autoscout24.be/fr/offres/ad8f9cc0-8b62-4f1d-996d-bbd60501560c,be,Hyundai,ioniq 6,,Hyundai IONIQ 6Ioniq 6 53 kWh Core,26950,,True,2023,12-2023,51797,1,used,electric,53,72,,,,20.0,,,Arrière,Berline,4,5,Noir,,,,,dealer,VSM Autoservice,BE-2950 Kapellen,BE,2,https://prod.pictures.autoscout24.net/listing-images/ad8f9cc0-8b62-4f1d-996d-bbd60501560c_333784fd-bb05-4b4b-a8a1-9af8322e79d6.jpg/250x188.webp,2026-08-03T05:44:11.726429,0.52,3
032ebacb-aa32-4b57-9303-4ee1f618120f,https://www.autoscout24.be/fr/offres/032ebacb-aa32-4b57-9303-4ee1f618120f,be,Mini,cooper countryman,,MINI Cooper CountrymanMINI COOPER COUNTRYMAN **BOITE AUTO**,25950,,True,2022,03-2022,32000,1,used,petrol,100,136,,,,,,,Boîte automatique,SUV/4x4/Pick-Up,5,5,Type de peintureAutres,,,,,dealer,Stylcar 2,BE-5620 Saint-Aubin,BE,2,https://prod.pictures.autoscout24.net/listing-images/032ebacb-aa32-4b57-9303-4ee1f618120f_e1781692-a6e0-47a4-a164-3c982787c21b.jpg/250x188.webp,2026-08-03T05:44:11.726437,0.81,4
d236a1ab-4c88-4030-b421-9262b363fb3e,https://www.autoscout24.be/fr/offres/d236a1ab-4c88-4030-b421-9262b363fb3e,be,BMW,x1,,BMW X1X1 PHEV 1.5iA xDrive25e OPF,19800,,True,2022,05-2022,124008,1,used,hybrid,92,125,1499,Euro 6e,,6.0,,,Boîte automatique,SUV/4x4/Pick-Up,5,5,Noir,,,,,dealer,S-Automobile,BE-1770 Liedekerke,BE,2,https://prod.pictures.autoscout24.net/listing-images/d236a1ab-4c88-4030-b421-9262b363fb3e_94608621-0851-4476-83c6-e02c9c3ec7e7.jpg/250x188.webp,2026-08-03T05:44:11.726460,0.16,4
c6ea6b28-bc8b-436a-8350-18537729cfe7,https://www.autoscout24.be/fr/offres/c6ea6b28-bc8b-436a-8350-18537729cfe7,be,Audi,q4 e-tron,,Audi Q4 e-tron40 S line l Open Pano Dak l Sportzetels l ACC,24999,,True,2021,06-2021,127914,1,used,electric,150,204,,,,447.0,,,Arrière,SUV/4x4/Pick-Up,5,5,Gris,,,,,dealer,GDCauto,BE-9620 Zottegem,BE,2,https://prod.pictures.autoscout24.net/listing-images/c6ea6b28-bc8b-436a-8350-18537729cfe7_be0f1e77-308c-4956-948d-66577c6f73bc.jpg/250x188.webp,2026-08-03T05:44:11.726469,0.2,5
ca313da3-c6bc-4b57-ad6b-7e4de5f66e64,https://www.autoscout24.be/fr/offres/ca313da3-c6bc-4b57-ad6b-7e4de5f66e64,be,Mercedes-Benz,v 300,,Mercedes-Benz V 300d 4Matic AMG-Line | Dubbele Cabine,84995,,True,2024,11-2024,40000,1,used,diesel,127,174,1950,Euro 6e,,6.0,,,AWD,Monospace,5,5,Noir,,,,,dealer,Autofest Bv,BE-8020 Oostkamp,BE,2,https://prod.pictures.autoscout24.net/listing-images/ca313da3-c6bc-4b57-ad6b-7e4de5f66e64_c0c8ad12-fda1-481a-b61f-f80498e37b64.jpg/250x188.webp,2026-08-03T05:44:11.726477,2.12,2
46e50f8c-9082-4564-91ac-d7d09b38d2cd,https://www.autoscout24.be/fr/offres/46e50f8c-9082-4564-91ac-d7d09b38d2cd,be,Hyundai,santa fe,,Hyundai SANTA FE✅2.2 CRDi 12 Maanden GARANTIE 4WD Premium,28950,,True,2021,01-2021,110000,2,used,diesel,148,201,2151,Euro 6d,,6.0,,,AWD,SUV/4x4/Pick-Up,5,5,Blanc,,,,,dealer,MBM Car Trade,BE-3600 Genk,BE,2,https://prod.pictures.autoscout24.net/listing-images/46e50f8c-9082-4564-91ac-d7d09b38d2cd_c3d84195-1e5e-4c4e-b0be-b72a4f5d036f.jpg/250x188.webp,2026-08-03T05:44:11.726485,0.26,5
182d2cfd-93b4-44ab-bd6f-3db4bceddd1c,https://www.autoscout24.be/fr/offres/182d2cfd-93b4-44ab-bd6f-3db4bceddd1c,be,Mercedes-Benz,marco polo,,Mercedes-Benz Marco Polo300d / Briljantzilver / AMG /,72950,,True,2023,01-2023,49910,1,used,diesel,176,239,1950,Euro 6d,,6.0,,,Arrière,Monospace,4,5,Argent,,,,,dealer,ElsenBergen Car Collection,BE-3200 Aarschot,BE,2,https://prod.pictures.autoscout24.net/listing-images/182d2cfd-93b4-44ab-bd6f-3db4bceddd1c_ef653426-d901-4e2b-973a-a4df1a26f79e.jpg/250x188.webp,2026-08-03T05:44:11.726493,1.46,3
e2432483-0a00-45bd-9956-a18888743ed4,https://www.autoscout24.be/fr/offres/e2432483-0a00-45bd-9956-a18888743ed4,be,Audi,q6 e-tron,,Audi Q6 e-trone-tron 100 kWh 55 Quattro S-Line / Carplay /,68990,,True,2025,02-2025,20000,1,used,electric,100,136,,Euro 5,,5.0,,,AWD,SUV/4x4/Pick-Up,5,5,Gris,,,,,dealer,Garage De Mey VW - AUDI,BE-9990 Maldegem,BE,2,https://prod.pictures.autoscout24.net/listing-images/e2432483-0a00-45bd-9956-a18888743ed4_729f41c0-e047-43ed-9c78-d8eecd9027a8.jpg/250x188.webp,2026-08-03T05:44:11.726501,3.45,1
c14182cc-6fd3-4658-8c04-4972b7ac6333,https://www.autoscout24.be/fr/offres/c14182cc-6fd3-4658-8c04-4972b7ac6333,be,Omoda,5,,Omoda 5OMODA 5 EV Premium,29900,,True,2026,06-2026,900,1,used,electric,155,210,,,,430.0,,,Avant,Berline,5,5,Gris,,,,,dealer,Van Vaerenbergh Mobility,BE-1730 Asse,BE,2,https://prod.pictures.autoscout24.net/listing-images/c14182cc-6fd3-4658-8c04-4972b7ac6333_9534b7b4-486b-47b8-ab91-76162fc6c4eb.jpg/250x188.webp,2026-08-03T05:44:11.726508,33.22,0
4fca7c6f-d1f3-4791-a6fa-7c377cd7ada2,https://www.autoscout24.be/fr/offres/4fca7c6f-d1f3-4791-a6fa-7c377cd7ada2,be,Mazda,cx-30,,Mazda,18950,,True,2021,08-2021,66544,1,used,petrol,90,122,1998,Euro 6d,,6.0,,,Avant,SUV/4x4/Pick-Up,5,5,Bleu,,,,,dealer,Garage Thomas Uyttendaele,BE-9340 Lede,BE,2,https://prod.pictures.autoscout24.net/listing-images/4fca7c6f-d1f3-4791-a6fa-7c377cd7ada2_8899c9e3-08dc-4e76-b62a-3ec6cf191dab.jpg/250x188.webp,2026-08-03T05:44:11.726517,0.28,5
fbefca82-36aa-44f6-ad7f-fda32221ce0c,https://www.autoscout24.be/fr/offres/fbefca82-36aa-44f6-ad7f-fda32221ce0c,be,BMW,x3,,BMW X320D / XLINE / PANO / TREKHK / HEAD-UP / KEYLESS,24950,,True,2021,03-2021,159102,,used,diesel,140,190,1995,Euro 6d-TEMP,,6.0,,,AWD,SUV/4x4/Pick-Up,5,5,Bleu,,,,,dealer,AUTO FRANK BV,BE-9770 Kruishoutem (Gent-Kortrijk),BE,2,https://prod.pictures.autoscout24.net/listing-images/fbefca82-36aa-44f6-ad7f-fda32221ce0c_5959df33-4305-44ba-ba44-cd9ebaba5e10.jpg/250x188.webp,2026-08-03T05:44:11.726533,0.16,5
21c7dfc6-e15b-4bf9-b25d-8a7265a8364e,https://www.autoscout24.be/fr/offres/21c7dfc6-e15b-4bf9-b25d-8a7265a8364e,be,Volkswagen,golf gte,,Volkswagen Golf GTE1.4 eHybrid PHEV DSG,24480,,True,2021,06-2021,65914,,used,hybrid,180,244,1395,Euro 6d,,6.0,,,Avant,Berline,5,5,Gris,,,,,dealer,Garage Auto-Elektro Peeters,BE-2390 Westmalle,BE,2,https://prod.pictures.autoscout24.net/listing-images/21c7dfc6-e15b-4bf9-b25d-8a7265a8364e_926696a5-4e6c-45f9-9cd2-1a45caf4adad.jpg/250x188.webp,2026-08-03T05:44:11.726540,0.37,5
f4fd4393-274e-4be8-b576-5d8f12dda376,https://www.autoscout24.be/fr/offres/f4fd4393-274e-4be8-b576-5d8f12dda376,be,Opel,grandland x,,Opel Grandland X1.6 CDTI Automaat | 1e Eigenaar | Camera |,9490,,True,2018,07-2018,167900,1,used,diesel,88,119,1560,Euro 6b,,6.0,,,Avant,SUV/4x4/Pick-Up,5,5,Noir,,,,,dealer,Drive Select,BE-2930 Brasschaat,BE,2,https://prod.pictures.autoscout24.net/listing-images/f4fd4393-274e-4be8-b576-5d8f12dda376_43110f9d-bedb-49a7-9d29-e45dc74b13f8.jpg/250x188.webp,2026-08-03T05:44:11.726548,0.06,8
466332e0-ccab-4f32-ae73-a8488c3253e5,https://www.autoscout24.be/fr/offres/466332e0-ccab-4f32-ae73-a8488c3253e5,be,Kia,sorento,,Kia Sorento1.6 T-GDI l 4WD l 7 PL l Open dak l 360° Camera,52999,,True,2025,07-2025,20300,1,used,hybrid,158,214,1598,Euro 6e,,6.0,,,AWD,SUV/4x4/Pick-Up,5,7,Gris,,,,,dealer,GDCauto,BE-9620 Zottegem,BE,2,https://prod.pictures.autoscout24.net/listing-images/466332e0-ccab-4f32-ae73-a8488c3253e5_a2cd6e66-1845-4628-9a0d-4437dfba2343.jpg/250x188.webp,2026-08-03T05:44:11.726556,2.61,1
71fd14ab-19b9-4550-ae8e-4e6b7b718cdf,https://www.autoscout24.be/fr/offres/71fd14ab-19b9-4550-ae8e-4e6b7b718cdf,be,Mercedes-Benz,cle 300,,Mercedes-Benz CLE 3004MATIC COUPE,58900,,True,2025,02-2025,25624,1,used,hybrid,190,258,1999,Euro 6d,,6.0,,,AWD,Coupé,2,4,Gris,,,,,dealer,Carrure BV,BE-8900 Ieper,BE,2,https://prod.pictures.autoscout24.net/listing-images/71fd14ab-19b9-4550-ae8e-4e6b7b718cdf_8d40436e-e9ec-4b37-9676-7994e4d35e1a.jpg/250x188.webp,2026-08-03T05:44:11.726564,2.3,1
ea731b09-17aa-4577-87f6-87e545a80493,https://www.autoscout24.be/fr/offres/ea731b09-17aa-4577-87f6-87e545a80493,be,Audi,a4,,Audi A4Avant 35 TFSI Design 3XS tronic + Full entretien +,35490,,True,2023,10-2023,49156,1,used,petrol,110,149,1984,Euro 6d,,6.0,,,Avant,Break,5,5,Gris,,,,,dealer,Transakauto Mons,BE-7000 Mons,BE,2,https://prod.pictures.autoscout24.net/listing-images/ea731b09-17aa-4577-87f6-87e545a80493_ab459de1-54c0-4121-bd8e-cebbf994345a.jpg/250x188.webp,2026-08-03T05:44:11.726572,0.72,3
59b75ad5-9a10-473d-8b4a-866bfc39cec8,https://www.autoscout24.be/fr/offres/59b75ad5-9a10-473d-8b4a-866bfc39cec8,be,Toyota,yaris,,Toyota YarisGR-FOUR / PERFORMANCE PACK / CARPLAY,45950,,True,2025,04-2025,3583,1,used,petrol,206,280,1618,Euro 6d,,6.0,,,AWD,Berline,3,4,Gris,,,,,dealer,Premium Quality Cars Poperinge,BE-8970 Poperinge,BE,2,https://prod.pictures.autoscout24.net/listing-images/59b75ad5-9a10-473d-8b4a-866bfc39cec8_d817e365-8b67-46d7-952c-a135f7bae9e3.jpg/250x188.webp,2026-08-03T05:44:11.726579,12.82,1
66f26265-aa18-4fda-91d5-1978e54d6087,https://www.autoscout24.be/fr/offres/66f26265-aa18-4fda-91d5-1978e54d6087,be,Audi,a3,,Audi A3,16500,,True,2020,03-2020,94400,2,used,petrol,85,115,999,,,,automatic,,Avant,Berline,5,5,Gris,,,,,dealer,Modena Motors,BE-8770 Ingelmunster,BE,2,https://prod.pictures.autoscout24.net/listing-images/66f26265-aa18-4fda-91d5-1978e54d6087_e7adf7d0-b7eb-4cef-a4cb-921ef57d74c2.jpg/250x188.webp,2026-08-03T05:44:11.726587,0.17,6
18d0e55d-aaa0-4ba8-b6f3-7bd1703870b9,https://www.autoscout24.be/fr/offres/18d0e55d-aaa0-4ba8-b6f3-7bd1703870b9,be,Peugeot,3008,,Peugeot 3008ALLURE,30900,,True,2025,02-2025,33849,1,used,electric,157,213,,,,512.0,,,Avant,SUV/4x4/Pick-Up,5,5,Bleu,,,,,dealer,D&O De Pril,BE-9500 Geraardsbergen,BE,2,https://prod.pictures.autoscout24.net/listing-images/18d0e55d-aaa0-4ba8-b6f3-7bd1703870b9_94d8cf9f-56a1-473f-8917-bcd747a16e01.jpg/250x188.webp,2026-08-03T05:44:11.726595,0.91,1
f06c8f5c-dcfb-4fc5-898c-6d085ff40610,https://www.autoscout24.be/fr/offres/f06c8f5c-dcfb-4fc5-898c-6d085ff40610,be,BMW,x5,,BMW X550E / SPORT-PRO / PANO / COMFTZTL / DRIV + PARK PRO /,84950,,True,2024,01-2024,17412,1,used,hybrid,360,489,2998,Euro 6e,,6.0,,,AWD,SUV/4x4/Pick-Up,5,5,Bleu,,,,,dealer,AUTO FRANK BV,BE-9770 Kruishoutem (Gent-Kortrijk),BE,2,https://prod.pictures.autoscout24.net/listing-images/f06c8f5c-dcfb-4fc5-898c-6d085ff40610_a7792a2a-d3f2-461d-8d62-4e1642cbad5b.jpg/250x188.webp,2026-08-03T05:44:11.726603,4.88,2
eafdff3d-a027-4cf5-8aa1-a1140e8ad179,https://www.autoscout24.be/fr/offres/eafdff3d-a027-4cf5-8aa1-a1140e8ad179,be,BMW,x5,,BMW X5xDrive30d MHEV - M-pack - Facelift Model - Trekhaak -,62995,,True,2023,05-2023,25789,,used,diesel,210,285,2993,Euro 6e,,6.0,,,AWD,SUV/4x4/Pick-Up,5,5,Noir,,,,,dealer,V-Motors Bvba,BE-2870 Puurs,BE,2,https://prod.pictures.autoscout24.net/listing-images/eafdff3d-a027-4cf5-8aa1-a1140e8ad179_61d70f1d-d5e9-4dd8-b5eb-b389f159cdd6.jpg/250x188.webp,2026-08-03T05:44:11.726611,2.44,3
59f7b115-b641-4ed9-affd-c7b6693c1880,https://www.autoscout24.be/fr/offres/59f7b115-b641-4ed9-affd-c7b6693c1880,be,Volkswagen,polo,,Volkswagen PoloPolo 1.0 TSI R-Line IQ LIGHT,20490,,True,2024,08-2024,9797,1,used,petrol,70,95,999,Euro 6e,,6.0,,,Avant,Berline,5,5,Gris,,,,,dealer,GP Cars,BE-4630 Soumagne,BE,2,https://prod.pictures.autoscout24.net/listing-images/59f7b115-b641-4ed9-affd-c7b6693c1880_04945654-fb9d-4c8c-b258-c814c6752a85.jpg/250x188.webp,2026-08-03T05:44:11.726618,2.09,2
fce64f3c-9fbc-4308-aaa2-cc846729a6d0,https://www.autoscout24.be/fr/offres/fce64f3c-9fbc-4308-aaa2-cc846729a6d0,be,Audi,rs3,,Audi RS3RS3 Sportback 2.5 TFSI Quattro S tronic,52998,,True,2023,05-2023,36000,1,used,petrol,294,399,2480,Euro 6d,,6.0,,,AWD,Berline,5,5,Noir,,,,,dealer,Farese Motor,BE-7140 Morlanwelz,BE,2,https://prod.pictures.autoscout24.net/listing-images/fce64f3c-9fbc-4308-aaa2-cc846729a6d0_54154568-7271-416c-bef1-9fcd43400b3f.jpg/250x188.webp,2026-08-03T05:44:11.726626,1.47,3
61b7cf39-1e0b-4013-9ddc-8f00861f4fba,https://www.autoscout24.be/fr/offres/61b7cf39-1e0b-4013-9ddc-8f00861f4fba,be,Mercedes-Benz,v 250,,"Mercedes-Benz V 250L3, LEDER, 360°, SPORTSTOEL, ADAPTIEVE",66990,,True,2024,05-2024,39397,1,used,diesel,140,190,1950,Euro 6d-TEMP,,6.0,,,Arrière,Monospace,5,7,Gris,,,,,dealer,AB Auto NV,BE-2580 Putte,BE,2,https://prod.pictures.autoscout24.net/listing-images/61b7cf39-1e0b-4013-9ddc-8f00861f4fba_7dfb408a-00f0-4536-a0f9-8caef69c61ee.jpg/250x188.webp,2026-08-03T05:44:11.726635,1.7,2
fd91de4b-269c-44fd-996a-8c33acd39c16,https://www.autoscout24.be/fr/offres/fd91de4b-269c-44fd-996a-8c33acd39c16,be,Jaguar,i-pace,,Jaguar I-Pace90 kWh EV400 SE + Pack carbone limite +,23490,,True,2019,09-2019,44382,2,used,electric,90,122,,Euro 6,,6.0,,,AWD,SUV/4x4/Pick-Up,5,5,Gris,,,,,dealer,Transakauto Mons,BE-7000 Mons,BE,2,https://prod.pictures.autoscout24.net/listing-images/fd91de4b-269c-44fd-996a-8c33acd39c16_cb79e65f-29f6-4b7d-a1b4-cc25adbc5e9c.jpg/250x188.webp,2026-08-03T05:44:11.726642,0.53,7
b339f7ed-ab7c-431c-ab41-18904189e4d5,https://www.autoscout24.be/fr/offres/b339f7ed-ab7c-431c-ab41-18904189e4d5,be,Peugeot,3008,,"Peugeot 30081.5 BlueHDi 131CV GT-LiNE"" !!47.859KM!! ViRTUAL",18900,,True,2022,09-2022,47859,1,used,diesel,96,131,1499,Euro 6d-TEMP,,6.0,,,Avant,SUV/4x4/Pick-Up,5,5,Blanc,,,,,dealer,Mega Motors,BE-6220 Fleurus,BE,2,https://prod.pictures.autoscout24.net/listing-images/b339f7ed-ab7c-431c-ab41-18904189e4d5_262d314b-7ccb-4e02-b5d7-4d1d9951f218.jpg/250x188.webp,2026-08-03T05:44:11.726650,0.39,4
54950cab-23b4-4bbc-9c29-efe834286a64,https://www.autoscout24.be/fr/offres/54950cab-23b4-4bbc-9c29-efe834286a64,be,Cupra,formentor,,CUPRA Formentore-Hybrid 1.5 272CH(GRANDE BATTERIE),44950,,True,2026,02-2026,3409,1,used,hybrid,199,272,1498,Euro 6e,,6.0,,,Avant,SUV/4x4/Pick-Up,5,5,Blanc,,,,,dealer,Gotta Premium Cars,BE-4600 Vise,BE,2,https://prod.pictures.autoscout24.net/listing-images/54950cab-23b4-4bbc-9c29-efe834286a64_162777b1-d1b1-4f65-8456-41937f7a04bf.jpg/250x188.webp,2026-08-03T05:44:11.726657,13.19,0
0176e3fa-c6e6-4192-9b2a-bdba65802022,https://www.autoscout24.be/fr/offres/0176e3fa-c6e6-4192-9b2a-bdba65802022,be,Toyota,rav 4,,Toyota RAV 42.5 PHEV Dynamic Plus e-CVT AWD-i | SOH 100%,29895,,True,2021,04-2021,81296,1,used,hybrid,165,225,2500,Euro 6,,6.0,,,AWD,SUV/4x4/Pick-Up,5,5,Noir,,,,,dealer,Van Mossel Used Cars Center Hasselt,BE-3500 Hasselt,BE,2,https://prod.pictures.autoscout24.net/listing-images/0176e3fa-c6e6-4192-9b2a-bdba65802022_36358b5f-7748-4aa6-8310-b73629e794d2.jpg/250x188.webp,2026-08-03T05:44:11.726666,0.37,5
c523076c-b288-491e-bdac-bd7e70a5a5e7,https://www.autoscout24.be/fr/offres/c523076c-b288-491e-bdac-bd7e70a5a5e7,be,Ds Automobiles,ds 3 crossback,,DS Automobiles DS 3 CrossbackDS 3 CROSSBACK 1.5 BlueHDi,11990,,True,2022,05-2022,169018,1,used,diesel,96,130,1499,Euro 6d-TEMP,,6.0,,,Avant,SUV/4x4/Pick-Up,5,5,Gris,,,,,dealer,Vf Motors,BE-6280 Gerpinnes,BE,2,https://prod.pictures.autoscout24.net/listing-images/c523076c-b288-491e-bdac-bd7e70a5a5e7_1c1f05f6-7ab2-49d1-9f62-f9ec20439b6e.jpg/250x188.webp,2026-08-03T05:44:11.726674,0.07,4
03b8c615-9304-4ba5-84eb-91e974d958e4,https://www.autoscout24.be/fr/offres/03b8c615-9304-4ba5-84eb-91e974d958e4,be,Peugeot,5008,,Peugeot 50081.2 PureTech | MARCHAND UNIQUEMENT | 7 PLACES |,9990,,True,2020,03-2020,96000,,used,petrol,70,96,1199,,,2120.0,,,Avant,Monospace,5,7,Noir,,,,,dealer,Auto Selection Fosses,BE-5070 Sart-Eustache (Fosse-la-Ville),BE,2,https://prod.pictures.autoscout24.net/listing-images/03b8c615-9304-4ba5-84eb-91e974d958e4_78e90773-ddf0-4363-ae1a-4768baae1a09.jpg/250x188.webp,2026-08-03T05:44:11.726682,0.1,6
6c70c828-1453-4ab9-a025-45028a3b767a,https://www.autoscout24.be/fr/offres/6c70c828-1453-4ab9-a025-45028a3b767a,be,Audi,e-tron,,Audi e-tron50 Quattro ** B&O | Keyless | Camera,29990,,True,2022,10-2022,39199,1,used,electric,230,312,,,,300.0,,,AWD,SUV/4x4/Pick-Up,5,5,Noir,,,,,dealer,Auto's Verschueren NV,BE-2830 Willebroek,BE,2,https://prod.pictures.autoscout24.net/listing-images/6c70c828-1453-4ab9-a025-45028a3b767a_a088e2f5-0308-4b78-be0c-30aa33430749.jpg/250x188.webp,2026-08-03T05:44:11.726691,0.77,4
fa756bdd-7564-4438-90e9-37322ae25dee,https://www.autoscout24.be/fr/offres/fa756bdd-7564-4438-90e9-37322ae25dee,be,BMW,120,,BMW 120GARANTIE - B48 - PACK M - SHADOWLINE - BOITE,20990,,True,2018,06-2018,84990,2,used,petrol,135,183,1998,Euro 6d,,6.0,,,Arrière,Berline,5,5,Noir,,,,,dealer,Slo-Belgium SPRL,BE-1160 Auderghem,BE,2,https://prod.pictures.autoscout24.net/listing-images/fa756bdd-7564-4438-90e9-37322ae25dee_ec768d8a-6853-4258-80a2-40bb0c2af323.jpg/250x188.webp,2026-08-03T05:44:11.726699,0.25,8
42b9962f-03b4-4316-9588-65e7a9b322de,https://www.autoscout24.be/fr/offres/42b9962f-03b4-4316-9588-65e7a9b322de,be,Volvo,ex30,,"Volvo EX30Single Motor Extended Range Core B.Ed. | SoH 98,94",31895,,True,2024,05-2024,12432,1,used,electric,200,272,,Euro 6,,6.0,,,Arrière,SUV/4x4/Pick-Up,5,5,Noir,,,,,dealer,Van Mossel Used Cars Center Hasselt,BE-3500 Hasselt,BE,2,https://prod.pictures.autoscout24.net/listing-images/42b9962f-03b4-4316-9588-65e7a9b322de_e54e6798-f1dc-454b-b035-046a31212240.jpg/250x188.webp,2026-08-03T05:44:11.726708,2.57,2
68b47d7a-6845-454b-a17a-85e453ff1f63,https://www.autoscout24.be/fr/offres/68b47d7a-6845-454b-a17a-85e453ff1f63,be,Peugeot,2008,,Peugeot 2008Allure - CARPLAY - PDC,16980,,True,2024,09-2024,20436,1,used,petrol,74,100,1199,Euro 6,,6.0,,,Avant,SUV/4x4/Pick-Up,5,5,Gris,,,,,dealer,VDC Car Péruwelz,BE-7600 Peruwelz,BE,2,https://prod.pictures.autoscout24.net/listing-images/68b47d7a-6845-454b-a17a-85e453ff1f63_9aeb07f7-4adc-42ad-8bad-f5b4f4b68fd0.jpg/250x188.webp,2026-08-03T05:44:11.726717,0.83,2
c0f149e7-fe61-4be8-a526-23abe749ee4d,https://www.autoscout24.be/fr/offres/c0f149e7-fe61-4be8-a526-23abe749ee4d,be,Land Rover,range rover sport,,Land Rover Range Rover SportRange Rover Sport 3.0 TDV6 HSE,36950,,True,2018,06-2018,108950,,used,diesel,190,258,2993,Euro 6b,,6.0,,,Boîte automatique,SUV/4x4/Pick-Up,5,5,Noir,,,,,dealer,Fast cars bv,BE-8520 KUURNE,BE,2,https://prod.pictures.autoscout24.net/listing-images/c0f149e7-fe61-4be8-a526-23abe749ee4d_2e519154-c7ea-4191-8368-c5207245463a.jpg/250x188.webp,2026-08-03T05:44:11.726725,0.34,8
afafc46e-4879-4fc5-94bc-9b648da25bf1,https://www.autoscout24.be/fr/offres/afafc46e-4879-4fc5-94bc-9b648da25bf1,be,Porsche,taycan,,Porsche TaycanFace Lift Perf Batt+,79900,,True,2024,09-2024,24900,1,used,electric,235,320,,Euro 6e,,6.0,,,Arrière,Berline,4,5,Dolomite Silver,,,,,dealer,MAC-AUTOMOTIVE,BE-2950 Kapellen,BE,2,https://prod.pictures.autoscout24.net/listing-images/afafc46e-4879-4fc5-94bc-9b648da25bf1_18217620-f467-413a-a24c-dd3599804c8b.jpg/250x188.webp,2026-08-03T05:44:11.726733,3.21,2
e78f9da8-18ff-4c14-9c78-90f12c030e1e,https://www.autoscout24.be/fr/offres/e78f9da8-18ff-4c14-9c78-90f12c030e1e,be,Volkswagen,tiguan allspace,,Volkswagen Tiguan Allspace2.0 TDi DSG (Euro 6d) + Highline,25990,,True,2021,10-2021,129422,1,used,diesel,110,149,1968,Euro 6d,,6.0,,,Avant,SUV/4x4/Pick-Up,5,7,Noir,,,,,dealer,Dewilde Motor & Co,BE-1070 Anderlecht,BE,2,https://prod.pictures.autoscout24.net/listing-images/e78f9da8-18ff-4c14-9c78-90f12c030e1e_6c22ecc4-ca41-4b82-b934-c941243ba2b5.jpg/250x188.webp,2026-08-03T05:44:11.726740,0.2,5
70a54c36-72cb-4c33-8fde-9c41d7efabd6,https://www.autoscout24.be/fr/offres/70a54c36-72cb-4c33-8fde-9c41d7efabd6,be,Opel,corsa,,Opel CorsaElegance 1.2 ** Cruise | Navi,11990,,True,2023,06-2023,12283,,used,petrol,55,74,1199,Euro 6,,6.0,,,Avant,Citadine,5,5,Gris,,,,,dealer,Auto's Verschueren NV,BE-2830 Willebroek,BE,2,https://prod.pictures.autoscout24.net/listing-images/70a54c36-72cb-4c33-8fde-9c41d7efabd6_e99d7621-040c-4a55-9a86-793e0004e0ac.jpg/250x188.webp,2026-08-03T05:44:11.726794,0.98,3
735d5bb9-6f52-43a4-bc6a-671f5af8512e,https://www.autoscout24.be/fr/offres/735d5bb9-6f52-43a4-bc6a-671f5af8512e,be,Mercedes-Benz,gle 300,,Mercedes-Benz GLE 300d 4MATIC AMG Pack Night Airmatic,53890,,True,2021,06-2021,98488,,used,diesel,180,244,1950,Euro 6,,6.0,,,AWD,SUV/4x4/Pick-Up,5,5,Bleu,,,,,dealer,SAGA Charleroi,BE-6240 Farciennes,BE,2,https://prod.pictures.autoscout24.net/listing-images/735d5bb9-6f52-43a4-bc6a-671f5af8512e_e4b6cb14-1f39-44fe-afc1-f1690f8ebd6e.jpg/250x188.webp,2026-08-03T05:44:11.726804,0.55,5
df925f3c-8160-4d61-bd5c-31d7fe386ec7,https://www.autoscout24.be/fr/offres/df925f3c-8160-4d61-bd5c-31d7fe386ec7,be,BMW,320,,BMW 320e*PHEV*M-SPORT,41450,,True,2024,08-2024,32896,,used,hybrid,110,150,1998,,,1.4,automatic,,Arrière,Berline,4,5,Type de peintureAutresIntérieurAutres,,,,,dealer,FALCOMOTIVE,BE-3800 Sint-Truiden,BE,2,https://prod.pictures.autoscout24.net/listing-images/df925f3c-8160-4d61-bd5c-31d7fe386ec7_55a82a56-b260-4ef7-9925-1b889ff00742.jpg/250x188.webp,2026-08-03T05:44:11.726812,1.26,2
e2961c2a-469c-4377-a709-e1d539b5ea7c,https://www.autoscout24.be/fr/offres/e2961c2a-469c-4377-a709-e1d539b5ea7c,be,BMW,x3,,BMW X330 E - VERWARMD STUUR EN ZETELS,23995,,True,2020,12-2020,126875,1,used,hybrid,200,272,,Euro 6d,,6.0,,,AWD,SUV/4x4/Pick-Up,5,5,Noir,,,,,dealer,DR Motors,BE-8000 Brugge,BE,2,https://prod.pictures.autoscout24.net/listing-images/e2961c2a-469c-4377-a709-e1d539b5ea7c_af6531f0-d0ef-4c78-81d5-0811c7414148.jpg/250x188.webp,2026-08-03T05:44:11.726819,0.19,6
c3e94af1-a84e-426c-935a-f5ab66c89bf9,https://www.autoscout24.be/fr/offres/c3e94af1-a84e-426c-935a-f5ab66c89bf9,be,Skoda,kodiaq,,Skoda Kodiaq1.5tsi Aut. Ambition Carplay | LED | CAMERA,26950,,True,2023,04-2023,29781,1,used,petrol,110,149,1498,Euro 6d,,6.0,,,Avant,SUV/4x4/Pick-Up,4,5,Noir,,,,,dealer,Auto Stroo,BE-8340 Moerkerke (N49 Knokke - Maldegem),BE,2,https://prod.pictures.autoscout24.net/listing-images/c3e94af1-a84e-426c-935a-f5ab66c89bf9_7bd45ec6-bc42-4812-a62e-e2f37f703725.jpg/250x188.webp,2026-08-03T05:44:11.726827,0.9,3
8619734a-2196-441f-bfd8-a057db62403a,https://www.autoscout24.be/fr/offres/8619734a-2196-441f-bfd8-a057db62403a,be,Volkswagen,golf gte,,Volkswagen Golf GTEVIII Plug-in hybride - Garantie,23995,,True,2021,11-2021,71000,1,used,hybrid,180,244,1395,Euro 6,,6.0,,,Avant,Berline,5,5,Gris,,,,,dealer,Autofest Bv,BE-8020 Oostkamp,BE,2,https://prod.pictures.autoscout24.net/listing-images/8619734a-2196-441f-bfd8-a057db62403a_c9be4648-f3b3-4750-b131-ad550d09b8cf.jpg/250x188.webp,2026-08-03T05:44:11.726835,0.34,5
225d7d0a-aa9e-48ea-8c57-949d3aaafcf1,https://www.autoscout24.be/fr/offres/225d7d0a-aa9e-48ea-8c57-949d3aaafcf1,be,Volkswagen,amarok,,Volkswagen Amarok3.0 V6 TDi 4Motion TENERE | ROLL TOP |,39885,,True,2021,01-2021,71000,1,used,diesel,190,258,3000,Euro 6,,6.0,,,AWD,SUV/4x4/Pick-Up,4,,Noir,,,,,dealer,PPS-MOTORS,BE-9940 Evergem,BE,2,https://prod.pictures.autoscout24.net/listing-images/225d7d0a-aa9e-48ea-8c57-949d3aaafcf1_6efba27a-730d-41a9-9de1-79dae09fdec0.jpg/250x188.webp,2026-08-03T05:44:11.726843,0.56,5
4eff473e-0ba8-4526-91db-54aa5909f293,https://www.autoscout24.be/fr/offres/4eff473e-0ba8-4526-91db-54aa5909f293,be,Mercedes-Benz,c 200,,"Mercedes-Benz C 200COUPE AMG, LEDER, APPLE CARPLAY",30990,,True,2021,06-2021,64800,1,used,petrol,135,183,1497,Euro 6d,,6.0,,,Arrière,Coupé,2,4,Gris,,,,,dealer,AB Auto NV,BE-2580 Putte,BE,2,https://prod.pictures.autoscout24.net/listing-images/4eff473e-0ba8-4526-91db-54aa5909f293_daa237aa-9616-4351-990e-05eeec0cc50d.jpg/250x188.webp,2026-08-03T05:44:11.726851,0.48,5
81b0aadf-c466-4b20-aeef-4967dbf6ec4f,https://www.autoscout24.be/fr/offres/81b0aadf-c466-4b20-aeef-4967dbf6ec4f,be,BMW,430,,BMW 430MPACKPRO|360CAM|DASS|COMFORT|DAB||CARPLAY,38950,,True,2021,04-2021,36322,1,used,petrol,190,258,1998,Euro 6d-TEMP,,6.0,,,Arrière,Coupé,2,4,Bleu,,,,,dealer,BMW Gregoir Dendermonde,BE-9200 Dendermonde-Appels,BE,2,https://prod.pictures.autoscout24.net/listing-images/81b0aadf-c466-4b20-aeef-4967dbf6ec4f_964f8a74-e8d4-4dc0-b8ae-e148015d7d52.jpg/250x188.webp,2026-08-03T05:44:11.726858,1.07,5
51cdc9b5-b74c-44d9-b0a2-14cd69bc3cbd,https://www.autoscout24.be/fr/offres/51cdc9b5-b74c-44d9-b0a2-14cd69bc3cbd,be,Audi,rs q3,,Audi RS Q3✖ SPORTBACK | BRAND NEW CONDITION | CARBON PACK |,54950,,True,2020,07-2020,18000,1,used,petrol,294,399,2480,Euro 6d,,6.0,,,AWD,SUV/4x4/Pick-Up,5,5,Vert,,,,,dealer,,BE-4801 Stembert,BE,1,https://prod.pictures.autoscout24.net/listing-images/51cdc9b5-b74c-44d9-b0a2-14cd69bc3cbd_0330b6dd-2f01-4dbd-91b6-e5b85ebe4199.jpg/250x188.webp,2026-08-03T05:44:11.726866,3.05,6
7c7605d7-5d2c-4cd3-975b-c4e5007af8ef,https://www.autoscout24.be/fr/offres/7c7605d7-5d2c-4cd3-975b-c4e5007af8ef,be,Kia,sportage,,Kia Sportage! RÉSERVÉE ! RÉSERVÉE ! RÉSERVÉE !,11990,,True,2020,09-2020,125950,1,used,petrol,97,131,1591,Euro 6d,,6.0,,,Avant,SUV/4x4/Pick-Up,5,5,Gris,,,,,dealer,Garage Santo,BE-7080 Frameries - Mons,BE,2,https://prod.pictures.autoscout24.net/listing-images/7c7605d7-5d2c-4cd3-975b-c4e5007af8ef_02a92b62-5ff6-4e83-a317-9dff9c385ba8.jpg/250x188.webp,2026-08-03T05:44:11.726874,0.1,6
9b5f18cb-77e3-4ac4-a263-6ebebbf3b64d,https://www.autoscout24.be/fr/offres/9b5f18cb-77e3-4ac4-a263-6ebebbf3b64d,be,Mercedes-Benz,glc 200,,Mercedes-Benz GLC 2004MATIC AMG Line,38950,,True,2022,04-2022,60693,1,used,petrol,145,197,1991,Euro 6,,6.0,,,AWD,SUV/4x4/Pick-Up,5,5,Noir,,,,,dealer,Mercedes GMS Tienen,BE-3300 Tienen,BE,2,https://prod.pictures.autoscout24.net/listing-images/9b5f18cb-77e3-4ac4-a263-6ebebbf3b64d_25393eaf-ce18-402d-9d50-5af87affd041.jpg/250x188.webp,2026-08-03T05:44:11.726882,0.64,4
6cb5b3b6-9718-4626-b6fc-736a4146cce9,https://www.autoscout24.be/fr/offres/6cb5b3b6-9718-4626-b6fc-736a4146cce9,be,Audi,q3,,Audi Q345 TFSIe*PHEV*S-TRONIC*S-LINE*SPORTBACK,29980,,True,2022,05-2022,96584,1,used,hybrid,180,244,1395,Euro 6,,6.0,,,Avant,SUV/4x4/Pick-Up,5,5,Blanc,,,,,dealer,FALCOMOTIVE,BE-3800 Sint-Truiden,BE,2,https://prod.pictures.autoscout24.net/listing-images/6cb5b3b6-9718-4626-b6fc-736a4146cce9_9f95ae54-86a8-489c-8d16-ad14c3d43b25.jpg/250x188.webp,2026-08-03T05:44:11.726890,0.31,4
36a54b7d-cd59-485d-aa78-5572b044535b,https://www.autoscout24.be/fr/offres/36a54b7d-cd59-485d-aa78-5572b044535b,be,Volkswagen,golf,,Volkswagen GolfGolf 1.5 TGI BM,11999,,True,2019,11-2019,99000,,used,petrol,96,130,1498,Euro 6d,,6.0,,,Avant,Berline,5,5,Gris,,,,,dealer,Belgium Car Trading,BE-9140 Temse,BE,2,https://prod.pictures.autoscout24.net/listing-images/36a54b7d-cd59-485d-aa78-5572b044535b_7fd1e7c5-3cbe-4f6c-a1eb-e4734d513d44.jpg/250x188.webp,2026-08-03T05:44:11.726898,0.12,7
4ea184b3-a766-4825-b7ea-42fa1504212b,https://www.autoscout24.be/fr/offres/4ea184b3-a766-4825-b7ea-42fa1504212b,be,BMW,320,,BMW 320i,26750,,True,2020,02-2020,77197,1,used,petrol,135,183,1998,Euro 6,,6.0,,,Arrière,Berline,4,5,Gris,,,,,dealer,FALCOMOTIVE,BE-3800 Sint-Truiden,BE,2,https://prod.pictures.autoscout24.net/listing-images/4ea184b3-a766-4825-b7ea-42fa1504212b_e1d69657-09e3-4299-ad81-c38747502abc.jpg/250x188.webp,2026-08-03T05:44:11.726906,0.35,6
af5ff740-c9c4-437e-a692-4a1f5a8f1ba2,https://www.autoscout24.be/fr/offres/af5ff740-c9c4-437e-a692-4a1f5a8f1ba2,be,Cupra,formentor,,CUPRA Formentor1.5 eTSI MHEV Business DSG**1ste,30995,,True,2025,03-2025,20854,1,used,hybrid,80,110,1498,Euro 6e,,6.0,,,Avant,SUV/4x4/Pick-Up,5,5,Fjord blauw,,,,,dealer,Kelly's Cars,BE-9041 Oostakker,BE,2,https://prod.pictures.autoscout24.net/listing-images/af5ff740-c9c4-437e-a692-4a1f5a8f1ba2_1b1a64c9-2666-4dfb-a3d4-01281bd0c5ef.jpg/250x188.webp,2026-08-03T05:44:11.726913,1.49,1
647000c5-7e8e-4d77-a530-fd9237a0004a,https://www.autoscout24.be/fr/offres/647000c5-7e8e-4d77-a530-fd9237a0004a,be,Audi,e-tron,,Audi e-tron55 Sportback Quattro S-Line ‘Black Edition’,44995,,True,2023,02-2023,32000,1,used,electric,220,300,,Euro 6,,6.0,,,AWD,SUV/4x4/Pick-Up,5,5,Gris,,,,,dealer,Autofest Bv,BE-8020 Oostkamp,BE,2,https://prod.pictures.autoscout24.net/listing-images/647000c5-7e8e-4d77-a530-fd9237a0004a_a245b253-0b9e-4de5-96a6-7061134f1652.jpg/250x188.webp,2026-08-03T05:44:11.726921,1.41,3
b1a52af7-42bc-4f53-80f0-dba40865d514,https://www.autoscout24.be/fr/offres/b1a52af7-42bc-4f53-80f0-dba40865d514,be,Xpeng,g9,,Xpeng G998 kWh AWD Performance ***PREMIUM COMFORT*360,58990,,True,2024,06-2024,12040,,used,electric,98,133,,Euro 6d,,6.0,,,AWD,SUV/4x4/Pick-Up,5,5,Vert,,,,,dealer,Evercar,BE-4470 Saint-Georges-sur-Meuse,BE,2,https://prod.pictures.autoscout24.net/listing-images/b1a52af7-42bc-4f53-80f0-dba40865d514_f71949b0-dec2-4283-9d6a-c233122f95ad.jpg/250x188.webp,2026-08-03T05:44:11.726929,4.9,2
6a94c9e8-f99e-47ba-868b-e895089da643,https://www.autoscout24.be/fr/offres/6a94c9e8-f99e-47ba-868b-e895089da643,be,Audi,rs q3,,Audi RS Q3Sportback 2.5 TFSI 400pk/ Quattro S-Tronic /,45990,,True,2020,10-2020,77280,2,used,petrol,294,399,2480,Euro 6d,,6.0,automatic,,AWD,SUV/4x4/Pick-Up,5,5,Rouge,,,,,dealer,Autohandel  Loosveld,BE-8870 Izegem,BE,2,https://prod.pictures.autoscout24.net/listing-images/6a94c9e8-f99e-47ba-868b-e895089da643_21e462a5-3582-4352-813b-ec072451fe3c.jpg/250x188.webp,2026-08-03T05:44:11.726937,0.6,6
5cb57fbf-1507-4889-9b43-ecf6bbf681b6,https://www.autoscout24.be/fr/offres/5cb57fbf-1507-4889-9b43-ecf6bbf681b6,be,Mercedes-Benz,a 180,,Mercedes-Benz A 180d *GPS MBUX*SG CHAUFF,16990,,True,2020,11-2020,65642,1,used,diesel,62,85,1461,Euro 6d,,6.0,,,Avant,Berline,5,5,Gris,,,,,dealer,Mon Occasion,BE-4000 Liège,BE,2,https://prod.pictures.autoscout24.net/listing-images/5cb57fbf-1507-4889-9b43-ecf6bbf681b6_a9a2f8e7-4057-41be-9f3e-84f57aed9dd9.jpg/250x188.webp,2026-08-03T05:44:11.726945,0.26,6
b7762e85-73a0-4fb9-907e-e4694d7a4bf5,https://www.autoscout24.be/fr/offres/b7762e85-73a0-4fb9-907e-e4694d7a4bf5,be,Audi,a6,,Audi A6Avant 50 TFSIe Quattro S Line Pano Trekhaak Shadow,54990,,True,2024,05-2024,28701,,used,hybrid,220,299,1984,Euro 6e,,6.0,,,AWD,Break,5,5,Chronosgrijs,,,,,dealer,Lampe Interesting Cars,BE-8830 Gits,BE,2,https://prod.pictures.autoscout24.net/listing-images/b7762e85-73a0-4fb9-907e-e4694d7a4bf5_1068a882-9600-4fff-8f0f-2fccc4f66a1c.jpg/250x188.webp,2026-08-03T05:44:11.726952,1.92,2
758e30a3-23ee-419f-aeac-2121bb04a157,https://www.autoscout24.be/fr/offres/758e30a3-23ee-419f-aeac-2121bb04a157,be,Mercedes-Benz,eqe suv,,Mercedes-Benz EQE SUVEQE 500 - 4MATIC - AMG Line - AIRMATIC,56995,,True,2023,10-2023,46360,1,used,electric,220,300,,,,20.0,,,AWD,SUV/4x4/Pick-Up,5,5,Argent,,,,,dealer,V-Motors Bvba,BE-2870 Puurs,BE,2,https://prod.pictures.autoscout24.net/listing-images/758e30a3-23ee-419f-aeac-2121bb04a157_298509f3-e61f-4b3a-965a-eaea9cbfb671.jpg/250x188.webp,2026-08-03T05:44:11.726959,1.23,3
2dd5d3cf-eac1-4738-a691-bcb8902007e5,https://www.autoscout24.be/fr/offres/2dd5d3cf-eac1-4738-a691-bcb8902007e5,be,Volkswagen,t-roc,,Volkswagen T-Roc1er Proprio * CarPlay * Navi * Caméra *,14900,,True,2018,05-2018,124000,1,used,petrol,110,149,1498,Euro 6c,,6.0,,,AWD,SUV/4x4/Pick-Up,5,5,Gris,,,,,dealer,MBS Automobile sprl,BE-4040 Herstal,BE,2,https://prod.pictures.autoscout24.net/listing-images/2dd5d3cf-eac1-4738-a691-bcb8902007e5_7779383a-3a7b-4926-b314-70136ed7a5d5.jpg/250x188.webp,2026-08-03T05:44:11.726968,0.12,8
7e6429e1-21db-4b0c-8872-55fb4f0b067b,https://www.autoscout24.be/fr/offres/7e6429e1-21db-4b0c-8872-55fb4f0b067b,be,Maserati,ghibli,,Maserati Ghibli3.0 V6 GranSport * Camera * Sportuitlaat *,36995,,True,2019,05-2019,60198,1,used,petrol,257,349,2979,Euro 6d,,6.0,,,Arrière,Berline,4,5,Noir,,,,,dealer,Vanlerberghe Premium Cars,BE-8800 Roeselare,BE,2,https://prod.pictures.autoscout24.net/listing-images/7e6429e1-21db-4b0c-8872-55fb4f0b067b_ebd45d04-daf8-4c8d-9f17-89690925068f.jpg/250x188.webp,2026-08-03T05:44:11.726975,0.61,7
a6d8ebc3-0cdb-44c6-b6ad-cdd8a0100214,https://www.autoscout24.be/fr/offres/a6d8ebc3-0cdb-44c6-b6ad-cdd8a0100214,be,Hyundai,i30,,Hyundai i302.0i N Performance 2022 Maxton kit Pano Garantie!,29999,,True,2022,05-2022,70520,,used,petrol,206,280,1998,,,,,,Avant,Coupé,5,5,Gris,,,,,dealer,Auto's I&M,BE-3940 Hechtel-Eksel,BE,2,https://prod.pictures.autoscout24.net/listing-images/a6d8ebc3-0cdb-44c6-b6ad-cdd8a0100214_af531ff2-db8f-45e8-9df8-b29f78b6ea2e.jpg/250x188.webp,2026-08-03T05:44:11.726983,0.43,4
0c344095-ae2c-46ef-b31c-a9050bfb5346,https://www.autoscout24.be/fr/offres/0c344095-ae2c-46ef-b31c-a9050bfb5346,be,BMW,116,,BMW 116i * PACK M PERFORMANCE * GARANTIE 12 MOIS * 1ER PROP,23990,,True,2023,03-2023,37484,1,used,petrol,80,108,1499,Euro 6e,,6.0,,,Boîte manuelle,Berline,5,5,Noir,,,,,dealer,Ab Cars,BE-4040 Herstal,BE,2,https://prod.pictures.autoscout24.net/listing-images/0c344095-ae2c-46ef-b31c-a9050bfb5346_c9de837b-e612-4887-abed-2ef69d74fdd6.jpg/250x188.webp,2026-08-03T05:44:11.726991,0.64,3
f9b54aa7-6bb1-4931-8146-9331bd66c38a,https://www.autoscout24.be/fr/offres/f9b54aa7-6bb1-4931-8146-9331bd66c38a,be,BMW,330,,BMW 330PHEV*M-PACK*PANO*TREKHAAK*COMFORT TOEGANG,29900,,True,2022,10-2022,115807,1,used,hybrid,245,333,1998,Euro 6e,,6.0,,,Arrière,Break,5,5,Blanc,,,,,dealer,Garage Brys,BE-9400 Voorde,BE,2,https://prod.pictures.autoscout24.net/listing-images/f9b54aa7-6bb1-4931-8146-9331bd66c38a_108ac502-389b-4d8c-b91c-c5d51a1d8c16.jpg/250x188.webp,2026-08-03T05:44:11.726999,0.26,4
4b794529-8358-4e5c-95b8-7ca78b11391d,https://www.autoscout24.be/fr/offres/4b794529-8358-4e5c-95b8-7ca78b11391d,be,Land Rover,defender,,Land Rover Defender110 D250 S CanvasVouwdak BlackPack,54990,,True,2022,09-2022,77961,,used,diesel,184,250,2996,Euro 6d,,6.0,,,AWD,SUV/4x4/Pick-Up,5,5,Gris,,,,,dealer,Lampe Interesting Cars,BE-8830 Gits,BE,2,https://prod.pictures.autoscout24.net/listing-images/4b794529-8358-4e5c-95b8-7ca78b11391d_1f6ece40-3e30-44c9-80e3-328e40bceeaa.jpg/250x188.webp,2026-08-03T05:44:11.727007,0.71,4
986f525f-7d9d-43a3-8b44-055b7a047609,https://www.autoscout24.be/fr/offres/986f525f-7d9d-43a3-8b44-055b7a047609,be,Volkswagen,grand california,,Volkswagen Grand CaliforniaVW Grand California - Model 2026,76200,,True,2026,01-2026,6060,1,used,diesel,120,163,,Euro 6,,6.0,,,Avant,Autres,4,4,Blanc,,,,,dealer,ViaVie,BE-3090 Overijse,BE,2,https://prod.pictures.autoscout24.net/listing-images/986f525f-7d9d-43a3-8b44-055b7a047609_a104b0f1-520b-4e2b-9e14-0d375d4749c3.jpg/250x188.webp,2026-08-03T05:44:11.727015,12.57,0
b956cc42-cf57-46a1-b9e8-a8e2e4c27cfe,https://www.autoscout24.be/fr/offres/b956cc42-cf57-46a1-b9e8-a8e2e4c27cfe,be,Citroen,c5 aircross,,Citroen C5 AircrossFeel HDI 130,11990,,True,2019,08-2019,109771,1,used,diesel,96,130,1499,Euro 6d-TEMP,,6.0,,,Avant,SUV/4x4/Pick-Up,5,5,Gris,,,,,dealer,GVOTREAUTO Tournai 2,BE-7500 Tournai,BE,2,https://prod.pictures.autoscout24.net/listing-images/b956cc42-cf57-46a1-b9e8-a8e2e4c27cfe_6b9bfac1-ec4a-44ac-acb0-318cfc8d13ab.jpg/250x188.webp,2026-08-03T05:44:11.727024,0.11,7
34a57072-4026-4953-9e4e-6faa8fc85153,https://www.autoscout24.be/fr/offres/34a57072-4026-4953-9e4e-6faa8fc85153,be,Mercedes-Benz,a 200,,"Mercedes-Benz A 200A200,AMG PACK,Slechts 28000",24999,,True,2020,03-2020,28027,,used,petrol,88,120,1332,Euro 6d,,6.0,,,Avant,Berline,5,5,Noir,,,,,dealer,Knokke Cars bv,BE-8300 Knokke-Heist,BE,2,https://prod.pictures.autoscout24.net/listing-images/34a57072-4026-4953-9e4e-6faa8fc85153_1c5c3187-1a25-4736-b1c6-73ee81e0a28b.jpg/250x188.webp,2026-08-03T05:44:11.727032,0.89,6
31f453d8-77f3-426f-92c8-8b6931698e6b,https://www.autoscout24.be/fr/offres/31f453d8-77f3-426f-92c8-8b6931698e6b,be,Audi,rs3,,Audi RS3RS3 Sportback 2.5 TFSI Quattro-Pano-Sonos-Dodehoek,67995,,True,2026,05-2026,57,1,new,petrol,294,399,2480,Euro 6e,,6.0,,,AWD,Berline,5,5,Gris,,,,,dealer,VIAR-MOTORS,BE-8890 Dadizele,BE,2,https://prod.pictures.autoscout24.net/listing-images/31f453d8-77f3-426f-92c8-8b6931698e6b_9f3ec4ee-ef47-446f-9242-e75df8769ce8.jpg/250x188.webp,2026-08-03T05:44:11.727040,1192.89,0
8dada065-c5ee-4333-aab9-72f5426bf4e4,https://www.autoscout24.be/fr/offres/8dada065-c5ee-4333-aab9-72f5426bf4e4,be,Audi,a1,,Audi A1SPORTBACK 1.0 TFSI,14490,,True,2020,10-2020,104098,1,used,petrol,62,85,999,Euro 6d,,6.0,automatic,,Boîte automatique,Berline,5,5,Blanc,,,,,dealer,JS CARS,BE-7033 Cuesmes,BE,2,https://prod.pictures.autoscout24.net/listing-images/8dada065-c5ee-4333-aab9-72f5426bf4e4_56a5fbe0-fbeb-4a67-9312-9c053d6c6f26.jpg/250x188.webp,2026-08-03T05:44:11.727048,0.14,6
b72b0788-7bab-447b-a160-9690b08eb242,https://www.autoscout24.be/fr/offres/b72b0788-7bab-447b-a160-9690b08eb242,be,BMW,x2,,BMW X2(U10)(11.2023-) 18 d sDrive M Sport,37990,,True,2024,05-2024,36819,,used,diesel,110,149,1995,,,20.0,,,Boîte automatique,SUV/4x4/Pick-Up,5,,Gris,,,,,dealer,SAGA Nivelles,BE-1400 Nivelles,BE,2,https://prod.pictures.autoscout24.net/listing-images/b72b0788-7bab-447b-a160-9690b08eb242_6afd344b-fc5b-462a-8904-a0cd31b4101d.jpg/250x188.webp,2026-08-03T05:44:11.727055,1.03,2
747ae785-99bf-4cbd-b86f-be79752c6fd1,https://www.autoscout24.be/fr/offres/747ae785-99bf-4cbd-b86f-be79752c6fd1,be,BMW,320,,BMW 320 DA Full black Navigatie Keyless Camera Apple,25750,,True,2020,10-2020,74312,1,used,diesel,88,120,1995,Euro 6,,6.0,,,Arrière,Berline,4,5,Gris,,,,,dealer,Yprauto,BE-8840 Oostnieuwkerke,BE,2,https://prod.pictures.autoscout24.net/listing-images/747ae785-99bf-4cbd-b86f-be79752c6fd1_0b5d7ac2-6bd1-4bba-9313-36c85ea6a5a8.jpg/250x188.webp,2026-08-03T05:44:11.727063,0.35,6
552f15af-feaa-4733-a057-40a323a9e162,https://www.autoscout24.be/fr/offres/552f15af-feaa-4733-a057-40a323a9e162,be,Volvo,v60,,Volvo V60T6 Plug In Hybride AWD 4x4 - 11,37990,,True,2024,11-2024,27000,1,used,hybrid,257,349,,Euro 6e,,6.0,,,AWD,Break,5,5,Gris,,,,,dealer,Autotrading De Winne,BE-9420 Erpe-Mere,BE,2,https://prod.pictures.autoscout24.net/listing-images/552f15af-feaa-4733-a057-40a323a9e162_2738c748-3e5a-4c85-94ee-c30dd84bdede.jpg/250x188.webp,2026-08-03T05:44:11.727071,1.41,2
c8766ea7-75ab-41b7-95b4-b7f0e349e8d1,https://www.autoscout24.be/fr/offres/c8766ea7-75ab-41b7-95b4-b7f0e349e8d1,be,Audi,q5,,Audi Q5Q5 45 TFSI Quattro S line / Pano / Night pack /,44490,,True,2023,07-2023,41000,1,used,petrol,195,265,1984,Euro 6d,,6.0,,,AWD,SUV/4x4/Pick-Up,5,5,Gris,,,,,dealer,Autotheker,BE-8710 Wielsbeke,BE,2,https://prod.pictures.autoscout24.net/listing-images/c8766ea7-75ab-41b7-95b4-b7f0e349e8d1_8a56d4f7-d8eb-4892-bcc9-a90ef3f277cf.jpg/250x188.webp,2026-08-03T05:44:11.727079,1.09,3
5fe2fc9b-6be0-42b1-a87a-51a6d1ea8162,https://www.autoscout24.be/fr/offres/5fe2fc9b-6be0-42b1-a87a-51a6d1ea8162,be,Mercedes-Benz,c 300,,Mercedes-Benz C 300e Break AMG Line PHEV,37499,,True,2022,09-2022,58000,1,used,hybrid,169,230,1999,Euro 6d,,6.0,,,Arrière,Break,5,5,Bleu,,,,,dealer,Exclusive Car Design BV,BE-9300 Aalst,BE,2,https://prod.pictures.autoscout24.net/listing-images/5fe2fc9b-6be0-42b1-a87a-51a6d1ea8162_593b9923-8b9f-4c39-82f8-e8f82dfb6e48.jpg/250x188.webp,2026-08-03T05:44:11.727087,0.65,4
462a9478-8e4b-4b3c-96a0-a3a479e88778,https://www.autoscout24.be/fr/offres/462a9478-8e4b-4b3c-96a0-a3a479e88778,be,Hyundai,kona,,Hyundai KONA1.0 T-GDi*1ER MAIN*CAM*NAVI*CARPLAY*CRUISE,11590,,True,2020,02-2020,89000,1,used,petrol,88,119,998,Euro 6,,6.0,automatic,,Avant,SUV/4x4/Pick-Up,5,5,Noir,,,,,dealer,Ready Cars,BE-1420 Braine l'Alleud,BE,2,https://prod.pictures.autoscout24.net/listing-images/462a9478-8e4b-4b3c-96a0-a3a479e88778_7f044efb-e3fe-4424-8935-01b289f994d2.jpg/250x188.webp,2026-08-03T05:44:11.727103,0.13,6
e9da1d5c-03ec-4cee-8d35-c87654f2fcb1,https://www.autoscout24.be/fr/offres/e9da1d5c-03ec-4cee-8d35-c87654f2fcb1,be,Byd,seal u,,BYD Seal UBOOST DM-i | FULL OPTION | NEW | 6 YEAR WARRANTY,33999,,True,,new,5,,new,hybrid,160,217,1498,,,80.0,,,Avant,SUV/4x4/Pick-Up,5,5,Noir,,,,,dealer,ICON BV,BE-9170 Sint-Gillis-Waas,BE,2,https://prod.pictures.autoscout24.net/listing-images/e9da1d5c-03ec-4cee-8d35-c87654f2fcb1_54e0a48b-9b64-4547-9b8c-03fd991e9526.jpg/250x188.webp,2026-08-03T05:44:11.727111,6799.8,
0f152063-8d90-4c74-84a7-d7504394ab95,https://www.autoscout24.be/fr/offres/0f152063-8d90-4c74-84a7-d7504394ab95,be,Porsche,macan,,Porsche,48950,,True,2021,10-2021,63336,1,used,petrol,132,180,1984,Euro 6d,,6.0,,,AWD,SUV/4x4/Pick-Up,5,5,Blanc,,,,,dealer,Garage Thomas Uyttendaele,BE-9340 Lede,BE,2,https://prod.pictures.autoscout24.net/listing-images/0f152063-8d90-4c74-84a7-d7504394ab95_ffffbe83-c7c1-4647-8e01-53ea8674daa1.jpg/250x188.webp,2026-08-03T05:44:11.727119,0.77,5
8ad50a61-1473-4ce0-9939-f6bef609cd26,https://www.autoscout24.be/fr/offres/8ad50a61-1473-4ce0-9939-f6bef609cd26,be,Mercedes-Benz,cla 45 amg,,"Mercedes-Benz CLA 45 AMG""VERKOCHT / SOLD / VENDU""",43950,,True,2021,02-2021,72025,,used,petrol,209,285,1991,Euro 6,,6.0,,,AWD,Berline,4,5,Noir,,,,,dealer,,BE-8770 Ingelmunster,BE,1,https://prod.pictures.autoscout24.net/listing-images/8ad50a61-1473-4ce0-9939-f6bef609cd26_aac899bb-a744-403d-a0a7-f81712fac419.jpg/250x188.webp,2026-08-03T05:44:11.727127,0.61,5
c818ee3d-476d-4d98-a983-21271bd539e9,https://www.autoscout24.be/fr/offres/c818ee3d-476d-4d98-a983-21271bd539e9,be,Volkswagen,sharan,,Volkswagen Sharan1.4 TSI COMFORTLINE + 7 PL. + GPS + PDC +,26995,,True,2022,10-2022,77794,,used,petrol,80,110,1395,Euro 6,,6.0,,,Avant,Autres,5,7,Bleu,,,,,dealer,Beerens B2 Store North,BE-2030 Antwerpen,BE,2,https://prod.pictures.autoscout24.net/listing-images/c818ee3d-476d-4d98-a983-21271bd539e9_9f5bfbac-ac68-4c9e-a5a2-bfe6dfa5707c.jpg/250x188.webp,2026-08-03T05:44:11.727136,0.35,4
d7d16442-ad65-43ee-bde7-bf07be50dc06,https://www.autoscout24.be/fr/offres/d7d16442-ad65-43ee-bde7-bf07be50dc06,be,Hyundai,tucson,,Hyundai TUCSON1.6T-GDi HYBRIDE Shadow Black Edition,29990,,True,2026,06-2026,5,1,new,hybrid,176,239,1591,Euro 6e,,6.0,,,Avant,SUV/4x4/Pick-Up,5,5,Blanc,,,,,dealer,Maro Mobility,BE-9100 Sint-Niklaas,BE,2,https://prod.pictures.autoscout24.net/listing-images/d7d16442-ad65-43ee-bde7-bf07be50dc06_e46ce0f4-624a-4255-b337-5fbd6fde39b4.jpg/250x188.webp,2026-08-03T05:44:11.727143,5998.0,0
d4664d54-0702-40af-b7ae-9b80b4ba7497,https://www.autoscout24.be/fr/offres/d4664d54-0702-40af-b7ae-9b80b4ba7497,be,Audi,a4,,Audi A4S-LINELOOK,19900,,True,2022,12-2022,149900,1,used,petrol,150,204,1984,Euro 6d,,6.0,,,Avant,Break,5,5,Noir,,,,,dealer,MDV CARS,BE-1730 Asse,BE,2,https://prod.pictures.autoscout24.net/listing-images/d4664d54-0702-40af-b7ae-9b80b4ba7497_24ae7c75-ade0-4a83-acff-359c8179d008.jpg/250x188.webp,2026-08-03T05:44:11.727151,0.13,4
ddbb644f-13a5-4635-925d-7f5856a86756,https://www.autoscout24.be/fr/offres/ddbb644f-13a5-4635-925d-7f5856a86756,be,Cupra,formentor,,CUPRA FormentorFormentor 1.5 TSI DSG CARPLAY TOIT OUV. ACC,28990,,True,2023,05-2023,15992,,used,petrol,80,110,1498,Euro 6d,,6.0,,,Avant,SUV/4x4/Pick-Up,5,5,Gris,,,,,dealer,SimpliciCar Verviers-Welkenraedt,BE-4840 Welkenraedt,BE,2,https://prod.pictures.autoscout24.net/listing-images/ddbb644f-13a5-4635-925d-7f5856a86756_1e6628fd-f5a3-48a6-9555-d725ae3a28c4.jpg/250x188.webp,2026-08-03T05:44:11.727159,1.81,3
547f56ed-4f0a-4d82-9e56-4d3d126565c6,https://www.autoscout24.be/fr/offres/547f56ed-4f0a-4d82-9e56-4d3d126565c6,be,Isuzu,d-max,,"Isuzu D-Max1.9D,DC 4x4,PWR, AW,MT 2026 *FOR EXPORT OUT OF EU",24000,,True,,new,10000,,used,diesel,100,136,2499,,,,,,AWD,SUV/4x4/Pick-Up,4,5,Blanc,,,,,dealer,Falcons Motors,BE-1500 Halle,BE,2,https://prod.pictures.autoscout24.net/listing-images/547f56ed-4f0a-4d82-9e56-4d3d126565c6_9d6197f9-95be-4a10-826d-7eb89c1771e2.jpg/250x188.webp,2026-08-03T05:44:11.727167,2.4,
70ceac56-f2e4-4196-9c41-45aa8dc3fa66,https://www.autoscout24.be/fr/offres/70ceac56-f2e4-4196-9c41-45aa8dc3fa66,be,Audi,a1,,Audi A1S LINE,16990,,True,2019,02-2019,92450,1,used,petrol,85,115,999,Euro 6d,,6.0,,,Avant,Berline,5,5,Gris,,,,,dealer,Cardicted BV,BE-2220 Heist-op-den-berg,BE,2,https://prod.pictures.autoscout24.net/listing-images/70ceac56-f2e4-4196-9c41-45aa8dc3fa66_6bcf143d-f170-490e-98b7-62df2f3d8a2e.jpg/250x188.webp,2026-08-03T05:44:11.727174,0.18,7
37ce17f6-f6a0-4a7b-84a6-16fa42b9a59a,https://www.autoscout24.be/fr/offres/37ce17f6-f6a0-4a7b-84a6-16fa42b9a59a,be,Audi,e-tron,,Audi e-tron50 SPORTBACK QUATTRO GPS 360°CAM CARPLY ELEKKOFFR,31495,,True,2022,12-2022,33256,1,used,electric,169,230,,,,20.0,,,AWD,SUV/4x4/Pick-Up,5,5,Noir,,,,,dealer,Q Cars Gewelt,BE-3110 Rotselaar,BE,2,https://prod.pictures.autoscout24.net/listing-images/37ce17f6-f6a0-4a7b-84a6-16fa42b9a59a_c19c4312-3297-47d3-b2b7-b13efd9a034e.jpg/250x188.webp,2026-08-03T05:44:11.727182,0.95,4
ef7154c5-75d6-4818-af1c-22b29392fbd5,https://www.autoscout24.be/fr/offres/ef7154c5-75d6-4818-af1c-22b29392fbd5,be,BMW,116,,BMW 116i JOY Edition OPF (EU6d-TEMP),14490,,True,2019,04-2019,93000,1,used,petrol,80,108,1499,Euro 6d,,6.0,automatic,,Avant,Berline,5,5,Noir,,,,,dealer,AGD auto,BE-4430 Ans,BE,2,https://prod.pictures.autoscout24.net/listing-images/ef7154c5-75d6-4818-af1c-22b29392fbd5_081cfa22-f344-48df-bce3-5443753106f9.jpg/250x188.webp,2026-08-03T05:44:11.727189,0.16,7
704e5c09-894b-4b8a-aa03-d7fb91c7f19e,https://www.autoscout24.be/fr/offres/704e5c09-894b-4b8a-aa03-d7fb91c7f19e,be,Seat,ibiza,,SEAT IbizaIbiza 1.0 TSI Style DSG,14500,,True,2024,03-2024,26500,1,used,petrol,81,110,999,Euro 6d,,6.0,,,Boîte automatique,Berline,5,5,Gris,,,,,dealer,Technical Garage,BE-4000 Liège,BE,2,https://prod.pictures.autoscout24.net/listing-images/704e5c09-894b-4b8a-aa03-d7fb91c7f19e_e57c1b1e-413b-4e1b-aecb-aaee70b25b26.jpg/250x188.webp,2026-08-03T05:44:11.727197,0.55,2
bfe9db5c-2c82-4698-ae98-86e793835d82,https://www.autoscout24.be/fr/offres/bfe9db5c-2c82-4698-ae98-86e793835d82,be,Mercedes-Benz,gle 350,,Mercedes-Benz GLE 350de AMG line! Full Options! Pano!,54900,,True,2021,02-2021,80000,2,used,diesel,235,319,1950,Euro 6d,,6.0,,,AWD,SUV/4x4/Pick-Up,5,5,Noir,,,,,dealer,B-Premiumcars,BE-3970 Leopoldsburg,BE,2,https://prod.pictures.autoscout24.net/listing-images/bfe9db5c-2c82-4698-ae98-86e793835d82_559ed447-601b-4d22-83c2-a58174539a26.jpg/250x188.webp,2026-08-03T05:44:11.727204,0.69,5
a430f817-625a-49c5-bee9-2feb05b96bf8,https://www.autoscout24.be/fr/offres/a430f817-625a-49c5-bee9-2feb05b96bf8,be,BMW,530,,BMW 530Head-up | Camera V+A | M pack | Garantie | Topstaat,26995,,True,2018,10-2018,120000,1,used,hybrid,99,135,1998,Euro 6d,,6.0,,,Arrière,Berline,4,5,Noir,,,,,dealer,SZ MOTORS,BE-8820 Torhout,BE,2,https://prod.pictures.autoscout24.net/listing-images/a430f817-625a-49c5-bee9-2feb05b96bf8_a2a68082-cb4a-46c5-85da-fefab68c8eab.jpg/250x188.webp,2026-08-03T05:44:11.727212,0.22,8
a72d0d95-0860-45ef-8eb6-751128b8fafe,https://www.autoscout24.be/fr/offres/a72d0d95-0860-45ef-8eb6-751128b8fafe,be,Volkswagen,t-cross,,"Volkswagen T-Cross1.5 TSI ACT R-Line DSG R-Line, Camera de",25950,,True,2025,03-2025,11000,1,used,petrol,110,149,1498,Euro 6e,,6.0,,,Avant,SUV/4x4/Pick-Up,5,5,Gris,,,,,dealer,CAR PROJECT,BE-7110 Strépy-Bracquegnies,BE,2,https://prod.pictures.autoscout24.net/listing-images/a72d0d95-0860-45ef-8eb6-751128b8fafe_4bfac0fa-0806-4917-bfb2-1990fc3a0b28.jpg/250x188.webp,2026-08-03T05:44:11.727221,2.36,1
41961a30-a455-424d-8ee3-d08c81f10577,https://www.autoscout24.be/fr/offres/41961a30-a455-424d-8ee3-d08c81f10577,be,Audi,q5,,Audi Q5PHEV 50 TFSIe Quattro S tronic *S-LINE*FULL LED,38940,,True,2023,01-2023,38988,1,used,hybrid,220,299,1984,Euro 6d,,6.0,,,AWD,SUV/4x4/Pick-Up,5,5,Noir,,,,,dealer,Garage Auto-Elektro Peeters,BE-2390 Westmalle,BE,2,https://prod.pictures.autoscout24.net/listing-images/41961a30-a455-424d-8ee3-d08c81f10577_f51d6d4b-951a-439b-bd0b-168c9dab49c9.jpg/250x188.webp,2026-08-03T05:44:11.727229,1.0,3
ab5fd73e-9f02-41fe-8335-30c3ac739c50,https://www.autoscout24.be/fr/offres/ab5fd73e-9f02-41fe-8335-30c3ac739c50,be,Mercedes-Benz,citan,,Mercedes-Benz Citan,27990,,True,2024,07-2024,36350,,used,diesel,85,115,1461,,,,,,Boîte automatique,Autres,4,,Autres,,,,,dealer,GH - Henry SA - Visé – Voitures Occasion Certified,BE-4600 Visé,BE,2,https://prod.pictures.autoscout24.net/listing-images/ab5fd73e-9f02-41fe-8335-30c3ac739c50_0ad0ac4c-5abc-41e6-bd50-58c286da290f.jpg/250x188.webp,2026-08-03T05:44:11.727237,0.77,2
0d218b45-633c-4157-a431-7fb751b6fd28,https://www.autoscout24.be/fr/offres/0d218b45-633c-4157-a431-7fb751b6fd28,be,BMW,x1,,BMW X1| LED | NAVI | CAMERA | KEY LESS | HEAD UP | FRONT,18999,,True,2022,02-2022,85887,1,used,petrol,100,136,1499,Euro 6d,,6.0,,,Boîte manuelle,SUV/4x4/Pick-Up,5,5,Noir,,,,,dealer,Steven Car Company BV,BE-9400 Ninove,BE,2,https://prod.pictures.autoscout24.net/listing-images/0d218b45-633c-4157-a431-7fb751b6fd28_d8f287d5-258d-4e78-80c6-8c52907448bf.jpg/250x188.webp,2026-08-03T05:44:11.727244,0.22,4
fde40010-b4f6-4326-b0b2-339a9bedb2f3,https://www.autoscout24.be/fr/offres/fde40010-b4f6-4326-b0b2-339a9bedb2f3,be,Forthing,t5 evo,,Forthing t5 evo,28990,,True,2026,05-2026,50,1,new,petrol,130,177,1481,Euro 6e,,6.0,,,Avant,SUV/4x4/Pick-Up,5,5,Gris,,,,,dealer,Eurocartel SRL,BE-6927 Tellin,BE,2,https://prod.pictures.autoscout24.net/listing-images/fde40010-b4f6-4326-b0b2-339a9bedb2f3_3c111c32-443d-4df3-b1a1-e60d0e7ef4cd.jpg/250x188.webp,2026-08-03T05:44:11.727252,579.8,0
6a59ac24-796c-46ac-ad2d-ff910d3f7982,https://www.autoscout24.be/fr/offres/6a59ac24-796c-46ac-ad2d-ff910d3f7982,be,BMW,i5,,BMW i5Touring eDrive40 M Sport **LED,57950,,True,2024,11-2024,17008,1,used,electric,250,340,,Euro 6d-TEMP,,6.0,,,Arrière,Break,5,5,Noir,,,,,dealer,Autobedrijf Naessens bvba,BE-8500 Kortrijk,BE,2,https://prod.pictures.autoscout24.net/listing-images/6a59ac24-796c-46ac-ad2d-ff910d3f7982_dc33c470-4406-44c3-8b6f-bb69ce20a83a.jpg/250x188.webp,2026-08-03T05:44:11.727260,3.41,2
df70f918-7ee5-4cad-a24d-d8940804486d,https://www.autoscout24.be/fr/offres/df70f918-7ee5-4cad-a24d-d8940804486d,be,Peugeot,308,,Peugeot 308SW 1.5 BlueHDi 130 S&S Active Pack NAVI | LED |,12845,,True,2022,10-2022,91598,,used,diesel,96,130,1500,,,2120.0,,,Avant,Break,5,5,Blanc,,,,,dealer,,BE-9160 Lokeren,BE,1,https://prod.pictures.autoscout24.net/listing-images/df70f918-7ee5-4cad-a24d-d8940804486d_cbdfc546-73d5-49eb-8b3a-632b22d1e9ba.jpg/250x188.webp,2026-08-03T05:44:11.727268,0.14,4
f7fdea50-2118-4424-8fd2-7d5e7d5ef7c2,https://www.autoscout24.be/fr/offres/f7fdea50-2118-4424-8fd2-7d5e7d5ef7c2,be,Porsche,panamera,,Porsche PanameraPanamera 4 E-Hybrid Executive*PANO DAK*SOFT,50990,,True,2018,03-2018,114402,1,used,hybrid,178,243,2894,Euro 6,,6.0,,,Boîte automatique,Berline,5,4,Gris,,,,,dealer,bvba Expo Cars,BE-8800 Roeselare (Kortrijk-Brugge),BE,2,https://prod.pictures.autoscout24.net/listing-images/f7fdea50-2118-4424-8fd2-7d5e7d5ef7c2_279138ca-a1aa-49bb-be40-b74a525fa131.jpg/250x188.webp,2026-08-03T05:44:11.727275,0.45,8
32cc0208-fe35-4c59-8387-8eeb79e8424a,https://www.autoscout24.be/fr/offres/32cc0208-fe35-4c59-8387-8eeb79e8424a,be,Volvo,xc40,,Volvo XC40B3 Mild-hybride + LEDER,30400,,True,2025,08-2025,21666,,used,hybrid,88,120,1969,Euro 6,,6.0,,,Avant,SUV/4x4/Pick-Up,5,5,Gris,,,,,dealer,Volvo Vermant Selekt,BE-2800 Mechelen,BE,2,https://prod.pictures.autoscout24.net/listing-images/32cc0208-fe35-4c59-8387-8eeb79e8424a_e5bbabc7-731f-4d3d-a4bc-b7f9b4015678.jpg/250x188.webp,2026-08-03T05:44:11.727283,1.4,1
501d5dd1-f69b-4380-8c1d-4e3fa5f8e05d,https://www.autoscout24.be/fr/offres/501d5dd1-f69b-4380-8c1d-4e3fa5f8e05d,be,Mercedes-Benz,c 200,,Mercedes-Benz C 200MHEV | 2019 | 38.099 km | Cruise | Navi,23990,,True,2019,08-2019,38099,1,used,hybrid,135,183,1497,Euro 6d,,6.0,,,Arrière,Berline,4,5,Argent,,,,,dealer,Plus Cars,BE-9200 Dendermonde,BE,2,https://prod.pictures.autoscout24.net/listing-images/501d5dd1-f69b-4380-8c1d-4e3fa5f8e05d_e5a53f32-cb21-4e6b-bac8-8df17509f8c6.jpg/250x188.webp,2026-08-03T05:44:11.727290,0.63,7
14492394-6e57-4f34-b1d9-2d48d524ed2c,https://www.autoscout24.be/fr/offres/14492394-6e57-4f34-b1d9-2d48d524ed2c,be,Land Rover,range rover velar,,Land Rover Range Rover Velar2.0d Autom. - R Dynamic - Pano,31990,,True,2021,01-2021,108021,1,used,diesel,97,132,1999,Euro 6,,6.0,,,AWD,SUV/4x4/Pick-Up,5,5,Noir,,,,,dealer,Provan Motors,BE-9810 Eke,BE,2,https://prod.pictures.autoscout24.net/listing-images/14492394-6e57-4f34-b1d9-2d48d524ed2c_0af569b0-3568-401a-a6fd-871551be5013.jpg/250x188.webp,2026-08-03T05:44:11.727345,0.3,5
e79a7f1e-6645-48a5-b18b-1476df19c274,https://www.autoscout24.be/fr/offres/e79a7f1e-6645-48a5-b18b-1476df19c274,be,Hyundai,ioniq 6,,Hyundai IONIQ 684kWh N Performance Sunroof | DEMO 3000km,71999,,True,,unknown,3000,,used,electric,84,114,,,,20.0,,,AWD,Berline,4,5,Gris,,,,,dealer,Garage Foulon,BE-8800 Roeselare,BE,2,https://prod.pictures.autoscout24.net/listing-images/e79a7f1e-6645-48a5-b18b-1476df19c274_2337d6dc-24ec-4500-bbd6-e2795116ff30.jpg/250x188.webp,2026-08-03T05:44:11.727354,24.0,
39115b2d-af42-464b-a4fb-1237d5a51a0c,https://www.autoscout24.be/fr/offres/39115b2d-af42-464b-a4fb-1237d5a51a0c,be,Audi,q2,,Audi Q230 TFSI | Cuir | Phares LED | Toit ouvrant | Carplay,17500,,True,2019,10-2019,59513,1,used,petrol,85,115,999,Euro 6d,,6.0,,,Avant,SUV/4x4/Pick-Up,5,5,Noir,,,,,dealer,Autos Passion,BE-4621 Retinne,BE,2,https://prod.pictures.autoscout24.net/listing-images/39115b2d-af42-464b-a4fb-1237d5a51a0c_325b4108-ed85-4ef9-b0ad-8c0c62cb5c43.jpg/250x188.webp,2026-08-03T05:44:11.727363,0.29,7
6cbf05f9-049d-429a-9359-04708252c00c,https://www.autoscout24.be/fr/offres/6cbf05f9-049d-429a-9359-04708252c00c,be,Mercedes-Benz,glb 180,,Mercedes-Benz GLB 180AUT Business Solution LEDER,22790,,True,2021,05-2021,91919,1,used,petrol,73,100,1332,Euro 6d,,6.0,,,Avant,SUV/4x4/Pick-Up,5,5,Blanc,,,,,dealer,Ayvens Mobility Center Liège,BE-4000 Liège,BE,2,https://prod.pictures.autoscout24.net/listing-images/6cbf05f9-049d-429a-9359-04708252c00c_4e4ed07e-404b-4cfc-9f4b-371bcef7e865.jpg/250x188.webp,2026-08-03T05:44:11.727371,0.25,5
418f3792-6bf6-4c13-82d9-5dab82ad188e,https://www.autoscout24.be/fr/offres/418f3792-6bf6-4c13-82d9-5dab82ad188e,be,Volkswagen,tiguan,,"Volkswagen TiguanLife GOAL 1,5 l",31950,,True,2025,08-2025,22920,,used,hybrid,96,130,,,,,,,Boîte automatique,SUV/4x4/Pick-Up,5,5,Gris,,,,,dealer,Garage Dennis Debaene,BE-8700 Tielt,BE,2,https://prod.pictures.autoscout24.net/listing-images/418f3792-6bf6-4c13-82d9-5dab82ad188e_bd8725d2-9faa-45b5-a1cb-31db6bd40817.jpg/250x188.webp,2026-08-03T05:44:11.727380,1.39,1
650201f4-1773-4c6f-852a-bd0d7ad99aa0,https://www.autoscout24.be/fr/offres/650201f4-1773-4c6f-852a-bd0d7ad99aa0,be,Porsche,taycan,,Porsche Taycan4S 530PK | SPORTDESIGN | SPORTCHRONO |,64500,,True,2021,02-2021,71697,,used,electric,286,390,,,,9389.0,,,AWD,Berline,4,4,Vert,,,,,dealer,PPS-MOTORS,BE-9940 Evergem,BE,2,https://prod.pictures.autoscout24.net/listing-images/650201f4-1773-4c6f-852a-bd0d7ad99aa0_cd4aba2a-015b-492a-883d-8524a8b52d9e.jpg/250x188.webp,2026-08-03T05:44:11.727388,0.9,5
e017794b-79b4-4063-a41d-3c406b3cc938,https://www.autoscout24.be/fr/offres/e017794b-79b4-4063-a41d-3c406b3cc938,be,BMW,420,,BMW 420D Coupé *M PACK *NAVI PRO *HUD *Memory seat *Camera,24900,,True,2020,05-2020,87800,2,used,diesel,140,190,1995,Euro 6d,,6.0,,,Arrière,Coupé,2,4,Gris,,,,,dealer,BOX 63 srl,BE-5081 Meux,BE,2,https://prod.pictures.autoscout24.net/listing-images/e017794b-79b4-4063-a41d-3c406b3cc938_4418ef58-9be6-4db1-89e8-ea0dc710a89b.jpg/250x188.webp,2026-08-03T05:44:11.727396,0.28,6
3d5f00d1-cbcc-4f12-a751-c6c61c79ee76,https://www.autoscout24.be/fr/offres/3d5f00d1-cbcc-4f12-a751-c6c61c79ee76,be,Nissan,qashqai,,Nissan Qashqai1.3 DIG-T 140ch N-Connecta Incl. Navi -,15490,,True,2020,05-2020,44566,1,used,petrol,102,140,1332,,,,,,Boîte manuelle,SUV/4x4/Pick-Up,5,5,Gris,,,,,dealer,click2move by Declerc,BE-5100 Naninne (Namur),BE,2,https://prod.pictures.autoscout24.net/listing-images/3d5f00d1-cbcc-4f12-a751-c6c61c79ee76_2bc9be7e-60e9-4624-9b69-f4ca928542ca.jpg/250x188.webp,2026-08-03T05:44:11.727404,0.35,6
e086203f-ff7e-40f1-9e74-842c45a8b1bf,https://www.autoscout24.be/fr/offres/e086203f-ff7e-40f1-9e74-842c45a8b1bf,be,Audi,e-tron,,Audi e-tronS 95 kWh Quattro 370kW Black styling pakket plus,52975,,True,2023,01-2023,46673,1,used,electric,95,129,,,,20.0,,,AWD,SUV/4x4/Pick-Up,5,5,Noir,,,,,dealer,G.T.S.C,BE-8850 Ardooie,BE,2,https://prod.pictures.autoscout24.net/listing-images/e086203f-ff7e-40f1-9e74-842c45a8b1bf_f8b85367-1d54-4539-bc02-3251a1f2e153.jpg/250x188.webp,2026-08-03T05:44:11.727412,1.14,3
de7ef7ec-76ce-4904-b93a-fe4cb6e0cb83,https://www.autoscout24.be/fr/offres/de7ef7ec-76ce-4904-b93a-fe4cb6e0cb83,be,Porsche,cayenne,,Porsche CayenneCayenne 3.0 Turbo V6| Luchtvering| Pano|,44350,,True,2019,04-2019,127000,1,used,petrol,183,250,2995,Euro 6d,,6.0,,,AWD,SUV/4x4/Pick-Up,5,4,Bleu,,,,,dealer,Premium Car Company,BE-3920 Lommel,BE,2,https://prod.pictures.autoscout24.net/listing-images/de7ef7ec-76ce-4904-b93a-fe4cb6e0cb83_cc272d51-8f94-4adc-8b24-06dbd90690aa.jpg/250x188.webp,2026-08-03T05:44:11.727420,0.35,7
d54534de-a5fc-4cfb-a5f6-505c34f95a2e,https://www.autoscout24.be/fr/offres/d54534de-a5fc-4cfb-a5f6-505c34f95a2e,be,Audi,q5,,Audi Q5Q5 2.0 TFSI sportback  Quattro S line S tronic * NEW,62990,,True,2026,04-2026,0,,new,petrol,150,204,1984,Euro 6e,,6.0,,,Boîte automatique,SUV/4x4/Pick-Up,5,5,Gris,,,,,dealer,Garage Vanderveken bvba,BE-3650 Dilsen,BE,2,https://prod.pictures.autoscout24.net/listing-images/d54534de-a5fc-4cfb-a5f6-505c34f95a2e_3a7e8b22-4adc-4425-a988-dcfc77c8acbf.jpg/250x188.webp,2026-08-03T05:44:11.727427,,0
7073d37e-d672-4e61-8fa5-eb3baca704c5,https://www.autoscout24.be/fr/offres/7073d37e-d672-4e61-8fa5-eb3baca704c5,be,Mercedes-Benz,c 200,,Mercedes-Benz C 2004-Matic AMG Line - Garantie Mercedes 06,41990,,True,2025,06-2025,8800,1,used,petrol,150,204,1496,Euro 6e,,6.0,,,Avant,Berline,4,5,Gris,,,,,dealer,Transakauto Mons,BE-7000 Mons,BE,2,https://prod.pictures.autoscout24.net/listing-images/7073d37e-d672-4e61-8fa5-eb3baca704c5_98cd9512-9e06-4386-a4c4-23cdd12cebfb.jpg/250x188.webp,2026-08-03T05:44:11.727435,4.77,1
523fcf44-b0b3-4bbf-ac85-4c589a255afb,https://www.autoscout24.be/fr/offres/523fcf44-b0b3-4bbf-ac85-4c589a255afb,be,BMW,x1,,BMW X1X1 1.5iA sDrive18 Full black  Leder Navi Elektrische,25350,,True,2022,04-2022,32917,1,used,petrol,73,100,1499,Euro 6,,6.0,,,Avant,SUV/4x4/Pick-Up,5,5,Bleu,,,,,dealer,Yprauto,BE-8840 Oostnieuwkerke,BE,2,https://prod.pictures.autoscout24.net/listing-images/523fcf44-b0b3-4bbf-ac85-4c589a255afb_13aa3c59-4c06-4162-a04b-c96789f6e192.jpg/250x188.webp,2026-08-03T05:44:11.727455,0.77,4
42fdf025-a8f6-4578-8deb-2e72443dcd2c,https://www.autoscout24.be/fr/offres/42fdf025-a8f6-4578-8deb-2e72443dcd2c,be,Land Rover,defender,,Land Rover DefenderDefender 110 P400 S | Open Dak! | 360 |,68990,,True,2022,02-2022,35000,2,used,petrol,216,294,2996,Euro 6d,,6.0,,,AWD,SUV/4x4/Pick-Up,5,2,Noir,,,,,dealer,BA Cars Selection,BE-3510 Hasselt,BE,2,https://prod.pictures.autoscout24.net/listing-images/42fdf025-a8f6-4578-8deb-2e72443dcd2c_c4140f13-1bf9-41fe-ac66-4ec88c38085e.jpg/250x188.webp,2026-08-03T05:44:11.727464,1.97,4
dcf22e10-d628-4071-bc3b-ff1c5576bac7,https://www.autoscout24.be/fr/offres/dcf22e10-d628-4071-bc3b-ff1c5576bac7,be,BMW,x3,,BMW X3xDrive30e,61900,,True,2025,09-2025,15330,1,used,hybrid,220,299,1998,Euro 6e,,6.0,,,AWD,SUV/4x4/Pick-Up,5,5,Gris,,,,,dealer,BMW Jorssen Noord,BE-2170 Merksem,BE,2,https://prod.pictures.autoscout24.net/listing-images/dcf22e10-d628-4071-bc3b-ff1c5576bac7_f7792fdc-6144-46f9-aa97-65788647e636.jpg/250x188.webp,2026-08-03T05:44:11.727473,4.04,1
ac1d8271-95f7-4a08-bd86-6ef02d0c5a32,https://www.autoscout24.be/fr/offres/ac1d8271-95f7-4a08-bd86-6ef02d0c5a32,be,Audi,q3,,Audi Q3TFSIe ✖️ S-LINE | FULL BLACK | CARPLAY,26950,,True,2022,02-2022,108000,,used,hybrid,110,149,1498,Euro 6d,,6.0,,,Boîte automatique,SUV/4x4/Pick-Up,5,5,Type de peintureAutres,,,,,dealer,,BE-4801 Stembert,BE,1,https://prod.pictures.autoscout24.net/listing-images/ac1d8271-95f7-4a08-bd86-6ef02d0c5a32_0de9125f-a9db-4278-993a-cf1c2ec4511f.jpg/250x188.webp,2026-08-03T05:44:11.727481,0.25,4
217db003-05e1-4ae7-890d-849e8686a570,https://www.autoscout24.be/fr/offres/217db003-05e1-4ae7-890d-849e8686a570,be,BMW,m3,,BMW M3Competition M xDrive British Racing Green Carbon,65595,,True,2022,03-2022,96901,1,used,petrol,375,510,2993,Euro 6d,,6.0,,,AWD,Berline,4,5,Vert,,,,,dealer,Auto BJP,BE-9051 Sint-Denijs Westrem,BE,2,https://prod.pictures.autoscout24.net/listing-images/217db003-05e1-4ae7-890d-849e8686a570_7cf5cb1c-0bd8-46f7-b98f-099a834feca1.jpg/250x188.webp,2026-08-03T05:44:11.727489,0.68,4
324293f9-7a7a-4cf0-b95e-09da19845b18,https://www.autoscout24.be/fr/offres/324293f9-7a7a-4cf0-b95e-09da19845b18,be,Ds Automobiles,ds 4,,DS Automobiles DS 41.2 BENZINE 130 EAT 8,16950,,True,2023,07-2023,66271,1,used,petrol,96,130,1199,Euro 6d,,6.0,,,Avant,Berline,5,5,Gris,,,,,dealer,IMACAR Vanhoecke,BE-9100 Sint-Niklaas,BE,2,https://prod.pictures.autoscout24.net/listing-images/324293f9-7a7a-4cf0-b95e-09da19845b18_50a66c4a-7643-4c4f-8b9c-657cda56e4cf.jpg/250x188.webp,2026-08-03T05:44:11.727497,0.26,3
1b3490d7-c113-489e-bfe7-9c37e6f14993,https://www.autoscout24.be/fr/offres/1b3490d7-c113-489e-bfe7-9c37e6f14993,be,Mercedes-Benz,v 300,,Mercedes-Benz V 300V d L2 9G-TRONIC Exclusive,90748,,True,2026,03-2026,5,,new,diesel,174,236,1950,Euro 6e,,6.0,,,Arrière,Monospace,5,6,Type de peintureMétalliséIntérieurTissu,,,,,dealer,Mercedes Claes & Zonen Sint-Truiden Certified,BE-3800 Sint-Truiden,BE,2,https://prod.pictures.autoscout24.net/listing-images/1b3490d7-c113-489e-bfe7-9c37e6f14993_46ce05a3-096e-4cfe-ad9a-c4b3ccca8109.jpg/250x188.webp,2026-08-03T05:44:11.727505,18149.6,0
fb21c01e-a0f1-46a7-89c8-fdb6de200fd8,https://www.autoscout24.be/fr/offres/fb21c01e-a0f1-46a7-89c8-fdb6de200fd8,be,BMW,ix,,BMW iXxDrive40,42900,,True,2023,05-2023,81713,1,used,electric,240,326,,Euro 6d-TEMP,,6.0,,,AWD,SUV/4x4/Pick-Up,5,5,Gris,,,,,dealer,BMW - Sneyers Herentals,BE-2200 Herentals,BE,2,https://prod.pictures.autoscout24.net/listing-images/fb21c01e-a0f1-46a7-89c8-fdb6de200fd8_cfe40944-0903-4997-b516-11f105851b78.jpg/250x188.webp,2026-08-03T05:44:11.727513,0.53,3
3e2a05fc-6027-4ee7-ace7-545f17cd9df2,https://www.autoscout24.be/fr/offres/3e2a05fc-6027-4ee7-ace7-545f17cd9df2,be,Mercedes-Benz,c 400,,Mercedes-Benz C 400Coupé C 4MATIC Auto Flippers | Cruise,28895,,True,2021,10-2021,112571,1,used,petrol,245,333,3000,,,2180.0,,,AWD,Coupé,2,4,Blanc,,,,,dealer,Van Mossel Used Cars Center Hasselt,BE-3500 Hasselt,BE,2,https://prod.pictures.autoscout24.net/listing-images/3e2a05fc-6027-4ee7-ace7-545f17cd9df2_55e5626d-ba60-4544-a3d0-171a7593c2c5.jpg/250x188.webp,2026-08-03T05:44:11.727521,0.26,5
eba37481-29b9-4711-b593-697dd75d91ae,https://www.autoscout24.be/fr/offres/eba37481-29b9-4711-b593-697dd75d91ae,be,Porsche,panamera,,Porsche Panamera4 e-Hybrid Sport Turismo 2.9 V6 Bi-Turbo,59995,,True,2021,12-2021,113000,1,used,hybrid,178,243,2894,Euro 6d,,6.0,,,AWD,Break,5,5,Noir,,,,,dealer,GetElectric.be,BE-8490 Jabbeke,BE,2,https://prod.pictures.autoscout24.net/listing-images/eba37481-29b9-4711-b593-697dd75d91ae_d462b336-5f3c-4f5d-8d10-51a9ef92dc89.jpg/250x188.webp,2026-08-03T05:44:11.727529,0.53,5
c74bf1aa-ce3c-4cef-a7a6-9e4e66162db0,https://www.autoscout24.be/fr/offres/c74bf1aa-ce3c-4cef-a7a6-9e4e66162db0,be,BMW,218,,BMW 218Gran Coupé PACK M SIEGES ELEC,23990,,True,2022,11-2022,54623,1,used,petrol,73,100,1499,Euro 6e,,6.0,,,Avant,Berline,4,5,Noir,,,,,dealer,Mon Occasion,BE-4000 Liège,BE,2,https://prod.pictures.autoscout24.net/listing-images/c74bf1aa-ce3c-4cef-a7a6-9e4e66162db0_967eb48e-476e-4770-9c0b-68f9c7df0b82.jpg/250x188.webp,2026-08-03T05:44:11.727536,0.44,4
272f3e59-f500-44fa-acb6-6e34023b07b8,https://www.autoscout24.be/fr/offres/272f3e59-f500-44fa-acb6-6e34023b07b8,be,Porsche,cayenne,,Porsche CayenneCoupé 3.0 Turbo V6 ** Sport Chrono | 360 Cam,58900,,True,2020,06-2020,59787,1,used,petrol,183,250,2995,Euro 6,,6.0,,,AWD,SUV/4x4/Pick-Up,5,5,Blanc,,,,,dealer,Auto's Verschueren NV,BE-2830 Willebroek,BE,2,https://prod.pictures.autoscout24.net/listing-images/272f3e59-f500-44fa-acb6-6e34023b07b8_09a57f8f-6f67-4652-933e-849a344c48c1.jpg/250x188.webp,2026-08-03T05:44:11.727545,0.99,6
a585a205-f465-4776-97be-af5acb75b566,https://www.autoscout24.be/fr/offres/a585a205-f465-4776-97be-af5acb75b566,be,BMW,m2,,BMW M2Coupé 3.0i Competition DKG - NAVI / LEDER / LED /,52450,,True,2021,02-2021,48940,1,used,petrol,302,410,2979,Euro 6e,,6.0,automatic,,Arrière,Coupé,2,4,Noir,,,,,dealer,DK CARS BV,BE-1850 Grimbergen,BE,2,https://prod.pictures.autoscout24.net/listing-images/a585a205-f465-4776-97be-af5acb75b566_9b2ac364-c820-4cc3-8ace-72a39c37c9ad.jpg/250x188.webp,2026-08-03T05:44:11.727553,1.07,5
58c7a6c2-671d-49a6-bda8-19f8a013319e,https://www.autoscout24.be/fr/offres/58c7a6c2-671d-49a6-bda8-19f8a013319e,be,Audi,a1,,Audi A1Sportback 30 TFSI * GARANTIE 12 MOIS,13990,,True,2019,05-2019,123281,2,used,petrol,85,115,999,Euro 6d-TEMP,,6.0,,,Boîte manuelle,Citadine,5,5,Noir,,,,,dealer,Ab Cars Visé,BE-4600 Visé,BE,2,https://prod.pictures.autoscout24.net/listing-images/58c7a6c2-671d-49a6-bda8-19f8a013319e_cd412d21-1a56-4c05-8e36-306e57f8e7a4.jpg/250x188.webp,2026-08-03T05:44:11.727561,0.11,7
e7f8ef8e-6a78-42d8-8322-bd43f6c0925e,https://www.autoscout24.be/fr/offres/e7f8ef8e-6a78-42d8-8322-bd43f6c0925e,be,Porsche,panamera,,"Porsche PanameraPlug in Hybrid,Panamera",86999,,True,2024,04-2024,51830,1,used,hybrid,178,243,2894,Euro 6d,,6.0,,,AWD,Berline,5,4,Noir,,,,,dealer,Knokke Cars bv,BE-8300 Knokke-Heist,BE,2,https://prod.pictures.autoscout24.net/listing-images/e7f8ef8e-6a78-42d8-8322-bd43f6c0925e_e7b229bf-d3f9-4281-879b-30458cbb0eb4.jpg/250x188.webp,2026-08-03T05:44:11.727570,1.68,2
d08422a8-957c-483a-a480-5972d2a42459,https://www.autoscout24.be/fr/offres/d08422a8-957c-483a-a480-5972d2a42459,be,Xpeng,p7,,Xpeng P786KWH Long Range RWD SoH 97% | Full Option,35495,,True,2024,04-2024,29808,1,used,electric,86,116,,,,20.0,,,Arrière,Berline,4,5,Noir,,,,,dealer,Van Mossel Used Cars Center Hasselt,BE-3500 Hasselt,BE,2,https://prod.pictures.autoscout24.net/listing-images/d08422a8-957c-483a-a480-5972d2a42459_bb2a364f-696c-4781-a016-3190329d0baf.jpg/250x188.webp,2026-08-03T05:44:11.727577,1.19,2
d9cc2e92-3bca-4d6c-a5bd-2084cc374220,https://www.autoscout24.be/fr/offres/d9cc2e92-3bca-4d6c-a5bd-2084cc374220,be,BMW,518,,BMW 518dA M-SPORT 2.0D 150PK,29900,,True,2019,08-2019,80000,1,used,diesel,80,110,1995,Euro 6d,,6.0,,,Arrière,Berline,4,5,Gris,,,,,dealer,Car Company BV,BE-8830 Gits (Hooglede),BE,2,https://prod.pictures.autoscout24.net/listing-images/d9cc2e92-3bca-4d6c-a5bd-2084cc374220_e4d88c2c-7c98-43fb-83da-d2cfdbac8b5b.jpg/250x188.webp,2026-08-03T05:44:11.727585,0.37,7
6d1315db-0706-4776-be82-55a4279a045a,https://www.autoscout24.be/fr/offres/6d1315db-0706-4776-be82-55a4279a045a,be,Volvo,xc60,,Volvo XC60B4 D Geartronic Momentum Pro LEDER | LED | TREKHAA,28745,,True,2021,02-2021,86113,,used,diesel,145,197,2000,,,2127.0,,,Avant,SUV/4x4/Pick-Up,5,5,Noir,,,,,dealer,,BE-9160 Lokeren,BE,1,https://prod.pictures.autoscout24.net/listing-images/6d1315db-0706-4776-be82-55a4279a045a_cdf370f3-d4ba-49bf-81e6-1aa81ded992b.jpg/250x188.webp,2026-08-03T05:44:11.727593,0.33,5
e31f29c7-8063-4816-8086-a48654d0bf9f,https://www.autoscout24.be/fr/offres/e31f29c7-8063-4816-8086-a48654d0bf9f,be,Hyundai,tucson,,Hyundai TUCSON1.6 T-GDi Inspire 2021' 1°EIG. 41000KM IN,18999,,True,2021,06-2021,41000,1,used,petrol,110,149,1598,Euro 6d,,6.0,,,Boîte manuelle,SUV/4x4/Pick-Up,5,5,Gris,,,,,dealer,Your Best Car B.v.,BE-1651 Lot,BE,2,https://prod.pictures.autoscout24.net/listing-images/e31f29c7-8063-4816-8086-a48654d0bf9f_ca67bba7-7c3d-4d39-b859-c07921b1bc45.jpg/250x188.webp,2026-08-03T05:44:11.727600,0.46,5
b78f03b9-57c2-4988-a099-f38eb075dfa7,https://www.autoscout24.be/fr/offres/b78f03b9-57c2-4988-a099-f38eb075dfa7,be,Audi,a5,,Audi A5ADAPTIVE CRUISE - NEKVERWARMING - CAMERA,35995,,True,2022,08-2022,50320,2,used,petrol,150,204,1998,Euro 6e,,6.0,,,,Cabriolet,2,4,Gris,,,,,dealer,DR Motors,BE-8000 Brugge,BE,2,https://prod.pictures.autoscout24.net/listing-images/b78f03b9-57c2-4988-a099-f38eb075dfa7_c97a058e-d020-4903-aeba-89866551dfd4.jpg/250x188.webp,2026-08-03T05:44:11.727608,0.72,4
fca608be-fa7d-4bcc-870a-ba22b5540595,https://www.autoscout24.be/fr/offres/fca608be-fa7d-4bcc-870a-ba22b5540595,be,Mini,cooper c,,MINI Cooper CClassic Pack XS -,23400,,True,2024,11-2024,20759,1,used,petrol,115,156,1499,Euro 6e,,6.0,,,Avant,Berline,5,5,Bleu,,,,,dealer,BMW Premium Selection Center by De Schepper N.V.,BE-9100 Sint-Niklaas,BE,2,https://prod.pictures.autoscout24.net/listing-images/fca608be-fa7d-4bcc-870a-ba22b5540595_73a21e6a-a352-4325-9a4c-61b6bd0bebd8.jpg/250x188.webp,2026-08-03T05:44:11.727616,1.13,2
f1d01deb-2906-4faf-ac7f-a1895b66e84e,https://www.autoscout24.be/fr/offres/f1d01deb-2906-4faf-ac7f-a1895b66e84e,be,Audi,a6 e-tron,,Audi A6 e-tronSportback Corporate S-Line Performance,63890,,True,2026,03-2026,1622,1,used,electric,280,380,,Euro 6e,,6.0,,,Arrière,Berline,5,5,Noir,,,,,dealer,Autostad Selected,BE-3020 Herent,BE,2,https://prod.pictures.autoscout24.net/listing-images/f1d01deb-2906-4faf-ac7f-a1895b66e84e_6629b600-0aaf-4f98-b54f-d1644383f15e.jpg/250x188.webp,2026-08-03T05:44:11.727624,39.39,0
89ca7c79-ec41-4e2e-a666-1027f65f7d2b,https://www.autoscout24.be/fr/offres/89ca7c79-ec41-4e2e-a666-1027f65f7d2b,be,BMW,x1,,BMW X1sDrive18i M Sport  / KEYLESS / LEDER / PANO / ADPT,39990,,True,2025,11-2025,5185,1,used,petrol,100,136,1499,Euro 6e,,6.0,,,Avant,SUV/4x4/Pick-Up,5,5,Gris,,,,,dealer,Garage Van Den Dooren,BE-9500 Geraardsbergen,BE,2,https://prod.pictures.autoscout24.net/listing-images/89ca7c79-ec41-4e2e-a666-1027f65f7d2b_f437fd13-333d-44e4-ad72-a75fd42eb67d.jpg/250x188.webp,2026-08-03T05:44:11.727632,7.71,1
e21fdd45-e1ae-4321-af67-14480f204169,https://www.autoscout24.be/fr/offres/e21fdd45-e1ae-4321-af67-14480f204169,be,Jaguar,e-pace,,Jaguar E-PaceP300e R-Dynamic SE,27950,,True,2021,07-2021,66750,,used,hybrid,227,308,1498,Euro 6,,6.0,,,AWD,SUV/4x4/Pick-Up,5,5,Noir,,,,,dealer,Jaguar Land Rover Metropool Noord,BE-2900 Schoten,BE,3,https://prod.pictures.autoscout24.net/listing-images/e21fdd45-e1ae-4321-af67-14480f204169_aef0eb28-565b-4cac-ad5f-000c10f2b065.jpg/250x188.webp,2026-08-03T05:44:11.727640,0.42,5
130050bc-6957-4379-9286-1fa09572e29a,https://www.autoscout24.be/fr/offres/130050bc-6957-4379-9286-1fa09572e29a,be,Ford,mustang mach-e,,Ford Mustang Mach-EAWD Premium 269pk - Keyless,32950,,True,2023,03-2023,46300,1,used,electric,145,198,,,,9400.0,,,AWD,SUV/4x4/Pick-Up,5,5,Orange,,,,,dealer,VAMAUTO,BE-8880 Sint-Eloois-Winkel,BE,2,https://prod.pictures.autoscout24.net/listing-images/130050bc-6957-4379-9286-1fa09572e29a_a97e8c67-2678-4bb7-b67b-c970b2711877.jpg/250x188.webp,2026-08-03T05:44:11.727648,0.71,3
510f9d07-7276-4c8f-a40b-09d41346834b,https://www.autoscout24.be/fr/offres/510f9d07-7276-4c8f-a40b-09d41346834b,be,Porsche,taycan,,Porsche TaycanFacelift 105 kWh,85990,,True,2024,11-2024,26240,1,used,electric,77,105,,Euro 6d-TEMP,,6.0,,,Arrière,Berline,4,5,Noir,,,,,dealer,Legend Car,BE-1790 Affligem,BE,2,https://prod.pictures.autoscout24.net/listing-images/510f9d07-7276-4c8f-a40b-09d41346834b_81a18498-32fe-4a73-81cb-bf8e281a9bcd.jpg/250x188.webp,2026-08-03T05:44:11.727655,3.28,2
9693a318-8531-48df-9736-4110c3062f5c,https://www.autoscout24.be/fr/offres/9693a318-8531-48df-9736-4110c3062f5c,be,Audi,a5,,Audi A5Audi A5 Sportback 2.0 TDI S tronic 2018 / Garentie,16990,,True,2018,05-2018,135000,,used,diesel,100,136,1968,Euro 6b,,6.0,,,Avant,Berline,5,5,Noir,,,,,dealer,Gores Pneus Cars,BE-7380 Quiévrain,BE,2,https://prod.pictures.autoscout24.net/listing-images/9693a318-8531-48df-9736-4110c3062f5c_aeb669e9-e79c-4559-abb4-171575e0727d.jpg/250x188.webp,2026-08-03T05:44:11.727665,0.13,8
81b9acc5-0076-42db-a3b2-e7c18ead3a49,https://www.autoscout24.be/fr/offres/81b9acc5-0076-42db-a3b2-e7c18ead3a49,be,Audi,e-tron,,Audi e-tron55 Quattro S line 95 kWh,38499,,True,2022,12-2022,88000,,used,electric,95,129,,Euro 6d,,6.0,,,AWD,SUV/4x4/Pick-Up,5,5,Noir,,,,,dealer,Exclusive Car Design BV,BE-9300 Aalst,BE,2,https://prod.pictures.autoscout24.net/listing-images/81b9acc5-0076-42db-a3b2-e7c18ead3a49_8d919bb0-0ebb-4645-bef1-77fd7ce547de.jpg/250x188.webp,2026-08-03T05:44:11.727673,0.44,4
f60dd99a-c8bb-4971-a618-125d24271384,https://www.autoscout24.be/fr/offres/f60dd99a-c8bb-4971-a618-125d24271384,be,Mercedes-Benz,gla 200,,Mercedes-Benz GLA 200GLA 200 AMG LINE,25480,,True,2020,10-2020,86200,1,used,petrol,120,163,1332,Euro 6d,,6.0,,,Avant,SUV/4x4/Pick-Up,5,5,Gris,,,,,dealer,ByMyCar Wavre,BE-1300 Wavre,BE,2,https://prod.pictures.autoscout24.net/listing-images/f60dd99a-c8bb-4971-a618-125d24271384_5d4271b9-800b-4ecb-a270-9fa011ace703.jpg/250x188.webp,2026-08-03T05:44:11.727681,0.3,6
db01653a-f9cb-4ede-8d70-2c56ad2062b4,https://www.autoscout24.be/fr/offres/db01653a-f9cb-4ede-8d70-2c56ad2062b4,be,Land Rover,range rover sport,,Land Rover Range Rover SportP460e S,96500,,True,2025,12-2025,9280,,used,hybrid,338,459,2996,Euro 6e,,6.0,,,AWD,SUV/4x4/Pick-Up,5,2,Gris,,,,,dealer,Jaguar Land Rover Asse - Van Vaerenbergh,BE-1730 Asse,BE,3,https://prod.pictures.autoscout24.net/listing-images/db01653a-f9cb-4ede-8d70-2c56ad2062b4_f8b3b629-bc36-48b2-a36b-86e3e2d30eb3.jpg/250x188.webp,2026-08-03T05:44:11.727689,10.4,1
be7d41e7-37b9-4d45-946c-7d7719b50302,https://www.autoscout24.be/fr/offres/be7d41e7-37b9-4d45-946c-7d7719b50302,be,Ford,f 150,,Ford f 150,69575,,True,2022,11-2022,123500,1,used,petrol,243,331,3500,Euro 6,,6.0,,,AWD,SUV/4x4/Pick-Up,5,5,Bleu,,,,,dealer,Handiri Cars bvba,BE-9100 Sint-Niklaas,BE,2,https://prod.pictures.autoscout24.net/listing-images/be7d41e7-37b9-4d45-946c-7d7719b50302_34b391f3-ee35-4b42-af70-3e5d194b6aac.jpg/250x188.webp,2026-08-03T05:44:11.727698,0.56,4
8e5b2f03-e08c-45ef-bbd4-0868fa99d8bd,https://www.autoscout24.be/fr/offres/8e5b2f03-e08c-45ef-bbd4-0868fa99d8bd,be,Audi,a6,,Audi A6A6 Avant 2.0 TDi ultra S line Sport Edition S,16950,,True,2018,02-2018,179065,,used,diesel,140,190,1968,Euro 6,,6.0,automatic,,Avant,Break,5,5,Noir,,,,,dealer,IF CARS,BE-3290 Diest,BE,2,https://prod.pictures.autoscout24.net/listing-images/8e5b2f03-e08c-45ef-bbd4-0868fa99d8bd_eb6bbbf7-2f9a-4d4f-90ac-48a05ea5d2c7.jpg/250x188.webp,2026-08-03T05:44:11.727706,0.09,8
7557a501-b586-434a-9473-c175aa2adce3,https://www.autoscout24.be/fr/offres/7557a501-b586-434a-9473-c175aa2adce3,be,Audi,a6 e-tron,,Audi A6 e-tronSportback 83 kWh - Matrix,55950,,True,2025,04-2025,25500,1,used,electric,83,112,,,,9630.0,,,Arrière,Berline,5,5,Gris,,,,,dealer,VAMAUTO,BE-8880 Sint-Eloois-Winkel,BE,2,https://prod.pictures.autoscout24.net/listing-images/7557a501-b586-434a-9473-c175aa2adce3_95e16d13-2779-43fd-9944-ebe84a3c64ce.jpg/250x188.webp,2026-08-03T05:44:11.727714,2.19,1
83a0b898-b421-457b-ae3b-fd7a752fa91e,https://www.autoscout24.be/fr/offres/83a0b898-b421-457b-ae3b-fd7a752fa91e,be,Ds Automobiles,ds 7 crossback,,DS Automobiles DS 7 Crossback1.5 HDI Man. - Performance,13990,,True,2019,01-2019,123580,2,used,diesel,70,96,1499,Euro 6,,6.0,,,Avant,SUV/4x4/Pick-Up,4,5,Noir,,,,,dealer,Provan Motors,BE-9810 Eke,BE,2,https://prod.pictures.autoscout24.net/listing-images/83a0b898-b421-457b-ae3b-fd7a752fa91e_f48405f3-f9b7-4092-86d8-0fa32f6f4a7c.jpg/250x188.webp,2026-08-03T05:44:11.727722,0.11,7
9854ddff-45f5-45cc-8b57-9f59f7d92abf,https://www.autoscout24.be/fr/offres/9854ddff-45f5-45cc-8b57-9f59f7d92abf,be,Mercedes-Benz,cla 180,,Mercedes-Benz CLA 180CLA180 MILD HYBRIDE // AMG LINE //,37499,,True,2024,07-2024,31048,1,used,petrol,110,149,1332,Euro 6e,,6.0,,,Avant,Coupé,4,5,Blanc,,,,,dealer,Quality Motors,BE-9320 Erembodegem,BE,2,https://prod.pictures.autoscout24.net/listing-images/9854ddff-45f5-45cc-8b57-9f59f7d92abf_d4a35bba-d9b8-47e1-a78f-620a57efc7b9.jpg/250x188.webp,2026-08-03T05:44:11.727730,1.21,2
be384a22-7116-4f1b-bf1f-3f938bf3eab5,https://www.autoscout24.be/fr/offres/be384a22-7116-4f1b-bf1f-3f938bf3eab5,be,Alfa Romeo,giulia,,Alfa Romeo GiuliaGiulia 2.9 T V6 Quadrifoglio (EU6D),45000,,True,2022,04-2022,28000,1,used,petrol,375,510,2891,Euro 6d,,6.0,,,Arrière,Berline,4,5,Noir,,,,,dealer,AGD auto,BE-4430 Ans,BE,2,https://prod.pictures.autoscout24.net/listing-images/be384a22-7116-4f1b-bf1f-3f938bf3eab5_c626b5c1-e8eb-4848-b7d2-7e1cbbe2d326.jpg/250x188.webp,2026-08-03T05:44:11.727739,1.61,4
a6ddd100-03f9-4255-86a4-c6085dabd0f5,https://www.autoscout24.be/fr/offres/a6ddd100-03f9-4255-86a4-c6085dabd0f5,be,Mg,hs,,MG HS1.5 Turbo Luxury DCT Automaat,26876,,True,,new,0,,new,petrol,125,170,1499,Euro 6,,6.0,,,Avant,SUV/4x4/Pick-Up,5,5,Noir,,,,,dealer,Garage Foulon,BE-8800 Roeselare,BE,2,https://prod.pictures.autoscout24.net/listing-images/a6ddd100-03f9-4255-86a4-c6085dabd0f5_7a8594da-c808-4063-a0a4-529a28edc3f4.jpg/250x188.webp,2026-08-03T05:44:11.727747,,
e687ae58-f29e-411a-8980-f66329927d01,https://www.autoscout24.be/fr/offres/e687ae58-f29e-411a-8980-f66329927d01,be,Hyundai,tucson,,Hyundai TUCSONTucson 1.6 T-GDi MHEV Shine DCT,24850,,True,2021,05-2021,49310,1,used,hybrid,110,149,1598,Euro 6d,,6.0,,,Boîte automatique,SUV/4x4/Pick-Up,5,5,Gris,,,,,dealer,Garage Jean-Claude,BE-1760 Roosdaal,BE,2,https://prod.pictures.autoscout24.net/listing-images/e687ae58-f29e-411a-8980-f66329927d01_bacd8ca8-96c0-4981-805a-a682293fd605.jpg/250x188.webp,2026-08-03T05:44:11.727755,0.5,5
7191350e-185e-40cb-9096-c722976f8076,https://www.autoscout24.be/fr/offres/7191350e-185e-40cb-9096-c722976f8076,be,Maserati,levante,,Maserati Levante2.0 GT Sport Nerissimo Package / Camera +,49700,,True,2022,02-2022,49594,1,used,petrol,243,330,1995,Euro 6d,,6.0,,,AWD,SUV/4x4/Pick-Up,5,5,Noir,,,,,dealer,Car Center Ninove bv,BE-9402 Meerbeke-Ninove,BE,2,https://prod.pictures.autoscout24.net/listing-images/7191350e-185e-40cb-9096-c722976f8076_40cd6174-ab9a-4da4-ba9c-51606bb5402d.jpg/250x188.webp,2026-08-03T05:44:11.727764,1.0,4
8e06fee5-e624-4639-b302-fbce7fb14834,https://www.autoscout24.be/fr/offres/8e06fee5-e624-4639-b302-fbce7fb14834,be,Mini,one,,MINI OneMini 1.5 One OPF 1HAND FULL CARNET MINI NAVI,14450,,True,2022,08-2022,62643,1,used,petrol,75,102,1499,Euro 6d,,6.0,,,Arrière,Berline,5,5,Noir,,,,,dealer,Stad M,BE-1760 Roosdaal,BE,2,https://prod.pictures.autoscout24.net/listing-images/8e06fee5-e624-4639-b302-fbce7fb14834_3bc67f1d-feb2-465e-b88b-9a855a84b876.jpg/250x188.webp,2026-08-03T05:44:11.727779,0.23,4
f30a408a-b3e4-4727-9179-7c81efc4efee,https://www.autoscout24.be/fr/offres/f30a408a-b3e4-4727-9179-7c81efc4efee,be,Mercedes-Benz,a 220,,Mercedes-Benz A 220A AMG Line,26950,,True,2019,05-2019,34572,1,used,petrol,165,224,2000,Euro 6,,6.0,,,Avant,Citadine,5,5,Jaune,,,,,dealer,Mercedes GMS Certified used Cars,BE-3001 Heverlee,BE,2,https://prod.pictures.autoscout24.net/listing-images/f30a408a-b3e4-4727-9179-7c81efc4efee_e20a7f01-c60e-4889-9157-b5a46614ab38.jpg/250x188.webp,2026-08-03T05:44:11.727786,0.78,7
54fe0ea6-5287-44b2-a806-dc3800a5c09c,https://www.autoscout24.be/fr/offres/54fe0ea6-5287-44b2-a806-dc3800a5c09c,be,Volkswagen,golf,,Volkswagen GolfGolf 1.5 TSI DSG Style Incl. Business,23990,,True,2024,03-2024,35385,,used,hybrid,96,130,1498,Euro 6d,,6.0,,,Boîte automatique,Berline,5,5,Noir,,,,,dealer,click2move by Declerc,BE-5100 Naninne (Namur),BE,2,https://prod.pictures.autoscout24.net/listing-images/54fe0ea6-5287-44b2-a806-dc3800a5c09c_43cceef6-98d9-4cf4-8ae4-8af682caf20b.jpg/250x188.webp,2026-08-03T05:44:11.727795,0.68,2
4d7ae31a-adbb-466b-911a-6accea3472fb,https://www.autoscout24.be/fr/offres/4d7ae31a-adbb-466b-911a-6accea3472fb,be,Peugeot,rifter,,Peugeot RifterGT Line,28680,,True,2024,05-2024,45293,1,used,diesel,96,130,1499,Euro 6,,6.0,,,Avant,Monospace,5,7,Noir,,,,,dealer,VDC Car Ath,BE-7800 Ath,BE,2,https://prod.pictures.autoscout24.net/listing-images/4d7ae31a-adbb-466b-911a-6accea3472fb_ce6a587c-f817-4bb6-ab0f-80e48f16b26b.jpg/250x188.webp,2026-08-03T05:44:11.727802,0.63,2
62e85cba-a9a0-4a2f-8fda-760f5eabeab8,https://www.autoscout24.be/fr/offres/62e85cba-a9a0-4a2f-8fda-760f5eabeab8,be,Jaguar,e-pace,,Jaguar E-PaceP160 MHEV S *MILD-HYBRID - PANODAK - 360°,22899,,True,2021,04-2021,53884,1,used,petrol,118,160,1498,Euro 6d,,6.0,,,Boîte automatique,SUV/4x4/Pick-Up,5,5,Noir,,,,,dealer,Caroo Wolvertem,BE-1861 Wolvertem,BE,2,https://prod.pictures.autoscout24.net/listing-images/62e85cba-a9a0-4a2f-8fda-760f5eabeab8_18cd7bf1-7bef-4f19-92fe-fcaa7a4e812c.jpg/250x188.webp,2026-08-03T05:44:11.727810,0.42,5
5aec3e69-f0af-4b3c-a92d-443a2410f364,https://www.autoscout24.be/fr/offres/5aec3e69-f0af-4b3c-a92d-443a2410f364,be,Mercedes-Benz,eqe 300,,Mercedes-Benz EQE 300EQE Luxury Line SOH 95% | CAMERA |,33945,,True,2023,02-2023,114226,,used,electric,132,180,,,,20.0,,,Arrière,Berline,4,5,Argent,,,,,dealer,,BE-9160 Lokeren,BE,1,https://prod.pictures.autoscout24.net/listing-images/5aec3e69-f0af-4b3c-a92d-443a2410f364_46229c65-266c-4b41-8766-5dcc4e5ba5bf.jpg/250x188.webp,2026-08-03T05:44:11.727819,0.3,3
554d4d07-ed7f-4c45-a3b0-0e563fe74e52,https://www.autoscout24.be/fr/offres/554d4d07-ed7f-4c45-a3b0-0e563fe74e52,be,Tesla,model 3,,Tesla Model 378 kWh l Performance l AWD l Long Range l NEW,29999,,True,2021,12-2021,90750,1,used,electric,78,106,,,,9567.0,,,AWD,Berline,4,5,Noir,,,,,dealer,TR Premium Cars,BE-9340 Lede,BE,2,https://prod.pictures.autoscout24.net/listing-images/554d4d07-ed7f-4c45-a3b0-0e563fe74e52_178ed067-9721-4625-b387-83084d25687a.jpg/250x188.webp,2026-08-03T05:44:11.727827,0.33,5
2ff8c5e7-6e4e-4fb4-9831-acdd8bed03ab,https://www.autoscout24.be/fr/offres/2ff8c5e7-6e4e-4fb4-9831-acdd8bed03ab,be,Renault,kadjar,,Renault KadjarKadjar 1.5 Blue dCi Limited,10399,,True,2018,10-2018,123113,5,used,diesel,85,115,,,,,,,Boîte manuelle,SUV/4x4/Pick-Up,5,5,Gris,,,,,dealer,LAF OCCASIONS,BE-6567 Merbes-Le-Chateau,BE,2,https://prod.pictures.autoscout24.net/listing-images/2ff8c5e7-6e4e-4fb4-9831-acdd8bed03ab_962d52a6-8ea9-40d5-b1fc-902ab1c197c4.jpg/250x188.webp,2026-08-03T05:44:11.727835,0.08,8
4d84b4ed-67e4-4242-8c33-5ba1c4c676b4,https://www.autoscout24.be/fr/offres/4d84b4ed-67e4-4242-8c33-5ba1c4c676b4,be,BMW,x3,,BMW X3*1PROPRIETAIRE,25990,,True,2020,02-2020,119000,1,used,petrol,135,183,1998,Euro 6,,6.0,,,AWD,SUV/4x4/Pick-Up,5,5,Gris,,,,,dealer,Faubourg Cars,BE-1410 Waterloo,BE,2,https://prod.pictures.autoscout24.net/listing-images/4d84b4ed-67e4-4242-8c33-5ba1c4c676b4_637bc0ff-9d72-4da9-8acf-fbd70f81bc50.jpg/250x188.webp,2026-08-03T05:44:11.727843,0.22,6
885841dc-c445-420d-9838-659adcb504c2,https://www.autoscout24.be/fr/offres/885841dc-c445-420d-9838-659adcb504c2,be,Jeep,wrangler,,Jeep WranglerBRUTE Custom Hybrid,89890,,True,2023,06-2023,17742,1,used,hybrid,280,380,1995,Euro 6,,6.0,,,AWD,SUV/4x4/Pick-Up,5,5,Bleu,,,,,dealer,D&O Automotive Group Roeselare- Driven by values,BE-8800 Roeselare,BE,2,https://prod.pictures.autoscout24.net/listing-images/885841dc-c445-420d-9838-659adcb504c2_13897963-96c1-4683-9e4e-277a0a43c576.jpg/250x188.webp,2026-08-03T05:44:11.727852,5.07,3
dc5e0ec9-b1b7-45df-8945-cb3f20ab9429,https://www.autoscout24.be/fr/offres/dc5e0ec9-b1b7-45df-8945-cb3f20ab9429,be,Audi,q3,,Audi Q3Sportback 35 TDi S-Tronic Business Ed. Attraction,28990,,True,2022,05-2022,26472,1,used,diesel,110,149,1968,Euro 6d,,6.0,,,Avant,SUV/4x4/Pick-Up,5,5,Gris,,,,,dealer,Ayvens Mobility Center Liège,BE-4000 Liège,BE,2,https://prod.pictures.autoscout24.net/listing-images/dc5e0ec9-b1b7-45df-8945-cb3f20ab9429_1fafad28-206d-4f9b-b529-8ebe054958a4.jpg/250x188.webp,2026-08-03T05:44:11.727860,1.1,4
735fa560-b2c3-435f-88d5-2ace22036f12,https://www.autoscout24.be/fr/offres/735fa560-b2c3-435f-88d5-2ace22036f12,be,Hyundai,ioniq 9,,Hyundai IONIQ 9110 kWh Calligraphy AWD,73000,,True,,unknown,3500,,used,electric,110,149,0,,,20.0,,,AWD,SUV/4x4/Pick-Up,5,7,Noir,,,,,dealer,Garage Buttiens,BE-3300 Tienen,BE,2,https://prod.pictures.autoscout24.net/listing-images/735fa560-b2c3-435f-88d5-2ace22036f12_f542b0b2-ae02-4165-86bb-9e8b6530dad8.jpg/250x188.webp,2026-08-03T05:44:11.727914,20.86,
c4f679e0-1fd9-486e-8e95-c40f1b6a3b90,https://www.autoscout24.be/fr/offres/c4f679e0-1fd9-486e-8e95-c40f1b6a3b90,be,Mercedes-Benz,a 180,,Mercedes-Benz A 180A 180 d**AUTOMAAT**LEDER**XENON**CAMERA,13950,,True,2018,02-2018,136537,1,used,diesel,80,108,1461,Euro 6b,,6.0,,,Avant,Berline,5,5,Bleu,,,,,dealer,IF CARS,BE-3290 Diest,BE,2,https://prod.pictures.autoscout24.net/listing-images/c4f679e0-1fd9-486e-8e95-c40f1b6a3b90_ab7d1424-b2a5-434c-b169-23d1201f8af5.jpg/250x188.webp,2026-08-03T05:44:11.727924,0.1,8
69dd1592-62b4-4b18-b481-c89734f6ccf9,https://www.autoscout24.be/fr/offres/69dd1592-62b4-4b18-b481-c89734f6ccf9,be,BMW,330,,BMW 330e M-Sport,43990,,True,2025,07-2025,19934,1,used,hybrid,215,292,1995,Euro 6e,,6.0,,,Arrière,Berline,4,5,Gris,,,,,dealer,Autostad Selected,BE-3020 Herent,BE,2,https://prod.pictures.autoscout24.net/listing-images/69dd1592-62b4-4b18-b481-c89734f6ccf9_4c4e4ef7-13f5-4333-8a76-dd4a9f89e19f.jpg/250x188.webp,2026-08-03T05:44:11.727932,2.21,1
d947137c-4913-438a-b15f-9e91043f26cd,https://www.autoscout24.be/fr/offres/d947137c-4913-438a-b15f-9e91043f26cd,be,Audi,a4,,Audi A4A4 Avant 35 TDI S-Tronic Leder,24990,,True,2022,02-2022,74260,1,used,diesel,120,163,1968,Euro 6d,,6.0,,,Avant,Break,5,5,Noir,,,,,dealer,Leconte Motors,BE-8550 Zwevegem,BE,2,https://prod.pictures.autoscout24.net/listing-images/d947137c-4913-438a-b15f-9e91043f26cd_4c362f4d-b679-4c01-9928-7bea2b25ca51.jpg/250x188.webp,2026-08-03T05:44:11.727939,0.34,4
f20cab9f-a5e1-48c3-996a-6a509e598276,https://www.autoscout24.be/fr/offres/f20cab9f-a5e1-48c3-996a-6a509e598276,be,BMW,116,,BMW 116Hatch,17900,,True,2023,07-2023,33269,1,used,petrol,58,80,1499,,,2130.0,,,Avant,Berline,5,5,Noir,,,,,dealer,BMW Jorssen Noord,BE-2170 Merksem,BE,2,https://prod.pictures.autoscout24.net/listing-images/f20cab9f-a5e1-48c3-996a-6a509e598276_5d2b81b1-703d-4486-a26b-6925e4263e72.jpg/250x188.webp,2026-08-03T05:44:11.727946,0.54,3
8fa787a3-8124-41c8-a7e8-449a5135d1ca,https://www.autoscout24.be/fr/offres/8fa787a3-8124-41c8-a7e8-449a5135d1ca,be,Audi,q3,,Audi Q3Sportback 45 TFSI S tronic S Line Drive select| El,29995,,True,2020,09-2020,58482,1,used,petrol,180,244,1400,Euro 6,,6.0,,,Avant,SUV/4x4/Pick-Up,5,5,Noir,,,,,dealer,Van Mossel Used Cars Center Hasselt,BE-3500 Hasselt,BE,2,https://prod.pictures.autoscout24.net/listing-images/8fa787a3-8124-41c8-a7e8-449a5135d1ca_e644959d-db6c-44f2-b089-786854e025fb.jpg/250x188.webp,2026-08-03T05:44:11.727954,0.51,6
fd0ea5e7-5237-402c-81c4-9befecac27a3,https://www.autoscout24.be/fr/offres/fd0ea5e7-5237-402c-81c4-9befecac27a3,be,Land Rover,range rover sport,,Land Rover Range Rover SportP460e AWD Auto S,89900,,True,2024,01-2024,60941,,used,hybrid,338,459,2996,Euro 6d,,6.0,,,AWD,SUV/4x4/Pick-Up,5,5,Gris,,,,,dealer,JLR Louyet Namur,BE-5101 Namur (Erpent),BE,3,https://prod.pictures.autoscout24.net/listing-images/fd0ea5e7-5237-402c-81c4-9befecac27a3_2598dcb2-fb4d-41c2-ace7-9bf89e8bce04.jpg/250x188.webp,2026-08-03T05:44:11.727962,1.48,2
e2f19f91-e57e-43c6-8adc-5be7bae1f214,https://www.autoscout24.be/fr/offres/e2f19f91-e57e-43c6-8adc-5be7bae1f214,be,Mercedes-Benz,c 200,,Mercedes-Benz C 200d 9-GTRONIC MHEV - LED - NAVI - APPLE,28995,,True,2022,10-2022,45200,,used,diesel,120,163,1993,Euro 6e,,6.0,,,Arrière,Break,5,5,Noir,,,,,dealer,DR Motors,BE-8000 Brugge,BE,2,https://prod.pictures.autoscout24.net/listing-images/e2f19f91-e57e-43c6-8adc-5be7bae1f214_eebc9f5f-56d7-40c0-9976-708ce1121b45.jpg/250x188.webp,2026-08-03T05:44:11.727970,0.64,4
740ce091-d809-4c30-a996-c79832ad94c0,https://www.autoscout24.be/fr/offres/740ce091-d809-4c30-a996-c79832ad94c0,be,BMW,xm,,BMW XM50e Full Options ACC HUD Bowers&Wilkins 360 Soft,92500,,True,2025,01-2025,93700,1,used,hybrid,350,476,2998,Euro 6e,,6.0,,,AWD,SUV/4x4/Pick-Up,5,5,Noir,,,,,dealer,Auto Prix,BE-6150 Anderlues,BE,2,https://prod.pictures.autoscout24.net/listing-images/740ce091-d809-4c30-a996-c79832ad94c0_d3589e06-fafa-4c33-91ec-96df9e47b643.jpg/250x188.webp,2026-08-03T05:44:11.727978,0.99,1
6fa9d2f0-3e49-4183-b520-8ed851030c36,https://www.autoscout24.be/fr/offres/6fa9d2f0-3e49-4183-b520-8ed851030c36,be,Opel,astra,,Opel AstraAstra 1.2 Turbo Edition S,14895,,True,2023,01-2023,55193,1,used,petrol,81,110,1199,Euro 6e,,6.0,,,Avant,Berline,5,5,Gris,,,,,dealer,Lazoore-Cars,BE-8620 Nieuwpoort,BE,2,https://prod.pictures.autoscout24.net/listing-images/6fa9d2f0-3e49-4183-b520-8ed851030c36_066902ba-c2d8-42dc-b15b-0f224de5e9cb.jpg/250x188.webp,2026-08-03T05:44:11.727985,0.27,3
af853a8a-c955-4a5d-ace9-c6565de40de0,https://www.autoscout24.be/fr/offres/af853a8a-c955-4a5d-ace9-c6565de40de0,be,BMW,530,,BMW 530Facelift M-Sport - Carplay,23990,,True,2021,03-2021,194034,2,used,hybrid,215,292,1998,Euro 6d-TEMP,,6.0,,,Arrière,Break,5,5,Noir,,,,,dealer,Dinitra Motors,BE-3945 Ham,BE,2,https://prod.pictures.autoscout24.net/listing-images/af853a8a-c955-4a5d-ace9-c6565de40de0_1bab52a2-e1a2-4fa9-b630-705c70379944.jpg/250x188.webp,2026-08-03T05:44:11.727993,0.12,5
81c97582-1dee-4375-8d3c-5b6730d13aa6,https://www.autoscout24.be/fr/offres/81c97582-1dee-4375-8d3c-5b6730d13aa6,be,Skoda,octavia,,Skoda OctaviaSW 1.0 TSI *Camera*CarPlay* Garantie 12M,14999,,True,2021,10-2021,83000,1,used,petrol,81,110,999,Euro 6,,6.0,,,Avant,Break,5,5,Gris,,,,,dealer,Auto Unique,BE-3090 Overijse (à 5 min de Wavre et Bruxelles),BE,2,https://prod.pictures.autoscout24.net/listing-images/81c97582-1dee-4375-8d3c-5b6730d13aa6_8087a99a-eb4e-421a-8e30-8facbd32580d.jpg/250x188.webp,2026-08-03T05:44:11.728001,0.18,5
8c088f07-9164-4a01-9e9e-7029aa399cfc,https://www.autoscout24.be/fr/offres/8c088f07-9164-4a01-9e9e-7029aa399cfc,be,Volkswagen,taigo,,Volkswagen TaigoBusiness Life | auto airco | GPS | camera,15990,,True,2022,08-2022,70794,1,used,petrol,51,70,999,Euro 6d,,6.0,automatic,,Avant,SUV/4x4/Pick-Up,5,5,Noir,,,,,dealer,D&O Automotive Group Waregem - Driven by values,BE-8790 Waregem,BE,2,https://prod.pictures.autoscout24.net/listing-images/8c088f07-9164-4a01-9e9e-7029aa399cfc_b971c173-aba0-4b98-bbca-d36be4e3dcb2.jpg/250x188.webp,2026-08-03T05:44:11.728008,0.23,4
26c04e17-82bd-4d24-9de4-685af404b4f9,https://www.autoscout24.be/fr/offres/26c04e17-82bd-4d24-9de4-685af404b4f9,be,Audi,q5,,Audi Q5🔺Q5*S*LINE**XENON,26999,,True,2021,03-2021,123000,1,used,diesel,120,163,1968,Euro 6d,,6.0,,,Avant,SUV/4x4/Pick-Up,5,5,Gris,,,,,dealer,Premium Car sprl,BE-4910 Polleur,BE,2,https://prod.pictures.autoscout24.net/listing-images/26c04e17-82bd-4d24-9de4-685af404b4f9_b5e84782-4dba-472a-bbb1-53282177aecd.jpg/250x188.webp,2026-08-03T05:44:11.728023,0.22,5
5fc8c117-1898-4111-9fca-e6557983f665,https://www.autoscout24.be/fr/offres/5fc8c117-1898-4111-9fca-e6557983f665,be,Mercedes-Benz,eqe 300,,Mercedes-Benz EQE 300AMG Line - DOS 8837,52900,,True,2025,10-2025,3500,1,used,electric,180,244,,Euro 6,,6.0,,,Arrière,Berline,4,5,Noir,,,,,dealer,,BE-3700 Tongeren,BE,1,https://prod.pictures.autoscout24.net/listing-images/5fc8c117-1898-4111-9fca-e6557983f665_4fa3ca38-594a-40dd-a64f-4f62382baf39.jpg/250x188.webp,2026-08-03T05:44:11.728030,15.11,1
fc6cf986-16e4-4440-8c2a-d9a793f7b950,https://www.autoscout24.be/fr/offres/fc6cf986-16e4-4440-8c2a-d9a793f7b950,be,BMW,116,,BMW 116VENDUE MARCHAND OU EXPORTCOMFORT,12000,,True,2020,08-2020,113777,1,used,diesel,62,85,1500,Euro 6d,,6.0,,,AWD,Citadine,5,5,Gris,,,,,dealer,,BE-4040 Herstal,BE,1,https://prod.pictures.autoscout24.net/listing-images/fc6cf986-16e4-4440-8c2a-d9a793f7b950_d05a5da1-96ce-4451-bf19-d26471ce6a64.jpg/250x188.webp,2026-08-03T05:44:11.728038,0.11,6
cde2ac39-9ae1-4e73-875a-eb0ae1d0d107,https://www.autoscout24.be/fr/offres/cde2ac39-9ae1-4e73-875a-eb0ae1d0d107,be,Audi,a4,,Audi A4Avant 35 TFSI S-Line,38950,,True,2025,06-2025,24062,1,used,petrol,110,149,1984,Euro 6d,,6.0,,,Avant,Break,5,5,Noir,,,,,dealer,Autobedrijf Naessens bvba,BE-8500 Kortrijk,BE,2,https://prod.pictures.autoscout24.net/listing-images/cde2ac39-9ae1-4e73-875a-eb0ae1d0d107_24a9998d-b4ba-456f-905a-6d40da6b1cc2.jpg/250x188.webp,2026-08-03T05:44:11.728046,1.62,1
27a7b9a3-30ca-457d-900a-38050a2e1cb0,https://www.autoscout24.be/fr/offres/27a7b9a3-30ca-457d-900a-38050a2e1cb0,be,Volkswagen,t-roc,,Volkswagen T-Roc2.0 TDI SCR LIFE + GPS + CARPLAY + PDC +,21995,,True,2024,03-2024,14540,,used,diesel,62,85,1968,Euro 6d,,6.0,automatic,,Avant,SUV/4x4/Pick-Up,5,5,Noir,,,,,dealer,Beerens B2 Store North,BE-2030 Antwerpen,BE,2,https://prod.pictures.autoscout24.net/listing-images/27a7b9a3-30ca-457d-900a-38050a2e1cb0_5c366b53-4067-4191-b85f-076fd2f06d07.jpg/250x188.webp,2026-08-03T05:44:11.728054,1.51,2
bbff524e-785e-49c7-8aa2-69b395bf82da,https://www.autoscout24.be/fr/offres/bbff524e-785e-49c7-8aa2-69b395bf82da,be,BMW,x4,,BMW X4X4 2.0 dA xDrive20 AdBlue camera cruise Xenon,31000,,True,2019,10-2019,49000,,used,diesel,140,190,1995,Euro 6d,,6.0,,,Avant,SUV/4x4/Pick-Up,5,5,Noir,,,,,dealer,PR motors,BE-8940 Geluwe,BE,2,https://prod.pictures.autoscout24.net/listing-images/bbff524e-785e-49c7-8aa2-69b395bf82da_88e89a5b-a3d3-4a61-92bd-b862cf08632a.jpg/250x188.webp,2026-08-03T05:44:11.728062,0.63,7
bb501f62-fabe-491e-8132-30acafa6da1b,https://www.autoscout24.be/fr/offres/bb501f62-fabe-491e-8132-30acafa6da1b,be,Opel,cascada,,Opel Cascada1.6 Turbo CABRIO Euro 6d/ NAVI/ CAMERA/ LEDER,13900,,True,2019,06-2019,39640,,used,petrol,100,136,1658,Euro 6d,,6.0,,,Avant,Cabriolet,2,4,Gris,,,,,dealer,Autohandel  Loosveld,BE-8870 Izegem,BE,2,https://prod.pictures.autoscout24.net/listing-images/bb501f62-fabe-491e-8132-30acafa6da1b_4741bb96-6b47-47d2-9a3c-d7453743ab91.jpg/250x188.webp,2026-08-03T05:44:11.728070,0.35,7
2e8026c0-0c8a-449f-8533-d0f8da396a43,https://www.autoscout24.be/fr/offres/2e8026c0-0c8a-449f-8533-d0f8da396a43,be,Peugeot,rifter,,Peugeot Rifter1.2 110cv Gris 5pl. 07,11250,,True,2019,07-2019,110611,1,used,petrol,80,110,1199,Euro 6d-TEMP,,6.0,,,Avant,Monospace,5,5,Gris,,,,,dealer,GSL Châtelineau,BE-6200 Châtelet,BE,2,https://prod.pictures.autoscout24.net/listing-images/2e8026c0-0c8a-449f-8533-d0f8da396a43_fd6e6068-1db0-4c45-909c-805a224582e3.jpg/250x188.webp,2026-08-03T05:44:11.728078,0.1,7
f8613f5d-fb76-4634-9e3e-041d3ee317d2,https://www.autoscout24.be/fr/offres/f8613f5d-fb76-4634-9e3e-041d3ee317d2,be,Mazda,cx-60,,Mazda CX-60Homura Full Option + Trekhaak - Gar 11,37950,,True,2022,12-2022,33965,1,used,hybrid,240,326,2488,Euro 6,,6.0,,,AWD,SUV/4x4/Pick-Up,5,5,Noir,,,,,dealer,Antwerp Automotive nv,BE-2960 Sint-Job in’t Goor,BE,2,https://prod.pictures.autoscout24.net/listing-images/f8613f5d-fb76-4634-9e3e-041d3ee317d2_6d504db0-278d-4602-9587-74e9717e740f.jpg/250x188.webp,2026-08-03T05:44:11.728086,1.12,4
e30535c8-d4d7-4fd4-b775-527fba0b4685,https://www.autoscout24.be/fr/offres/e30535c8-d4d7-4fd4-b775-527fba0b4685,be,Kia,xceed,,Kia XCeed1.6 DIESEL 136 AUTO,17490,,True,2021,12-2021,50971,1,used,diesel,100,136,1598,Euro 6d,,6.0,,,Avant,Berline,5,5,Gris,,,,,dealer,IMACAR Vanhoecke,BE-9100 Sint-Niklaas,BE,2,https://prod.pictures.autoscout24.net/listing-images/e30535c8-d4d7-4fd4-b775-527fba0b4685_bd87220f-d419-454a-a272-b549783acdcb.jpg/250x188.webp,2026-08-03T05:44:11.728094,0.34,5
fb4d8a32-84f6-4462-b450-46595c126909,https://www.autoscout24.be/fr/offres/fb4d8a32-84f6-4462-b450-46595c126909,be,Land Rover,range rover velar,,Land Rover Range Rover VelarD200 4WD Auto Velar Edition,43900,,True,2021,04-2021,36318,,used,diesel,150,204,1997,Euro 6d,,6.0,,,AWD,SUV/4x4/Pick-Up,5,5,Noir,,,,,dealer,JLR Louyet Namur,BE-5101 Namur (Erpent),BE,3,https://prod.pictures.autoscout24.net/listing-images/fb4d8a32-84f6-4462-b450-46595c126909_79c8793d-3570-4bc6-80a2-db4452b3884c.jpg/250x188.webp,2026-08-03T05:44:11.728101,1.21,5
f69b2800-5489-419b-b46a-0c77fa0dadc3,https://www.autoscout24.be/fr/offres/f69b2800-5489-419b-b46a-0c77fa0dadc3,be,Volvo,xc40,,Volvo XC40INSCRIPTION T5 PHEV PLUG-IN HYBRID,25990,,True,2020,02-2020,41530,1,used,hybrid,132,179,1477,Euro 6d,,6.0,,,Avant,SUV/4x4/Pick-Up,5,5,Bleu,,,,,dealer,IMACAR Vanhoecke,BE-9100 Sint-Niklaas,BE,2,https://prod.pictures.autoscout24.net/listing-images/f69b2800-5489-419b-b46a-0c77fa0dadc3_bbeaf226-4a14-4227-afa5-9561dbd4cfa9.jpg/250x188.webp,2026-08-03T05:44:11.728109,0.63,6
c2ffae00-d2b3-4636-8dea-98b901b22182,https://www.autoscout24.be/fr/offres/c2ffae00-d2b3-4636-8dea-98b901b22182,be,Land Rover,range rover,,Land Rover Range RoverD350 Range Rover Fifty l 1 of 1970 l,69999,,True,2021,10-2021,79784,1,used,diesel,258,350,2997,Euro 6d,,6.0,,,AWD,SUV/4x4/Pick-Up,5,5,Noir,,,,,dealer,GDCauto,BE-9620 Zottegem,BE,2,https://prod.pictures.autoscout24.net/listing-images/c2ffae00-d2b3-4636-8dea-98b901b22182_bb865c8e-b25d-4751-b3d9-9d8b0f8f8f27.jpg/250x188.webp,2026-08-03T05:44:11.728118,0.88,5
6580d0d8-53ef-4785-9253-27f8da560828,https://www.autoscout24.be/fr/offres/6580d0d8-53ef-4785-9253-27f8da560828,be,BMW,x2,,BMW X2xDrive25e PHEV ** M-Steer | Head-Up | Camera,24490,,True,2022,05-2022,62303,1,used,hybrid,162,220,1499,Euro 6,,6.0,,,AWD,SUV/4x4/Pick-Up,5,5,Noir,,,,,dealer,Auto's Verschueren NV,BE-2830 Willebroek,BE,2,https://prod.pictures.autoscout24.net/listing-images/6580d0d8-53ef-4785-9253-27f8da560828_d0451211-9a72-486a-b57b-e00feb4a0db4.jpg/250x188.webp,2026-08-03T05:44:11.728126,0.39,4
a364738e-7762-4641-b1a7-fa23717ff748,https://www.autoscout24.be/fr/offres/a364738e-7762-4641-b1a7-fa23717ff748,be,Hyundai,tucson,,Hyundai TUCSONTucson 1.6 CRDi Techno,18850,,True,2021,03-2021,42893,,used,diesel,62,85,1598,Euro 6e,,6.0,,,Boîte manuelle,SUV/4x4/Pick-Up,5,5,Gris,,,,,dealer,Garage Jean-Claude,BE-1760 Roosdaal,BE,2,https://prod.pictures.autoscout24.net/listing-images/a364738e-7762-4641-b1a7-fa23717ff748_1b762395-9feb-4cb4-a728-d9e18c601e53.jpg/250x188.webp,2026-08-03T05:44:11.728133,0.44,5
d6d7a27d-f4b1-47f4-92f9-fb25342dd556,https://www.autoscout24.be/fr/offres/d6d7a27d-f4b1-47f4-92f9-fb25342dd556,be,Mercedes-Benz,cla 180,,Mercedes-Benz CLA 180180d AMG Line Night LEDER,21790,,True,2020,08-2020,80316,1,used,diesel,62,85,1461,Euro 6d-TEMP,,6.0,,,Avant,Berline,4,5,Blanc,,,,,dealer,Ayvens Mobility Center Liège,BE-4000 Liège,BE,2,https://prod.pictures.autoscout24.net/listing-images/d6d7a27d-f4b1-47f4-92f9-fb25342dd556_d9cc0e1a-0e82-43b8-a9b5-bc42c1d61d53.jpg/250x188.webp,2026-08-03T05:44:11.728141,0.27,6
98de7307-705e-4d92-8764-7ee72085f6b3,https://www.autoscout24.be/fr/offres/98de7307-705e-4d92-8764-7ee72085f6b3,be,Kia,xceed,,Kia XCeedAT | Winter Pack | carplay,23990,,True,2025,04-2025,10,1,new,petrol,103,140,1482,Euro 6e,,6.0,,,Avant,SUV/4x4/Pick-Up,5,5,Gris,,,,,dealer,Bravoauto Woluwe,BE-1200 Woluwe-Saint-Lambert,BE,2,https://prod.pictures.autoscout24.net/listing-images/98de7307-705e-4d92-8764-7ee72085f6b3_0db0d2b1-7114-4cf1-a98d-ce9bad287cb5.jpg/250x188.webp,2026-08-03T05:44:11.728149,2399.0,1
10f91df1-ef8b-4011-b85f-0b2e16e0db2e,https://www.autoscout24.be/fr/offres/10f91df1-ef8b-4011-b85f-0b2e16e0db2e,be,Hyundai,tucson,,Hyundai TUCSONFELL N LINE,24490,,True,2024,02-2024,43676,1,used,petrol,110,149,1598,Euro 6d-TEMP,,6.0,,,AWD,SUV/4x4/Pick-Up,5,5,Gris,,,,,dealer,,BE-4040 Herstal,BE,1,https://prod.pictures.autoscout24.net/listing-images/10f91df1-ef8b-4011-b85f-0b2e16e0db2e_da847320-8eda-4f01-bc4e-b1610ce070a4.jpg/250x188.webp,2026-08-03T05:44:11.728156,0.56,2
85195de0-a1cc-457c-bdf4-62f733b93438,https://www.autoscout24.be/fr/offres/85195de0-a1cc-457c-bdf4-62f733b93438,be,Skoda,octavia,,Skoda octavia,16800,,True,2022,02-2022,66000,1,used,petrol,81,110,999,Euro 6,,6.0,,,Avant,Break,5,5,Noir,,,,,dealer,Auto Unique,BE-3090 Overijse (à 5 min de Wavre et Bruxelles),BE,2,https://prod.pictures.autoscout24.net/listing-images/85195de0-a1cc-457c-bdf4-62f733b93438_d55fe24b-ae6b-4a73-b2a5-d02a18247477.jpg/250x188.webp,2026-08-03T05:44:11.728164,0.25,4
8d5db8c2-5a43-491f-bea1-f96b00d46352,https://www.autoscout24.be/fr/offres/8d5db8c2-5a43-491f-bea1-f96b00d46352,be,Alfa Romeo,stelvio,,Alfa Romeo Stelvio2.0 200 Sprint AWD LEF | NAVI | LEDER |,29945,,True,2022,05-2022,24374,,used,petrol,148,201,2000,,,2160.0,,,AWD,SUV/4x4/Pick-Up,5,5,Noir,,,,,dealer,,BE-9160 Lokeren,BE,1,https://prod.pictures.autoscout24.net/listing-images/8d5db8c2-5a43-491f-bea1-f96b00d46352_039d98ac-0757-4f65-8248-a1f5e43a8fe6.jpg/250x188.webp,2026-08-03T05:44:11.728172,1.23,4
4969978d-3ab8-4bb2-94d9-60209eeae643,https://www.autoscout24.be/fr/offres/4969978d-3ab8-4bb2-94d9-60209eeae643,be,Audi,q8 e-tron,,Audi Q8 e-tronSportback e-Tron 114 kWh 300kW Quattro S line,57500,,True,2024,01-2024,53899,1,used,electric,114,155,,,,20.0,,,AWD,SUV/4x4/Pick-Up,5,5,Noir,,,,,dealer,G.T.S.C,BE-8850 Ardooie,BE,2,https://prod.pictures.autoscout24.net/listing-images/4969978d-3ab8-4bb2-94d9-60209eeae643_dd743faa-83dd-4fa5-9d68-c3ee5ef9e0c3.jpg/250x188.webp,2026-08-03T05:44:11.728180,1.07,2
504588cc-c293-44d0-a1ff-8d2166ddf000,https://www.autoscout24.be/fr/offres/504588cc-c293-44d0-a1ff-8d2166ddf000,be,BMW,318,,"BMW 318iA, PACK M, Apple Car-Play, Capteurs AV",35950,,True,2024,08-2024,17000,1,used,petrol,115,156,1998,Euro 6e,,6.0,automatic,,Arrière,Berline,4,5,Gris,,,,,dealer,CAR PROJECT,BE-7110 Strépy-Bracquegnies,BE,2,https://prod.pictures.autoscout24.net/listing-images/504588cc-c293-44d0-a1ff-8d2166ddf000_b0ca14ba-486d-4e08-8877-4675fa7eefe0.jpg/250x188.webp,2026-08-03T05:44:11.728188,2.11,2
e4b2bc1e-1615-4162-ab32-b1643d88731b,https://www.autoscout24.be/fr/offres/e4b2bc1e-1615-4162-ab32-b1643d88731b,be,Mercedes-Benz,e 200,,Mercedes-Benz E 200d berline Avantgarde,24890,,True,2019,07-2019,104121,,used,diesel,118,160,1598,Euro 6,,6.0,,,Boîte automatique,Berline,4,5,Bleu,,,,,dealer,SAGA Huy,BE-4500 Huy,BE,2,https://prod.pictures.autoscout24.net/listing-images/e4b2bc1e-1615-4162-ab32-b1643d88731b_f932621d-be9e-4e35-9f5d-44600c3ae1dd.jpg/250x188.webp,2026-08-03T05:44:11.728196,0.24,7
f167d63e-e018-49f8-b6b9-767956bab671,https://www.autoscout24.be/fr/offres/f167d63e-e018-49f8-b6b9-767956bab671,be,Skoda,enyaq,,"Skoda EnyaqEnyaq 55kWh 50 Electric Cruise control 19""",25375,,True,2023,11-2023,30130,1,used,electric,55,74,,,,20.0,,,Arrière,SUV/4x4/Pick-Up,5,5,Noir,,,,,dealer,G.T.S.C,BE-8850 Ardooie,BE,2,https://prod.pictures.autoscout24.net/listing-images/f167d63e-e018-49f8-b6b9-767956bab671_a0b61ec0-26d2-4687-a30d-463c5fe55103.jpg/250x188.webp,2026-08-03T05:44:11.728203,0.84,3
28ea5658-5d84-4704-9943-0195fa9aa2c6,https://www.autoscout24.be/fr/offres/28ea5658-5d84-4704-9943-0195fa9aa2c6,be,Mercedes-Benz,v 300,,Mercedes-Benz V 300D * GARANTIE 12 MOIS * PACK AMG *,44990,,True,2021,11-2021,124156,1,used,diesel,174,236,1950,Euro 6d-TEMP,,6.0,,,Boîte automatique,Monospace,5,5,Noir,,,,,dealer,Ab Cars Visé,BE-4600 Visé,BE,2,https://prod.pictures.autoscout24.net/listing-images/28ea5658-5d84-4704-9943-0195fa9aa2c6_4e812e8d-08cf-4ee2-ac70-56960dc69e0b.jpg/250x188.webp,2026-08-03T05:44:11.728211,0.36,5
f1a7b84d-fd80-417e-96a3-485dc243cc0a,https://www.autoscout24.be/fr/offres/f1a7b84d-fd80-417e-96a3-485dc243cc0a,be,Audi,a6,,Audi A635 TDi - 3X SLINE - MHEV - AUTOMATIQUE - 1ERPRO -,35990,,True,2022,05-2022,88000,1,used,diesel,120,163,1968,Euro 6d,,6.0,automatic,,Avant,Berline,4,5,Blanc,,,,,dealer,A.B Cars,BE-7033 Mons,BE,2,https://prod.pictures.autoscout24.net/listing-images/f1a7b84d-fd80-417e-96a3-485dc243cc0a_d75f82ec-ef11-4ce0-a89e-e926b5b0d19d.jpg/250x188.webp,2026-08-03T05:44:11.728219,0.41,4
bc2560d1-cba7-4c64-b9b5-160c4e341d96,https://www.autoscout24.be/fr/offres/bc2560d1-cba7-4c64-b9b5-160c4e341d96,be,Tesla,model y,,Tesla Model YLONG RANGE | DUAL MOTOR | 514 CH  | SENTINELLE,34990,,True,2023,04-2023,70000,1,used,electric,377,514,,,,20.0,,,AWD,SUV/4x4/Pick-Up,5,5,Blanc,,,,,dealer,Auto Selection Fosses,BE-5070 Sart-Eustache (Fosse-la-Ville),BE,2,https://prod.pictures.autoscout24.net/listing-images/bc2560d1-cba7-4c64-b9b5-160c4e341d96_e7ffda13-4245-490d-b49f-a079d4bdac6d.jpg/250x188.webp,2026-08-03T05:44:11.728226,0.5,3
ff2d5bc4-9d85-431c-93f5-186f64e917f0,https://www.autoscout24.be/fr/offres/ff2d5bc4-9d85-431c-93f5-186f64e917f0,be,Hyundai,kona,,Hyundai KONAFEEL CONFORT PACK AUTO,24990,,True,2025,03-2025,12173,1,used,petrol,102,138,1600,Euro 6d,,6.0,,,AWD,SUV/4x4/Pick-Up,5,5,Vert,,,,,dealer,,BE-4040 Herstal,BE,1,https://prod.pictures.autoscout24.net/listing-images/ff2d5bc4-9d85-431c-93f5-186f64e917f0_f8bcc325-4f5a-4101-9a57-0f46d686c524.jpg/250x188.webp,2026-08-03T05:44:11.728234,2.05,1
7c8e6c83-6444-4824-8270-75305b822ed7,https://www.autoscout24.be/fr/offres/7c8e6c83-6444-4824-8270-75305b822ed7,be,Seat,ateca,,SEAT AtecaAteca 1.5 TSI EVO Move! OPF DSG,21499,,True,2022,07-2022,54000,1,used,petrol,110,149,1498,Euro 6d,,6.0,,,Avant,SUV/4x4/Pick-Up,5,5,Argent,,,,,dealer,DMMJ Motor sprl,BE-7130 Binche,BE,2,https://prod.pictures.autoscout24.net/listing-images/7c8e6c83-6444-4824-8270-75305b822ed7_72b6b2e8-5b37-4f0e-8c88-c5a8c2ced47f.jpg/250x188.webp,2026-08-03T05:44:11.728242,0.4,4
9e7f6e3d-7c65-4264-8443-bdeef2736ae3,https://www.autoscout24.be/fr/offres/9e7f6e3d-7c65-4264-8443-bdeef2736ae3,be,Nissan,x-trail,,Nissan X-TrailTekna 1.7 BlueDci 150ch,14990,,True,2020,12-2020,112071,1,used,diesel,110,150,1749,,,2161.0,,,Avant,Berline,5,5,Noir,,,,,dealer,GVOTREAUTO MONS,BE-7033 Mons (Cuesmes),BE,2,https://prod.pictures.autoscout24.net/listing-images/9e7f6e3d-7c65-4264-8443-bdeef2736ae3_75802803-b44e-49ac-ab4a-1052a3fe1ba9.jpg/250x188.webp,2026-08-03T05:44:11.728249,0.13,6
4d937369-332e-4f18-8b5c-34baf92474fd,https://www.autoscout24.be/fr/offres/4d937369-332e-4f18-8b5c-34baf92474fd,be,Mercedes-Benz,a 180,,Mercedes-Benz A 180🔺MERCEDES A180 *LOOK   AMG* CAR-PLAY*,16299,,True,2020,05-2020,99000,1,used,diesel,85,115,1461,Euro 6d,,6.0,,,Avant,Berline,5,4,Blanc,,,,,dealer,LX Cars,BE-4910 Polleur,BE,2,https://prod.pictures.autoscout24.net/listing-images/4d937369-332e-4f18-8b5c-34baf92474fd_aaaa5f23-35a6-4f00-856c-f04a3d270d7d.jpg/250x188.webp,2026-08-03T05:44:11.728257,0.16,6
149b7d04-b8d9-4e06-b396-372110be1226,https://www.autoscout24.be/fr/offres/149b7d04-b8d9-4e06-b396-372110be1226,be,Audi,q3,,Audi Q3Q3 1.4 TFSI c.o.d S tronic *GARANTIE,16999,,True,2018,07-2018,69245,1,used,petrol,110,149,1395,Euro 6b,,6.0,,,Avant,SUV/4x4/Pick-Up,5,5,Gris,,,,,dealer,Caroo Wolvertem,BE-1861 Wolvertem,BE,2,https://prod.pictures.autoscout24.net/listing-images/149b7d04-b8d9-4e06-b396-372110be1226_cb5695a8-01c0-4794-aeab-5965771cdb9f.jpg/250x188.webp,2026-08-03T05:44:11.728265,0.25,8
cc5988ca-d33f-45fc-a881-ccf4961c9dab,https://www.autoscout24.be/fr/offres/cc5988ca-d33f-45fc-a881-ccf4961c9dab,be,BMW,x7,,BMW X7xDrive 40d,79900,,True,2024,05-2024,51131,1,used,diesel,250,340,2993,Euro 6e,,6.0,,,AWD,SUV/4x4/Pick-Up,5,7,Noir,,,,,dealer,BMW Jorssen Noord,BE-2170 Merksem,BE,2,https://prod.pictures.autoscout24.net/listing-images/cc5988ca-d33f-45fc-a881-ccf4961c9dab_b9cceee3-3432-46e8-9a03-44469f2ba4ac.jpg/250x188.webp,2026-08-03T05:44:11.728272,1.56,2
04d91e72-7297-4c7c-9132-3e8989c4138e,https://www.autoscout24.be/fr/offres/04d91e72-7297-4c7c-9132-3e8989c4138e,be,BMW,530,,BMW 530e Touring / M Sport / ACC / Laser / 360° / Att.,32750,,True,2021,10-2021,79943,,used,hybrid,215,292,1998,Euro 6,,6.0,,,Arrière,Break,5,5,Gris,,,,,dealer,Riche Motors SRL,BE-6464 Baileux,BE,2,https://prod.pictures.autoscout24.net/listing-images/04d91e72-7297-4c7c-9132-3e8989c4138e_0bef4e53-3ff0-4e1a-b542-0a4cdbfd925d.jpg/250x188.webp,2026-08-03T05:44:11.728280,0.41,5
14e78b5f-10d4-47cc-af2d-4022fba026e4,https://www.autoscout24.be/fr/offres/14e78b5f-10d4-47cc-af2d-4022fba026e4,be,BMW,218,,BMW 218✖️ 19' PACK M | LED | BLACK PACK | TVA ✔️,28895,,True,2023,09-2023,23000,1,used,petrol,100,136,1499,Euro 6e,,6.0,automatic,,Avant,Berline,4,5,Gris,,,,,dealer,,BE-4801 Stembert,BE,1,https://prod.pictures.autoscout24.net/listing-images/14e78b5f-10d4-47cc-af2d-4022fba026e4_76e402f3-ee1b-4d05-bec6-06d31c99e0e4.jpg/250x188.webp,2026-08-03T05:44:11.728287,1.26,3
b8440d08-ba14-4653-a38c-ca73771f1bae,https://www.autoscout24.be/fr/offres/b8440d08-ba14-4653-a38c-ca73771f1bae,be,Jaguar,xe,,Jaguar XE2.0 R-DYNAMIC * LEDER * MERIDIAN * CAMERA *,25999,,True,2019,07-2019,30413,1,used,petrol,135,184,1997,Euro 6d,,6.0,,,Avant,Berline,4,5,Noir,,,,,dealer,AUTOHANDEL TOM BV,BE-9240 ZELE,BE,2,https://prod.pictures.autoscout24.net/listing-images/b8440d08-ba14-4653-a38c-ca73771f1bae_47e77041-9229-403a-8a9f-dcf02be8cea6.jpg/250x188.webp,2026-08-03T05:44:11.728295,0.85,7
45017bbf-af6e-4a3d-93f8-284d70f52743,https://www.autoscout24.be/fr/offres/45017bbf-af6e-4a3d-93f8-284d70f52743,be,Hyundai,i30,,Hyundai i30N 2.0 | PERFORMANCE PACK | SPER DIFF | ADAPTIVE,19999,,True,2019,07-2019,99662,1,used,petrol,202,274,1998,Euro 6d,,6.0,,,Avant,Berline,5,5,Rouge,,,,,dealer,ICON BV,BE-9170 Sint-Gillis-Waas,BE,2,https://prod.pictures.autoscout24.net/listing-images/45017bbf-af6e-4a3d-93f8-284d70f52743_32949363-5a93-46b7-a7e0-d9f574ed3bad.jpg/250x188.webp,2026-08-03T05:44:11.728303,0.2,7
f0ecad61-bc4e-419b-9b19-a5ff214f2798,https://www.autoscout24.be/fr/offres/f0ecad61-bc4e-419b-9b19-a5ff214f2798,be,Volkswagen,golf,,Volkswagen GolfGolf 1.5 eTSI R-Line 1ER PROP | PANODAK | IQ,24799,,True,2022,01-2022,59841,1,used,petrol,110,149,1498,Euro 6d,,6.0,,,Avant,Berline,5,5,Blanc,,,,,dealer,Bazco Motors BV,BE-1410 Waterloo,BE,2,https://prod.pictures.autoscout24.net/listing-images/f0ecad61-bc4e-419b-9b19-a5ff214f2798_54877746-684d-4d98-a719-3e977f3c39de.jpg/250x188.webp,2026-08-03T05:44:11.728310,0.41,4
9a59fbcd-a9d0-4fa9-8225-a10f134376b3,https://www.autoscout24.be/fr/offres/9a59fbcd-a9d0-4fa9-8225-a10f134376b3,be,Kia,xceed,,Kia XCeed1.0 T-GDi Pulse ISG + Garantie KIA + Entretien,19490,,True,2024,10-2024,31420,1,used,petrol,74,100,998,Euro 6e,,6.0,,,Avant,SUV/4x4/Pick-Up,5,5,Noir,,,,,dealer,Transakauto Mons,BE-7000 Mons,BE,2,https://prod.pictures.autoscout24.net/listing-images/9a59fbcd-a9d0-4fa9-8225-a10f134376b3_6a5efd2f-c1d5-4802-a094-dcbe4b38dd11.jpg/250x188.webp,2026-08-03T05:44:11.728318,0.62,2
351a7583-fdb0-4c17-a3f6-c6e1560f4b75,https://www.autoscout24.be/fr/offres/351a7583-fdb0-4c17-a3f6-c6e1560f4b75,be,Geely,starray em-i,,Geely Starray EM-i1.5 EM-i PHEV Pro / 83KM EV / Leder / ACC,28990,,True,2026,06-2026,25,,new,hybrid,193,262,1499,,,83.0,,,Avant,SUV/4x4/Pick-Up,5,5,Gris,,,,,dealer,Expo by KG nv,BE-1840 Londerzeel ( A12 Brussel - Antwerpen ),BE,2,https://prod.pictures.autoscout24.net/listing-images/351a7583-fdb0-4c17-a3f6-c6e1560f4b75_52fc5299-c1bf-4687-a8f4-a8eb55eaec2d.jpg/250x188.webp,2026-08-03T05:44:11.728325,1159.6,0
55f9fa1f-cac3-413f-a653-706baa3f4899,https://www.autoscout24.be/fr/offres/55f9fa1f-cac3-413f-a653-706baa3f4899,be,Byd,seal 6,,BYD Seal 6Touring 1.5 PHEV Boost / 50km EV / Leder,30990,,True,2026,06-2026,18,,new,hybrid,135,183,1498,Euro 6e,,6.0,,,Avant,Break,5,5,Blanc,,,,,dealer,Expo by KG nv,BE-1840 Londerzeel ( A12 Brussel - Antwerpen ),BE,2,https://prod.pictures.autoscout24.net/listing-images/55f9fa1f-cac3-413f-a653-706baa3f4899_4be2af3e-9bc1-4924-b91c-34b1e5feb0e8.jpg/250x188.webp,2026-08-03T05:44:11.728333,1721.67,0
b106ab0a-863e-4eb9-a509-ec9acf0f7556,https://www.autoscout24.be/fr/offres/b106ab0a-863e-4eb9-a509-ec9acf0f7556,be,Volvo,xc40,,Volvo XC401.5 T3 Inscription LEDER,21990,,True,2022,04-2022,76463,1,used,petrol,88,120,1477,Euro 6d,,6.0,,,Avant,SUV/4x4/Pick-Up,5,5,Noir,,,,,dealer,Ayvens Mobility Center Liège,BE-4000 Liège,BE,2,https://prod.pictures.autoscout24.net/listing-images/b106ab0a-863e-4eb9-a509-ec9acf0f7556_df27b7aa-621a-4b59-8e59-27a69496b82b.jpg/250x188.webp,2026-08-03T05:44:11.728341,0.29,4
c518c332-34f7-480c-a335-6ec8c8c1458f,https://www.autoscout24.be/fr/offres/c518c332-34f7-480c-a335-6ec8c8c1458f,be,Ssangyong,musso,,SsangYong Musso2.2 Turbo e-Xdi 4WD - AUTOMATIQUE - 1ERPRO -,19990,,True,2019,08-2019,61000,1,used,diesel,133,180,2157,Euro 6b,,6.0,automatic,,AWD,SUV/4x4/Pick-Up,4,5,Noir,,,,,dealer,A.B Cars,BE-7033 Mons,BE,2,https://prod.pictures.autoscout24.net/listing-images/c518c332-34f7-480c-a335-6ec8c8c1458f_00d62dd5-10f4-46cf-b71f-c91570084743.jpg/250x188.webp,2026-08-03T05:44:11.728349,0.33,7
b05a1905-f4e6-4c06-9588-20d6ca123930,https://www.autoscout24.be/fr/offres/b05a1905-f4e6-4c06-9588-20d6ca123930,be,Porsche,992,,PORSCHE 992 Carrera 2/ 1é Eigenaar! Sportuitlaat!,99995,,True,2020,02-2020,78213,1,used,petrol,208,283,2981,Euro 6d,,6.0,,,Arrière,Coupé,2,4,Noir,,,,,dealer,Autohandel Sneppe Bv,BE-8020 Oostkamp,BE,2,https://prod.pictures.autoscout24.net/listing-images/b05a1905-f4e6-4c06-9588-20d6ca123930_5ce150fb-8bbb-4ec6-a482-966eaa9e5c5b.jpg/250x188.webp,2026-08-03T05:44:11.728357,1.28,6
3d118fa8-9f46-4377-ad0b-6e321ceb115a,https://www.autoscout24.be/fr/offres/3d118fa8-9f46-4377-ad0b-6e321ceb115a,be,Land Rover,range rover velar,,Land Rover Range Rover Velar3.0 V6 Supercharged R-Dynamic *,37490,,True,2018,04-2018,67740,1,used,petrol,205,280,2995,Euro 6b,,6.0,,,AWD,SUV/4x4/Pick-Up,5,5,Gris,,,,,dealer,Ab Cars,BE-4040 Herstal,BE,2,https://prod.pictures.autoscout24.net/listing-images/3d118fa8-9f46-4377-ad0b-6e321ceb115a_46230551-f559-44a2-94e4-b9f68ccdd003.jpg/250x188.webp,2026-08-03T05:44:11.728366,0.55,8
57dae64a-f07b-453d-9d1b-78c6a4a2c813,https://www.autoscout24.be/fr/offres/57dae64a-f07b-453d-9d1b-78c6a4a2c813,be,BMW,m5,,BMW M5M5 4.4AS V8 Competition| Carbon remmen|ACC| FULL,59900,,True,2022,07-2022,139000,1,used,petrol,460,625,4395,Euro 6d,,6.0,,,AWD,Berline,4,5,Noir,,,,,dealer,Premium Car Company,BE-3920 Lommel,BE,2,https://prod.pictures.autoscout24.net/listing-images/57dae64a-f07b-453d-9d1b-78c6a4a2c813_94af9309-7684-462f-930a-9f6d7f4f6c6e.jpg/250x188.webp,2026-08-03T05:44:11.728374,0.43,4
7bb378b0-77fa-4cac-9aad-871e84e8cc63,https://www.autoscout24.be/fr/offres/7bb378b0-77fa-4cac-9aad-871e84e8cc63,be,Jeep,wrangler,,Jeep wrangler,79122,,True,,new,100000,,used,petrol,209,284,3600,Euro 6,,6.0,,,AWD,SUV/4x4/Pick-Up,5,5,Noir,,,,,dealer,Handiri Cars bvba,BE-9100 Sint-Niklaas,BE,2,https://prod.pictures.autoscout24.net/listing-images/7bb378b0-77fa-4cac-9aad-871e84e8cc63_04b7b52c-09d2-4199-864c-4c800ee94356.jpg/250x188.webp,2026-08-03T05:44:11.728381,0.79,
24b3c67e-7e3b-4fb1-9128-9f81a88df5e9,https://www.autoscout24.be/fr/offres/24b3c67e-7e3b-4fb1-9128-9f81a88df5e9,be,Ford,kuga,,Ford KugaBlueCruise Edition / 2.5 PHEV / STOCK,39818,,True,,new,1,,new,hybrid,178,242,2488,Euro 6,,6.0,,,Boîte automatique,SUV/4x4/Pick-Up,,5,Blauw,,,,,dealer,Garage Feyaerts - Ford,BE-3200 Aarschot,BE,2,https://prod.pictures.autoscout24.net/listing-images/24b3c67e-7e3b-4fb1-9128-9f81a88df5e9_07ce1b27-633e-44f3-8158-cbfa7a0eadf3.jpg/250x188.webp,2026-08-03T05:44:11.728389,39818.0,
b21c2763-68de-4263-b54c-7c784c51f8c8,https://www.autoscout24.be/fr/offres/b21c2763-68de-4263-b54c-7c784c51f8c8,be,BMW,x7,,BMW X7xDrive40d,62900,,True,2022,07-2022,103510,1,used,diesel,250,340,2993,Euro 6,,6.0,,,AWD,SUV/4x4/Pick-Up,5,7,Gris,,,,,dealer,BMW Meeusen Kalmthout,BE-2920 Kalmthout,BE,2,https://prod.pictures.autoscout24.net/listing-images/b21c2763-68de-4263-b54c-7c784c51f8c8_be45aefb-486b-4fd5-99cd-aa06fee2ebca.jpg/250x188.webp,2026-08-03T05:44:11.728397,0.61,4
7d9975c7-654d-4c69-b2fc-7badeebad09a,https://www.autoscout24.be/fr/offres/7d9975c7-654d-4c69-b2fc-7badeebad09a,be,Volvo,xc90,,Volvo XC90XC90 2.0 T8 TE 4WD PHEV Plus Bright 7pl.(335 kW),67490,,True,2025,09-2025,16090,1,used,hybrid,335,455,1969,Euro 6e,,6.0,,,AWD,SUV/4x4/Pick-Up,5,7,Noir,,,,,dealer,EVERCAR Gent,BE-9810 Nazareth,BE,2,https://prod.pictures.autoscout24.net/listing-images/7d9975c7-654d-4c69-b2fc-7badeebad09a_56c687e5-d27b-4f16-9c12-a5f1bfc26aeb.jpg/250x188.webp,2026-08-03T05:44:11.728405,4.19,1
c10b9fbd-a373-45f8-9301-f630d5867ab1,https://www.autoscout24.be/fr/offres/c10b9fbd-a373-45f8-9301-f630d5867ab1,be,Volvo,s60,,Volvo S60S60 2.0 T8 R-DESIGN AWD PHEV Polestar Engineered,24200,,True,2021,02-2021,90548,,used,hybrid,233,316,1969,Euro 6d,,6.0,,,Boîte automatique,Berline,4,5,Noir,,,,,dealer,PGN bvba,BE-9860 Oosterzele,BE,2,https://prod.pictures.autoscout24.net/listing-images/c10b9fbd-a373-45f8-9301-f630d5867ab1_915be740-78cf-4e75-bd3b-106ce5e2c96d.jpg/250x188.webp,2026-08-03T05:44:11.729364,0.27,5
2a0bd7f2-3da9-4121-896c-9f7c4ae8e36e,https://www.autoscout24.be/fr/offres/2a0bd7f2-3da9-4121-896c-9f7c4ae8e36e,be,Audi,s5,,Audi S5Sportback 3.0 V6 TFSI Quattro NO OPF,36990,,True,2018,04-2018,85000,2,used,petrol,260,353,2995,Euro 6b,,6.0,,,AWD,Berline,5,4,Argent,,,,,dealer,VOITO Premium Cars,BE-8791 Waregem,BE,2,https://prod.pictures.autoscout24.net/listing-images/2a0bd7f2-3da9-4121-896c-9f7c4ae8e36e_1f1a3806-3465-4c84-8a25-9e96c709a77c.jpg/250x188.webp,2026-08-03T05:44:11.729374,0.44,8
5ec35b3f-7703-4a87-919a-d18b34d3e4c2,https://www.autoscout24.be/fr/offres/5ec35b3f-7703-4a87-919a-d18b34d3e4c2,be,Opel,astra,,Opel AstraAstra 1.5 D GS AUTOMAAT,17000,,True,2024,06-2024,27622,1,used,diesel,96,130,1498,Euro 6e,,6.0,,,Boîte automatique,Berline,5,5,Gris,,,,,dealer,PGN bvba,BE-9860 Oosterzele,BE,2,https://prod.pictures.autoscout24.net/listing-images/5ec35b3f-7703-4a87-919a-d18b34d3e4c2_0a557cfd-8de5-4f5d-9aed-bab0b9b95237.jpg/250x188.webp,2026-08-03T05:44:11.729383,0.62,2
50f4dca3-210e-4c12-9c80-a15e06985e51,https://www.autoscout24.be/fr/offres/50f4dca3-210e-4c12-9c80-a15e06985e51,be,Skoda,kodiaq,,Skoda Kodiaq,15950,,True,2018,05-2018,77000,1,used,petrol,92,125,1395,Euro 6b,,6.0,,,AWD,SUV/4x4/Pick-Up,5,5,Blanc,,,,,dealer,,BE-5150 Floreffe,BE,1,https://prod.pictures.autoscout24.net/listing-images/50f4dca3-210e-4c12-9c80-a15e06985e51_09dbb100-0d3c-42d8-ba72-f66558d11fd7.jpg/250x188.webp,2026-08-03T05:44:11.729393,0.21,8
c281c3bb-577d-4f5a-9e6f-2413d27fac17,https://www.autoscout24.be/fr/offres/c281c3bb-577d-4f5a-9e6f-2413d27fac17,be,Lexus,ux 300h,,Lexus UX 300hBusiness Line | winter pack | all seasons,35990,,True,2025,03-2025,24763,1,used,hybrid,146,198,1987,Euro 6e,,6.0,,,Avant,SUV/4x4/Pick-Up,5,5,Vert,,,,,dealer,Toyota City Approved Used Woluwe,BE-1200 Woluwe-Saint-Lambert,BE,2,https://prod.pictures.autoscout24.net/listing-images/c281c3bb-577d-4f5a-9e6f-2413d27fac17_6850ef8d-6e26-4d23-b4e9-3bf9868b05ba.jpg/250x188.webp,2026-08-03T05:44:11.729400,1.45,1
b294e0d0-0708-46f2-aa2a-9b598de0b177,https://www.autoscout24.be/fr/offres/b294e0d0-0708-46f2-aa2a-9b598de0b177,be,Land Rover,discovery,,Land Rover Discovery3.0 Diesel D250 R-Dynamic SE,64950,,True,2024,05-2024,35010,,used,diesel,184,250,2997,Euro 6d,,6.0,,,AWD,SUV/4x4/Pick-Up,5,5,Gris,,,,,dealer,Jaguar Land Rover Metropool Zuid,BE-2630 Aartselaar,BE,3,https://prod.pictures.autoscout24.net/listing-images/b294e0d0-0708-46f2-aa2a-9b598de0b177_abf3223a-6e40-4c88-a8c7-818dd0a317fe.jpg/250x188.webp,2026-08-03T05:44:11.729408,1.86,2
826a4547-6a6a-4bde-829f-d9d9228e0b7c,https://www.autoscout24.be/fr/offres/826a4547-6a6a-4bde-829f-d9d9228e0b7c,be,Audi,q8 e-tron,,Audi Q8 e-tron55 Quattro   S- Line,34850,,True,2020,11-2020,87678,,used,electric,300,408,,Euro 6d,,6.0,,,Boîte automatique,SUV/4x4/Pick-Up,5,5,Gris,,,,,dealer,Garage Jean-Claude,BE-1760 Roosdaal,BE,2,https://prod.pictures.autoscout24.net/listing-images/826a4547-6a6a-4bde-829f-d9d9228e0b7c_591d31a0-47f3-40e6-bd3f-1a8cc1ae2022.jpg/250x188.webp,2026-08-03T05:44:11.729420,0.4,6
2bc64f47-5c5b-4e2e-80ce-0ae938493ff2,https://www.autoscout24.be/fr/offres/2bc64f47-5c5b-4e2e-80ce-0ae938493ff2,be,BMW,318,,BMW 318Berline,24900,,True,2020,07-2020,41443,1,used,petrol,115,156,1998,,,2150.0,,,Arrière,Berline,4,5,Blanc,,,,,dealer,BMW Jorssen Noord,BE-2170 Merksem,BE,2,https://prod.pictures.autoscout24.net/listing-images/2bc64f47-5c5b-4e2e-80ce-0ae938493ff2_45dc072f-a640-40b5-9563-fab05edfaf69.jpg/250x188.webp,2026-08-03T05:44:11.729429,0.6,6
031fe703-2f00-4b0c-a98e-39999dde1a76,https://www.autoscout24.be/fr/offres/031fe703-2f00-4b0c-a98e-39999dde1a76,be,Seat,arona,,SEAT AronaFR * 22000KM,15450,,True,2021,08-2021,22468,1,used,petrol,81,110,999,Euro 6d,,6.0,,,Boîte manuelle,SUV/4x4/Pick-Up,5,5,Gris,,,,,dealer,M-Cars,BE-4610 Beyne-heusay,BE,2,https://prod.pictures.autoscout24.net/listing-images/031fe703-2f00-4b0c-a98e-39999dde1a76_f18f87e3-a18e-4f11-bb20-5904d87f9305.jpg/250x188.webp,2026-08-03T05:44:11.729504,0.69,5
c906cdb9-7321-4475-a221-05bb5c74af77,https://www.autoscout24.be/fr/offres/c906cdb9-7321-4475-a221-05bb5c74af77,be,Audi,a3,,Audi A3A3 30 TFSI S LINE | S tronic | MATRIX | CARPLAY |,24690,,True,2021,12-2021,58000,1,used,petrol,81,110,999,Euro 6d,,6.0,,,Boîte automatique,Berline,4,5,Noir,,,,,dealer,Beuler automotive,BE-4845 Jalhay,BE,2,https://prod.pictures.autoscout24.net/listing-images/c906cdb9-7321-4475-a221-05bb5c74af77_8e1e2ce8-334c-49d2-9035-eb360d35b29b.jpg/250x188.webp,2026-08-03T05:44:11.729512,0.43,5
e457f9cc-9165-4b1a-b31c-e07bac91883f,https://www.autoscout24.be/fr/offres/e457f9cc-9165-4b1a-b31c-e07bac91883f,be,Opel,insignia,,Opel InsigniaInsignia Sports Tourer 1.6 CDTI,12450,,True,2019,06-2019,62281,1,used,diesel,100,136,1598,Euro 6d-TEMP,,6.0,,,Avant,Break,5,5,Bleu,,,,,dealer,BASS MOTORS,BE-1840 Londerzeel,BE,2,https://prod.pictures.autoscout24.net/listing-images/e457f9cc-9165-4b1a-b31c-e07bac91883f_fe3e1e47-3eff-4224-a586-4f1e0104c534.jpg/250x188.webp,2026-08-03T05:44:11.729520,0.2,7
880f8143-591c-4b5a-b3eb-3673a8f3dc98,https://www.autoscout24.be/fr/offres/880f8143-591c-4b5a-b3eb-3673a8f3dc98,be,BMW,330,,BMW 330e | Individual Dravit Grau | M340i Look | M Sport |,29495,,True,2020,01-2020,89172,2,used,hybrid,215,292,1998,Euro 6d,,6.0,,,Arrière,Berline,4,5,Gris,,,,,dealer,The M Factory Bvba,BE-2550 Kontich,BE,2,https://prod.pictures.autoscout24.net/listing-images/880f8143-591c-4b5a-b3eb-3673a8f3dc98_a51620c2-b013-443c-91e2-f2a4a8e2998b.jpg/250x188.webp,2026-08-03T05:44:11.729528,0.33,6
9747d4d1-e892-4837-8969-aa0d340ca236,https://www.autoscout24.be/fr/offres/9747d4d1-e892-4837-8969-aa0d340ca236,be,BMW,x3 m,,BMW X3 MX3 M 3.0 Competition| Pano| ACC| LICHTE VRACHT !,73350,,True,2024,06-2024,36500,1,used,petrol,275,375,2993,Euro 6e,,6.0,,,AWD,SUV/4x4/Pick-Up,5,5,Gris,,,,,dealer,Premium Car Company,BE-3920 Lommel,BE,2,https://prod.pictures.autoscout24.net/listing-images/9747d4d1-e892-4837-8969-aa0d340ca236_6d31f475-18d7-4c88-90ca-757b9fd5bcf0.jpg/250x188.webp,2026-08-03T05:44:11.729536,2.01,2
416ba1aa-42dd-447c-b395-641cb936df18,https://www.autoscout24.be/fr/offres/416ba1aa-42dd-447c-b395-641cb936df18,be,BMW,420,,BMW 420Gran Coupé,32900,,True,2022,10-2022,32243,1,used,petrol,135,183,1998,,,2155.0,automatic,,Arrière,Berline,4,5,Gris,,,,,dealer,BMW Jorssen Noord,BE-2170 Merksem,BE,2,https://prod.pictures.autoscout24.net/listing-images/416ba1aa-42dd-447c-b395-641cb936df18_7f2f6ebe-2b21-4598-bd2a-04504d1cef68.jpg/250x188.webp,2026-08-03T05:44:11.729543,1.02,4
63eda2a2-7416-45ac-a716-ad5843244a37,https://www.autoscout24.be/fr/offres/63eda2a2-7416-45ac-a716-ad5843244a37,be,Mercedes-Benz,v 300,,Mercedes-Benz V 300V300d L3 Exclusive Airmatic | 4x4,91900,,True,2025,02-2025,19400,1,used,diesel,174,236,1950,Euro 6e,,6.0,,,AWD,Autres,5,7,Noir,,,,,dealer,Van Vaerenbergh Mobility,BE-1730 Asse,BE,2,https://prod.pictures.autoscout24.net/listing-images/63eda2a2-7416-45ac-a716-ad5843244a37_2a9a28c2-2074-46ff-bba5-ea78d450ca38.jpg/250x188.webp,2026-08-03T05:44:11.729580,4.74,1
3bc54f20-dc30-49e1-9f6a-afde104b428c,https://www.autoscout24.be/fr/offres/3bc54f20-dc30-49e1-9f6a-afde104b428c,be,Tesla,model 3,,Tesla Model 3Standard Plus l Facelift,25250,,True,2021,09-2021,74675,1,used,electric,225,306,,,,20.0,,,Boîte automatique,Berline,4,5,Blanc,,,,,dealer,TR Premium Cars,BE-9340 Lede,BE,2,https://prod.pictures.autoscout24.net/listing-images/3bc54f20-dc30-49e1-9f6a-afde104b428c_d2fdd68c-b9e0-40fa-9245-73f0bba83e30.jpg/250x188.webp,2026-08-03T05:44:11.729590,0.34,5
1164556a-7831-4bec-9ecc-5b086a333816,https://www.autoscout24.be/fr/offres/1164556a-7831-4bec-9ecc-5b086a333816,be,Mercedes-Benz,v 300,,Mercedes-Benz V 300V 300 d 4-Matic LWB - 8 ZITPLAATSEN -,38499,,True,2020,09-2020,186086,,used,diesel,176,239,1950,Euro 6d,,6.0,,,AWD,Monospace,5,4,Noir,,,,,dealer,RAF CARS,BE-9406 Ninove-Outer,BE,2,https://prod.pictures.autoscout24.net/listing-images/1164556a-7831-4bec-9ecc-5b086a333816_b7f0c5f8-a589-4572-b59d-404939a3361d.jpg/250x188.webp,2026-08-03T05:44:11.729600,0.21,6
98f7039b-74cb-42f2-87bd-a4d3d08c8932,https://www.autoscout24.be/fr/offres/98f7039b-74cb-42f2-87bd-a4d3d08c8932,be,BMW,m4,,BMW M4VENDU!!!! SOLD!!!!!,54999,,True,2018,09-2018,24867,2,used,petrol,331,450,2979,Euro 6b,,6.0,,,Boîte automatique,Cabriolet,2,4,Gris,,,,,dealer,Concept Automobile,BE-4100 SERAING,BE,2,https://prod.pictures.autoscout24.net/listing-images/98f7039b-74cb-42f2-87bd-a4d3d08c8932_3f3d0dd7-11e3-4244-9fc7-1a381d25c681.jpg/250x188.webp,2026-08-03T05:44:11.729610,2.21,8
5a843c06-be57-41e5-9e57-e911af223b4e,https://www.autoscout24.be/fr/offres/5a843c06-be57-41e5-9e57-e911af223b4e,be,BMW,116,,BMW 116d Automaat | Parkeersysteem voor & achter |,12490,,True,2020,02-2020,161403,2,used,diesel,62,85,1496,Euro 6d,,6.0,,,Avant,Berline,5,5,Noir,,,,,dealer,Garage Neirynck BV,BE-9870 Zulte,BE,2,https://prod.pictures.autoscout24.net/listing-images/5a843c06-be57-41e5-9e57-e911af223b4e_d260eef9-1bb7-4227-a307-6eb6214e7de1.jpg/250x188.webp,2026-08-03T05:44:11.729629,0.08,6
55397712-1615-4304-bcc7-f34902e3ed6a,https://www.autoscout24.be/fr/offres/55397712-1615-4304-bcc7-f34902e3ed6a,be,BMW,116,,BMW 116 d AdBlue,14690,,True,2019,11-2019,99000,,used,diesel,85,115,1496,Euro 6d,,6.0,,,Boîte manuelle,Berline,5,5,Type de peintureAutres,,,,,dealer,PL Cars,BE-4820 Dison,BE,2,https://prod.pictures.autoscout24.net/listing-images/55397712-1615-4304-bcc7-f34902e3ed6a_830e3057-5133-48cf-bbd9-7b7c9230dcd7.jpg/250x188.webp,2026-08-03T05:44:11.729636,0.15,7
0ab1fbce-2d2d-4978-8d5b-1af0c75d26e7,https://www.autoscout24.be/fr/offres/0ab1fbce-2d2d-4978-8d5b-1af0c75d26e7,be,Jeep,gladiator,,Jeep GladiatorMojave,49990,,True,2020,09-2020,70000,1,used,petrol,194,263,,,,,,,AWD,SUV/4x4/Pick-Up,4,,Gris,,,,,dealer,Garage - Carrosserie Vercruyssen Dirk,BE-9170 Sint-Pauwels,BE,2,https://prod.pictures.autoscout24.net/listing-images/0ab1fbce-2d2d-4978-8d5b-1af0c75d26e7_09c60877-3b5c-4420-9343-1e4518415927.jpg/250x188.webp,2026-08-03T05:44:11.729644,0.71,6
b10f045c-4e1d-4c17-94b4-c494b2590574,https://www.autoscout24.be/fr/offres/b10f045c-4e1d-4c17-94b4-c494b2590574,be,Volkswagen,tiguan,,"Volkswagen Tiguan🔥 VENDU SOLD , c’est trop tard 🔥",25950,,True,2022,05-2022,106000,,used,diesel,110,149,1968,Euro 6d,,6.0,,,AWD,SUV/4x4/Pick-Up,5,5,Noir,,,,,dealer,Beloccaz,BE-6183 Trazegnies,BE,2,https://prod.pictures.autoscout24.net/listing-images/b10f045c-4e1d-4c17-94b4-c494b2590574_015d38c5-52af-44a4-bca7-d9ad566e0668.jpg/250x188.webp,2026-08-03T05:44:11.729652,0.24,4
3c4daf37-625f-4d90-ab62-6c1e7e15d9f2,https://www.autoscout24.be/fr/offres/3c4daf37-625f-4d90-ab62-6c1e7e15d9f2,be,BMW,x7,,BMW X7X7 xdrive 40d - M Pack,80950,,True,2024,08-2024,50100,1,used,diesel,250,340,2993,Euro 6d,,6.0,,,AWD,Autres,5,7,Gris,,,,,dealer,BMW & MINI Gregoir Jette,BE-1090 Jette,BE,2,https://prod.pictures.autoscout24.net/listing-images/3c4daf37-625f-4d90-ab62-6c1e7e15d9f2_db05a99e-32a3-4abe-abcd-38d2f2d9d5f9.jpg/250x188.webp,2026-08-03T05:44:11.729659,1.62,2
90209469-3178-4dfd-aa24-79cb20bbce20,https://www.autoscout24.be/fr/offres/90209469-3178-4dfd-aa24-79cb20bbce20,be,Ds Automobiles,ds 4,,DS Automobiles DS 41.5 BlueHDi EAT8 Trocadero LEDER,16990,,True,2022,05-2022,71109,1,used,diesel,70,96,1499,Euro 6d,,6.0,,,Avant,Citadine,5,5,Orange,,,,,dealer,Ayvens Mobility Center Liège,BE-4000 Liège,BE,2,https://prod.pictures.autoscout24.net/listing-images/90209469-3178-4dfd-aa24-79cb20bbce20_d908dd1f-fc80-48db-bfea-90a0ecbb464f.jpg/250x188.webp,2026-08-03T05:44:11.729666,0.24,4
dbdff75b-5370-4bb2-8e5f-06d337d7628d,https://www.autoscout24.be/fr/offres/dbdff75b-5370-4bb2-8e5f-06d337d7628d,be,Audi,a4,,Audi A4Avant 35 TFSI S tronic Black Edition  Camera Cruise,23950,,True,2022,05-2022,48686,1,used,petrol,110,149,1984,Euro 6e,,6.0,,,Avant,Break,5,5,Noir,,,,,dealer,LG Cars,BE-9920 Lovendegem,BE,2,https://prod.pictures.autoscout24.net/listing-images/dbdff75b-5370-4bb2-8e5f-06d337d7628d_7beef0f1-6515-4391-9e9e-040ef4769080.jpg/250x188.webp,2026-08-03T05:44:11.729673,0.49,4
34e9b3e9-3370-44c7-90df-48dfee2b4552,https://www.autoscout24.be/fr/offres/34e9b3e9-3370-44c7-90df-48dfee2b4552,be,Baic,beijing x55,,BAIC Beijing X55Adaptieve cruise controle,19999,,True,2023,04-2023,57000,1,used,petrol,95,130,1498,,,95.0,,,Avant,SUV/4x4/Pick-Up,5,5,Gris,,,,,dealer,TM - Cars,BE-3730 Hoeselt,BE,2,https://prod.pictures.autoscout24.net/listing-images/34e9b3e9-3370-44c7-90df-48dfee2b4552_31654d58-b612-4db7-84ff-3cc9cd2c3ab6.jpg/250x188.webp,2026-08-03T05:44:11.729681,0.35,3
ef55ab78-5735-4686-a8f7-f3fbb27acad7,https://www.autoscout24.be/fr/offres/ef55ab78-5735-4686-a8f7-f3fbb27acad7,be,Audi,q3,,Audi Q3Audi Q3 Sportback Business Edition S line 35 TDI,35990,,True,2023,01-2023,74907,1,used,diesel,110,149,1968,Euro 6e,,6.0,,,Avant,SUV/4x4/Pick-Up,5,5,Gris,,,,,dealer,Le Centre Automobile Audi,BE-6041 Gosselies,BE,3,https://prod.pictures.autoscout24.net/listing-images/ef55ab78-5735-4686-a8f7-f3fbb27acad7_7ec0be02-ce02-44fe-9bf9-8747a650fc28.jpg/250x188.webp,2026-08-03T05:44:11.729688,0.48,3
6f477d4f-cb8b-4fe9-b1f3-5450a0d20d7f,https://www.autoscout24.be/fr/offres/6f477d4f-cb8b-4fe9-b1f3-5450a0d20d7f,be,Volvo,xc60,,Volvo XC60B4 D Geartronic Momentum Pro NAVI | CARPLAY | LED,29945,,True,2021,07-2021,39826,,used,diesel,145,197,2000,,,2127.0,,,Avant,SUV/4x4/Pick-Up,5,5,Gris,,,,,dealer,,BE-9160 Lokeren,BE,1,https://prod.pictures.autoscout24.net/listing-images/6f477d4f-cb8b-4fe9-b1f3-5450a0d20d7f_87f68665-2e33-4234-8760-ad37fe342e78.jpg/250x188.webp,2026-08-03T05:44:11.729696,0.75,5
fe9ef518-429f-4b12-b30e-968128eff104,https://www.autoscout24.be/fr/offres/fe9ef518-429f-4b12-b30e-968128eff104,be,Peugeot,3008,,Peugeot 3008GT LINE 130CH 102550KM T.O PANO CARPLAY,13990,,True,2020,06-2020,99000,,used,diesel,95,130,1499,,,2101.0,,,Boîte manuelle,SUV/4x4/Pick-Up,5,5,Gris,,,,,dealer,Europe Cars Trading,BE-8511 Aalbeke,BE,2,https://prod.pictures.autoscout24.net/listing-images/fe9ef518-429f-4b12-b30e-968128eff104_0b69b94a-bb9b-42e0-be3f-a69afee8c7f2.jpg/250x188.webp,2026-08-03T05:44:11.729733,0.14,6
2328730b-fac1-459c-879c-532b22f4be4f,https://www.autoscout24.be/fr/offres/2328730b-fac1-459c-879c-532b22f4be4f,be,BMW,420,,BMW 420Coupé**PACK M**GPS**CAMERA**LED**GARANTIE 12MOIS,33450,,True,2021,01-2021,75000,1,used,diesel,102,140,1995,Euro 6d,,6.0,,,Arrière,Coupé,2,4,Bleu,,,,,dealer,Garage Denis - Seraing,BE-4100 Seraing,BE,2,https://prod.pictures.autoscout24.net/listing-images/2328730b-fac1-459c-879c-532b22f4be4f_b0ce9a89-c2d4-4e7e-aebb-95892f5baa2a.jpg/250x188.webp,2026-08-03T05:44:11.729743,0.45,5
113b51f7-3d3e-4925-a1aa-c7892f4ad8c1,https://www.autoscout24.be/fr/offres/113b51f7-3d3e-4925-a1aa-c7892f4ad8c1,be,BMW,518,,BMW 518da M-Pack Opendak,28499,,True,2021,04-2021,122000,1,used,diesel,110,149,1995,Euro 6d,,6.0,automatic,,Arrière,Berline,4,5,Type de peintureAutres,,,,,dealer,Garage Temur,BE-3550 Heusden-Zolder,BE,2,https://prod.pictures.autoscout24.net/listing-images/113b51f7-3d3e-4925-a1aa-c7892f4ad8c1_011862b8-f0aa-4f18-87e3-c198545519e2.jpg/250x188.webp,2026-08-03T05:44:11.729754,0.23,5
6e99998b-ff3f-4119-8dbc-7157ad75fc57,https://www.autoscout24.be/fr/offres/6e99998b-ff3f-4119-8dbc-7157ad75fc57,be,Kia,ev9,,Kia EV9EV9 99.8 kWh AWD GT Line GT Line // Garantie KIA,64990,,True,2025,09-2025,27200,1,used,electric,283,384,,,,20.0,,,AWD,SUV/4x4/Pick-Up,5,7,Gris,,,,,dealer,Incar Motor,BE-4100 Seraing,BE,2,https://prod.pictures.autoscout24.net/listing-images/6e99998b-ff3f-4119-8dbc-7157ad75fc57_12ac627d-e2ad-4f16-86ee-29586f19e97d.jpg/250x188.webp,2026-08-03T05:44:11.729780,2.39,1
7adb8ee7-77d3-435d-8b48-4c5b430259a3,https://www.autoscout24.be/fr/offres/7adb8ee7-77d3-435d-8b48-4c5b430259a3,be,BMW,ix,,BMW iXxDrive45 - M Sport Pack Pro,84590,,True,,new,529,,used,electric,300,408,,Euro 6e,,6.0,,,AWD,SUV/4x4/Pick-Up,5,5,Noir,,,,,dealer,BMW & MINI Patrick Smets,BE-2500 Lier (Antwerpen),BE,2,https://prod.pictures.autoscout24.net/listing-images/7adb8ee7-77d3-435d-8b48-4c5b430259a3_6a6369cd-b65e-4871-a678-0acd7fa15334.jpg/250x188.webp,2026-08-03T05:44:11.729787,159.91,
118e4a65-b6d1-4d1b-a837-acd3cc5cd48d,https://www.autoscout24.be/fr/offres/118e4a65-b6d1-4d1b-a837-acd3cc5cd48d,be,Peugeot,508,,"Peugeot 508MARCHAND OU EXPORT !!! SW 1.6 BlueHDi, Toit",5950,,True,2018,02-2018,171000,,used,diesel,62,85,1560,Euro 6b,,6.0,,,Avant,Break,5,5,Gris,,,,,dealer,CAR PROJECT,BE-7110 Strépy-Bracquegnies,BE,2,https://prod.pictures.autoscout24.net/listing-images/118e4a65-b6d1-4d1b-a837-acd3cc5cd48d_2294c814-0943-4094-83dd-eb1cc92a8465.jpg/250x188.webp,2026-08-03T05:44:11.729795,0.03,8
42d1cf72-d460-41aa-b545-1bfc1df99b1a,https://www.autoscout24.be/fr/offres/42d1cf72-d460-41aa-b545-1bfc1df99b1a,be,BMW,i5,,"BMW i5edrive 40e, M pack, Keyless, Harman Kardon",54995,,True,2024,05-2024,35649,1,used,electric,250,340,,Euro 6,,6.0,,,Arrière,Break,5,5,Gris,,,,,dealer,Garage D'hont,BE-8570 Vichte,BE,2,https://prod.pictures.autoscout24.net/listing-images/42d1cf72-d460-41aa-b545-1bfc1df99b1a_92de7744-6404-4c88-bf59-82981a54a17d.jpg/250x188.webp,2026-08-03T05:44:11.729803,1.54,2
73d9eb9a-3a36-468d-9ad5-99f474fa9fc2,https://www.autoscout24.be/fr/offres/73d9eb9a-3a36-468d-9ad5-99f474fa9fc2,be,Volkswagen,t-roc,,Volkswagen T-RocT-Roc 2.0 TDi SCR United,17500,,True,2021,02-2021,74403,1,used,diesel,85,115,1968,Euro 6d,,6.0,,,Avant,SUV/4x4/Pick-Up,5,5,Noir,,,,,dealer,Auto's 94,BE-2840 Rumst,BE,2,https://prod.pictures.autoscout24.net/listing-images/73d9eb9a-3a36-468d-9ad5-99f474fa9fc2_c9dfee9b-d7cd-4de5-98c5-45d1463230c6.jpg/250x188.webp,2026-08-03T05:44:11.729810,0.24,5
047c3a12-d70a-49f9-9f0f-6b3161d93f02,https://www.autoscout24.be/fr/offres/047c3a12-d70a-49f9-9f0f-6b3161d93f02,be,Mg,mg5,,MG MG561 kWh l Long Range l Carplay l ACC l DAB l Zetelverw.,20999,,True,2023,02-2023,40100,,used,electric,61,82,,Euro 6e,,6.0,,,Avant,Break,5,5,Argent,,,,,dealer,GDCauto,BE-9620 Zottegem,BE,2,https://prod.pictures.autoscout24.net/listing-images/047c3a12-d70a-49f9-9f0f-6b3161d93f02_026f7408-2786-48c1-801e-11cc1056ade7.jpg/250x188.webp,2026-08-03T05:44:11.729818,0.52,3
92bb7045-245b-4563-a67f-dcb871ed4b8e,https://www.autoscout24.be/fr/offres/92bb7045-245b-4563-a67f-dcb871ed4b8e,be,Skoda,scala,,Skoda ScalaAmbition,12999,,True,2019,08-2019,73891,1,used,petrol,85,115,999,Euro 6d-TEMP,,6.0,automatic,,Avant,Berline,5,5,Gris,,,,,dealer,VDC Car Mouscron,BE-7700 Mouscron,BE,2,https://prod.pictures.autoscout24.net/listing-images/92bb7045-245b-4563-a67f-dcb871ed4b8e_55c1c113-0525-432c-9399-c44b33c199f6.jpg/250x188.webp,2026-08-03T05:44:11.729850,0.18,7
915d1be0-10c6-493e-9986-2740f993559b,https://www.autoscout24.be/fr/offres/915d1be0-10c6-493e-9986-2740f993559b,be,Kia,niro,,Kia NiroSense 1.6 GDi HEV 6DCT,15495,,True,2019,11-2019,87303,,used,hybrid,104,141,1600,,,229.0,,,Avant,Citadine,5,5,Blanc,,,,,dealer,Novoto nv,BE-8830 Hooglede-Gits,BE,2,https://prod.pictures.autoscout24.net/listing-images/915d1be0-10c6-493e-9986-2740f993559b_99f0ef69-9852-4f5d-9a87-976cf1add6ea.jpg/250x188.webp,2026-08-03T05:44:11.729861,0.18,7
e29bdc7d-b08b-4b3d-afd9-d4cfb3dce529,https://www.autoscout24.be/fr/offres/e29bdc7d-b08b-4b3d-afd9-d4cfb3dce529,be,BMW,118,,BMW 118iA / M-Pack / Head-up / Harman Kardon / Pano-dak /,24980,,True,2024,03-2024,60300,1,used,petrol,100,136,1499,Euro 6e,,6.0,,,Avant,Berline,5,5,Gris,,,,,dealer,Auto Sammy,BE-8930 Lauwe,BE,2,https://prod.pictures.autoscout24.net/listing-images/e29bdc7d-b08b-4b3d-afd9-d4cfb3dce529_417e984d-93d9-4a3c-b28f-7808a09d8e25.jpg/250x188.webp,2026-08-03T05:44:11.729872,0.41,2
28515fe0-a0d1-44fd-b560-df08a58e2f82,https://www.autoscout24.be/fr/offres/28515fe0-a0d1-44fd-b560-df08a58e2f82,be,Mercedes-Benz,a 250,,Mercedes-Benz A 250A 250 e PHEV AMG Line (160 kW) AMG Line,35480,,True,2025,12-2025,7079,1,used,hybrid,160,217,1332,Euro 6e,,6.0,,,Avant,Citadine,5,5,Argent,,,,,dealer,ByMyCar Wavre,BE-1300 Wavre,BE,2,https://prod.pictures.autoscout24.net/listing-images/28515fe0-a0d1-44fd-b560-df08a58e2f82_364ddae1-100e-41de-b3ef-8eba9a727be4.jpg/250x188.webp,2026-08-03T05:44:11.729897,5.01,1
d70b4904-d0fc-40d7-b140-dcfb1473ca0f,https://www.autoscout24.be/fr/offres/d70b4904-d0fc-40d7-b140-dcfb1473ca0f,be,Audi,q3,,"Audi Q3Sportback,Plug in Hybrid,Leder,LED",30999,,True,2022,07-2022,38129,1,used,hybrid,80,110,1395,Euro 6d,,6.0,,,Avant,SUV/4x4/Pick-Up,5,5,Noir,,,,,dealer,Knokke Cars bv,BE-8300 Knokke-Heist,BE,2,https://prod.pictures.autoscout24.net/listing-images/d70b4904-d0fc-40d7-b140-dcfb1473ca0f_ee6fb102-c7e3-4893-b181-cc4f8849ace6.jpg/250x188.webp,2026-08-03T05:44:11.729908,0.81,4
8cb27668-f68f-424b-90a0-45a987a4d761,https://www.autoscout24.be/fr/offres/8cb27668-f68f-424b-90a0-45a987a4d761,be,Audi,a1,,Audi A1🔺A1 Sportback 30 TFSI S line🔺,15999,,True,2022,09-2022,78000,1,used,petrol,70,95,999,Euro 6d,,6.0,,,Avant,Berline,5,5,Noir,,,,,dealer,Premium Car sprl,BE-4910 Polleur,BE,2,https://prod.pictures.autoscout24.net/listing-images/8cb27668-f68f-424b-90a0-45a987a4d761_03e3b3e6-c5b0-4f77-bb5e-98e81bd837f3.jpg/250x188.webp,2026-08-03T05:44:11.729916,0.21,4
5292e129-b639-44c1-b93b-b453f286ea99,https://www.autoscout24.be/fr/offres/5292e129-b639-44c1-b93b-b453f286ea99,be,Volkswagen,golf variant,,Volkswagen Golf Variant1.5 TSI Life Matrix LED GPS PDC CAM,17990,,True,2021,06-2021,48600,1,used,petrol,70,96,1498,Euro 6d,,6.0,,,Avant,Break,5,5,Noir,,,,,dealer,Ayvens Mobility Center Antwerpen,BE-2630 Aartselaar,BE,2,https://prod.pictures.autoscout24.net/listing-images/5292e129-b639-44c1-b93b-b453f286ea99_6c23356d-2736-499b-8c8f-4ba9a3edd693.jpg/250x188.webp,2026-08-03T05:44:11.729925,0.37,5
169e83b1-b0dd-4b3a-91d5-64d90f890222,https://www.autoscout24.be/fr/offres/169e83b1-b0dd-4b3a-91d5-64d90f890222,be,BMW,420,,BMW 420Coupé - M sportpack,36400,,True,2023,03-2023,28894,1,used,petrol,135,183,1998,Euro 6e,,6.0,,,Arrière,Coupé,2,4,Bleu,,,,,dealer,BMW Premium Selection Center by De Schepper N.V.,BE-9100 Sint-Niklaas,BE,2,https://prod.pictures.autoscout24.net/listing-images/169e83b1-b0dd-4b3a-91d5-64d90f890222_d7385d54-4524-48fe-93ce-b741c6fa0879.jpg/250x188.webp,2026-08-03T05:44:11.729933,1.26,3
dfc494cf-8c68-449e-a868-fc4147b7eb7d,https://www.autoscout24.be/fr/offres/dfc494cf-8c68-449e-a868-fc4147b7eb7d,be,Ds Automobiles,ds 7,,DS Automobiles DS 7Crossback 1.5 HDI Man. - Performance,13990,,True,2019,01-2019,123580,2,used,diesel,96,130,1499,Euro 6,,6.0,,,Avant,SUV/4x4/Pick-Up,4,5,Noir,,,,,dealer,Provan Motors,BE-9810 Eke,BE,2,https://prod.pictures.autoscout24.net/listing-images/dfc494cf-8c68-449e-a868-fc4147b7eb7d_473fb323-9d87-4001-a2fa-0e97fcd71318.jpg/250x188.webp,2026-08-03T05:44:11.729941,0.11,7
c5b5f915-87ce-449d-8ee8-56f64f18785c,https://www.autoscout24.be/fr/offres/c5b5f915-87ce-449d-8ee8-56f64f18785c,be,Mercedes-Benz,cls 350,,Mercedes-Benz CLS 350d 4-Matic,37990,,True,2019,01-2019,58940,1,used,diesel,210,285,2925,Euro 6d-TEMP,,6.0,,,Avant,Coupé,4,4,Noir,,,,,dealer,,BE-3190 Boortmeerbeek,BE,2,https://prod.pictures.autoscout24.net/listing-images/c5b5f915-87ce-449d-8ee8-56f64f18785c_39915d5f-e0fb-452a-8c75-6d07259fcde7.jpg/250x188.webp,2026-08-03T05:44:11.729948,0.64,7
5b96a2ed-23da-4f48-8632-30442701a99e,https://www.autoscout24.be/fr/offres/5b96a2ed-23da-4f48-8632-30442701a99e,be,Renault,captur,,Renault CapturCaptur 1.33 TCe Initale Paris EDC GPF,16899,,True,2020,12-2020,35000,1,used,hybrid,107,145,1598,Euro 6d,,6.0,,,Boîte automatique,SUV/4x4/Pick-Up,5,5,Blanc,,,,,dealer,Auto Aria,BE-1332 Genval,BE,2,https://prod.pictures.autoscout24.net/listing-images/5b96a2ed-23da-4f48-8632-30442701a99e_a4a36259-f23b-4c8e-aba1-cd253c0c2e08.jpg/250x188.webp,2026-08-03T05:44:11.729992,0.48,6
d370783f-37f6-4bd1-bb8f-b632b1f1518f,https://www.autoscout24.be/fr/offres/d370783f-37f6-4bd1-bb8f-b632b1f1518f,be,Citroen,berlingo,,Citroen BerlingoXTR,14490,,True,2020,12-2020,97614,1,used,diesel,96,130,1499,Euro 6d,,6.0,,,AWD,Monospace,5,5,Gris,,,,,dealer,,BE-4040 Herstal,BE,1,https://prod.pictures.autoscout24.net/listing-images/d370783f-37f6-4bd1-bb8f-b632b1f1518f_297e727d-8d70-429e-b9f5-76535ba415d4.jpg/250x188.webp,2026-08-03T05:44:11.730028,0.15,6
2d4ee3c3-5895-46b5-819a-545b476e7a86,https://www.autoscout24.be/fr/offres/2d4ee3c3-5895-46b5-819a-545b476e7a86,be,Audi,q2,,Audi Q2Business Edition 35 TFSI S-Tronic / Valckenier,19950,,True,2019,10-2019,26412,1,used,petrol,110,149,1498,Euro 6d-TEMP,,6.0,automatic,,Avant,SUV/4x4/Pick-Up,5,5,Blanc,,,,,dealer,Valckenier Car Center,BE-9450 Denderhoutem,BE,2,https://prod.pictures.autoscout24.net/listing-images/2d4ee3c3-5895-46b5-819a-545b476e7a86_88765e8b-300f-4128-97fd-29792d08477f.jpg/250x188.webp,2026-08-03T05:44:11.730036,0.76,7
6812257c-a549-438e-a41f-0a6bca8de0b4,https://www.autoscout24.be/fr/offres/6812257c-a549-438e-a41f-0a6bca8de0b4,be,Mercedes-Benz,glc 200,,Mercedes-Benz GLC 200d AMG LINE 4-Matic FULL OPTIONS,36490,,True,2022,06-2022,60000,1,used,diesel,120,163,1950,Euro 6d,,6.0,,,AWD,SUV/4x4/Pick-Up,5,5,Gris,,,,,dealer,RICARS SRL,BE-4280 Hannut,BE,2,https://prod.pictures.autoscout24.net/listing-images/6812257c-a549-438e-a41f-0a6bca8de0b4_182d896b-fb3b-4321-a05c-97980a298a1c.jpg/250x188.webp,2026-08-03T05:44:11.730044,0.61,4
4ad5af07-358b-46e8-887f-ed83a913f589,https://www.autoscout24.be/fr/offres/4ad5af07-358b-46e8-887f-ed83a913f589,be,Mercedes-Benz,glb 180,,Mercedes-Benz GLB 180GLB 180 d AMG Line,31680,,True,2023,11-2023,43833,1,used,diesel,85,115,1950,,,2148.0,,,Boîte automatique,SUV/4x4/Pick-Up,5,5,Noir,,,,,dealer,ByMyCar Wavre,BE-1300 Wavre,BE,2,https://prod.pictures.autoscout24.net/listing-images/4ad5af07-358b-46e8-887f-ed83a913f589_971af1fe-7cc8-402f-ab8b-bfc33fd16727.jpg/250x188.webp,2026-08-03T05:44:11.730052,0.72,3
7a7c2209-2d05-4828-9998-8bed9cf63fad,https://www.autoscout24.be/fr/offres/7a7c2209-2d05-4828-9998-8bed9cf63fad,be,BMW,318,,BMW 318Touring 318 dA sportline 13500eur NETTO,16335,,True,2021,04-2021,148719,,used,diesel,110,149,1995,Euro 6d,,6.0,,,Boîte automatique,Break,5,5,Gris,,,,,dealer,PGN bvba,BE-9860 Oosterzele,BE,2,https://prod.pictures.autoscout24.net/listing-images/7a7c2209-2d05-4828-9998-8bed9cf63fad_c90fa594-3a58-4261-b834-b31878f8de3c.jpg/250x188.webp,2026-08-03T05:44:11.730060,0.11,5
499e0eba-0b35-4f26-bc9e-11fcc65afaae,https://www.autoscout24.be/fr/offres/499e0eba-0b35-4f26-bc9e-11fcc65afaae,be,Audi,q3,,Audi Q3Audi Q3 35 TFSI Mild Hybrid S tronic – Belgische,25000,,True,2020,10-2020,68000,,used,petrol,80,110,1498,Euro 6d,,6.0,,,Avant,SUV/4x4/Pick-Up,5,5,Noir,,,,,dealer,Cars Unlimited,BE-9255 Buggenhout,BE,2,https://prod.pictures.autoscout24.net/listing-images/499e0eba-0b35-4f26-bc9e-11fcc65afaae_b43e74a0-a7c9-46f6-bd6b-db4cb25216d7.jpg/250x188.webp,2026-08-03T05:44:11.730067,0.37,6
b8e81dd5-b067-4b24-973b-5a51a1d2e981,https://www.autoscout24.be/fr/offres/b8e81dd5-b067-4b24-973b-5a51a1d2e981,be,Renault,captur,,Renault Captur1.3 TCe MHEV Techno - 24.972 KM!!,22500,,True,2025,05-2025,24972,1,used,hybrid,85,116,1333,Euro 6e,,6.0,,,Boîte automatique,SUV/4x4/Pick-Up,5,5,Noir,,,,,dealer,Autocenter Borsbeek,BE-2150 Borsbeek,BE,2,https://prod.pictures.autoscout24.net/listing-images/b8e81dd5-b067-4b24-973b-5a51a1d2e981_23147bb7-c053-4448-8b01-08c3649a9af0.jpg/250x188.webp,2026-08-03T05:44:11.730075,0.9,1
4cd1c266-581c-4e8a-b00c-c913dda19564,https://www.autoscout24.be/fr/offres/4cd1c266-581c-4e8a-b00c-c913dda19564,be,Volkswagen,golf gti,,Volkswagen Golf GTI*GARANTIE 12 MOIS* Golf 2.0 TSI GTI  DSG,26900,,True,2022,05-2022,67000,1,used,petrol,180,244,1984,Euro 6d,,6.0,,,Avant,Berline,5,5,Argent,,,,,dealer,Garage Contacars,BE-4367 Crisnée,BE,2,https://prod.pictures.autoscout24.net/listing-images/4cd1c266-581c-4e8a-b00c-c913dda19564_b3937875-d493-496a-b6ab-0cb3ddd5d7cb.jpg/250x188.webp,2026-08-03T05:44:11.730083,0.4,4
dc9e1e5f-e79c-4bf0-ab47-2db44792ea3b,https://www.autoscout24.be/fr/offres/dc9e1e5f-e79c-4bf0-ab47-2db44792ea3b,be,Mercedes-Benz,a 160,,Mercedes-Benz A 160A 160 Business Solution Incl. Wide,17990,,True,2021,07-2021,46157,1,used,petrol,80,108,1332,Euro 6d,,6.0,,,Boîte manuelle,Berline,5,5,Noir,,,,,dealer,click2move by Declerc,BE-5100 Naninne (Namur),BE,2,https://prod.pictures.autoscout24.net/listing-images/dc9e1e5f-e79c-4bf0-ab47-2db44792ea3b_8971c42b-6ef0-4287-aa20-d8a473f1279d.jpg/250x188.webp,2026-08-03T05:44:11.730118,0.39,5
025a9e65-0499-4a94-b2c8-fd902994f334,https://www.autoscout24.be/fr/offres/025a9e65-0499-4a94-b2c8-fd902994f334,be,Mini,cooper,,MINI Cooper3drs,21900,,True,2022,07-2022,40785,1,used,petrol,100,136,1499,Euro 6,,6.0,,,Avant,Berline,5,5,Gris,,,,,dealer,BMW - Juma Leuven,BE-3020 Herent,BE,2,https://prod.pictures.autoscout24.net/listing-images/025a9e65-0499-4a94-b2c8-fd902994f334_b06f2aca-f896-4c4a-bcff-3d01feb3d0d8.jpg/250x188.webp,2026-08-03T05:44:11.730127,0.54,4
3dc0d5dd-55f1-491c-ba52-ad407210bb63,https://www.autoscout24.be/fr/offres/3dc0d5dd-55f1-491c-ba52-ad407210bb63,be,Audi,a5,,Audi A5🟢2.O TDi QUATTRO 204CV / S-LINE,38900,,True,2024,05-2024,38200,1,used,diesel,150,204,1968,Euro 6d,,6.0,,,AWD,Berline,5,5,Noir,,,,,dealer,MK MOTOR,BE-6150 Anderlues,BE,2,https://prod.pictures.autoscout24.net/listing-images/3dc0d5dd-55f1-491c-ba52-ad407210bb63_18580f20-9e43-40b7-b3d2-89ddeb265266.jpg/250x188.webp,2026-08-03T05:44:11.730160,1.02,2
fb92217a-3d4d-4ba7-841a-e51e70d11f7d,https://www.autoscout24.be/fr/offres/fb92217a-3d4d-4ba7-841a-e51e70d11f7d,be,Jeep,wrangler,,Jeep WranglerWrangler 2.2 MultiJet II Sport,34999,,True,2019,06-2019,89000,1,used,diesel,108,147,2143,Euro 6d,,6.0,,,AWD,SUV/4x4/Pick-Up,4,5,Noir,,,,,dealer,TM - Cars,BE-3730 Hoeselt,BE,2,https://prod.pictures.autoscout24.net/listing-images/fb92217a-3d4d-4ba7-841a-e51e70d11f7d_15dc619e-c128-4af3-9975-857d0f9c24d7.jpg/250x188.webp,2026-08-03T05:44:11.730167,0.39,7
2e89229f-9855-4a56-9f20-57667a10c2f2,https://www.autoscout24.be/fr/offres/2e89229f-9855-4a56-9f20-57667a10c2f2,be,Ford,mustang mach-e,,Ford Mustang Mach-E76 kWh RWD Standard Range Technology+,26290,,True,2022,05-2022,74339,1,used,electric,55,76,,,,375.0,,,Arrière,SUV/4x4/Pick-Up,5,5,Blanc,,,,,dealer,Ayvens Mobility Center Antwerpen,BE-2630 Aartselaar,BE,2,https://prod.pictures.autoscout24.net/listing-images/2e89229f-9855-4a56-9f20-57667a10c2f2_17c74e2d-e202-4fd3-85fd-56f44d42fefd.jpg/250x188.webp,2026-08-03T05:44:11.730175,0.35,4
414da272-c3d3-42ee-be3d-8512f03fc77a,https://www.autoscout24.be/fr/offres/414da272-c3d3-42ee-be3d-8512f03fc77a,be,BMW,330,,BMW 330Xdrive-Head Up-Elekzetels+Geheugen-Camera-H&K-Curved,36499,,True,2022,10-2022,59981,1,used,hybrid,215,292,1998,,,10.0,,,AWD,Berline,5,5,Noir,,,,,dealer,Pb Automotive Group,BE-3740 Bilzen,BE,2,https://prod.pictures.autoscout24.net/listing-images/414da272-c3d3-42ee-be3d-8512f03fc77a_4e83bf25-54e3-43fb-9e7e-19ee5fd25e39.jpg/250x188.webp,2026-08-03T05:44:11.730182,0.61,4
5466e6a1-8ad7-450b-b731-2157ea13a8e0,https://www.autoscout24.be/fr/offres/5466e6a1-8ad7-450b-b731-2157ea13a8e0,be,Skoda,scala,,Skoda Scala1.6 TDi DSG,9500,,True,2019,10-2019,184500,1,used,diesel,85,115,1598,Euro 6d,,6.0,,,Avant,Berline,5,5,Blanc,,,,,dealer,,BE-6040 Jumet,BE,1,https://prod.pictures.autoscout24.net/listing-images/5466e6a1-8ad7-450b-b731-2157ea13a8e0_366cfa32-238c-4a77-8459-121e53fc33d8.jpg/250x188.webp,2026-08-03T05:44:11.730189,0.05,7
00ee4f2f-252a-47d9-8ff5-d422e356c97d,https://www.autoscout24.be/fr/offres/00ee4f2f-252a-47d9-8ff5-d422e356c97d,be,Mg,mg3,,MG MG3Luxury 1.5 Hybrid+ ** 360 | Zetel,20990,,True,2026,05-2026,23,,new,hybrid,143,194,1490,Euro 6,,6.0,,,Avant,Citadine,5,5,Blanc,,,,,dealer,Auto's Verschueren NV,BE-2830 Willebroek,BE,2,https://prod.pictures.autoscout24.net/listing-images/00ee4f2f-252a-47d9-8ff5-d422e356c97d_0a87d78d-75c9-437d-b308-1b00dc715038.jpg/250x188.webp,2026-08-03T05:44:11.730271,912.61,0
e0ca3b10-1095-48e8-8cc3-0bcd91f25eb9,https://www.autoscout24.be/fr/offres/e0ca3b10-1095-48e8-8cc3-0bcd91f25eb9,be,Mercedes-Benz,glc 300,,Mercedes-Benz GLC 300AMG,49550,,True,2023,03-2023,55900,1,used,hybrid,150,204,1999,Euro 6e,,6.0,,,AWD,SUV/4x4/Pick-Up,5,5,Gris,,,,,dealer,Cardicted BV,BE-2220 Heist-op-den-berg,BE,2,https://prod.pictures.autoscout24.net/listing-images/e0ca3b10-1095-48e8-8cc3-0bcd91f25eb9_1b343721-f4b0-4842-8b50-5ebe118ff730.jpg/250x188.webp,2026-08-03T05:44:11.730330,0.89,3
618d56d9-919b-493e-8a1c-d30cd62a6e44,https://www.autoscout24.be/fr/offres/618d56d9-919b-493e-8a1c-d30cd62a6e44,be,BMW,530,,BMW 530eAS Touring PHEV-FULL,35990,,True,2022,06-2022,67715,1,used,hybrid,158,215,1998,Euro 6d,,6.0,,,Boîte automatique,Break,5,5,Gris,,,,,dealer,JS CARS,BE-7033 Cuesmes,BE,2,https://prod.pictures.autoscout24.net/listing-images/618d56d9-919b-493e-8a1c-d30cd62a6e44_3a6341c6-7f18-48a3-9033-c53cc37e203b.jpg/250x188.webp,2026-08-03T05:44:11.730339,0.53,4
f0b209fe-e6d7-4ce3-a13b-f775486aee66,https://www.autoscout24.be/fr/offres/f0b209fe-e6d7-4ce3-a13b-f775486aee66,be,BMW,216,,BMW 2162 Reeks Active Tourer 216d (85kW) LED | NAVI | CAM,15845,,True,2021,10-2021,23637,,used,diesel,85,115,1500,,,2104.0,automatic,,Avant,Monospace,5,5,Gris,,,,,dealer,,BE-9160 Lokeren,BE,1,https://prod.pictures.autoscout24.net/listing-images/f0b209fe-e6d7-4ce3-a13b-f775486aee66_cb7a6f6c-6712-4d31-b49e-5f70568eb595.jpg/250x188.webp,2026-08-03T05:44:11.730348,0.67,5
20aaea63-4c4b-4d17-856c-ed0b6a1b839b,https://www.autoscout24.be/fr/offres/20aaea63-4c4b-4d17-856c-ed0b6a1b839b,be,BMW,z4,,BMW Z420i M pack - 50years Anniversary -  Gris mat - Volant,39950,,True,2022,09-2022,46500,1,used,petrol,106,145,1998,Euro 6d,,6.0,,,Arrière,Cabriolet,2,2,MAT,,,,,dealer,ESSENTIEL AUTOMOBILE,BE-4100 SERAING,BE,2,https://prod.pictures.autoscout24.net/listing-images/20aaea63-4c4b-4d17-856c-ed0b6a1b839b_c4e3329d-b334-432c-abfd-d26be6eff5d8.jpg/250x188.webp,2026-08-03T05:44:11.730357,0.86,4
a286b492-1a86-40d6-af8a-df8a7ff29fac,https://www.autoscout24.be/fr/offres/a286b492-1a86-40d6-af8a-df8a7ff29fac,be,BMW,x5,,BMW X5xDrive50e - M Pack,85900,,True,2025,04-2025,10290,1,used,hybrid,360,489,2998,Euro 6,,6.0,,,AWD,SUV/4x4/Pick-Up,5,5,Gris,,,,,dealer,BMW - Juma Leuven,BE-3020 Herent,BE,2,https://prod.pictures.autoscout24.net/listing-images/a286b492-1a86-40d6-af8a-df8a7ff29fac_bdaa2c8e-a0be-4efb-b2d3-d2b21fa7fef4.jpg/250x188.webp,2026-08-03T05:44:11.730364,8.35,1
53a0eef5-e466-4652-a88d-4039cf1cb6c7,https://www.autoscout24.be/fr/offres/53a0eef5-e466-4652-a88d-4039cf1cb6c7,be,Mercedes-Benz,a 180,,Mercedes-Benz A 180d COCKPIT GPS CAMERA CRUISE CONTROL CUIR,16490,,True,2018,07-2018,85126,1,used,diesel,62,85,1461,Euro 6d,,6.0,,,Avant,Berline,5,5,Gris,,,,,dealer,Mon Occasion,BE-4000 Liège,BE,2,https://prod.pictures.autoscout24.net/listing-images/53a0eef5-e466-4652-a88d-4039cf1cb6c7_4d79d63c-4380-4c26-ab0f-e8cd71c1241d.jpg/250x188.webp,2026-08-03T05:44:11.730371,0.19,8
f0f4dd7e-cf0e-4226-b224-216a00d8c451,https://www.autoscout24.be/fr/offres/f0f4dd7e-cf0e-4226-b224-216a00d8c451,be,Cupra,leon,,CUPRA LeonWEGDRAAIBARE TREKHAAK / KEYLESS ENTRY / CARPLAY /,22950,,True,2023,06-2023,89986,1,used,petrol,80,110,1498,Euro 6d,,6.0,,,Avant,Break,5,5,Gris,,,,,dealer,Premium Quality Cars Poperinge,BE-8970 Poperinge,BE,2,https://prod.pictures.autoscout24.net/listing-images/f0f4dd7e-cf0e-4226-b224-216a00d8c451_1e3ed478-a986-4890-82c0-972453c47c57.jpg/250x188.webp,2026-08-03T05:44:11.730378,0.26,3
62c14f62-7aea-4542-90a7-16e6b8858f7c,https://www.autoscout24.be/fr/offres/62c14f62-7aea-4542-90a7-16e6b8858f7c,be,Audi,a4,,Audi A4Avant 35 TDi S-Tronic Business Ed. S-Line Nappa LE,26890,,True,2022,06-2022,102389,1,used,diesel,120,163,1968,Euro 6d,,6.0,,,Avant,Break,5,5,Noir,,,,,dealer,Ayvens Mobility Center Liège,BE-4000 Liège,BE,2,https://prod.pictures.autoscout24.net/listing-images/62c14f62-7aea-4542-90a7-16e6b8858f7c_4f659ade-1af8-4e4f-9d6e-ee866c57d872.jpg/250x188.webp,2026-08-03T05:44:11.730385,0.26,4
bdf9de8b-fbc9-40f8-a6ac-6b60c59293c7,https://www.autoscout24.be/fr/offres/bdf9de8b-fbc9-40f8-a6ac-6b60c59293c7,be,Toyota,highlander,,Toyota HighlanderPremium Plus AWD 7 seats | tow bar,58490,,True,2023,12-2023,46072,1,used,hybrid,182,247,2487,Euro 6d,,6.0,,,AWD,SUV/4x4/Pick-Up,5,7,Noir,,,,,dealer,Toyota City Approved Used Woluwe,BE-1200 Woluwe-Saint-Lambert,BE,2,https://prod.pictures.autoscout24.net/listing-images/bdf9de8b-fbc9-40f8-a6ac-6b60c59293c7_3cd28d2d-9b26-41c4-82fb-9972a548a7b7.jpg/250x188.webp,2026-08-03T05:44:11.730392,1.27,3
1d74f121-68a7-4c30-bd70-de49ad697310,https://www.autoscout24.be/fr/offres/1d74f121-68a7-4c30-bd70-de49ad697310,be,Volkswagen,t-cross,,Volkswagen T-CrossT-Cross 1.0 TSI Style OPF / Carplay/,14980,,True,2021,09-2021,68893,1,used,petrol,81,110,999,Euro 6d,,6.0,,,Avant,SUV/4x4/Pick-Up,5,5,Noir,,,,,dealer,B&Y AUTOCENTER,BE-3510 Hasselt,BE,2,https://prod.pictures.autoscout24.net/listing-images/1d74f121-68a7-4c30-bd70-de49ad697310_815c2ca4-b09f-4361-bd1e-4b41ab4436a7.jpg/250x188.webp,2026-08-03T05:44:11.730399,0.22,5
a3cb9081-a595-4e97-9dfd-fd4f96bd3616,https://www.autoscout24.be/fr/offres/a3cb9081-a595-4e97-9dfd-fd4f96bd3616,be,Ford,tourneo custom,,Ford Tourneo CustomTourneo Custom 2.0 TDCi L2H1 Trend S,31999,,True,2021,01-2021,99000,2,used,diesel,96,130,1997,Euro 6d,,6.0,,,Avant,Monospace,6,8,Gris,,,,,dealer,TM Cars,BE-8520 KUURNE,BE,2,https://prod.pictures.autoscout24.net/listing-images/a3cb9081-a595-4e97-9dfd-fd4f96bd3616_dceace2c-de00-4f24-a11f-62f4d1887d72.jpg/250x188.webp,2026-08-03T05:44:11.730406,0.32,5
1baa9e38-7647-491d-b17a-592e3aa66ee0,https://www.autoscout24.be/fr/offres/1baa9e38-7647-491d-b17a-592e3aa66ee0,be,Porsche,macan,,Porsche MacanEV 100KW,82500,,True,2024,12-2024,23146,,used,electric,73,100,,,,20.0,,,Arrière,SUV/4x4/Pick-Up,5,5,Gris,,,,,dealer,Caviarz,BE-9990 Maldegem,BE,2,https://prod.pictures.autoscout24.net/listing-images/1baa9e38-7647-491d-b17a-592e3aa66ee0_7f94655f-00c0-461c-b6c1-facb09e881ba.jpg/250x188.webp,2026-08-03T05:44:11.730413,3.56,2
