id,listing_url,country,make,model,variant,full_name,price_eur,price_original_eur,vat_deductible,year,first_registration,mileage_km,previous_owners,condition,fuel_type,power_kw,power_hp,engine_cc,emission_class,co2_emissions,consumption_combined,transmission,gears,drivetrain,body_type,doors,seats,color_exterior,color_interior,features,safety_features,comfort_features,seller_type,seller_name,seller_location,seller_country,image_count,thumbnail,scraped_at,price_per_km,age_years
64c34db3-420d-4d62-9ed1-24f411718c18,https://www.autoscout24.be/fr/offres/64c34db3-420d-4d62-9ed1-24f411718c18,be,Audi,sq8 e-tron,,Audi SQ8 e-tron114 kWh Chronos Grey - Pano,85950,,True,2025,02-2025,40,1,new,electric,114,155,,,,20.0,,,AWD,SUV/4x4/Pick-Up,5,5,Gris,,,,,dealer,VAMAUTO,BE-8880 Sint-Eloois-Winkel,BE,2,https://prod.pictures.autoscout24.net/listing-images/64c34db3-420d-4d62-9ed1-24f411718c18_0cf817df-b18b-43c8-af07-3a601bff0dbc.jpg/250x188.webp,2026-09-28T08:15:58.649861,2148.75,1
2a6e7dec-0df3-46d2-aee9-08cbd791c93e,https://www.autoscout24.be/fr/offres/2a6e7dec-0df3-46d2-aee9-08cbd791c93e,be,Lexus,rz,,Lexus RZ100% SoH | 450e AWD Executive L | pano,43990,,True,2024,07-2024,5194,1,used,electric,230,312,1,Euro 6e,,6.0,,,AWD,SUV/4x4/Pick-Up,5,5,Noir,,,,,dealer,Toyota City Approved Used Woluwe,BE-1200 Woluwe-Saint-Lambert,BE,2,https://prod.pictures.autoscout24.net/listing-images/2a6e7dec-0df3-46d2-aee9-08cbd791c93e_e2024a87-7833-4675-aa2c-eb083e4cbad5.jpg/250x188.webp,2026-09-28T08:15:58.649899,8.47,2
f8d299d0-b7d1-44dc-bd81-e6162cb8e289,https://www.autoscout24.be/fr/offres/f8d299d0-b7d1-44dc-bd81-e6162cb8e289,be,Porsche,taycan,,"Porsche Taycan4S 93,4 kw - Bose - Perfom Bat Plus - 455 KM",48990,,True,2020,11-2020,103129,2,used,electric,264,360,,,,20.0,,,AWD,Berline,5,5,Gris,,,,,dealer,Provan Motors,BE-9810 Eke,BE,2,https://prod.pictures.autoscout24.net/listing-images/f8d299d0-b7d1-44dc-bd81-e6162cb8e289_61282b36-e146-4b03-8ced-d9b929facb8b.jpg/250x188.webp,2026-09-28T08:15:58.649916,0.48,6
22282105-d6e9-445e-b68d-4c0553702a57,https://www.autoscout24.be/fr/offres/22282105-d6e9-445e-b68d-4c0553702a57,be,Mercedes-Benz,eqc 400,,Mercedes-Benz EQC 4004-Matic - AMG Line - Distronic Plus -,37995,,True,2020,11-2020,50221,1,used,electric,220,300,,,,20.0,,,AWD,SUV/4x4/Pick-Up,5,5,Gris,,,,,dealer,V-Motors Bvba,BE-2870 Puurs,BE,2,https://prod.pictures.autoscout24.net/listing-images/22282105-d6e9-445e-b68d-4c0553702a57_4fb486c7-6cfe-4409-8c77-aa46897659f9.jpg/250x188.webp,2026-09-28T08:15:58.649931,0.76,6
de53a1e4-7d67-496d-9ae2-1a77cd09ef90,https://www.autoscout24.be/fr/offres/de53a1e4-7d67-496d-9ae2-1a77cd09ef90,be,Porsche,cayenne,,Porsche CayenneV6 PHEV - Panoramadak - Luchtvering - Sport,49995,,True,2020,10-2020,100806,,used,hybrid,249,340,2995,Euro 6d,,6.0,,,AWD,SUV/4x4/Pick-Up,5,5,Bleu,,,,,dealer,V-Motors Bvba,BE-2870 Puurs,BE,2,https://prod.pictures.autoscout24.net/listing-images/de53a1e4-7d67-496d-9ae2-1a77cd09ef90_05e60899-a11a-439d-9bbb-2898d032c01b.jpg/250x188.webp,2026-09-28T08:15:58.649941,0.5,6
92bfd737-1043-4e0f-ae2d-57fdb159faa4,https://www.autoscout24.be/fr/offres/92bfd737-1043-4e0f-ae2d-57fdb159faa4,be,BMW,x5,,BMW X5xDrive45e *M BUCKET SEATS*LASER*FULL CARBON*394 PK*M,43999,,True,2021,10-2021,155000,1,used,hybrid,210,285,2998,Euro 6e,,6.0,,,AWD,SUV/4x4/Pick-Up,5,5,Gris,,,,,dealer,FH Cars,BE-3840 Borgloon,BE,2,https://prod.pictures.autoscout24.net/listing-images/92bfd737-1043-4e0f-ae2d-57fdb159faa4_f9e8faec-c935-45b6-8775-7503e6c62971.jpg/250x188.webp,2026-09-28T08:15:58.649949,0.28,5
09e2762a-6d15-467e-a881-63b223d0fe37,https://www.autoscout24.be/fr/offres/09e2762a-6d15-467e-a881-63b223d0fe37,be,Lotus,emira,,Lotus Emira2.0 Turbo i4 First Edition ** BLACK PACK **,85000,,True,2024,04-2024,17031,1,used,petrol,268,364,1991,Euro 6e,,6.0,,,Arrière,Coupé,2,2,Jaune,,,,,dealer,Olivier Car Concept,BE-1745 Opwijk,BE,2,https://prod.pictures.autoscout24.net/listing-images/09e2762a-6d15-467e-a881-63b223d0fe37_ddaf3de3-9e65-4b26-8fc2-84b3f84cc573.jpg/250x188.webp,2026-09-28T08:15:58.649957,4.99,2
374fb99a-4c25-4485-b975-eee91b97c6a6,https://www.autoscout24.be/fr/offres/374fb99a-4c25-4485-b975-eee91b97c6a6,be,Audi,rs6,,Audi RS64.0 V8 TFSI 600 PK Quattro tiptronic / Leder /,83995,,True,2022,10-2022,58561,1,used,petrol,441,599,3996,Euro 6d,,6.0,,,Avant,Break,5,5,Noir,,,,,dealer,,BE-3190 Boortmeerbeek,BE,2,https://prod.pictures.autoscout24.net/listing-images/374fb99a-4c25-4485-b975-eee91b97c6a6_4065cb81-aea0-4156-974c-fea8e0e38ffe.jpg/250x188.webp,2026-09-28T08:15:58.649965,1.43,4
de4a58d4-9bbb-4509-a685-01d56e2c125e,https://www.autoscout24.be/fr/offres/de4a58d4-9bbb-4509-a685-01d56e2c125e,be,Kia,sorento,,Kia Sorento1.6 AWD Benzine PlugIn Hybrid - Pano - Topstaat!,29990,,True,2021,07-2021,99920,2,used,hybrid,97,132,1598,Euro 6,,6.0,,,AWD,SUV/4x4/Pick-Up,5,5,Noir,,,,,dealer,Provan Motors,BE-9810 Eke,BE,2,https://prod.pictures.autoscout24.net/listing-images/de4a58d4-9bbb-4509-a685-01d56e2c125e_e23d57e8-8bd9-47a3-8b21-15f391ea104c.jpg/250x188.webp,2026-09-28T08:15:58.649973,0.3,5
80702ed0-05cf-45c0-90cc-ae19279332f2,https://www.autoscout24.be/fr/offres/80702ed0-05cf-45c0-90cc-ae19279332f2,be,Lotus,eletre,,"Lotus EletreEDS 450 | KEF | Lidar | Headup | 22"" | FULL",83400,,True,2023,10-2023,18000,1,used,electric,450,612,,Euro 6e,,6.0,,,AWD,SUV/4x4/Pick-Up,5,5,Gris,,,,,dealer,Autobedrijf NVD,BE-9100 Sint-Niklaas,BE,2,https://prod.pictures.autoscout24.net/listing-images/80702ed0-05cf-45c0-90cc-ae19279332f2_f77aa6b9-fad7-4d62-9520-4afb52755aea.jpg/250x188.webp,2026-09-28T08:15:58.649980,4.63,3
48a437e0-916b-4740-9f86-6f0ec38a68be,https://www.autoscout24.be/fr/offres/48a437e0-916b-4740-9f86-6f0ec38a68be,be,Land Rover,range rover sport,,Land Rover Range Rover SportP400e HSE - Pano - Ventilatie -,49995,,True,2019,08-2019,40380,1,used,hybrid,216,294,2996,Euro 6d,,6.0,,,AWD,SUV/4x4/Pick-Up,5,5,Gris,,,,,dealer,V-Motors Bvba,BE-2870 Puurs,BE,2,https://prod.pictures.autoscout24.net/listing-images/48a437e0-916b-4740-9f86-6f0ec38a68be_58e7fd31-5fcb-4cd2-a75b-6e254f006f53.jpg/250x188.webp,2026-09-28T08:15:58.649988,1.24,7
58911d9e-d580-44de-b670-bfc305a42e5d,https://www.autoscout24.be/fr/offres/58911d9e-d580-44de-b670-bfc305a42e5d,be,BMW,760,,BMW 760E XDRIVE M PERFORMANCE *** 1HD / TOP CONDITION,104950,,True,2023,08-2023,50000,1,used,hybrid,420,571,2998,Euro 6,,6.0,,,AWD,Berline,4,5,Noir,,,,,dealer,XOTO,BE-8490 Varsenare,BE,2,https://prod.pictures.autoscout24.net/listing-images/58911d9e-d580-44de-b670-bfc305a42e5d_57d18166-8b18-4d32-a01d-ca5e8cd6a22e.jpg/250x188.webp,2026-09-28T08:15:58.649996,2.1,3
26d186bb-1d1f-4dd8-a6e9-282638dd7241,https://www.autoscout24.be/fr/offres/26d186bb-1d1f-4dd8-a6e9-282638dd7241,be,Mercedes-Benz,s 580,,Mercedes-Benz S 580e Hybrid - AMG line - 115 KM Range -,79990,,True,2022,03-2022,37204,2,used,hybrid,375,510,2999,Euro 6,,6.0,,,Arrière,Berline,5,5,Noir,,,,,dealer,Provan Motors,BE-9810 Eke,BE,2,https://prod.pictures.autoscout24.net/listing-images/26d186bb-1d1f-4dd8-a6e9-282638dd7241_6f7949d8-05f9-419b-a40b-fd0f10248e70.jpg/250x188.webp,2026-09-28T08:15:58.650005,2.15,4
d824f10d-1f7f-4203-a654-93e0f78cf29e,https://www.autoscout24.be/fr/offres/d824f10d-1f7f-4203-a654-93e0f78cf29e,be,Volvo,s60,,Volvo S60T8 Polestar,31900,,True,2020,07-2020,106900,1,used,hybrid,233,316,1969,Euro 6,,6.0,,,AWD,SUV/4x4/Pick-Up,5,5,Blanc,,,,,dealer,AUTO.,BE-3800 Sint-Truiden,BE,2,https://prod.pictures.autoscout24.net/listing-images/d824f10d-1f7f-4203-a654-93e0f78cf29e_90482aae-019c-41de-a3d6-ba514f5fafa9.jpg/250x188.webp,2026-09-28T08:15:58.650013,0.3,6
2ca6b343-bf76-4cec-9b1c-d1a1988b44be,https://www.autoscout24.be/fr/offres/2ca6b343-bf76-4cec-9b1c-d1a1988b44be,be,Porsche,cayenne,,Porsche CayenneE-HYBRID SPORTDES,104500,,True,2024,01-2024,23364,,used,hybrid,254,346,2995,Euro 6e,,6.0,,,AWD,SUV/4x4/Pick-Up,5,5,Gris,,,,,dealer,Caviarz,BE-9990 Maldegem,BE,2,https://prod.pictures.autoscout24.net/listing-images/2ca6b343-bf76-4cec-9b1c-d1a1988b44be_ddb6aee4-479c-4061-b0ab-269120503b48.jpg/250x188.webp,2026-09-28T08:15:58.650021,4.47,2
7945b781-4d5b-4ced-b7ef-7f9bc9acdbbe,https://www.autoscout24.be/fr/offres/7945b781-4d5b-4ced-b7ef-7f9bc9acdbbe,be,Audi,rs3,,Audi RS3RS SEAT,39950,,True,2019,10-2019,71500,,used,petrol,294,399,2480,Euro 6d,,6.0,,,AWD,Berline,5,5,Noir,,,,,dealer,Cardicted BV,BE-2220 Heist-op-den-berg,BE,2,https://prod.pictures.autoscout24.net/listing-images/7945b781-4d5b-4ced-b7ef-7f9bc9acdbbe_3978a746-945e-4c5d-a372-dc2344f953f1.jpg/250x188.webp,2026-09-28T08:15:58.650028,0.56,7
8489d22e-cbfd-4389-af8f-0e54cfc589bd,https://www.autoscout24.be/fr/offres/8489d22e-cbfd-4389-af8f-0e54cfc589bd,be,Audi,e-tron,,"Audi e-tronQuattro / S line / Black pack / 21"" alu",29890,,True,2020,10-2020,78767,1,used,electric,243,330,,Euro 6d,,6.0,,,AWD,SUV/4x4/Pick-Up,5,5,Bleu,,,,,dealer,Carcenter STV,BE-8930 Menen,BE,2,https://prod.pictures.autoscout24.net/listing-images/8489d22e-cbfd-4389-af8f-0e54cfc589bd_b466d631-7d4b-4d4e-bf25-8ccdcf32c2db.jpg/250x188.webp,2026-09-28T08:15:58.650036,0.38,6
91c8e92a-3b6e-4da3-a1c9-d4d20358a7dd,https://www.autoscout24.be/fr/offres/91c8e92a-3b6e-4da3-a1c9-d4d20358a7dd,be,BMW,x3 m,,BMW X3,39950,,True,2021,12-2021,99985,1,used,petrol,194,265,2998,Euro 6d,,6.0,,,AWD,SUV/4x4/Pick-Up,5,5,Noir,,,,,dealer,Garage Thomas Uyttendaele,BE-9340 Lede,BE,2,https://prod.pictures.autoscout24.net/listing-images/91c8e92a-3b6e-4da3-a1c9-d4d20358a7dd_ac7b3c4a-4b8f-4f60-881f-b232f75f4b16.jpg/250x188.webp,2026-09-28T08:15:58.650044,0.4,5
a9287a2a-2afa-4066-994a-9168b28416e8,https://www.autoscout24.be/fr/offres/a9287a2a-2afa-4066-994a-9168b28416e8,be,BMW,750,,BMW 750E PHEV M-pack,89900,,True,2025,01-2025,35000,1,used,hybrid,360,489,2998,Euro 6e,,6.0,,,AWD,Berline,4,5,Gris,,,,,dealer,Ultima Car Store,BE-3900 Overpelt,BE,2,https://prod.pictures.autoscout24.net/listing-images/a9287a2a-2afa-4066-994a-9168b28416e8_9415e3f5-8787-4dc8-90a4-cab50dad1cb0.jpg/250x188.webp,2026-09-28T08:15:58.650052,2.57,1
21367d35-21d0-442b-bc27-cf7bb8f76b6b,https://www.autoscout24.be/fr/offres/21367d35-21d0-442b-bc27-cf7bb8f76b6b,be,Audi,rs7,,Audi RS74.0 V8 TFSI 630 PK Tiptronic - Glazen panoramadak -,99999,,True,2024,07-2024,6758,1,used,petrol,463,629,3996,Euro 6e,,6.0,,,Avant,Berline,5,4,Gris,,,,,dealer,,BE-2990 Loenhout,BE,2,https://prod.pictures.autoscout24.net/listing-images/21367d35-21d0-442b-bc27-cf7bb8f76b6b_f72587cf-54a6-44e5-95a0-60e98eab52cd.jpg/250x188.webp,2026-09-28T08:15:58.650059,14.8,2
d37f5574-308b-46b2-a3ba-9e2c538c6104,https://www.autoscout24.be/fr/offres/d37f5574-308b-46b2-a3ba-9e2c538c6104,be,Land Rover,defender,,Land Rover Defender90 2.0 Turbo D200 X-Dynamic,36500,,True,2021,05-2021,116000,2,used,diesel,147,199,1999,Euro 6d,,6.0,automatic,,Boîte automatique,SUV/4x4/Pick-Up,3,5,Bleu,,,,,dealer,,"BE-9506 Geraardsbergen,",BE,1,https://prod.pictures.autoscout24.net/listing-images/d37f5574-308b-46b2-a3ba-9e2c538c6104_8867560b-736e-4639-b2ef-f94190936f32.jpg/250x188.webp,2026-09-28T08:15:58.650068,0.31,5
de707bcc-3b22-402f-8d79-d45e837f2338,https://www.autoscout24.be/fr/offres/de707bcc-3b22-402f-8d79-d45e837f2338,be,Ds Automobiles,ds 4,,DS Automobiles DS 4E-Tense 1.6 PHEV Performance Line ** ACC,23990,,True,2023,06-2023,1618,,used,hybrid,165,224,1598,Euro 6,,6.0,,,Avant,Berline,5,5,Noir,,,,,dealer,Auto's Verschueren NV,BE-2830 Willebroek,BE,2,https://prod.pictures.autoscout24.net/listing-images/de707bcc-3b22-402f-8d79-d45e837f2338_8ab2a6ae-7271-4eef-be73-b2907518cce4.jpg/250x188.webp,2026-09-28T08:15:58.650112,14.83,3
bd16a498-3a4d-4852-9f1e-f9cf86431e43,https://www.autoscout24.be/fr/offres/bd16a498-3a4d-4852-9f1e-f9cf86431e43,be,Lexus,ux 250h,,Lexus UX 250h250h F Sport Design,28900,,True,2024,05-2024,36367,1,used,hybrid,112,152,1987,Euro 6d,,6.0,,,Avant,SUV/4x4/Pick-Up,4,5,Bleu,,,,,dealer,Garage Coppenolle bvba,BE-8970 Poperinge,BE,1,https://prod.pictures.autoscout24.net/listing-images/bd16a498-3a4d-4852-9f1e-f9cf86431e43_4b2e2091-8fd0-4609-8317-8af8b048a776.jpg/250x188.webp,2026-09-28T08:15:58.650129,0.79,2
7a43b3a1-c44e-4c9b-b2a3-5448269b0e90,https://www.autoscout24.be/fr/offres/7a43b3a1-c44e-4c9b-b2a3-5448269b0e90,be,Mercedes-Benz,eqs suv,,Mercedes-Benz EQS SUV450+ 7 PLACES Luxury Line,79980,,True,2023,05-2023,38572,,used,electric,265,360,,Euro 5,,5.0,,,Boîte automatique,SUV/4x4/Pick-Up,4,5,Argent,,,,,dealer,SAGA Nivelles,BE-1400 Nivelles,BE,2,https://prod.pictures.autoscout24.net/listing-images/7a43b3a1-c44e-4c9b-b2a3-5448269b0e90_5bbaf1c8-ddc1-4a13-b8e0-1da6bd5ba1d5.jpg/250x188.webp,2026-09-28T08:15:58.650137,2.07,3
3c1e4111-8077-400d-b01d-7afc72ec258e,https://www.autoscout24.be/fr/offres/3c1e4111-8077-400d-b01d-7afc72ec258e,be,Audi,a5,,Audi A5Avant | 2.0 TFSI | S Tronic | S Line Plus,43900,,True,2025,05-2025,11298,,used,petrol,150,204,1984,Euro 6e,,6.0,,,Avant,Break,5,5,Noir,,,,,dealer,Autobedrijf NVD,BE-9100 Sint-Niklaas,BE,2,https://prod.pictures.autoscout24.net/listing-images/3c1e4111-8077-400d-b01d-7afc72ec258e_ce9f730f-a6c2-4ead-9747-347dd088e041.jpg/250x188.webp,2026-09-28T08:15:58.650144,3.89,1
ed0b58a3-ab24-4386-b015-89a95b0834a8,https://www.autoscout24.be/fr/offres/ed0b58a3-ab24-4386-b015-89a95b0834a8,be,Audi,rs5,,Audi RS5Sportback 2.9 V6 TFSI Quattro - Nardo Grey - Matrix,55995,,True,2021,11-2021,48857,1,used,petrol,331,450,2894,Euro 6,,6.0,,,AWD,Berline,5,4,Gris,,,,,dealer,V-Motors Bvba,BE-2870 Puurs,BE,2,https://prod.pictures.autoscout24.net/listing-images/ed0b58a3-ab24-4386-b015-89a95b0834a8_177a8616-04f7-4cdc-b2a4-1af342f0bb50.jpg/250x188.webp,2026-09-28T08:15:58.650152,1.15,5
ca0e4de7-8bb4-4d9f-bf68-118fbaa3bce4,https://www.autoscout24.be/fr/offres/ca0e4de7-8bb4-4d9f-bf68-118fbaa3bce4,be,Audi,a6,,Audi A6Avant 55 TFSI e Quattro Competition - Quattro - ACC,35995,,True,2020,10-2020,87534,2,used,hybrid,270,367,1984,Euro 6d,,6.0,,,AWD,Break,5,5,Vert,,,,,dealer,V-Motors Bvba,BE-2870 Puurs,BE,2,https://prod.pictures.autoscout24.net/listing-images/ca0e4de7-8bb4-4d9f-bf68-118fbaa3bce4_4c171c27-233c-41dd-84c4-3c546b1a07ac.jpg/250x188.webp,2026-09-28T08:15:58.650160,0.41,6
14434820-4f0a-49bd-aa48-d0f4ce6d0fab,https://www.autoscout24.be/fr/offres/14434820-4f0a-49bd-aa48-d0f4ce6d0fab,be,Dodge,ram,,Dodge ram,104544,,True,,new,10000,,used,petrol,397,539,3000,,,,,,AWD,SUV/4x4/Pick-Up,5,5,Noir,,,,,dealer,Handiri Cars bvba,BE-9100 Sint-Niklaas,BE,2,https://prod.pictures.autoscout24.net/listing-images/14434820-4f0a-49bd-aa48-d0f4ce6d0fab_6ec32be9-527c-410d-b649-f46b5a919b50.jpg/250x188.webp,2026-09-28T08:15:58.650168,10.45,
a05cc4a8-92af-4450-8146-939df28b50e3,https://www.autoscout24.be/fr/offres/a05cc4a8-92af-4450-8146-939df28b50e3,be,BMW,530,,"BMW 530e touring, M pack",37800,,True,2023,03-2023,66981,,used,hybrid,215,292,1998,Euro 6,,6.0,,,Arrière,Break,5,5,Noir,,,,,dealer,Garage D'hont,BE-8570 Vichte,BE,2,https://prod.pictures.autoscout24.net/listing-images/a05cc4a8-92af-4450-8146-939df28b50e3_8ac3c74b-a519-4f7a-a298-32646d84acbc.jpg/250x188.webp,2026-09-28T08:15:58.650175,0.56,3
86c964ec-c468-4fe7-bff6-cb5e85d6460f,https://www.autoscout24.be/fr/offres/86c964ec-c468-4fe7-bff6-cb5e85d6460f,be,Byd,seal,,BYD SealSeal 82.5 kWh AWD Excellence Excellence,44990,,True,2026,02-2026,6889,,used,electric,390,530,,,,20.0,,,Boîte automatique,Berline,4,5,Gris,,,,,dealer,click2move by Declerc,BE-5100 Naninne (Namur),BE,2,https://prod.pictures.autoscout24.net/listing-images/86c964ec-c468-4fe7-bff6-cb5e85d6460f_39efd4dd-9785-491f-8204-430b8314bbd6.jpg/250x188.webp,2026-09-28T08:15:58.650183,6.53,0
cff2d61e-bbbb-4e80-af31-cac1d6ac99a3,https://www.autoscout24.be/fr/offres/cff2d61e-bbbb-4e80-af31-cac1d6ac99a3,be,Lexus,rz,,Lexus RZ99.2% SoH | 450e AWD Privilege L | pano,47990,,True,2024,05-2024,21665,1,used,electric,230,312,1,Euro 6e,,6.0,,,AWD,SUV/4x4/Pick-Up,5,5,Blanc,,,,,dealer,Toyota City Approved Used Woluwe,BE-1200 Woluwe-Saint-Lambert,BE,2,https://prod.pictures.autoscout24.net/listing-images/cff2d61e-bbbb-4e80-af31-cac1d6ac99a3_9a351256-1c00-4824-8999-65a1784202c0.jpg/250x188.webp,2026-09-28T08:15:58.650191,2.22,2
67c333ce-ee43-4a32-b334-8d6c9809a627,https://www.autoscout24.be/fr/offres/67c333ce-ee43-4a32-b334-8d6c9809a627,be,Audi,q2,,Audi Q2Q2 1.4 TFSI Design⚠️GARANTIE 12 MOIS⚠️,16490,,True,2019,03-2019,47800,1,used,petrol,110,149,1395,Euro 6b,,6.0,automatic,,Avant,SUV/4x4/Pick-Up,5,5,Gris,,,,,dealer,TD Cars Srl,BE-7110 Maurage,BE,2,https://prod.pictures.autoscout24.net/listing-images/67c333ce-ee43-4a32-b334-8d6c9809a627_4964ea23-eb80-4420-b49f-f38c19959d77.jpg/250x188.webp,2026-09-28T08:15:58.650199,0.34,7
1c4b52ac-0bb7-40de-bc4c-7b3e51676812,https://www.autoscout24.be/fr/offres/1c4b52ac-0bb7-40de-bc4c-7b3e51676812,be,BMW,x3,,BMW X32.0iAS xDrive20 *M PRO,52800,,True,2025,01-2025,24793,1,used,petrol,153,208,1998,Euro 6e,,6.0,,,AWD,SUV/4x4/Pick-Up,5,5,Gris,,,,,dealer,AUTO.,BE-3800 Sint-Truiden,BE,2,https://prod.pictures.autoscout24.net/listing-images/1c4b52ac-0bb7-40de-bc4c-7b3e51676812_c1ab73dc-14a0-4a65-9404-22a529c9100a.jpg/250x188.webp,2026-09-28T08:15:58.650207,2.13,1
8335a3fe-6a70-4b36-9596-382805658137,https://www.autoscout24.be/fr/offres/8335a3fe-6a70-4b36-9596-382805658137,be,BMW,330,,BMW 330Touring 330eAS PHEV Pack-M,29990,,True,2021,07-2021,39500,1,used,hybrid,135,183,1998,,,98.0,,,Arrière,Break,5,5,Noir,,,,,dealer,Gabriele Mazzara Motors Cars,BE-5190 Jemeppe-Sur-Sambre,BE,2,https://prod.pictures.autoscout24.net/listing-images/8335a3fe-6a70-4b36-9596-382805658137_c1784edd-15ba-43d8-ab40-cad727cf1b39.jpg/250x188.webp,2026-09-28T08:15:58.650214,0.76,5
fa608f5b-23a2-4889-a4d4-e5e34b854724,https://www.autoscout24.be/fr/offres/fa608f5b-23a2-4889-a4d4-e5e34b854724,be,Dodge,ram,,Dodge ram,104060,,True,,new,100000,,used,petrol,291,395,5700,,,,,,AWD,SUV/4x4/Pick-Up,5,5,Noir,,,,,dealer,Handiri Cars bvba,BE-9100 Sint-Niklaas,BE,2,https://prod.pictures.autoscout24.net/listing-images/fa608f5b-23a2-4889-a4d4-e5e34b854724_77aac99e-abcc-4360-8f59-284a61de187e.jpg/250x188.webp,2026-09-28T08:15:58.650222,1.04,
10ef8c6d-e0e1-4949-b1d2-badc914488ec,https://www.autoscout24.be/fr/offres/10ef8c6d-e0e1-4949-b1d2-badc914488ec,be,Land Rover,range rover velar,,Land Rover Range Rover VelarP400e S AWD Auto. 26.75MY,79850,,True,2026,01-2026,10,,new,hybrid,297,403,1997,,,2104.0,,,AWD,SUV/4x4/Pick-Up,5,5,Noir,,,,,dealer,Jaguar Land Rover Asse - Van Vaerenbergh,BE-1730 Asse,BE,2,https://prod.pictures.autoscout24.net/listing-images/10ef8c6d-e0e1-4949-b1d2-badc914488ec_26b699c2-4b79-470b-b058-1e696ee01825.jpg/250x188.webp,2026-09-28T08:15:58.650229,7985.0,0
b47098a8-adee-4012-a23d-d16f603e12a1,https://www.autoscout24.be/fr/offres/b47098a8-adee-4012-a23d-d16f603e12a1,be,Kia,pv5 passenger,,Kia PV5 Passenger71.2 kWh Elite Elite,38990,,True,2026,02-2026,3000,1,used,electric,120,163,,,,9412.0,,,Boîte automatique,Monospace,5,5,Gris,,,,,dealer,,"BE-9506 Geraardsbergen,",BE,1,https://prod.pictures.autoscout24.net/listing-images/b47098a8-adee-4012-a23d-d16f603e12a1_5cd10624-cab1-4c33-871d-30dd8059f776.jpg/250x188.webp,2026-09-28T08:15:58.650236,13.0,0
c9907cb8-2a00-4b59-a6cc-2ab4baac7804,https://www.autoscout24.be/fr/offres/c9907cb8-2a00-4b59-a6cc-2ab4baac7804,be,BMW,116,,BMW 116i Benzine - GPS - Airco - Topstaat!,10990,,True,2018,08-2018,107924,2,used,petrol,58,80,1499,Euro 6,,6.0,,,Arrière,Citadine,4,5,Noir,,,,,dealer,Provan Motors,BE-9810 Eke,BE,2,https://prod.pictures.autoscout24.net/listing-images/c9907cb8-2a00-4b59-a6cc-2ab4baac7804_2a6c3bf6-6e11-4f01-8004-d675e3a76dae.jpg/250x188.webp,2026-09-28T08:15:58.650243,0.1,8
8388b67d-2c8f-4ab6-9456-498950c38b3a,https://www.autoscout24.be/fr/offres/8388b67d-2c8f-4ab6-9456-498950c38b3a,be,Byd,seal u,,"BYD Seal UDM-i Boost Panorama, Head-Up Display, 360 Camera,",34490,,True,2026,08-2026,15,,new,hybrid,160,217,1498,Euro 1,,1.0,,,Avant,SUV/4x4/Pick-Up,5,5,Noir,,,,,dealer,Expo by KG nv,BE-1840 Londerzeel ( A12 Brussel - Antwerpen ),BE,2,https://prod.pictures.autoscout24.net/listing-images/8388b67d-2c8f-4ab6-9456-498950c38b3a_df18a20a-e0ce-4428-b34b-323788ae3950.jpg/250x188.webp,2026-09-28T08:15:58.650251,2299.33,0
c935e80f-27fd-4389-985f-767d98da150c,https://www.autoscout24.be/fr/offres/c935e80f-27fd-4389-985f-767d98da150c,be,Mercedes-Benz,a 45 amg,,Mercedes-Benz A 45 AMGA 45 S AMG - 4-Matic - Magno - Aero,43995,,True,2021,05-2021,37998,2,used,petrol,310,421,1991,Euro 6e,,6.0,,,AWD,Berline,5,5,Gris,,,,,dealer,V-Motors Bvba,BE-2870 Puurs,BE,2,https://prod.pictures.autoscout24.net/listing-images/c935e80f-27fd-4389-985f-767d98da150c_91a17d86-748a-491c-abf7-7924ed361d44.jpg/250x188.webp,2026-09-28T08:15:58.650258,1.16,5
896f7297-0ef5-4c38-bdc3-85a96c513cfd,https://www.autoscout24.be/fr/offres/896f7297-0ef5-4c38-bdc3-85a96c513cfd,be,BMW,i4,,BMW i4eDrive40*83.9kWh*M-SPORT*589 KM WLTP*95% SOH,35900,,True,2022,03-2022,103613,1,used,electric,250,340,0,,,20.0,,,Arrière,Coupé,5,5,Gris,,,,,dealer,FALCOMOTIVE,BE-3800 Sint-Truiden,BE,2,https://prod.pictures.autoscout24.net/listing-images/896f7297-0ef5-4c38-bdc3-85a96c513cfd_aafa9aeb-0f72-4780-9998-4a50f218f45e.jpg/250x188.webp,2026-09-28T08:15:58.650266,0.35,4
73bf04c3-4d00-495f-adf9-14070a121409,https://www.autoscout24.be/fr/offres/73bf04c3-4d00-495f-adf9-14070a121409,be,Ford,mustang mach-e,,Ford Mustang Mach-EAWD - 45946km - Garantie,31990,,True,2023,03-2023,45946,2,used,electric,,,,Euro 6,,6.0,,,AWD,Berline,5,5,Blanc,,,,,dealer,CIAC Ford Gent,BE-9050 Ledeberg,BE,2,https://prod.pictures.autoscout24.net/listing-images/73bf04c3-4d00-495f-adf9-14070a121409_8902a72f-5934-44c6-9d17-9bd578dd5724.jpg/250x188.webp,2026-09-28T08:15:58.650274,0.7,3
881babb8-8c70-42a7-a6c9-1fcfef796c10,https://www.autoscout24.be/fr/offres/881babb8-8c70-42a7-a6c9-1fcfef796c10,be,Toyota,tacoma,,Toyota tacoma,100430,,True,,new,10000,,used,petrol,240,326,2400,Euro 6,,6.0,,,AWD,SUV/4x4/Pick-Up,5,5,Blanc,,,,,dealer,Handiri Cars bvba,BE-9100 Sint-Niklaas,BE,1,https://prod.pictures.autoscout24.net/dealer-info/4792705-original-1f4a2711-9ce7-4296-b4ce-9dfdb4fb14d1.png/resize/100x50%3E/quality/90,2026-09-28T08:15:58.650282,10.04,
3c6d31f0-0f09-40c9-a293-15df0ce614ee,https://www.autoscout24.be/fr/offres/3c6d31f0-0f09-40c9-a293-15df0ce614ee,be,Mini,one,,MINI OneMini 1.5 One Full black Digitaal dashboard Cruise,15450,,True,2022,06-2022,65117,1,used,petrol,55,75,1499,Euro 6,,6.0,,,Avant,Citadine,5,5,Noir,,,,,dealer,Yprauto,BE-8840 Oostnieuwkerke,BE,2,https://prod.pictures.autoscout24.net/listing-images/3c6d31f0-0f09-40c9-a293-15df0ce614ee_c7ac28f9-2d3c-4ac5-a9a2-df77ba45acee.jpg/250x188.webp,2026-09-28T08:15:58.650289,0.24,4
7a8939cc-a37c-43f3-86dd-1b91d046b1c8,https://www.autoscout24.be/fr/offres/7a8939cc-a37c-43f3-86dd-1b91d046b1c8,be,BMW,440,,BMW 440i xDrive Cabrio - B58 - H&K / HUD / CarPlay,37990,,True,2020,04-2020,96573,2,used,petrol,240,326,2998,Euro 6d,,6.0,,,AWD,Cabriolet,2,4,Noir,,,,,dealer,HNDRXX Automotive BV,BE-8791 Waregem,BE,2,https://prod.pictures.autoscout24.net/listing-images/7a8939cc-a37c-43f3-86dd-1b91d046b1c8_ea9fc473-2971-42f8-bc84-b1c283c7248b.jpg/250x188.webp,2026-09-28T08:15:58.650297,0.39,6
39a65e16-7be0-4e87-b810-77358ea3734a,https://www.autoscout24.be/fr/offres/39a65e16-7be0-4e87-b810-77358ea3734a,be,Volkswagen,tiguan,,Volkswagen TiguanTiguan 1.5 eTSI mHEV DSG Goal Incl. LED -,29990,,True,2025,11-2025,28556,,used,petrol,96,130,1498,Euro 6e,,6.0,,,Boîte automatique,SUV/4x4/Pick-Up,5,5,Noir,,,,,dealer,click2move by Declerc,BE-5100 Naninne (Namur),BE,2,https://prod.pictures.autoscout24.net/listing-images/39a65e16-7be0-4e87-b810-77358ea3734a_de6100f1-bb45-4ef1-b001-7507a98ada2f.jpg/250x188.webp,2026-09-28T08:15:58.650304,1.05,1
56c3f7a3-53d3-40b5-be46-0d73ece5d39e,https://www.autoscout24.be/fr/offres/56c3f7a3-53d3-40b5-be46-0d73ece5d39e,be,Mercedes-Benz,s 500,,Mercedes-Benz S 5004 Matic,69500,,True,2022,06-2022,53500,,used,hybrid,320,435,2996,Euro 6b,,6.0,,,AWD,Berline,4,5,Argent,,,,,dealer,MK Motors BV,BE-2930 Brasschaat,BE,2,https://prod.pictures.autoscout24.net/listing-images/56c3f7a3-53d3-40b5-be46-0d73ece5d39e_a57e3c31-af04-4250-905f-1cba0c699f12.jpg/250x188.webp,2026-09-28T08:15:58.650313,1.3,4
43e9053f-5bab-4236-a4c4-d9284005516e,https://www.autoscout24.be/fr/offres/43e9053f-5bab-4236-a4c4-d9284005516e,be,Audi,q3,,Audi Q3Q3 PHEV 45 TFSIe S line S tronic - Leather,29950,,True,2021,06-2021,45950,,used,hybrid,180,244,1395,Euro 6d,,6.0,,,Avant,SUV/4x4/Pick-Up,5,5,Noir,,,,,dealer,VAMAUTO,BE-8880 Sint-Eloois-Winkel,BE,2,https://prod.pictures.autoscout24.net/listing-images/43e9053f-5bab-4236-a4c4-d9284005516e_e5822a02-dec6-4d67-9c27-608d050b1244.jpg/250x188.webp,2026-09-28T08:15:58.650321,0.65,5
ed5aa850-b7ea-48f0-ac43-970e1b3c378a,https://www.autoscout24.be/fr/offres/ed5aa850-b7ea-48f0-ac43-970e1b3c378a,be,Audi,s6 e-tron,,Audi S6 e-tronSportback - Pano,76950,,True,2025,03-2025,6500,1,used,electric,370,503,,,,20.0,,,AWD,Berline,5,5,Blanc,,,,,dealer,VAMAUTO,BE-8880 Sint-Eloois-Winkel,BE,2,https://prod.pictures.autoscout24.net/listing-images/ed5aa850-b7ea-48f0-ac43-970e1b3c378a_a6a054ba-14c6-4f70-9075-dba15811312e.jpg/250x188.webp,2026-09-28T08:15:58.650329,11.84,1
d0f50759-60db-42b3-a8ef-3dc138618bf7,https://www.autoscout24.be/fr/offres/d0f50759-60db-42b3-a8ef-3dc138618bf7,be,BMW,x5,,BMW X5PHEVxDrive45e - M Sport - Luchtvering - Trekhaak -,54995,,True,2021,10-2021,79229,,used,hybrid,213,290,2998,Euro 6d,,6.0,,,AWD,SUV/4x4/Pick-Up,5,5,Gris,,,,,dealer,V-Motors Bvba,BE-2870 Puurs,BE,2,https://prod.pictures.autoscout24.net/listing-images/d0f50759-60db-42b3-a8ef-3dc138618bf7_42f98fea-5bde-4ff6-87fb-7c4e314936cf.jpg/250x188.webp,2026-09-28T08:15:58.650337,0.69,5
ee8560f2-0b96-475b-a51b-49f956d5c4dd,https://www.autoscout24.be/fr/offres/ee8560f2-0b96-475b-a51b-49f956d5c4dd,be,Audi,a5,,Audi A5Avant | 2.0 TFSI | S Tronic | S Line Plus,43900,,True,2025,05-2025,11384,,used,petrol,150,204,1984,Euro 6e,,6.0,,,Avant,Break,5,5,Bleu,,,,,dealer,Autobedrijf NVD,BE-9100 Sint-Niklaas,BE,2,https://prod.pictures.autoscout24.net/listing-images/ee8560f2-0b96-475b-a51b-49f956d5c4dd_7474c7cc-459f-47ea-a9ec-bb57df634432.jpg/250x188.webp,2026-09-28T08:15:58.650345,3.86,1
8702886d-ffa3-43e9-9fbb-156c96e800d2,https://www.autoscout24.be/fr/offres/8702886d-ffa3-43e9-9fbb-156c96e800d2,be,Land Rover,range rover evoque,,Land Rover Range Rover EvoqueP160 FWD Auto S,37900,,True,2024,08-2024,35201,,used,petrol,118,160,1498,Euro 6e,,6.0,,,Avant,SUV/4x4/Pick-Up,5,5,Gris,,,,,dealer,JLR Louyet Namur,BE-5101 Namur (Erpent),BE,3,https://prod.pictures.autoscout24.net/listing-images/8702886d-ffa3-43e9-9fbb-156c96e800d2_d27d5bba-4dfd-47ba-9c19-30b7dfa55e5e.jpg/250x188.webp,2026-09-28T08:15:58.650361,1.08,2
733464f3-1fe0-4d9a-803e-e6d59fb6ba0d,https://www.autoscout24.be/fr/offres/733464f3-1fe0-4d9a-803e-e6d59fb6ba0d,be,Mercedes-Benz,eqa 250,,Mercedes-Benz EQA 250AMG line,31500,,True,2023,01-2023,40000,1,used,electric,140,190,,Euro 6,,6.0,,,Boîte automatique,SUV/4x4/Pick-Up,4,5,Gris,,,,,private,,,BE,1,https://prod.pictures.autoscout24.net/listing-images/733464f3-1fe0-4d9a-803e-e6d59fb6ba0d_37b19da5-4023-4087-bdcd-18c06cc84a20.jpg/250x188.webp,2026-09-28T08:15:58.650369,0.79,3
e7393ecd-2d9c-403e-aacb-6530c72735c1,https://www.autoscout24.be/fr/offres/e7393ecd-2d9c-403e-aacb-6530c72735c1,be,BMW,i5,,BMW i5xDrive40 Touring,66900,,True,2026,01-2026,6606,1,used,electric,290,394,,Euro 6,,6.0,,,AWD,Break,5,5,Noir,,,,,dealer,BMW Meeusen Kalmthout,BE-2920 Kalmthout,BE,2,https://prod.pictures.autoscout24.net/listing-images/e7393ecd-2d9c-403e-aacb-6530c72735c1_a93f3f3c-d05f-4a5a-ae0c-681a6c55276e.jpg/250x188.webp,2026-09-28T08:15:58.650377,10.13,0
7af2d516-28be-4710-a960-2920dc19b58c,https://www.autoscout24.be/fr/offres/7af2d516-28be-4710-a960-2920dc19b58c,be,Audi,a4,,Audi A4A4 Avant 35 TDi Edition Sport S tronic,25990,,True,2023,08-2023,80470,,used,diesel,120,163,1968,,,,,,Boîte automatique,Break,5,5,Noir,,,,,dealer,click2move by Declerc,BE-5100 Naninne (Namur),BE,2,https://prod.pictures.autoscout24.net/listing-images/7af2d516-28be-4710-a960-2920dc19b58c_13df5cfe-2e15-4e33-817d-7f015eb2233b.jpg/250x188.webp,2026-09-28T08:15:58.650385,0.32,3
42c813cc-5891-4df9-9188-202cf5275472,https://www.autoscout24.be/fr/offres/42c813cc-5891-4df9-9188-202cf5275472,be,Land Rover,range rover sport,,Land Rover Range Rover SportP550e PHEV Hybrid|,99250,,True,2024,01-2024,82000,1,used,hybrid,405,550,2996,Euro 6,,6.0,,,AWD,SUV/4x4/Pick-Up,5,5,Noir,,,,,dealer,Premium Car Company,BE-3920 Lommel,BE,2,https://prod.pictures.autoscout24.net/listing-images/42c813cc-5891-4df9-9188-202cf5275472_bd318957-2628-476b-94d4-66e4f1ab47db.jpg/250x188.webp,2026-09-28T08:15:58.650393,1.21,2
a3651358-5dc7-41d3-9195-d63bf39478d2,https://www.autoscout24.be/fr/offres/a3651358-5dc7-41d3-9195-d63bf39478d2,be,Volvo,xc40,,Volvo XC40Recharge Core NAVI | CAMERA | CARPLAY | LED | SOH,29445,,True,2023,03-2023,44792,,used,electric,124,170,,,,20.0,,,Avant,SUV/4x4/Pick-Up,5,5,Noir,,,,,dealer,Van Mossel Used Cars Center Lokeren,BE-9160 Lokeren,BE,2,https://prod.pictures.autoscout24.net/listing-images/a3651358-5dc7-41d3-9195-d63bf39478d2_18b7e175-c54a-4cf9-965c-f82a2536cbe3.jpg/250x188.webp,2026-09-28T08:15:58.650402,0.66,3
f02fba64-d025-4f7f-b86f-7f77105467bf,https://www.autoscout24.be/fr/offres/f02fba64-d025-4f7f-b86f-7f77105467bf,be,BMW,ix3,,BMW iX380 kwh - M Pack - Harman,37990,,True,2022,09-2022,49888,1,used,electric,80,108,,,,20.0,,,Arrière,SUV/4x4/Pick-Up,5,5,Noir,,,,,dealer,Provan Motors,BE-9810 Eke,BE,2,https://prod.pictures.autoscout24.net/listing-images/f02fba64-d025-4f7f-b86f-7f77105467bf_31f527e0-b892-4356-90e1-f2ccc173b75c.jpg/250x188.webp,2026-09-28T08:15:58.650425,0.76,4
591b03c6-d6aa-4032-ab77-03cf7bb423a9,https://www.autoscout24.be/fr/offres/591b03c6-d6aa-4032-ab77-03cf7bb423a9,be,Mercedes-Benz,eqv 300,,"Mercedes-Benz EQV 30093,3 Kwh - 7 PL - Long - Range 415 KM",49990,,True,2023,03-2023,41797,1,used,electric,150,204,,,,20.0,,,Avant,Monospace,5,7,Gris,,,,,dealer,Provan Motors,BE-9810 Eke,BE,2,https://prod.pictures.autoscout24.net/listing-images/591b03c6-d6aa-4032-ab77-03cf7bb423a9_d9e45628-9681-4003-9313-5180a5e6877c.jpg/250x188.webp,2026-09-28T08:15:58.650434,1.2,3
94a1c24e-290b-4539-a468-d42a6f20fd1e,https://www.autoscout24.be/fr/offres/94a1c24e-290b-4539-a468-d42a6f20fd1e,be,Mercedes-Benz,cle 220,,Mercedes-Benz CLE 220Coupé CLE d AMG Line,49990,,True,2024,06-2024,16948,,used,diesel,145,197,1993,Euro 6e,,6.0,,,Arrière,Coupé,2,4,Blanc,,,,,dealer,GH - Henry SA - Visé – Voitures Occasion Certified,BE-4600 Visé,BE,2,https://prod.pictures.autoscout24.net/listing-images/94a1c24e-290b-4539-a468-d42a6f20fd1e_53dad89b-ee32-4534-b8d9-da548dac0646.jpg/250x188.webp,2026-09-28T08:15:58.650443,2.95,2
5e965cba-2567-40f9-b31d-2498c9846e94,https://www.autoscout24.be/fr/offres/5e965cba-2567-40f9-b31d-2498c9846e94,be,Audi,q5,,Audi Q5PHEV 55 TFSi e Quattro,27500,,True,2019,11-2019,102000,1,used,hybrid,136,185,1984,Euro 6d,,6.0,,,AWD,SUV/4x4/Pick-Up,5,5,Noir,,,,,dealer,Eurocars bv,BE-9308 Hofstade (Aalst),BE,2,https://prod.pictures.autoscout24.net/listing-images/5e965cba-2567-40f9-b31d-2498c9846e94_03c8c063-56f4-41b4-af9b-7f9024e3cef8.jpg/250x188.webp,2026-09-28T08:15:58.650451,0.27,7
8229044c-27f1-43ab-87ad-ed503b1485b6,https://www.autoscout24.be/fr/offres/8229044c-27f1-43ab-87ad-ed503b1485b6,be,Lexus,rz,,Lexus RZ100% SoH | 450e AWD Privilege L | pano,43990,,True,2023,09-2023,29209,1,used,electric,230,312,1,Euro 6e,,6.0,,,AWD,SUV/4x4/Pick-Up,5,5,Brun,,,,,dealer,Toyota City Approved Used Woluwe,BE-1200 Woluwe-Saint-Lambert,BE,2,https://prod.pictures.autoscout24.net/listing-images/8229044c-27f1-43ab-87ad-ed503b1485b6_03985e5d-e6dc-4b29-91e5-54c684218d8d.jpg/250x188.webp,2026-09-28T08:15:58.650459,1.51,3
50edd9b8-0d4f-4653-9bc8-5c68eed8bde6,https://www.autoscout24.be/fr/offres/50edd9b8-0d4f-4653-9bc8-5c68eed8bde6,be,Lexus,ux 250h,,Lexus UX 250hBusiness Line,21950,,True,2019,12-2019,36828,1,used,hybrid,112,152,1987,Euro 6,,6.0,automatic,,Avant,Berline,5,5,Gris,,,,,dealer,,BE-9050 Ledeberg,BE,1,https://prod.pictures.autoscout24.net/listing-images/50edd9b8-0d4f-4653-9bc8-5c68eed8bde6_41dd6800-0f1c-4d5a-8aec-62f538c92d54.jpg/250x188.webp,2026-09-28T08:15:58.650475,0.6,7
19dc54b5-8126-438f-aaa5-1bbd09a32b96,https://www.autoscout24.be/fr/offres/19dc54b5-8126-438f-aaa5-1bbd09a32b96,be,Mercedes-Benz,v 300,,Mercedes-Benz V 300d MWB Avantgarde (EU6AP) * LICHTE VRACHT,57500,,True,2022,11-2022,48674,1,used,diesel,129,176,1950,Euro 6d,,6.0,,,Arrière,Monospace,5,5,Gris,,,,,dealer,Mercedes - Lambrecht,BE-8000 Brugge,BE,2,https://prod.pictures.autoscout24.net/listing-images/19dc54b5-8126-438f-aaa5-1bbd09a32b96_1d120ea6-b7f3-4005-a608-25c40206aadb.jpg/250x188.webp,2026-09-28T08:15:58.650491,1.18,4
d073e385-998e-4893-8ddc-7940e5ba2875,https://www.autoscout24.be/fr/offres/d073e385-998e-4893-8ddc-7940e5ba2875,be,Jaguar,i-pace,,Jaguar I-PaceEV400 AWD SE MY20,26900,,True,2019,09-2019,44094,,used,electric,294,399,,,,20.0,,,AWD,Berline,5,,Bleu,,,,,dealer,Jaguar Land Rover Asse - Van Vaerenbergh,BE-1730 Asse,BE,2,https://prod.pictures.autoscout24.net/listing-images/d073e385-998e-4893-8ddc-7940e5ba2875_96a04698-cac7-457c-b5a9-8e657d2c5d96.jpg/250x188.webp,2026-09-28T08:15:58.650498,0.61,7
0c74e48b-090b-44f0-8c2a-af31781dbd2c,https://www.autoscout24.be/fr/offres/0c74e48b-090b-44f0-8c2a-af31781dbd2c,be,Volkswagen,id.4,,Volkswagen ID.4ID.4 52 kWh Pure Performance Incl. Toit PANO,25790,,True,2022,05-2022,37916,,used,electric,52,70,,,,9450.0,,,Boîte automatique,SUV/4x4/Pick-Up,5,,Gris,,,,,dealer,click2move by Declerc,BE-5100 Naninne (Namur),BE,2,https://prod.pictures.autoscout24.net/listing-images/0c74e48b-090b-44f0-8c2a-af31781dbd2c_cd610b2e-bda3-4e4b-9eaa-cbb1d002c0ef.jpg/250x188.webp,2026-09-28T08:15:58.650506,0.68,4
2aba1b63-63f7-487f-adf6-7cf9c16da80f,https://www.autoscout24.be/fr/offres/2aba1b63-63f7-487f-adf6-7cf9c16da80f,be,BMW,218,,BMW 218✖️ 19' PACK M | LED | FULL BLACK | TVA ✔️,26450,,True,2024,04-2024,38000,1,used,petrol,100,136,1499,Euro 6e,,6.0,,,Avant,Berline,4,5,Noir,,,,,dealer,,BE-4801 Stembert,BE,1,https://prod.pictures.autoscout24.net/listing-images/2aba1b63-63f7-487f-adf6-7cf9c16da80f_236350ff-8ad9-45ce-8b70-f1dff8475374.jpg/250x188.webp,2026-09-28T08:15:58.650513,0.7,2
190475a0-87f1-48ff-9bb8-8e6fefb76cb3,https://www.autoscout24.be/fr/offres/190475a0-87f1-48ff-9bb8-8e6fefb76cb3,be,Mercedes-Benz,marco polo,,Mercedes-Benz Marco PoloV250d*AUT*4-MATIC*4X-BED,61900,,True,2021,01-2021,63360,2,used,diesel,102,140,1950,Euro 6d-TEMP,,6.0,,,AWD,Monospace,4,5,Gris,,,,,dealer,FALCOMOTIVE,BE-3800 Sint-Truiden,BE,2,https://prod.pictures.autoscout24.net/listing-images/190475a0-87f1-48ff-9bb8-8e6fefb76cb3_a6929140-0074-4cc7-bbdd-bcffd72a7610.jpg/250x188.webp,2026-09-28T08:15:58.650521,0.98,5
db7a4800-3f78-47fe-9ab8-8e0dc1b3eab1,https://www.autoscout24.be/fr/offres/db7a4800-3f78-47fe-9ab8-8e0dc1b3eab1,be,Mercedes-Benz,glb 200,,Mercedes-Benz GLB 200D 4MATIC AMG Pack Night attelage,33890,,True,2021,10-2021,75829,,used,diesel,110,149,1950,Euro 6,,6.0,,,AWD,SUV/4x4/Pick-Up,5,5,Noir,,,,,dealer,SAGA Drogenbos,BE-1620 Drogenbos,BE,2,https://prod.pictures.autoscout24.net/listing-images/db7a4800-3f78-47fe-9ab8-8e0dc1b3eab1_482d443d-7f09-4f6a-a652-1851722abdcd.jpg/250x188.webp,2026-09-28T08:15:58.650529,0.45,5
87ef67d5-d7f2-464d-9c5a-e8a7b6a00c84,https://www.autoscout24.be/fr/offres/87ef67d5-d7f2-464d-9c5a-e8a7b6a00c84,be,Audi,q5,,Audi Q550TFSI e*100%SOH*Garantie*Plug in Hybride Benzine*,27999,,True,2023,05-2023,73607,1,used,hybrid,220,299,1984,Euro 6d,,6.0,,,AWD,SUV/4x4/Pick-Up,5,5,Noir,,,,,dealer,Bayern Motors NV,BE-3550 Zolder,BE,1,https://prod.pictures.autoscout24.net/listing-images/87ef67d5-d7f2-464d-9c5a-e8a7b6a00c84_8e3b890e-0c06-4a3e-b731-2d2c962d3b7b.jpg/250x188.webp,2026-09-28T08:15:58.650537,0.38,3
a83199cf-ef54-4551-9688-856f5f39f8d5,https://www.autoscout24.be/fr/offres/a83199cf-ef54-4551-9688-856f5f39f8d5,be,Dodge,ram,,Dodge ram,101640,,True,,new,100000,,used,petrol,291,395,5700,,,,,,AWD,SUV/4x4/Pick-Up,5,5,Vert,,,,,dealer,Handiri Cars bvba,BE-9100 Sint-Niklaas,BE,2,https://prod.pictures.autoscout24.net/listing-images/a83199cf-ef54-4551-9688-856f5f39f8d5_d464e390-19ea-4c3b-bdd2-cd98bc53e71d.jpg/250x188.webp,2026-09-28T08:15:58.650544,1.02,
8b0f8081-7f53-4fd9-ae08-55066b3d3a83,https://www.autoscout24.be/fr/offres/8b0f8081-7f53-4fd9-ae08-55066b3d3a83,be,Volvo,xc60,,Volvo XC60T6 AWD R-Design *12,31500,,True,2021,01-2021,69000,2,used,hybrid,186,252,1969,Euro 6d,,6.0,,,AWD,SUV/4x4/Pick-Up,5,5,Gris,,,,,dealer,Prestige Auto Group bv,BE-3583 Paal,BE,2,https://prod.pictures.autoscout24.net/listing-images/8b0f8081-7f53-4fd9-ae08-55066b3d3a83_09ef458d-b7d7-435d-8b61-024514ccd613.jpg/250x188.webp,2026-09-28T08:15:58.650551,0.46,5
e9336b5a-9067-4667-b443-580798fcde81,https://www.autoscout24.be/fr/offres/e9336b5a-9067-4667-b443-580798fcde81,be,Volkswagen,tiguan,,Volkswagen TiguanTiguan 1.5 TSI ACT Life OPF,17990,,True,2022,07-2022,114101,1,used,petrol,96,130,1498,Euro 6d,,6.0,automatic,,Avant,SUV/4x4/Pick-Up,5,5,Gris,,,,,dealer,LN CARS,BE-1300 Limal,BE,2,https://prod.pictures.autoscout24.net/listing-images/e9336b5a-9067-4667-b443-580798fcde81_087c6eff-eae3-4d1f-b7da-3565ae08feb1.jpg/250x188.webp,2026-09-28T08:15:58.650559,0.16,4
aa01fd1f-c66f-4aa2-ac78-b492c4306dc1,https://www.autoscout24.be/fr/offres/aa01fd1f-c66f-4aa2-ac78-b492c4306dc1,be,Audi,a4,,Audi A4A4 Avant 35 TFSI Advanced S tronic,23790,,True,2022,09-2022,49198,,used,petrol,110,149,1984,,,,,,Boîte automatique,Break,5,5,Noir,,,,,dealer,click2move by Declerc,BE-5100 Naninne (Namur),BE,2,https://prod.pictures.autoscout24.net/listing-images/aa01fd1f-c66f-4aa2-ac78-b492c4306dc1_1c8b3533-4afa-4b2f-b38d-8e8438d75788.jpg/250x188.webp,2026-09-28T08:15:58.650566,0.48,4
93b797d8-2af0-4c76-82fb-f5df95dbbd72,https://www.autoscout24.be/fr/offres/93b797d8-2af0-4c76-82fb-f5df95dbbd72,be,Citroen,c3,,Citroen C31.2 Benzine Automaat - Airco  - Topstaat!,9990,,True,2019,10-2019,62361,2,used,petrol,59,81,1199,Euro 6,,6.0,,,Avant,Citadine,4,5,Gris,,,,,dealer,Provan Motors,BE-9810 Eke,BE,2,https://prod.pictures.autoscout24.net/listing-images/93b797d8-2af0-4c76-82fb-f5df95dbbd72_557785d1-c6b9-467e-800c-6539e87a7f85.jpg/250x188.webp,2026-09-28T08:15:58.650573,0.16,7
ae81aec9-8637-4bee-b9e8-a0e62bd49ce6,https://www.autoscout24.be/fr/offres/ae81aec9-8637-4bee-b9e8-a0e62bd49ce6,be,Audi,rs3,,Audi RS32.5 TFSI Quattro S tronic,67990,,True,2026,01-2026,21,1,new,petrol,294,399,2480,Euro 6e,,6.0,,,AWD,Berline,4,5,Noir,,,,,dealer,,BE-2160 Wommelgem,BE,2,https://prod.pictures.autoscout24.net/listing-images/ae81aec9-8637-4bee-b9e8-a0e62bd49ce6_1209e213-52be-4a64-8732-777fdb2823b6.jpg/250x188.webp,2026-09-28T08:15:58.650581,3237.62,0
ce5ab008-9555-4bd0-a942-43e611c88ae5,https://www.autoscout24.be/fr/offres/ce5ab008-9555-4bd0-a942-43e611c88ae5,be,Mercedes-Benz,gle 300,,Mercedes-Benz GLE 300GLE 300d - 4Matic - AMG - Emerald,54995,,True,2023,08-2023,64378,1,used,diesel,200,272,1950,Euro 6d,,6.0,,,AWD,SUV/4x4/Pick-Up,5,5,Vert,,,,,dealer,V-Motors Bvba,BE-2870 Puurs,BE,2,https://prod.pictures.autoscout24.net/listing-images/ce5ab008-9555-4bd0-a942-43e611c88ae5_a1217464-ac5e-42a7-bfdb-7bbe6bf52c80.jpg/250x188.webp,2026-09-28T08:15:58.650589,0.85,3
d280fe0a-c5ac-4006-a351-1c9f73a4c72d,https://www.autoscout24.be/fr/offres/d280fe0a-c5ac-4006-a351-1c9f73a4c72d,be,Audi,a3,,Audi A3Sportback 2.0 30 TDI Advanced RS VELGEN | B&O SOUN,18485,,True,2021,01-2021,87740,1,used,diesel,85,115,2000,,,2123.0,automatic,,Avant,Citadine,5,5,Noir,,,,,dealer,Van Mossel Used Cars Center Antwerpen,BE-2060 Antwerpen,BE,2,https://prod.pictures.autoscout24.net/listing-images/d280fe0a-c5ac-4006-a351-1c9f73a4c72d_c8ef4ac0-a13e-49cb-bbe6-233c172153f8.jpg/250x188.webp,2026-09-28T08:15:58.650597,0.21,5
b9892527-c101-49cc-ad44-32b6f18602ea,https://www.autoscout24.be/fr/offres/b9892527-c101-49cc-ad44-32b6f18602ea,be,Land Rover,range rover velar,,Land Rover Range Rover VelarP400e 4WD Auto S,76809,,True,2026,08-2026,4489,,used,hybrid,297,403,1997,,,2104.0,,,AWD,SUV/4x4/Pick-Up,5,5,Noir,,,,,dealer,JLR Louyet Namur,BE-5101 Namur (Erpent),BE,2,https://prod.pictures.autoscout24.net/listing-images/b9892527-c101-49cc-ad44-32b6f18602ea_80f1ba6b-f91c-43cc-87a2-514ce1a7a825.jpg/250x188.webp,2026-09-28T08:15:58.650605,17.11,0
11324c10-cc0d-403f-a0b6-702a2e424b42,https://www.autoscout24.be/fr/offres/11324c10-cc0d-403f-a0b6-702a2e424b42,be,Mini,john cooper works clubman,,MINI John Cooper Works Clubman2.0i,27990,,True,2020,01-2020,69098,1,used,petrol,225,306,1998,Euro 6,,6.0,,,AWD,Break,5,5,Noir,,,,,dealer,FALCOMOTIVE,BE-3800 Sint-Truiden,BE,2,https://prod.pictures.autoscout24.net/listing-images/11324c10-cc0d-403f-a0b6-702a2e424b42_ec66c4ad-9107-421f-a60f-6f75ff4b244d.jpg/250x188.webp,2026-09-28T08:15:58.650612,0.41,6
2ac7a99e-d3b9-4b1b-bbf7-095b07940e34,https://www.autoscout24.be/fr/offres/2ac7a99e-d3b9-4b1b-bbf7-095b07940e34,be,Byd,tang,,BYD TangTang 86.4 kWh Flagship,37490,,True,2023,03-2023,78550,,used,electric,380,516,,,,400.0,,,AWD,SUV/4x4/Pick-Up,5,7,Noir,,,,,dealer,click2move by Declerc,BE-5100 Naninne (Namur),BE,2,https://prod.pictures.autoscout24.net/listing-images/2ac7a99e-d3b9-4b1b-bbf7-095b07940e34_e33deea1-18d4-4aa4-8e06-843ac5f235ea.jpg/250x188.webp,2026-09-28T08:15:58.650620,0.48,3
71997282-cd84-47d9-9357-1b78d534f994,https://www.autoscout24.be/fr/offres/71997282-cd84-47d9-9357-1b78d534f994,be,Ds Automobiles,ds 4,,DS Automobiles DS 4PERFORMANCE Line + E-TENSE 225,20750,,True,2022,07-2022,59448,1,used,hybrid,165,224,1598,Euro 6d,,6.0,,,Avant,Berline,5,5,Gris,,,,,dealer,Traxxion Tielt,BE-8700 Tielt,BE,2,https://prod.pictures.autoscout24.net/listing-images/71997282-cd84-47d9-9357-1b78d534f994_bc25b614-948c-412e-bd45-abce6a6c4a9f.jpg/250x188.webp,2026-09-28T08:15:58.650627,0.35,4
934bac99-aa28-4594-9513-98a84203f38b,https://www.autoscout24.be/fr/offres/934bac99-aa28-4594-9513-98a84203f38b,be,Ds Automobiles,ds 7 crossback,,DS Automobiles DS 7 Crossback1.5 BlueHDI Bastille | Camera,16495,,True,2022,05-2022,92560,1,used,diesel,96,130,1499,Euro 6d-TEMP,,6.0,,,Avant,SUV/4x4/Pick-Up,5,5,Gris,,,,,dealer,Van Mossel Used Cars Center Hasselt,BE-3500 Hasselt,BE,2,https://prod.pictures.autoscout24.net/listing-images/934bac99-aa28-4594-9513-98a84203f38b_71b60a64-591f-41e9-9a99-314d33592e83.jpg/250x188.webp,2026-09-28T08:15:58.650635,0.18,4
45bd9533-07f3-4056-a694-5732eed842ca,https://www.autoscout24.be/fr/offres/45bd9533-07f3-4056-a694-5732eed842ca,be,BMW,320,,BMW 320Touring - M sportpack,34900,,True,2023,05-2023,37805,,used,petrol,135,183,1998,Euro 6,,6.0,,,Arrière,Break,5,,Blanc,,,,,dealer,BMW Premium Selection Center by De Schepper N.V.,BE-9100 Sint-Niklaas,BE,2,https://prod.pictures.autoscout24.net/listing-images/45bd9533-07f3-4056-a694-5732eed842ca_08b3c53b-0afc-43d3-9e79-2247b9b3e05b.jpg/250x188.webp,2026-09-28T08:15:58.650644,0.92,3
735d5bb9-6f52-43a4-bc6a-671f5af8512e,https://www.autoscout24.be/fr/offres/735d5bb9-6f52-43a4-bc6a-671f5af8512e,be,Mercedes-Benz,gle 300,,Mercedes-Benz GLE 300d 4MATIC AMG Pack Night Airmatic,53490,,True,2021,06-2021,98488,,used,diesel,180,244,1950,Euro 6,,6.0,,,AWD,SUV/4x4/Pick-Up,5,5,Bleu,,,,,dealer,SAGA Charleroi,BE-6240 Farciennes,BE,2,https://prod.pictures.autoscout24.net/listing-images/735d5bb9-6f52-43a4-bc6a-671f5af8512e_afbe761f-7bd4-4575-b30a-26a597519e61.jpg/250x188.webp,2026-09-28T08:15:58.650652,0.54,5
80be8aa8-c016-4dc4-95df-4e09d5456f42,https://www.autoscout24.be/fr/offres/80be8aa8-c016-4dc4-95df-4e09d5456f42,be,Volkswagen,tiguan,,Volkswagen Tiguan1.5 eTSI AUTOMAAT,29900,,True,2024,07-2024,29500,1,used,hybrid,96,130,1498,Euro 6e,,6.0,,,Avant,SUV/4x4/Pick-Up,5,5,Argent,,,,,dealer,Ultima Car Store,BE-3900 Overpelt,BE,2,https://prod.pictures.autoscout24.net/listing-images/80be8aa8-c016-4dc4-95df-4e09d5456f42_af8050b4-95dc-4d68-9436-f2e538709467.jpg/250x188.webp,2026-09-28T08:15:58.650660,1.01,2
840550df-1fd6-407f-9780-fceaf94a3775,https://www.autoscout24.be/fr/offres/840550df-1fd6-407f-9780-fceaf94a3775,be,Peugeot,308,,Peugeot 3081.6 PHEV 180 EAT8 Allure Pack,16990,,True,2022,11-2022,68966,1,used,hybrid,132,179,1598,Euro 6,,6.0,,,Avant,Berline,5,5,Noir,,,,,dealer,Traxxion Tielt,BE-8700 Tielt,BE,2,https://prod.pictures.autoscout24.net/listing-images/840550df-1fd6-407f-9780-fceaf94a3775_7ed8ce56-eaf3-4725-97b9-a3df86b50b97.jpg/250x188.webp,2026-09-28T08:15:58.650668,0.25,4
c2294b6b-84d0-456f-ba9d-f52c268fcbae,https://www.autoscout24.be/fr/offres/c2294b6b-84d0-456f-ba9d-f52c268fcbae,be,Audi,a5,,Audi A5Avant | 2.0 TFSI | S tronic | S line Plus,43900,,True,2025,05-2025,12000,,used,petrol,150,204,1984,Euro 6e,,6.0,,,Avant,Break,5,5,Blanc,,,,,dealer,Autobedrijf NVD,BE-9100 Sint-Niklaas,BE,2,https://prod.pictures.autoscout24.net/listing-images/c2294b6b-84d0-456f-ba9d-f52c268fcbae_3015fdf8-5707-4311-924f-adc62788e5b5.jpg/250x188.webp,2026-09-28T08:15:58.650728,3.66,1
196cebbf-7332-4c82-a8f0-8c1e2ff65907,https://www.autoscout24.be/fr/offres/196cebbf-7332-4c82-a8f0-8c1e2ff65907,be,Nissan,x-trail,,Nissan X-Traile POWER 204pk N Connecta | Pano dak | 360°,26995,,True,2024,05-2024,65868,1,used,hybrid,150,204,1497,Euro 6d,,6.0,,,Avant,SUV/4x4/Pick-Up,5,5,Gris,,,,,dealer,V&D Motors Aarsele - Tielt,BE-8700 Aarsele,BE,2,https://prod.pictures.autoscout24.net/listing-images/196cebbf-7332-4c82-a8f0-8c1e2ff65907_a8682efe-e8d7-4536-a1ad-ba8c2a313680.jpg/250x188.webp,2026-09-28T08:15:58.650744,0.41,2
bfd16e8d-2b4d-4129-a47a-63bff8b086db,https://www.autoscout24.be/fr/offres/bfd16e8d-2b4d-4129-a47a-63bff8b086db,be,Mercedes-Benz,cla 180,,Mercedes-Benz CLA 180Coupé AMG Pack Night,33890,,True,2023,08-2023,24864,,used,petrol,100,136,1332,,,2141.0,,,Boîte automatique,Coupé,4,5,Rouge,,,,,dealer,SAGA Charleroi,BE-6240 Farciennes,BE,2,https://prod.pictures.autoscout24.net/listing-images/bfd16e8d-2b4d-4129-a47a-63bff8b086db_e1bafa5d-4ae3-4ecf-8fa7-5bf68e3e9504.jpg/250x188.webp,2026-09-28T08:15:58.650752,1.36,3
0cd26b5a-06d5-4189-9870-1e73fad563c7,https://www.autoscout24.be/fr/offres/0cd26b5a-06d5-4189-9870-1e73fad563c7,be,Land Rover,discovery sport,,Land Rover Discovery Sport2.0 TD4 HSE Automaat Meridian,19950,,True,2019,02-2019,20000,1,used,diesel,110,149,1999,Euro 6d,,6.0,,,AWD,SUV/4x4/Pick-Up,5,5,Gris,,,,,dealer,AZ Motors,BE-2390 Malle,BE,2,https://prod.pictures.autoscout24.net/listing-images/0cd26b5a-06d5-4189-9870-1e73fad563c7_cac81505-e809-42b3-be39-04a3e1aad763.jpg/250x188.webp,2026-09-28T08:15:58.650760,1.0,7
7d2e0be2-e38b-4afb-b92d-845bfbb0c014,https://www.autoscout24.be/fr/offres/7d2e0be2-e38b-4afb-b92d-845bfbb0c014,be,Mercedes-Benz,glc 200,,Mercedes-Benz GLC 2004-Matic * COUPE * LOOK PACK AMG * GAR,35490,,True,2020,08-2020,56294,1,used,hybrid,145,197,1991,Euro 6d-TEMP,,6.0,,,AWD,Coupé,5,5,Gris,,,,,dealer,Ab Cars,BE-4040 Herstal,BE,1,https://prod.pictures.autoscout24.net/listing-images/7d2e0be2-e38b-4afb-b92d-845bfbb0c014_fc6afdf7-cabf-4db1-ad13-f54ed0f98ccf.jpg/250x188.webp,2026-09-28T08:15:58.650768,0.63,6
29a77b9f-f602-4ca3-bf9e-21db3f08470e,https://www.autoscout24.be/fr/offres/29a77b9f-f602-4ca3-bf9e-21db3f08470e,be,Audi,q5,,Audi Q5AUDI Q5 2.0TFSI MHEV 204PK,54990,,True,2025,11-2025,12901,1,used,petrol,150,204,1984,Euro 6e,,6.0,,,Avant,SUV/4x4/Pick-Up,5,5,Beige,,,,,dealer,Van Mossel Volkswagen Audi Lokeren,BE-9160 Lokeren,BE,3,https://prod.pictures.autoscout24.net/listing-images/29a77b9f-f602-4ca3-bf9e-21db3f08470e_74489e9e-d21c-4ba3-a727-eb71c9a7988f.jpg/250x188.webp,2026-09-28T08:15:58.650775,4.26,1
a1415f1b-ffd2-4efc-8e99-55660733a23b,https://www.autoscout24.be/fr/offres/a1415f1b-ffd2-4efc-8e99-55660733a23b,be,Mercedes-Benz,cla 180,,"Mercedes-Benz CLA 180d 109CV !! PACK SPORT"" !!99.496KM!!",14900,,True,2018,10-2018,99496,1,used,diesel,80,109,1461,Euro 6b,,6.0,,,Avant,Berline,5,5,Bleu,,,,,dealer,Mega Motors,BE-6220 Fleurus,BE,2,https://prod.pictures.autoscout24.net/listing-images/a1415f1b-ffd2-4efc-8e99-55660733a23b_87a3c44b-4e5d-4cbe-86eb-dfbc8b258e37.jpg/250x188.webp,2026-09-28T08:15:58.650783,0.15,8
8301b82c-f96f-422d-8284-9c615a20feec,https://www.autoscout24.be/fr/offres/8301b82c-f96f-422d-8284-9c615a20feec,be,Mercedes-Benz,cle 53 amg,,Mercedes-Benz CLE 53 AMGCLE Coupé AMG 53 4-Matic,89500,,True,,unknown,4800,,used,petrol,330,448,2999,Euro 6e,,6.0,,,AWD,Coupé,2,4,Gris,,,,,dealer,Concessionnaire Mercedes-Smart Mannès,BE-1160 Auderghem,BE,2,https://prod.pictures.autoscout24.net/listing-images/8301b82c-f96f-422d-8284-9c615a20feec_364b9635-efac-4dfa-8c30-840bb3467001.jpg/250x188.webp,2026-09-28T08:15:58.650791,18.65,
1fb4c73f-7230-4d39-abd3-a788a54fa784,https://www.autoscout24.be/fr/offres/1fb4c73f-7230-4d39-abd3-a788a54fa784,be,Audi,a3,,Audi A3A3 30 TFSI Berline S-Tronic S-Line,23990,,True,2021,05-2021,51080,1,used,petrol,81,110,999,Euro 6d,,6.0,,,Avant,Berline,4,5,Bleu,,,,,dealer,Leconte Motors,BE-8550 Zwevegem,BE,2,https://prod.pictures.autoscout24.net/listing-images/1fb4c73f-7230-4d39-abd3-a788a54fa784_6bd7ceb0-fab0-49dc-8a74-d03197df9356.jpg/250x188.webp,2026-09-28T08:15:58.650798,0.47,5
21ed46fe-1335-4746-8fdd-1ccecf85a059,https://www.autoscout24.be/fr/offres/21ed46fe-1335-4746-8fdd-1ccecf85a059,be,Mercedes-Benz,gle 250,,Mercedes-Benz GLE 250CDI 4Matic - AMG Pack - Pano -,19990,,True,2018,01-2018,190578,2,used,diesel,110,150,2143,Euro 6,,6.0,,,AWD,SUV/4x4/Pick-Up,5,5,Gris,,,,,dealer,Provan Motors,BE-9810 Eke,BE,2,https://prod.pictures.autoscout24.net/listing-images/21ed46fe-1335-4746-8fdd-1ccecf85a059_d6079823-91a1-4c8e-a18c-8dd4cac7d437.jpg/250x188.webp,2026-09-28T08:15:58.650806,0.1,8
4f6b9bdc-da17-422e-9d45-bf36a710e0f2,https://www.autoscout24.be/fr/offres/4f6b9bdc-da17-422e-9d45-bf36a710e0f2,be,Mercedes-Benz,a 250,,Mercedes-Benz A 250250e*PHEV*CARPLAY*CAMERA*DAB-RADIO*LAGE,25500,,True,2023,01-2023,68952,1,used,hybrid,160,217,1332,Euro 6d,,6.0,,,Avant,Berline,4,5,Noir,,,,,dealer,FALCOMOTIVE,BE-3800 Sint-Truiden,BE,2,https://prod.pictures.autoscout24.net/listing-images/4f6b9bdc-da17-422e-9d45-bf36a710e0f2_51c77b01-aeff-4302-890b-79df8270990a.jpg/250x188.webp,2026-09-28T08:15:58.650814,0.37,3
eb07fd4a-104b-4450-8ee9-2040f189e4ae,https://www.autoscout24.be/fr/offres/eb07fd4a-104b-4450-8ee9-2040f189e4ae,be,Mercedes-Benz,a 35 amg,,Mercedes-Benz A 35 AMG4-MATIC AUTOMAAT PANO,36500,,True,2022,08-2022,79900,2,used,petrol,225,306,1991,Euro 6d,,6.0,,,AWD,Berline,5,5,Noir,,,,,dealer,Ultima Car Store,BE-3900 Overpelt,BE,2,https://prod.pictures.autoscout24.net/listing-images/eb07fd4a-104b-4450-8ee9-2040f189e4ae_e95e09a6-3011-40b3-ab3c-85ae1eb9603d.jpg/250x188.webp,2026-09-28T08:15:58.650821,0.46,4
7eefffb7-1294-4921-b91e-e58588576295,https://www.autoscout24.be/fr/offres/7eefffb7-1294-4921-b91e-e58588576295,be,Mercedes-Benz,a 180,,Mercedes-Benz A 180d *GPS MBUX*SG CHAUFF,16990,,True,2020,11-2020,65642,1,used,diesel,62,85,1461,Euro 6d,,6.0,,,Avant,Berline,5,5,Gris,,,,,dealer,Mon Occasion,BE-4000 Liège,BE,2,https://prod.pictures.autoscout24.net/listing-images/7eefffb7-1294-4921-b91e-e58588576295_a30c5fff-703e-49aa-98c7-cc6dbdea9059.jpg/250x188.webp,2026-09-28T08:15:58.650829,0.26,6
6ef10fe3-1f04-4f28-9e05-e63f4666cef0,https://www.autoscout24.be/fr/offres/6ef10fe3-1f04-4f28-9e05-e63f4666cef0,be,BMW,i4,,BMW i4eD35 - M sportpack  - trekhaak,39999,,True,2023,12-2023,44202,1,used,electric,210,285,,,,454.0,,,Arrière,Berline,5,5,Noir,,,,,dealer,BMW Premium Selection Center by De Schepper N.V.,BE-9100 Sint-Niklaas,BE,2,https://prod.pictures.autoscout24.net/listing-images/6ef10fe3-1f04-4f28-9e05-e63f4666cef0_112f1a09-6eae-45e1-aefa-ada97d7be83a.jpg/250x188.webp,2026-09-28T08:15:58.650836,0.9,3
544dfeac-c8a9-49a6-abce-507647cd12c9,https://www.autoscout24.be/fr/offres/544dfeac-c8a9-49a6-abce-507647cd12c9,be,Audi,q2,,Audi Q2Audi Q2  Business Edition Attraction 30TDI 116PK,16990,,True,2022,04-2022,112614,1,used,diesel,85,115,1968,Euro 6d,,6.0,automatic,,Avant,SUV/4x4/Pick-Up,5,5,Noir,,,,,dealer,Van Mossel Audi Sint-Niklaas,BE-9100 Sint-Niklaas,BE,3,https://prod.pictures.autoscout24.net/listing-images/544dfeac-c8a9-49a6-abce-507647cd12c9_b28bd838-e708-4fd7-b07b-e6a05a571e45.jpg/250x188.webp,2026-09-28T08:15:58.650844,0.15,4
99977fc0-5d99-49ee-b637-b1d0f5aac655,https://www.autoscout24.be/fr/offres/99977fc0-5d99-49ee-b637-b1d0f5aac655,be,Land Rover,range rover,,Land Rover Range RoverP400 HSE Mild Hybride/ FULL BLACK,92000,,True,2022,05-2022,150108,1,used,hybrid,294,399,2996,Euro 6d,,6.0,,,AWD,Autres,5,5,Noir,,,,,dealer,O.P.E automobile SRL,BE-1410 WATERLOO,BE,2,https://prod.pictures.autoscout24.net/listing-images/99977fc0-5d99-49ee-b637-b1d0f5aac655_c640dd84-07f8-40d5-91fe-0a8cded3f7dc.jpg/250x188.webp,2026-09-28T08:15:58.650851,0.61,4
617d26dd-188e-4c8a-b87c-dbe3c4b11ff9,https://www.autoscout24.be/fr/offres/617d26dd-188e-4c8a-b87c-dbe3c4b11ff9,be,Mercedes-Benz,b 180,,Mercedes-Benz B 180d Business Solution Dig. Cockpit Panodak,16390,,True,2021,04-2021,156311,,used,diesel,85,115,1461,Euro 6d,,6.0,,,Avant,Monospace,5,5,Noir,,,,,dealer,B&Y AUTOCENTER,BE-3510 Hasselt,BE,2,https://prod.pictures.autoscout24.net/listing-images/617d26dd-188e-4c8a-b87c-dbe3c4b11ff9_4cd37e2c-0de3-4232-b9cd-19508c34d377.jpg/250x188.webp,2026-09-28T08:15:58.650858,0.1,5
e2ceb16d-933e-4ed4-8c0b-428582c52d31,https://www.autoscout24.be/fr/offres/e2ceb16d-933e-4ed4-8c0b-428582c52d31,be,Audi,a1,,Audi A1Sportback Automaat | Navi | CarPlay | Park Assi...,20490,,True,2024,08-2024,28800,1,used,petrol,70,95,999,Euro 6,,6.0,,,Avant,Citadine,5,5,Beige,,,,,dealer,Borremans bv,BE-2880 Bornem,BE,2,https://prod.pictures.autoscout24.net/listing-images/e2ceb16d-933e-4ed4-8c0b-428582c52d31_82fdee24-3419-4349-be93-e21ad20ff664.jpg/250x188.webp,2026-09-28T08:15:58.650866,0.71,2
56de7d22-7a46-45e5-90a4-afdf8617580f,https://www.autoscout24.be/fr/offres/56de7d22-7a46-45e5-90a4-afdf8617580f,be,Porsche,cayenne,,Porsche CayenneCoupé 3.0 Turbo V6 ** Sport Chrono | 360 Cam,58900,,True,2020,06-2020,59787,1,used,petrol,183,250,2995,Euro 6,,6.0,,,AWD,SUV/4x4/Pick-Up,5,5,Blanc,,,,,dealer,Auto's Verschueren NV,BE-2830 Willebroek,BE,2,https://prod.pictures.autoscout24.net/listing-images/56de7d22-7a46-45e5-90a4-afdf8617580f_7c26e71f-95c6-4944-9012-8559a7271530.jpg/250x188.webp,2026-09-28T08:15:58.650873,0.99,6
44fff6d6-8f5d-4164-8652-507ea7c6b646,https://www.autoscout24.be/fr/offres/44fff6d6-8f5d-4164-8652-507ea7c6b646,be,Ford,puma,,Ford Puma1.0 Ecoboost Hybride,11200,,True,2021,02-2021,93000,,used,petrol,92,125,1499,,,2155.0,,,Boîte manuelle,SUV/4x4/Pick-Up,5,5,,,,,,private,,,BE,1,https://prod.pictures.autoscout24.net/listing-images/44fff6d6-8f5d-4164-8652-507ea7c6b646_a5dcc1c3-7321-45f9-85c6-8a23bcae4b57.jpg/250x188.webp,2026-09-28T08:15:58.650880,0.12,5
43f411e3-3ae6-48af-bfea-e5b538ca491c,https://www.autoscout24.be/fr/offres/43f411e3-3ae6-48af-bfea-e5b538ca491c,be,Opel,grandland x,,Opel Grandland X1.2 Turbo Innovation - CarPlay Keyless,12990,,True,2019,10-2019,30754,1,used,petrol,96,130,1199,Euro 6d,,6.0,,,Avant,SUV/4x4/Pick-Up,5,5,Bleu,,,,,dealer,Garage Rennen,BE-1930 Zaventem,BE,2,https://prod.pictures.autoscout24.net/listing-images/43f411e3-3ae6-48af-bfea-e5b538ca491c_13294d3a-2462-4f6e-806c-48207158a26b.jpg/250x188.webp,2026-09-28T08:15:58.650887,0.42,7
1d604dd3-33e8-4a68-a3c3-1629732fb478,https://www.autoscout24.be/fr/offres/1d604dd3-33e8-4a68-a3c3-1629732fb478,be,Mercedes-Benz,v 300,,Mercedes-Benz V 300V d L2 9G-TRONIC Exclusive,89790,,True,2026,02-2026,6996,,used,diesel,174,236,1950,Euro 6e,,6.0,,,Arrière,Monospace,5,6,Noir,,,,,dealer,GH - Henry SA - Visé – Voitures Occasion Certified,BE-4600 Visé,BE,2,https://prod.pictures.autoscout24.net/listing-images/1d604dd3-33e8-4a68-a3c3-1629732fb478_f0e29a8a-0535-42cf-84e1-a996927c43ba.jpg/250x188.webp,2026-09-28T08:15:58.650895,12.83,0
95da5fbc-cc16-4e72-bd2a-0fd461b5f01b,https://www.autoscout24.be/fr/offres/95da5fbc-cc16-4e72-bd2a-0fd461b5f01b,be,BMW,x2,,BMW X2xDrive 20d 190 ch M-pack Full,15500,,True,2020,11-2020,150000,1,used,diesel,139,190,1995,,,,,,Boîte automatique,SUV/4x4/Pick-Up,5,5,Noir,,,,,private,,,BE,1,https://prod.pictures.autoscout24.net/listing-images/95da5fbc-cc16-4e72-bd2a-0fd461b5f01b_46f74807-202d-4e2b-8ae5-a6308f66feac.jpg/250x188.webp,2026-09-28T08:15:58.650902,0.1,6
9747d4d1-e892-4837-8969-aa0d340ca236,https://www.autoscout24.be/fr/offres/9747d4d1-e892-4837-8969-aa0d340ca236,be,BMW,x3 m,,BMW X3 MX3 M 3.0 Competition| Pano| ACC| LICHTE VRACHT !,73350,,True,2024,06-2024,36500,1,used,petrol,275,375,2993,Euro 6e,,6.0,,,AWD,SUV/4x4/Pick-Up,5,5,Gris,,,,,dealer,Premium Car Company,BE-3920 Lommel,BE,2,https://prod.pictures.autoscout24.net/listing-images/9747d4d1-e892-4837-8969-aa0d340ca236_6d31f475-18d7-4c88-90ca-757b9fd5bcf0.jpg/250x188.webp,2026-09-28T08:15:58.650910,2.01,2
40a0e06d-fd60-4522-a635-ae93fe3b72f9,https://www.autoscout24.be/fr/offres/40a0e06d-fd60-4522-a635-ae93fe3b72f9,be,BMW,430,,BMW 430XiAS M Sport Facelift | Headup | H.Kardon | Trekh.,48900,,True,2024,09-2024,25300,1,used,petrol,180,244,1998,Euro 6e,,6.0,,,AWD,Coupé,2,4,Gris,,,,,dealer,Autobedrijf NVD,BE-9100 Sint-Niklaas,BE,2,https://prod.pictures.autoscout24.net/listing-images/40a0e06d-fd60-4522-a635-ae93fe3b72f9_2ba86ad2-5879-4c70-9c9d-036bdc6629f1.jpg/250x188.webp,2026-09-28T08:15:58.650917,1.93,2
06155207-d62b-4328-826e-38326d8a2e39,https://www.autoscout24.be/fr/offres/06155207-d62b-4328-826e-38326d8a2e39,be,Land Rover,defender,,Land Rover Defender110 D250 X-Dynamic SE AWD Auto. 25.5MY,82255,,True,2025,08-2025,10149,,used,diesel,184,250,2997,Euro 6e,,6.0,,,AWD,SUV/4x4/Pick-Up,5,5,Bleu,,,,,dealer,Jaguar - Land Rover Szrek,BE-9240 Zele,BE,3,https://prod.pictures.autoscout24.net/listing-images/06155207-d62b-4328-826e-38326d8a2e39_9aea03c5-4a9f-4a05-b84c-c1eeb40b5ce4.jpg/250x188.webp,2026-09-28T08:15:58.650924,8.1,1
4f75b1d2-04c4-4d5b-8a4f-9aa504ceb370,https://www.autoscout24.be/fr/offres/4f75b1d2-04c4-4d5b-8a4f-9aa504ceb370,be,Mercedes-Benz,cla 180,,"Mercedes-Benz CLA 180AMG 7G-DCT !! CLA 45 AMG LOOK !!""LED",24950,,True,2019,12-2019,65093,2,used,petrol,66,90,1595,Euro 6d-TEMP,,6.0,,,Avant,Break,5,5,Noir,,,,,dealer,,BE-8770 Ingelmunster,BE,1,https://prod.pictures.autoscout24.net/listing-images/4f75b1d2-04c4-4d5b-8a4f-9aa504ceb370_ea9ba5be-30e6-4f04-b003-41214789a9c1.jpg/250x188.webp,2026-09-28T08:15:58.650931,0.38,7
ff862318-81e0-4af9-b713-05a144724618,https://www.autoscout24.be/fr/offres/ff862318-81e0-4af9-b713-05a144724618,be,Land Rover,range rover,,Land Rover Range Rover5.0 Supercharged 525 Autobiogr,61990,,True,2019,06-2019,102238,,used,petrol,283,386,4999,,,2329.0,,,AWD,SUV/4x4/Pick-Up,5,,Bleu,,,,,dealer,Louyet JLR Habay,BE-6720 Habay-la-Neuve,BE,2,https://prod.pictures.autoscout24.net/listing-images/ff862318-81e0-4af9-b713-05a144724618_3869785b-9431-4663-a435-d330cb9ce0b4.jpg/250x188.webp,2026-09-28T08:15:58.650939,0.61,7
ceaf8a12-eaea-4254-b13f-3418bacf8784,https://www.autoscout24.be/fr/offres/ceaf8a12-eaea-4254-b13f-3418bacf8784,be,Audi,q2,,Audi Q2Q2 35 TFSI Business Edition Advanced S tronic,22790,,True,2023,03-2023,47481,,used,petrol,110,149,1498,,,,,,Boîte automatique,SUV/4x4/Pick-Up,5,5,Noir,,,,,dealer,click2move by Declerc,BE-5100 Naninne (Namur),BE,2,https://prod.pictures.autoscout24.net/listing-images/ceaf8a12-eaea-4254-b13f-3418bacf8784_1a69138c-6ec9-4d22-a87e-95cdf73cda2b.jpg/250x188.webp,2026-09-28T08:15:58.650947,0.48,3
50db2ddb-3c9b-445d-a87b-aa5757a9f55c,https://www.autoscout24.be/fr/offres/50db2ddb-3c9b-445d-a87b-aa5757a9f55c,be,BMW,i4,,BMW i4Gran Coupé M-SPORTPAKKET,37300,,True,2024,09-2024,47282,1,used,electric,210,285,,Euro 6d,,6.0,automatic,,Avant,SUV/4x4/Pick-Up,5,5,Noir,,,,,dealer,BMW De Mey,BE-8400 Oostende,BE,2,https://prod.pictures.autoscout24.net/listing-images/50db2ddb-3c9b-445d-a87b-aa5757a9f55c_e75ee063-a48b-4cd4-bb24-5ddd3065b182.jpg/250x188.webp,2026-09-28T08:15:58.650955,0.79,2
169e83b1-b0dd-4b3a-91d5-64d90f890222,https://www.autoscout24.be/fr/offres/169e83b1-b0dd-4b3a-91d5-64d90f890222,be,BMW,420,,BMW 420Coupé - M sportpack,36400,,True,2023,03-2023,28894,1,used,petrol,135,183,1998,Euro 6e,,6.0,,,Arrière,Coupé,2,4,Bleu,,,,,dealer,BMW Premium Selection Center by De Schepper N.V.,BE-9100 Sint-Niklaas,BE,2,https://prod.pictures.autoscout24.net/listing-images/169e83b1-b0dd-4b3a-91d5-64d90f890222_d7385d54-4524-48fe-93ce-b741c6fa0879.jpg/250x188.webp,2026-09-28T08:15:58.650963,1.26,3
f719a260-2b6d-4d5a-906e-89c4bde8ada3,https://www.autoscout24.be/fr/offres/f719a260-2b6d-4d5a-906e-89c4bde8ada3,be,Audi,q4 e-tron,,Audi Q4 e-tron45 e-tron*77 kWh*94.7% SOH,37750,,True,2023,10-2023,48541,1,used,electric,77,104,0,,,20.0,automatic,,AWD,SUV/4x4/Pick-Up,5,5,Blanc,,,,,dealer,FALCOMOTIVE,BE-3800 Sint-Truiden,BE,2,https://prod.pictures.autoscout24.net/listing-images/f719a260-2b6d-4d5a-906e-89c4bde8ada3_fdb884c5-d198-400d-a10d-87a069ee7b1a.jpg/250x188.webp,2026-09-28T08:15:58.650971,0.78,3
46e50f8c-9082-4564-91ac-d7d09b38d2cd,https://www.autoscout24.be/fr/offres/46e50f8c-9082-4564-91ac-d7d09b38d2cd,be,Hyundai,santa fe,,Hyundai SANTA FE✅2.2 CRDi 12 Maanden GARANTIE 4WD Premium,28950,,True,2021,01-2021,110000,2,used,diesel,148,201,2151,Euro 6d,,6.0,,,AWD,SUV/4x4/Pick-Up,5,5,Blanc,,,,,dealer,MBM Car Trade,BE-3600 Genk,BE,2,https://prod.pictures.autoscout24.net/listing-images/46e50f8c-9082-4564-91ac-d7d09b38d2cd_c3d84195-1e5e-4c4e-b0be-b72a4f5d036f.jpg/250x188.webp,2026-09-28T08:15:58.650979,0.26,5
51685bef-06c2-4a6e-b45c-7a6f56b39ae4,https://www.autoscout24.be/fr/offres/51685bef-06c2-4a6e-b45c-7a6f56b39ae4,be,Skoda,octavia,,Skoda OctaviaCombi 1.4 TSI PHEV 245 pk DSG6 RS MEMORY SEATS,24995,,True,2021,01-2021,108587,1,used,hybrid,180,244,1400,,,227.0,,,Avant,Break,5,5,Gris,,,,,dealer,Van Mossel Used Cars Center Antwerpen,BE-2060 Antwerpen,BE,2,https://prod.pictures.autoscout24.net/listing-images/51685bef-06c2-4a6e-b45c-7a6f56b39ae4_4adb5de0-e72a-4626-a3d0-bbdc74f67a87.jpg/250x188.webp,2026-09-28T08:15:58.650986,0.23,5
0f94f80d-5ad8-43e9-8ec8-cb7979f2b5a3,https://www.autoscout24.be/fr/offres/0f94f80d-5ad8-43e9-8ec8-cb7979f2b5a3,be,Ford,s-max,,Ford S-MaxVignale 2.0 TDCI Aut. ** ACC | Pano | Winterpack,19490,,True,2020,06-2020,98162,1,used,diesel,140,190,1998,Euro 6d-TEMP,,6.0,automatic,,Avant,Monospace,5,5,Noir,,,,,dealer,Auto's Verschueren NV,BE-2830 Willebroek,BE,2,https://prod.pictures.autoscout24.net/listing-images/0f94f80d-5ad8-43e9-8ec8-cb7979f2b5a3_aaab18cb-d6eb-4e2e-ba1e-23281a975562.jpg/250x188.webp,2026-09-28T08:15:58.650994,0.2,6
6a2ee131-10df-4359-b464-1038412caf47,https://www.autoscout24.be/fr/offres/6a2ee131-10df-4359-b464-1038412caf47,be,Renault,megane,,Renault MeganeIntens Blue dCi 115,12795,,True,2021,12-2021,76591,1,used,diesel,85,115,1461,Euro 6,,6.0,,,Avant,Berline,5,5,Gris,,,,,dealer,Traxxion Tielt,BE-8700 Tielt,BE,2,https://prod.pictures.autoscout24.net/listing-images/6a2ee131-10df-4359-b464-1038412caf47_d6e49d97-5318-4798-b957-2ab605ecbf84.jpg/250x188.webp,2026-09-28T08:15:58.651001,0.17,5
636ee6e2-8ef0-411c-a217-ecbba349372d,https://www.autoscout24.be/fr/offres/636ee6e2-8ef0-411c-a217-ecbba349372d,be,BMW,ix3,,BMW iX3*80 kWh*M-SPORT*H,41900,,True,2022,08-2022,34736,1,used,electric,80,108,0,,,20.0,,,Arrière,SUV/4x4/Pick-Up,5,5,Noir,,,,,dealer,FALCOMOTIVE,BE-3800 Sint-Truiden,BE,2,https://prod.pictures.autoscout24.net/listing-images/636ee6e2-8ef0-411c-a217-ecbba349372d_e8ccdc98-e67c-4da0-8a47-3ea6b8d6e902.jpg/250x188.webp,2026-09-28T08:15:58.651009,1.21,4
9a9f89dd-5fbf-4676-9a06-0b696a24b82b,https://www.autoscout24.be/fr/offres/9a9f89dd-5fbf-4676-9a06-0b696a24b82b,be,Volvo,xc40,,Volvo XC40Recharge 70KWH,29995,,True,2023,05-2023,46949,1,used,electric,51,70,,Euro 6,,6.0,,,Avant,Berline,5,5,Gris,,,,,dealer,D&O Van Steelant,BE-8000 Brugge,BE,2,https://prod.pictures.autoscout24.net/listing-images/9a9f89dd-5fbf-4676-9a06-0b696a24b82b_41dbf130-234f-4600-8804-d8e80667b725.jpg/250x188.webp,2026-09-28T08:15:58.651016,0.64,3
a62cd984-d226-4890-bc9b-535bce7b4576,https://www.autoscout24.be/fr/offres/a62cd984-d226-4890-bc9b-535bce7b4576,be,Volkswagen,tiguan allspace,,Volkswagen Tiguan AllspaceTiguan Allspace 1.5 TSI Trekhaak,24500,,True,2022,11-2022,85619,2,used,petrol,110,149,1498,Euro 6,,6.0,,,Avant,SUV/4x4/Pick-Up,5,5,Noir,,,,,dealer,Yprauto,BE-8840 Oostnieuwkerke,BE,2,https://prod.pictures.autoscout24.net/listing-images/a62cd984-d226-4890-bc9b-535bce7b4576_b5fd0fc6-7a51-4a5a-8e1c-6daa79904734.jpg/250x188.webp,2026-09-28T08:15:58.651024,0.29,4
f11a664b-f4ee-4602-82fd-b7507d4630b3,https://www.autoscout24.be/fr/offres/f11a664b-f4ee-4602-82fd-b7507d4630b3,be,Nissan,qashqai,,Nissan QashqaiMHEV AT Tekna+ | full option,32990,,True,2026,06-2026,10,1,new,hybrid,116,157,1332,Euro 6e,,6.0,automatic,,Avant,SUV/4x4/Pick-Up,5,5,Gris,,,,,dealer,Bravoauto Woluwe,BE-1200 Woluwe-Saint-Lambert,BE,2,https://prod.pictures.autoscout24.net/listing-images/f11a664b-f4ee-4602-82fd-b7507d4630b3_c9f90e1e-e21d-4731-b744-df989ebf8562.jpg/250x188.webp,2026-09-28T08:15:58.651031,3299.0,0
806b23fa-9254-4982-8ad3-184544878be2,https://www.autoscout24.be/fr/offres/806b23fa-9254-4982-8ad3-184544878be2,be,Mercedes-Benz,c 200,,Mercedes-Benz C 200d **AMG,23990,,True,2020,03-2020,119209,1,used,diesel,80,110,1950,,,,,,Arrière,Berline,4,,Gris,,,,,dealer,Mon Occasion,BE-4000 Liège,BE,2,https://prod.pictures.autoscout24.net/listing-images/806b23fa-9254-4982-8ad3-184544878be2_626b247b-5e40-415a-87a8-72ca5d15b6dd.jpg/250x188.webp,2026-09-28T08:15:58.651038,0.2,6
2e570db3-fd54-4270-9786-2aac559914c4,https://www.autoscout24.be/fr/offres/2e570db3-fd54-4270-9786-2aac559914c4,be,Mercedes-Benz,eqb 250,,"Mercedes-Benz EQB 250EQB 70.5 kWh 250+  Business Line 7pl.,",34950,,True,2024,02-2024,28750,1,used,electric,140,190,,Euro 6e,,6.0,,,Avant,SUV/4x4/Pick-Up,5,7,Gris,,,,,private,,,BE,1,https://prod.pictures.autoscout24.net/listing-images/2e570db3-fd54-4270-9786-2aac559914c4_3ab92661-23fe-4d77-a229-540180136168.jpg/250x188.webp,2026-09-28T08:15:58.651045,1.22,2
f90d2ee0-2365-4487-ac95-36214f06a8a9,https://www.autoscout24.be/fr/offres/f90d2ee0-2365-4487-ac95-36214f06a8a9,be,Jaguar,f-pace,,Jaguar F-PaceD165 R-Dynamic S Auto AWD,29990,,True,2021,07-2021,78233,,used,diesel,120,163,1998,Euro 6d,,6.0,,,AWD,SUV/4x4/Pick-Up,5,5,Rouge,,,,,dealer,Louyet JLR Habay,BE-6720 Habay-la-Neuve,BE,2,https://prod.pictures.autoscout24.net/listing-images/f90d2ee0-2365-4487-ac95-36214f06a8a9_3d861da1-f1cf-4b19-8623-d6580ae31c04.jpg/250x188.webp,2026-09-28T08:15:58.651053,0.38,5
a1a4b74f-7179-40ed-b37a-df0b38f1e1f2,https://www.autoscout24.be/fr/offres/a1a4b74f-7179-40ed-b37a-df0b38f1e1f2,be,Fiat,500x,,Fiat 500X1.6i E-torq Cross S&S,7390,,True,2018,07-2018,84000,1,used,petrol,81,110,1598,,,6.0,automatic,,Boîte manuelle,SUV/4x4/Pick-Up,5,5,Noir,,,,,private,,,BE,1,https://prod.pictures.autoscout24.net/listing-images/a1a4b74f-7179-40ed-b37a-df0b38f1e1f2_61527251-d1dd-4575-b406-98825657b0ed.jpg/250x188.webp,2026-09-28T08:15:58.651060,0.09,8
fd732ea9-1543-47ba-b1c6-fc22b99913c7,https://www.autoscout24.be/fr/offres/fd732ea9-1543-47ba-b1c6-fc22b99913c7,be,Mercedes-Benz,eqa 250,,Mercedes-Benz EQA 250AMG Pack Night,35890,,True,2022,01-2022,20285,,used,electric,140,190,,Euro 6,,6.0,,,Boîte automatique,SUV/4x4/Pick-Up,5,5,Noir,,,,,dealer,SAGA Mons,BE-7033 Mons (Cuesmes),BE,2,https://prod.pictures.autoscout24.net/listing-images/fd732ea9-1543-47ba-b1c6-fc22b99913c7_37af6980-39a9-407e-a880-483987142b60.jpg/250x188.webp,2026-09-28T08:15:58.651067,1.77,4
179a2239-c130-477c-aae8-c38c3202ed80,https://www.autoscout24.be/fr/offres/179a2239-c130-477c-aae8-c38c3202ed80,be,Opel,frontera,,Opel FronteraElectric GS 44 kWh 113,21595,,True,2025,03-2025,595,1,used,electric,44,59,,Euro 6,,6.0,,,Avant,SUV/4x4/Pick-Up,5,5,Orange,,,,,dealer,Traxxion Tielt,BE-8700 Tielt,BE,2,https://prod.pictures.autoscout24.net/listing-images/179a2239-c130-477c-aae8-c38c3202ed80_f6a571ee-c723-45bc-b713-d961df416067.png/250x188.webp,2026-09-28T08:15:58.651075,36.29,1
2eea5bf7-e7fc-4b9b-bca3-68099bf4f324,https://www.autoscout24.be/fr/offres/2eea5bf7-e7fc-4b9b-bca3-68099bf4f324,be,Ford,fiesta,,Ford Fiesta1.1i Titanium⚠️GARANTIE 12 MOIS⚠️,7490,,True,2018,03-2018,94000,1,used,petrol,63,85,1100,Euro 6b,,6.0,,,Avant,Berline,3,5,Noir,,,,,dealer,Tf Cars,BE-7134 Ressaix (Binche),BE,2,https://prod.pictures.autoscout24.net/listing-images/2eea5bf7-e7fc-4b9b-bca3-68099bf4f324_1ccf56f2-517a-4f89-adbf-a6d10186734d.jpg/250x188.webp,2026-09-28T08:15:58.651083,0.08,8
3a69d062-1750-4091-9959-3e9d48767477,https://www.autoscout24.be/fr/offres/3a69d062-1750-4091-9959-3e9d48767477,be,Tesla,model y,,Tesla Model YStandard Range - 450 Km Range! Topstaat! 1Ste,38990,,True,2026,03-2026,43943,1,used,electric,161,220,,,,20.0,,,Arrière,SUV/4x4/Pick-Up,5,5,Blanc,,,,,dealer,Provan Motors,BE-9810 Eke,BE,2,https://prod.pictures.autoscout24.net/listing-images/3a69d062-1750-4091-9959-3e9d48767477_192f2f64-6f08-402d-9e98-0942ec58b0ec.jpg/250x188.webp,2026-09-28T08:15:58.651090,0.89,0
cb849a2d-06a1-4717-a3f1-4ff802cfe66b,https://www.autoscout24.be/fr/offres/cb849a2d-06a1-4717-a3f1-4ff802cfe66b,be,Land Rover,range rover velar,,Land Rover Range Rover VelarP400e Dynamic SE AWD Auto. 24MY,79650,,True,2025,04-2025,242,,used,hybrid,297,403,1997,Euro 6d,,6.0,,,AWD,SUV/4x4/Pick-Up,5,5,Gris,,,,,dealer,Jaguar - Land Rover Szrek,BE-9240 Zele,BE,2,https://prod.pictures.autoscout24.net/listing-images/cb849a2d-06a1-4717-a3f1-4ff802cfe66b_d5e329f7-d227-4507-9ceb-6ccc016a3d99.jpg/250x188.webp,2026-09-28T08:15:58.651098,329.13,1
1b2c4a32-34d1-4d42-966b-a298e1b8f4c0,https://www.autoscout24.be/fr/offres/1b2c4a32-34d1-4d42-966b-a298e1b8f4c0,be,Renault,austral,,Renault Austral1.3,20499,,True,2024,04-2024,29664,1,used,hybrid,85,116,1333,Euro 6d,,6.0,,,Boîte automatique,SUV/4x4/Pick-Up,5,5,Noir,,,,,dealer,Bayern Motors NV,BE-3550 Zolder,BE,1,https://prod.pictures.autoscout24.net/listing-images/1b2c4a32-34d1-4d42-966b-a298e1b8f4c0_05843882-59f6-4a47-ab9a-0ae0c03271d7.jpg/250x188.webp,2026-09-28T08:15:58.651106,0.69,2
a242765d-f816-4fbf-8a53-281390e2f705,https://www.autoscout24.be/fr/offres/a242765d-f816-4fbf-8a53-281390e2f705,be,Mercedes-Benz,glb 180,,Mercedes-Benz GLB 180Progressive ** Widescreen | Camera,26990,,True,2021,07-2021,47901,1,used,petrol,100,136,1332,Euro 6,,6.0,,,Avant,SUV/4x4/Pick-Up,5,5,Bleu,,,,,dealer,Auto's Verschueren NV,BE-2830 Willebroek,BE,2,https://prod.pictures.autoscout24.net/listing-images/a242765d-f816-4fbf-8a53-281390e2f705_81486d01-bc14-49d8-bf75-cd9c9f4bc156.jpg/250x188.webp,2026-09-28T08:15:58.651113,0.56,5
d9a0fb1f-976b-45f7-b68d-801e84006519,https://www.autoscout24.be/fr/offres/d9a0fb1f-976b-45f7-b68d-801e84006519,be,BMW,x5,,BMW X5xDrive45e-PACK,43000,,True,2022,06-2022,121212,1,used,hybrid,290,394,2998,Euro 6d,,6.0,,,AWD,SUV/4x4/Pick-Up,5,5,Noir,,,,,dealer,Qmotors,BE-3580 Beringen,BE,2,https://prod.pictures.autoscout24.net/listing-images/d9a0fb1f-976b-45f7-b68d-801e84006519_f8db4a6c-3680-4d11-85c0-8a9cc2d7be0b.jpg/250x188.webp,2026-09-28T08:15:58.651121,0.35,4
1d81f13c-85cd-4f6a-8921-0a602e6942d8,https://www.autoscout24.be/fr/offres/1d81f13c-85cd-4f6a-8921-0a602e6942d8,be,Porsche,taycan,,Porsche Taycan4S Cross Turismo 93.4 kWh - Achterassturing -,57995,,True,2022,02-2022,52740,1,used,electric,264,360,,,,20.0,,,AWD,Break,5,4,Bleu,,,,,dealer,V-Motors Bvba,BE-2870 Puurs,BE,2,https://prod.pictures.autoscout24.net/listing-images/1d81f13c-85cd-4f6a-8921-0a602e6942d8_d0b3f256-8460-45e6-b2b7-98450f5655f8.jpg/250x188.webp,2026-09-28T08:15:58.651129,1.1,4
32429403-bb85-425a-8728-2aefc666b304,https://www.autoscout24.be/fr/offres/32429403-bb85-425a-8728-2aefc666b304,be,Land Rover,defender,,Land Rover DefenderD200 AWD Auto X-Dynamic SE Utilitaire,67900,,True,2024,01-2024,64528,,used,diesel,147,199,2997,Euro 6d,,6.0,,,AWD,SUV/4x4/Pick-Up,5,5,Gris,,,,,dealer,JLR Louyet Namur,BE-5101 Namur (Erpent),BE,3,https://prod.pictures.autoscout24.net/listing-images/32429403-bb85-425a-8728-2aefc666b304_2ebbaeac-fe56-49cc-a6f1-b5a2e5eefe98.jpg/250x188.webp,2026-09-28T08:15:58.651136,1.05,2
9ac0b9bc-0750-44a2-9b7a-422b8de5ec1f,https://www.autoscout24.be/fr/offres/9ac0b9bc-0750-44a2-9b7a-422b8de5ec1f,be,Volkswagen,t6 caravelle,,Volkswagen T6 Caravelle2.0 TDi SCR 4Motion BMT Comfortline,24300,,True,2018,05-2018,138000,,used,diesel,150,204,1968,,,6.7,,,Boîte automatique,Monospace,4,8,Type de peintureAutres,,,,,private,,,BE,1,https://prod.pictures.autoscout24.net/listing-images/9ac0b9bc-0750-44a2-9b7a-422b8de5ec1f_ca1b1f64-9fa7-4d9f-a17b-398e88ce2bd9.jpg/250x188.webp,2026-09-28T08:15:58.651144,0.18,8
40d265cf-3f78-4ca9-9052-932bfb610e98,https://www.autoscout24.be/fr/offres/40d265cf-3f78-4ca9-9052-932bfb610e98,be,BMW,120,,BMW 120Hatch M,27890,,True,2024,11-2024,16979,1,used,petrol,91,125,1499,Euro 6e,,6.0,,,Avant,Berline,5,5,Noir,,,,,dealer,BMW Premium Selection Center by De Schepper N.V.,BE-9100 Sint-Niklaas,BE,2,https://prod.pictures.autoscout24.net/listing-images/40d265cf-3f78-4ca9-9052-932bfb610e98_9c7dc6d3-74f0-4725-b81a-eb52a866dc11.jpg/250x188.webp,2026-09-28T08:15:58.651151,1.64,2
3380966e-f8b9-4648-958d-2869f37559f5,https://www.autoscout24.be/fr/offres/3380966e-f8b9-4648-958d-2869f37559f5,be,Mercedes-Benz,v 300,,Mercedes-Benz V 300V d L2 9G-TRONIC Exclusive,59750,,True,2024,01-2024,76517,1,used,diesel,174,236,1950,Euro 6e,,6.0,,,Arrière,Monospace,5,6,Rouge,,,,,dealer,Mercedes GMS Certified used Cars,BE-3001 Heverlee,BE,2,https://prod.pictures.autoscout24.net/listing-images/3380966e-f8b9-4648-958d-2869f37559f5_9620f40f-0cc2-48db-b8ff-15da1d6ab2d4.jpg/250x188.webp,2026-09-28T08:15:58.651159,0.78,2
ca7e1dec-da50-4111-ad96-04a13e89446e,https://www.autoscout24.be/fr/offres/ca7e1dec-da50-4111-ad96-04a13e89446e,be,Mercedes-Benz,cls 350,,Mercedes-Benz CLS 350350b*AUT*FIRST OWNER*ONLY 22.127,40890,,True,2019,01-2019,22127,1,used,petrol,221,300,1991,Euro 6,,6.0,,,Arrière,Coupé,4,5,Gris,,,,,dealer,FALCOMOTIVE,BE-3800 Sint-Truiden,BE,2,https://prod.pictures.autoscout24.net/listing-images/ca7e1dec-da50-4111-ad96-04a13e89446e_e2a85ae4-a070-483c-a872-3fd073e4f302.jpg/250x188.webp,2026-09-28T08:15:58.651166,1.85,7
0690ba2a-0941-43e2-a664-43ee9ef76ab8,https://www.autoscout24.be/fr/offres/0690ba2a-0941-43e2-a664-43ee9ef76ab8,be,Mercedes-Benz,c 200,,Mercedes-Benz C 200d Berline AMG Pack Night Pano,41490,,True,2024,01-2024,45016,,used,diesel,120,163,1993,Euro 6,,6.0,,,Boîte automatique,Berline,4,5,Blanc,,,,,dealer,SAGA Charleroi,BE-6240 Farciennes,BE,2,https://prod.pictures.autoscout24.net/listing-images/0690ba2a-0941-43e2-a664-43ee9ef76ab8_96ed9d94-9cd2-4ee8-99a0-0c17361102ac.jpg/250x188.webp,2026-09-28T08:15:58.651174,0.92,2
3aa5683c-0002-4deb-9898-1e18796b6530,https://www.autoscout24.be/fr/offres/3aa5683c-0002-4deb-9898-1e18796b6530,be,Skoda,karoq,,Skoda KaroqKaroq 2.0 CR TDi SCR Ambition DSG,17990,,True,2023,03-2023,99980,1,used,diesel,85,115,1968,Euro 6d,,6.0,,,Boîte automatique,SUV/4x4/Pick-Up,5,5,Gris,,,,,dealer,Garage Santo,BE-7080 Frameries - Mons,BE,2,https://prod.pictures.autoscout24.net/listing-images/3aa5683c-0002-4deb-9898-1e18796b6530_dcbf96cc-b156-426a-92fc-ec6f95f2fbc7.jpg/250x188.webp,2026-09-28T08:15:58.651182,0.18,3
6042c62a-c64f-4ace-962a-3f08b9786080,https://www.autoscout24.be/fr/offres/6042c62a-c64f-4ace-962a-3f08b9786080,be,Kia,ceed / cee'd,,Kia Ceed / cee'd1.4 Benzine - GPS - Apple CarPlay -,9990,,True,2018,02-2018,92433,2,used,petrol,54,74,1368,Euro 6,,6.0,,,Avant,Citadine,4,5,Noir,,,,,dealer,Provan Motors,BE-9810 Eke,BE,2,https://prod.pictures.autoscout24.net/listing-images/6042c62a-c64f-4ace-962a-3f08b9786080_d64d8f79-7d52-4865-b03c-8ca315c65549.jpg/250x188.webp,2026-09-28T08:15:58.651189,0.11,8
1d00043e-1c46-4bbd-bf1f-198b9f631c15,https://www.autoscout24.be/fr/offres/1d00043e-1c46-4bbd-bf1f-198b9f631c15,be,Mercedes-Benz,a 200,,Mercedes-Benz A 2001.3 A 200  AMG-Line,20490,,True,2019,11-2019,63526,1,used,petrol,120,163,1332,Euro 6d,,6.0,,,Avant,Berline,5,5,Rouge,,,,,dealer,Autohandel Ive bvba,BE-9506 Zandbergen (Geraadsbergen),BE,2,https://prod.pictures.autoscout24.net/listing-images/1d00043e-1c46-4bbd-bf1f-198b9f631c15_9a018f84-39c3-4bf9-8e3d-dc88bbbbcb02.jpg/250x188.webp,2026-09-28T08:15:58.651197,0.32,7
6161b0ca-4893-4d6a-8ecd-be1a8a31a4c6,https://www.autoscout24.be/fr/offres/6161b0ca-4893-4d6a-8ecd-be1a8a31a4c6,be,Audi,q3,,Audi,17950,,True,2018,08-2018,72434,1,used,petrol,110,149,1395,Euro 6b,,6.0,,,Avant,SUV/4x4/Pick-Up,5,5,Noir,,,,,dealer,Garage Thomas Uyttendaele,BE-9340 Lede,BE,2,https://prod.pictures.autoscout24.net/listing-images/6161b0ca-4893-4d6a-8ecd-be1a8a31a4c6_fef21b39-086b-4521-8812-06e2e731eb90.jpg/250x188.webp,2026-09-28T08:15:58.651205,0.25,8
de7ef7ec-76ce-4904-b93a-fe4cb6e0cb83,https://www.autoscout24.be/fr/offres/de7ef7ec-76ce-4904-b93a-fe4cb6e0cb83,be,Porsche,cayenne,,Porsche CayenneCayenne 3.0 Turbo V6| Luchtvering| Pano|,44350,,True,2019,04-2019,127000,1,used,petrol,183,250,2995,Euro 6d,,6.0,,,AWD,SUV/4x4/Pick-Up,5,4,Bleu,,,,,dealer,Premium Car Company,BE-3920 Lommel,BE,2,https://prod.pictures.autoscout24.net/listing-images/de7ef7ec-76ce-4904-b93a-fe4cb6e0cb83_cc272d51-8f94-4adc-8b24-06dbd90690aa.jpg/250x188.webp,2026-09-28T08:15:58.651212,0.35,7
72b9204a-1b3f-47a5-9c23-7f50399f9dff,https://www.autoscout24.be/fr/offres/72b9204a-1b3f-47a5-9c23-7f50399f9dff,be,Porsche,taycan,,Porsche Taycan4 Cross Turismo FACE LIFT 21inch,82900,,True,2024,08-2024,35900,,used,electric,235,320,,Euro 6e,,6.0,,,AWD,Break,5,5,Noir,,,,,dealer,MAC-AUTOMOTIVE,BE-2950 Kapellen,BE,2,https://prod.pictures.autoscout24.net/listing-images/72b9204a-1b3f-47a5-9c23-7f50399f9dff_37ee67d9-9937-46e1-80a6-28b1cd783402.jpg/250x188.webp,2026-09-28T08:15:58.651221,2.31,2
8845000c-861c-46cc-a873-b0ef4e412f04,https://www.autoscout24.be/fr/offres/8845000c-861c-46cc-a873-b0ef4e412f04,be,Mercedes-Benz,gle 300,,Mercedes-Benz GLE 300d 4Matic Autom. - AMG Line - Topstaat!,43990,,True,2020,09-2020,108239,2,used,diesel,132,180,1950,Euro 6,,6.0,,,AWD,SUV/4x4/Pick-Up,5,5,Gris,,,,,dealer,Provan Motors,BE-9810 Eke,BE,2,https://prod.pictures.autoscout24.net/listing-images/8845000c-861c-46cc-a873-b0ef4e412f04_81f43141-5b40-4367-9750-69a75563aa99.jpg/250x188.webp,2026-09-28T08:15:58.651228,0.41,6
f527dc74-ca65-47d4-a134-308fa2c6db20,https://www.autoscout24.be/fr/offres/f527dc74-ca65-47d4-a134-308fa2c6db20,be,Peugeot,308,,PEUGEOT 308 SW 1.2 Allure 130,16890,,True,2024,08-2024,24968,1,used,petrol,96,130,1199,Euro 6e,,6.0,,,Avant,Break,5,5,Gris,,,,,dealer,Autohandel Ive bvba,BE-9506 Zandbergen (Geraadsbergen),BE,2,https://prod.pictures.autoscout24.net/listing-images/f527dc74-ca65-47d4-a134-308fa2c6db20_27ee9f70-66e7-4032-b0c3-4ff2c1e8b2fb.jpg/250x188.webp,2026-09-28T08:15:58.651236,0.68,2
6bd9dd43-98f4-4d59-9788-52fcbcbdb642,https://www.autoscout24.be/fr/offres/6bd9dd43-98f4-4d59-9788-52fcbcbdb642,be,Renault,clio,,Renault ClioTechno 1.0 TCe Aut. ** Full LED | Navi,14990,,True,2021,06-2021,24543,,used,petrol,49,67,999,Euro 6,,6.0,automatic,,Avant,Citadine,5,5,Noir,,,,,dealer,Auto's Verschueren NV,BE-2830 Willebroek,BE,2,https://prod.pictures.autoscout24.net/listing-images/6bd9dd43-98f4-4d59-9788-52fcbcbdb642_5e6c4776-9265-4be5-a4b8-98296c848cb0.jpg/250x188.webp,2026-09-28T08:15:58.651243,0.61,5
2836f332-661e-40ad-9414-fbb401cd6cbd,https://www.autoscout24.be/fr/offres/2836f332-661e-40ad-9414-fbb401cd6cbd,be,Toyota,rav4,,Toyota RAV42.5 VVT-i Hybrid Premium E-CVT,28950,,True,2019,01-2019,45612,,used,petrol,117,160,2500,,,2105.0,,,Avant,SUV/4x4/Pick-Up,5,5,(1G3),,,,,dealer,,BE-9200 Dendermonde,BE,1,https://prod.pictures.autoscout24.net/listing-images/2836f332-661e-40ad-9414-fbb401cd6cbd_fffef39b-b8ac-472e-a80b-e485b503fa8e.jpg/250x188.webp,2026-09-28T08:15:58.651250,0.63,7
694395aa-f7d4-4e78-916d-b9f9232fa517,https://www.autoscout24.be/fr/offres/694395aa-f7d4-4e78-916d-b9f9232fa517,be,Skoda,kamiq,,"Skoda KamiqKamiq 1.0 TSI DSG Incl. JA 17"" - Carplay -",19490,,True,2024,10-2024,34595,,used,petrol,85,115,999,,,,,,Boîte automatique,SUV/4x4/Pick-Up,5,5,Argent,,,,,dealer,click2move by Declerc,BE-5100 Naninne (Namur),BE,2,https://prod.pictures.autoscout24.net/listing-images/694395aa-f7d4-4e78-916d-b9f9232fa517_66eaaff9-081c-45a2-832b-25aae1756036.jpg/250x188.webp,2026-09-28T08:15:58.651306,0.56,2
eb4fc7e5-6499-4a85-bcc0-3c63618e0890,https://www.autoscout24.be/fr/offres/eb4fc7e5-6499-4a85-bcc0-3c63618e0890,be,BMW,235,,BMW 235M235i Gran Coupé / LED / Sièges M,28995,,True,2020,06-2020,87062,,used,petrol,225,306,1998,Euro 6d-TEMP,,6.0,,,AWD,Berline,4,5,Blanc,,,,,dealer,Riche Motors SRL,BE-6464 Baileux,BE,2,https://prod.pictures.autoscout24.net/listing-images/eb4fc7e5-6499-4a85-bcc0-3c63618e0890_3ed2df38-5fbf-4f71-9bef-31bb32b4f122.jpg/250x188.webp,2026-09-28T08:15:58.651314,0.33,6
fb30343e-d501-42a8-b6f7-f772568d3d10,https://www.autoscout24.be/fr/offres/fb30343e-d501-42a8-b6f7-f772568d3d10,be,Toyota,rav4,,Toyota RAV4Dynamic Plus,29500,,True,2022,09-2022,61329,1,used,hybrid,131,178,2487,Euro 6d-TEMP,,6.0,automatic,,Avant,SUV/4x4/Pick-Up,5,5,Gris,,,,,dealer,Toyota Certified - Toyota Diest,BE-3290 Diest,BE,2,https://prod.pictures.autoscout24.net/listing-images/fb30343e-d501-42a8-b6f7-f772568d3d10_b5e3a8e9-dee5-46d5-947c-66f986d6fd70.jpg/250x188.webp,2026-09-28T08:15:58.651322,0.48,4
989c40c9-154f-4a2e-b64c-7c831efa696c,https://www.autoscout24.be/fr/offres/989c40c9-154f-4a2e-b64c-7c831efa696c,be,Cupra,leon,,CUPRA LeonLeon 1.5 eTSI MHEV Business  Edition DSG,27990,,True,2024,07-2024,44560,1,used,hybrid,110,149,1498,,,2125.0,,,Avant,Berline,5,5,Gris,,,,,dealer,AUTO dating,BE-1360 Perwez,BE,2,https://prod.pictures.autoscout24.net/listing-images/989c40c9-154f-4a2e-b64c-7c831efa696c_41818f30-9ecc-4ffd-8e3b-4ae0f6d1e758.jpg/250x188.webp,2026-09-28T08:15:58.651329,0.63,2
8d329542-ace4-4dad-a99c-ed221908c54d,https://www.autoscout24.be/fr/offres/8d329542-ace4-4dad-a99c-ed221908c54d,be,BMW,x2,,BMW X215iA-sDrive-Led verlichting,22990,,True,2023,11-2023,79609,1,used,petrol,73,100,1499,Euro 6e,,6.0,,,Avant,SUV/4x4/Pick-Up,5,5,Noir,,,,,dealer,DR CARS,BE-8900 Ieper,BE,2,https://prod.pictures.autoscout24.net/listing-images/8d329542-ace4-4dad-a99c-ed221908c54d_475053aa-9a5b-46a8-a4cd-60c7a472dca0.jpg/250x188.webp,2026-09-28T08:15:58.651337,0.29,3
f3645a77-c3c7-4060-9ea8-4bf6fe902083,https://www.autoscout24.be/fr/offres/f3645a77-c3c7-4060-9ea8-4bf6fe902083,be,Opel,combo life,,Opel Combo Life1.5 Turbo D 100 MT6 Edition,14945,,True,2022,08-2022,41496,,used,diesel,75,102,1500,Euro 6e,,6.0,,,Avant,Monospace,4,5,Blanc,,,,,dealer,Van Mossel Used Cars Center Lokeren,BE-9160 Lokeren,BE,2,https://prod.pictures.autoscout24.net/listing-images/f3645a77-c3c7-4060-9ea8-4bf6fe902083_bf3f40a6-fc46-4e0d-9ae0-aa231a2d6898.jpg/250x188.webp,2026-09-28T08:15:58.651345,0.36,4
27346e4c-3ef5-400b-b97f-b74f0b8dab2b,https://www.autoscout24.be/fr/offres/27346e4c-3ef5-400b-b97f-b74f0b8dab2b,be,Cupra,formentor,,CUPRA FormentorFormentor 1.5 TSI DSG,26490,,True,2024,02-2024,22291,,used,petrol,110,149,1498,,,,,,Boîte automatique,SUV/4x4/Pick-Up,5,5,Gris,,,,,dealer,click2move by Declerc,BE-5100 Naninne (Namur),BE,2,https://prod.pictures.autoscout24.net/listing-images/27346e4c-3ef5-400b-b97f-b74f0b8dab2b_787eee46-8211-4b7f-9adc-7afea2a3fbee.jpg/250x188.webp,2026-09-28T08:15:58.651353,1.19,2
0d715b96-4f2f-4ba7-a7ba-b6f673da7510,https://www.autoscout24.be/fr/offres/0d715b96-4f2f-4ba7-a7ba-b6f673da7510,be,Peugeot,rifter,,Peugeot RifterLong 50 kWh GT-Line 7pl. ** Navi,24990,,True,2023,08-2023,53428,1,used,electric,50,68,,,,20.0,,,Avant,Monospace,5,7,Noir,,,,,dealer,Auto's Verschueren NV,BE-2830 Willebroek,BE,2,https://prod.pictures.autoscout24.net/listing-images/0d715b96-4f2f-4ba7-a7ba-b6f673da7510_279c8e99-70cd-41b9-9320-cffce29ae1bf.jpg/250x188.webp,2026-09-28T08:15:58.651361,0.47,3
2172d54a-7bf6-4005-8503-f423b0401985,https://www.autoscout24.be/fr/offres/2172d54a-7bf6-4005-8503-f423b0401985,be,BMW,120,,BMW 120d LCI / Automatique / M Sport / Sunset Orange,18995,,True,2019,06-2019,124119,,used,diesel,120,163,1995,Euro 6c,,6.0,automatic,,Arrière,Berline,3,4,Orange,,,,,dealer,Riche Motors SRL,BE-6464 Baileux,BE,2,https://prod.pictures.autoscout24.net/listing-images/2172d54a-7bf6-4005-8503-f423b0401985_9ca063a1-b01f-4f4c-bafc-2dcb53c60a7f.jpg/250x188.webp,2026-09-28T08:15:58.651369,0.15,7
c879c2f8-06e8-4034-bf1c-70d0d4257e03,https://www.autoscout24.be/fr/offres/c879c2f8-06e8-4034-bf1c-70d0d4257e03,be,Mg,zs,,MG ZSZS 1.5 VTi-Tech,14500,,True,2023,12-2023,29800,1,used,petrol,57,78,1498,Euro 6d,,6.0,,,Avant,SUV/4x4/Pick-Up,5,5,Argent,,,,,dealer,CB Automotive,BE-9300 Aalst,BE,2,https://prod.pictures.autoscout24.net/listing-images/c879c2f8-06e8-4034-bf1c-70d0d4257e03_9fa03b2d-0f96-4b08-b10f-69dd129cbc4a.jpg/250x188.webp,2026-09-28T08:15:58.651377,0.49,3
84b81060-999f-403c-b16d-b5fb15b03573,https://www.autoscout24.be/fr/offres/84b81060-999f-403c-b16d-b5fb15b03573,be,Peugeot,3008,,Peugeot 30083008 1.2 Turbo MHEV Allure,25790,,True,2025,02-2025,26488,1,used,hybrid,107,145,1199,Euro 6d,,6.0,,,Boîte automatique,SUV/4x4/Pick-Up,5,5,Gris,,,,,dealer,click2move by Declerc,BE-5100 Naninne (Namur),BE,2,https://prod.pictures.autoscout24.net/listing-images/84b81060-999f-403c-b16d-b5fb15b03573_94233114-b810-4854-a11c-fc23f3dfcce8.jpg/250x188.webp,2026-09-28T08:15:58.651384,0.97,1
aa5df4a1-5f83-4017-a60f-66aef4635dac,https://www.autoscout24.be/fr/offres/aa5df4a1-5f83-4017-a60f-66aef4635dac,be,Mercedes-Benz,c 63 amg,,Mercedes-Benz C 63 AMGS E Performance Break 63 S E,87990,,True,2025,08-2025,1843,,used,hybrid,350,476,1991,Euro 6,,6.0,,,AWD,Break,5,5,Noir,,,,,dealer,GH - Henry SA - Visé – Voitures Occasion Certified,BE-4600 Visé,BE,2,https://prod.pictures.autoscout24.net/listing-images/aa5df4a1-5f83-4017-a60f-66aef4635dac_08441b2e-f601-40b0-8eeb-0bd848d0b07d.jpg/250x188.webp,2026-09-28T08:15:58.651392,47.74,1
c32d25f2-85c2-4a80-a994-a0dba60f70c4,https://www.autoscout24.be/fr/offres/c32d25f2-85c2-4a80-a994-a0dba60f70c4,be,Porsche,cayenne,,"Porsche CayenneCoupé 3.0 Turbo V6 - ACC - Bose - 360° - 21""",66995,,True,2022,01-2022,28390,,used,petrol,183,250,2995,Euro 6d,,6.0,,,AWD,Coupé,5,5,Bleu,,,,,dealer,V-Motors Bvba,BE-2870 Puurs,BE,2,https://prod.pictures.autoscout24.net/listing-images/c32d25f2-85c2-4a80-a994-a0dba60f70c4_6cefdabf-2f82-4b5c-bdc4-7c9071cf8c79.jpg/250x188.webp,2026-09-28T08:15:58.651399,2.36,4
2df8bc75-e53e-43e6-8f0b-dbdf36b50fd5,https://www.autoscout24.be/fr/offres/2df8bc75-e53e-43e6-8f0b-dbdf36b50fd5,be,Zeekr,7x,,Zeekr 7X100 kWh RWD Long Range | Digital Cockpit | Leather,52950,,True,2026,03-2026,4802,,used,electric,100,136,,Euro 6,,6.0,,,Arrière,Break,5,5,Vert,,,,,dealer,Automobilia Roeselare,BE-8800 Roeselare,BE,2,https://prod.pictures.autoscout24.net/listing-images/2df8bc75-e53e-43e6-8f0b-dbdf36b50fd5_eccea49a-489e-4b8e-b2ab-3526d0bd4955.jpg/250x188.webp,2026-09-28T08:15:58.651419,11.03,0
53cd1fde-441c-4146-97f2-64b51ff0f683,https://www.autoscout24.be/fr/offres/53cd1fde-441c-4146-97f2-64b51ff0f683,be,Mercedes-Benz,cla 250,,Mercedes-Benz CLA 250e  / Shooting brake / AMG pakket,24950,,True,2020,11-2020,125000,,used,hybrid,160,217,1332,Euro 6d,,6.0,,,Boîte automatique,SUV/4x4/Pick-Up,5,5,Gris,,,,,dealer,,BE-8850 Ardooie,BE,1,https://prod.pictures.autoscout24.net/listing-images/53cd1fde-441c-4146-97f2-64b51ff0f683_90521020-486f-425c-ac42-90e03e114ec5.jpg/250x188.webp,2026-09-28T08:15:58.651429,0.2,6
7659a70e-d36a-4e9e-bc2e-37e2b90e4f94,https://www.autoscout24.be/fr/offres/7659a70e-d36a-4e9e-bc2e-37e2b90e4f94,be,Audi,a6,,Audi A655 TFSI e Quattro Competition Sport S tronic,38900,,True,2021,03-2021,68000,2,used,hybrid,185,251,1984,Euro 6e,,6.0,,,AWD,Break,5,5,Gris,,,,,dealer,Ams Cars,BE-2550 Kontich,BE,2,https://prod.pictures.autoscout24.net/listing-images/7659a70e-d36a-4e9e-bc2e-37e2b90e4f94_e7a1f5ed-0503-4c61-a552-6238cd414296.jpg/250x188.webp,2026-09-28T08:15:58.651445,0.57,5
6054e12f-fd4a-42e6-a422-bc2a45107b2e,https://www.autoscout24.be/fr/offres/6054e12f-fd4a-42e6-a422-bc2a45107b2e,be,Volkswagen,t-roc,,Volkswagen T-RocT-Roc 1.0 TSI Life,19990,,True,2023,03-2023,26194,,used,petrol,81,110,999,,,,,,Boîte manuelle,SUV/4x4/Pick-Up,5,5,Gris,,,,,dealer,click2move by Declerc,BE-5100 Naninne (Namur),BE,2,https://prod.pictures.autoscout24.net/listing-images/6054e12f-fd4a-42e6-a422-bc2a45107b2e_35fdc8bf-afc6-490d-8832-f2bb08a2f361.jpg/250x188.webp,2026-09-28T08:15:58.651452,0.76,3
d8b817b3-8b06-4b3f-9019-e5c3b7e85434,https://www.autoscout24.be/fr/offres/d8b817b3-8b06-4b3f-9019-e5c3b7e85434,be,Ford,mustang,,Ford MustangConvertible 2.3 EcoBoost * CUIR + JANTES +,26950,,True,2018,06-2018,85000,2,used,petrol,213,289,2300,Euro 6c,,6.0,,,Arrière,Cabriolet,2,4,Gris,,,,,dealer,Faz Cars,BE-4100 Seraing,BE,1,https://prod.pictures.autoscout24.net/listing-images/d8b817b3-8b06-4b3f-9019-e5c3b7e85434_26a1ddf9-7afa-4ecc-8636-2a4d3e1f53e9.jpg/250x188.webp,2026-09-28T08:15:58.651459,0.32,8
11e780e0-a67a-4d6e-b946-7b5f0b665f44,https://www.autoscout24.be/fr/offres/11e780e0-a67a-4d6e-b946-7b5f0b665f44,be,Tesla,model 3,,Tesla Model 3Model 3 Standard Range Highland ,34990,,True,2024,03-2024,54191,1,used,electric,239,325,,Euro 6e,,6.0,,,Arrière,Berline,4,5,Noir,,,,,dealer,EVERCAR Gent,BE-9810 Nazareth,BE,1,https://prod.pictures.autoscout24.net/listing-images/11e780e0-a67a-4d6e-b946-7b5f0b665f44_d3eda56e-8084-48d7-9df9-1766656537de.jpg/250x188.webp,2026-09-28T08:15:58.651467,0.65,2
a6a1c03c-8b77-4aac-96c3-56bb178dbb33,https://www.autoscout24.be/fr/offres/a6a1c03c-8b77-4aac-96c3-56bb178dbb33,be,BMW,518,,BMW 518d*AUT*CARPLAY*ZTLVERW.,20990,,True,2019,11-2019,116681,1,used,diesel,100,136,1995,Euro 6,,6.0,automatic,,Arrière,Break,5,5,Noir,,,,,dealer,FALCOMOTIVE,BE-3800 Sint-Truiden,BE,2,https://prod.pictures.autoscout24.net/listing-images/a6a1c03c-8b77-4aac-96c3-56bb178dbb33_d9917c7b-b54c-4fec-8b55-4a02f7b5795e.jpg/250x188.webp,2026-09-28T08:15:58.651475,0.18,7
4916b891-e092-4a85-b8bc-ab17f4ebee0b,https://www.autoscout24.be/fr/offres/4916b891-e092-4a85-b8bc-ab17f4ebee0b,be,Citroen,c5 aircross,,Citroen C5 AircrossC5 Aircross 1.2 Hybrid Plus,28790,,True,2026,03-2026,10,,new,hybrid,107,145,1199,Euro 6e,,6.0,,,Boîte automatique,SUV/4x4/Pick-Up,5,5,Gris,,,,,dealer,click2move by Declerc,BE-5100 Naninne (Namur),BE,2,https://prod.pictures.autoscout24.net/listing-images/4916b891-e092-4a85-b8bc-ab17f4ebee0b_9f33f14c-27ae-4d7e-abb6-ea83e2354f21.jpg/250x188.webp,2026-09-28T08:15:58.651483,2879.0,0
12a28fd5-694f-449c-b272-ad262e6a1306,https://www.autoscout24.be/fr/offres/12a28fd5-694f-449c-b272-ad262e6a1306,be,Mazda,mx-30,,Mazda MX-30*Garantie*Elektrisch*Automaat*SOH 95%*Getinte,15999,,True,2023,03-2023,30282,,used,electric,78,107,,,,20.0,,,Boîte automatique,SUV/4x4/Pick-Up,5,5,Blanc,,,,,dealer,Bayern Motors NV,BE-3550 Zolder,BE,1,https://prod.pictures.autoscout24.net/listing-images/12a28fd5-694f-449c-b272-ad262e6a1306_d4f6c4f5-0a66-4905-b05a-0bfb73b986af.jpg/250x188.webp,2026-09-28T08:15:58.651490,0.53,3
c59c11a7-5128-49e2-8e62-f5f6acdf3c55,https://www.autoscout24.be/fr/offres/c59c11a7-5128-49e2-8e62-f5f6acdf3c55,be,BMW,118,,BMW 118iA OPF Sportline,17990,,True,2023,05-2023,94467,,used,petrol,100,136,1499,Euro 6e,,6.0,,,Boîte automatique,Berline,5,5,Gris,,,,,dealer,click2move by Declerc,BE-5100 Naninne (Namur),BE,2,https://prod.pictures.autoscout24.net/listing-images/c59c11a7-5128-49e2-8e62-f5f6acdf3c55_e8f748a9-44ba-4b3f-89dc-ef1005094cc1.jpg/250x188.webp,2026-09-28T08:15:58.651498,0.19,3
c5b5f915-87ce-449d-8ee8-56f64f18785c,https://www.autoscout24.be/fr/offres/c5b5f915-87ce-449d-8ee8-56f64f18785c,be,Mercedes-Benz,cls 350,,Mercedes-Benz CLS 350d 4-Matic,34995,,True,2019,01-2019,58940,1,used,diesel,210,285,2925,Euro 6d-TEMP,,6.0,,,Avant,Coupé,4,4,Noir,,,,,dealer,,BE-3190 Boortmeerbeek,BE,2,https://prod.pictures.autoscout24.net/listing-images/c5b5f915-87ce-449d-8ee8-56f64f18785c_5f79612b-660c-4476-ab04-a4b57e01490c.jpg/250x188.webp,2026-09-28T08:15:58.651507,0.59,7
50fac9bb-5547-443c-b33b-15770e8598a3,https://www.autoscout24.be/fr/offres/50fac9bb-5547-443c-b33b-15770e8598a3,be,Mini,cooper s countryman,,MINI Cooper S Countryman*ALL4*CARPLAY*CAMERA*178 PK,27900,,True,2022,12-2022,51466,1,used,petrol,131,178,1998,Euro 6,,6.0,,,AWD,SUV/4x4/Pick-Up,5,5,Noir,,,,,dealer,FALCOMOTIVE,BE-3800 Sint-Truiden,BE,2,https://prod.pictures.autoscout24.net/listing-images/50fac9bb-5547-443c-b33b-15770e8598a3_e4dd699a-9be9-45ed-808a-8a223b712b7d.jpg/250x188.webp,2026-09-28T08:15:58.651514,0.54,4
937fb1da-7422-4369-b22d-c78df778828e,https://www.autoscout24.be/fr/offres/937fb1da-7422-4369-b22d-c78df778828e,be,BMW,m850,,BMW M850M850i LASER LIGHTS | H & K | GESTURE CONTROL | ZET,63900,,True,2023,05-2023,78772,1,used,petrol,390,530,4395,Euro 6d-TEMP,,6.0,,,AWD,Berline,4,5,Noir,,,,,dealer,Van Mossel Used Cars Center Antwerpen,BE-2060 Antwerpen,BE,2,https://prod.pictures.autoscout24.net/listing-images/937fb1da-7422-4369-b22d-c78df778828e_6d2c77ee-c298-4886-959e-76dcc682b5ab.jpg/250x188.webp,2026-09-28T08:15:58.651521,0.81,3
dae8d8d3-a720-4952-95b8-848b213e8fdf,https://www.autoscout24.be/fr/offres/dae8d8d3-a720-4952-95b8-848b213e8fdf,be,Mercedes-Benz,gle 300,,Mercedes-Benz GLE 300GLE 300 d 4-Matic (EU6AP),49500,,True,2021,03-2021,72000,1,used,diesel,180,244,1950,Euro 6d,,6.0,automatic,,Avant,SUV/4x4/Pick-Up,5,5,Gris,,,,,private,,,BE,1,https://prod.pictures.autoscout24.net/listing-images/dae8d8d3-a720-4952-95b8-848b213e8fdf_f3b6d527-88fe-48cd-8e87-d4be08dd132a.jpg/250x188.webp,2026-09-28T08:15:58.651529,0.69,5
9e298040-bfd3-4664-8466-75bd3a51265e,https://www.autoscout24.be/fr/offres/9e298040-bfd3-4664-8466-75bd3a51265e,be,BMW,x3,,BMW X3xDrive20d*AUT*M-SPORT,37900,,True,2022,08-2022,76477,1,used,diesel,140,190,1995,Euro 6,,6.0,,,AWD,SUV/4x4/Pick-Up,5,5,Noir,,,,,dealer,FALCOMOTIVE,BE-3800 Sint-Truiden,BE,2,https://prod.pictures.autoscout24.net/listing-images/9e298040-bfd3-4664-8466-75bd3a51265e_7eb732ed-a139-4196-aec8-9086928e4c34.jpg/250x188.webp,2026-09-28T08:15:58.651536,0.5,4
2977a5a6-a01b-4ff4-8827-00ddb8422c10,https://www.autoscout24.be/fr/offres/2977a5a6-a01b-4ff4-8827-00ddb8422c10,be,Volkswagen,tiguan,,Volkswagen TiguaneHybrid*PHEV*CARPLAY*CAMERA*LAGE BIV!,25250,,True,2022,07-2022,61605,1,used,hybrid,180,244,1395,Euro 6,,6.0,,,Avant,SUV/4x4/Pick-Up,5,5,Gris,,,,,dealer,FALCOMOTIVE,BE-3800 Sint-Truiden,BE,2,https://prod.pictures.autoscout24.net/listing-images/2977a5a6-a01b-4ff4-8827-00ddb8422c10_855c47c3-565d-49ba-bfac-863173fcc23f.jpg/250x188.webp,2026-09-28T08:15:58.651543,0.41,4
997bd51b-384a-4950-9f70-ce624ab388c7,https://www.autoscout24.be/fr/offres/997bd51b-384a-4950-9f70-ce624ab388c7,be,Mercedes-Benz,cla 35 amg,,Mercedes-Benz CLA 35,40950,,True,2021,11-2021,67666,1,used,petrol,165,225,1991,Euro 6,,6.0,,,AWD,Break,5,5,Gris,,,,,dealer,Garage Thomas Uyttendaele,BE-9340 Lede,BE,2,https://prod.pictures.autoscout24.net/listing-images/997bd51b-384a-4950-9f70-ce624ab388c7_5f10d831-ff17-445a-842a-3cfaae749341.jpg/250x188.webp,2026-09-28T08:15:58.651551,0.61,5
d06c9791-2ae5-4667-bbee-a831315d939a,https://www.autoscout24.be/fr/offres/d06c9791-2ae5-4667-bbee-a831315d939a,be,BMW,218,,BMW 218Gran Coupé 218iA OPF,22000,,True,2022,10-2022,85,,new,petrol,103,140,1499,,,5.0,automatic,,Boîte automatique,Berline,4,5,,,,,,private,,,BE,1,https://prod.pictures.autoscout24.net/listing-images/d06c9791-2ae5-4667-bbee-a831315d939a_7cacdc07-54bd-4f41-809c-20c99ac542ce.jpg/250x188.webp,2026-09-28T08:15:58.651559,258.82,4
8a6184bf-2559-4f85-9efc-faa0cba9b9bf,https://www.autoscout24.be/fr/offres/8a6184bf-2559-4f85-9efc-faa0cba9b9bf,be,Land Rover,defender,,Land Rover Defender110 D250 S AWD Auto. 26MY,79993,,True,2026,01-2026,10,,new,diesel,183,248,2997,,,2226.0,,,AWD,SUV/4x4/Pick-Up,5,5,Vert,,,,,dealer,Jaguar Land Rover Asse - Van Vaerenbergh,BE-1730 Asse,BE,2,https://prod.pictures.autoscout24.net/listing-images/8a6184bf-2559-4f85-9efc-faa0cba9b9bf_9fa14a7c-bf21-4e32-b9c6-9e7f9c8bd889.jpg/250x188.webp,2026-09-28T08:15:58.651566,7999.3,0
9a97698f-3667-41a6-b872-09f2718aae86,https://www.autoscout24.be/fr/offres/9a97698f-3667-41a6-b872-09f2718aae86,be,Land Rover,defender,,Land Rover DefenderDefender 110 2.0 D240,48900,,True,2020,02-2020,89000,1,used,diesel,177,240,1999,Euro 6d,,6.0,,,AWD,SUV/4x4/Pick-Up,5,7,Eigergrey,,,,,dealer,Premium Car Company,BE-3920 Lommel,BE,2,https://prod.pictures.autoscout24.net/listing-images/9a97698f-3667-41a6-b872-09f2718aae86_ad39ed78-7696-4119-9cc6-d9d0dc3ca4d6.jpg/250x188.webp,2026-09-28T08:15:58.651573,0.55,6
809e95d0-51ec-4887-8ae5-5887f10db772,https://www.autoscout24.be/fr/offres/809e95d0-51ec-4887-8ae5-5887f10db772,be,Renault,arkana,,Renault ArkanaArkana 1.3 TCe R.S.Line GPF EDC,17990,,True,2022,04-2022,72368,,used,hybrid,103,140,1333,,,,,,Boîte automatique,SUV/4x4/Pick-Up,5,5,Type de peintureAutres,,,,,dealer,click2move by Declerc,BE-5100 Naninne (Namur),BE,2,https://prod.pictures.autoscout24.net/listing-images/809e95d0-51ec-4887-8ae5-5887f10db772_bc83284d-6179-45bb-baa8-507b75186b32.jpg/250x188.webp,2026-09-28T08:15:58.651580,0.25,4
8a77f157-84cf-466d-8011-54d091326748,https://www.autoscout24.be/fr/offres/8a77f157-84cf-466d-8011-54d091326748,be,Audi,rs e-tron gt,,"Audi RS e-tron GTQuattro / 21"" RS velgen / Matrix Led /",66990,,True,2023,01-2023,38000,1,used,electric,323,440,,,,400.0,,,AWD,Berline,5,5,Vert,,,,,dealer,Autos Ok sprl,BE-1980 Zemst,BE,2,https://prod.pictures.autoscout24.net/listing-images/8a77f157-84cf-466d-8011-54d091326748_77285a52-a22d-4148-9d83-e41c85c4e6c7.jpg/250x188.webp,2026-09-28T08:15:58.651588,1.76,3
611ed922-723d-4fc7-9b6b-2291a9b025e1,https://www.autoscout24.be/fr/offres/611ed922-723d-4fc7-9b6b-2291a9b025e1,be,Mini,cooper countryman,,MINI Cooper CountrymanC 1.5A * SPORT * GARANTIE 12 MOIS *,30990,,True,2024,08-2024,35341,1,used,hybrid,115,156,1499,Euro 6e,,6.0,,,Boîte automatique,SUV/4x4/Pick-Up,5,5,Gris,,,,,dealer,Ab Cars,BE-4040 Herstal,BE,1,https://prod.pictures.autoscout24.net/listing-images/611ed922-723d-4fc7-9b6b-2291a9b025e1_a738cfa1-50c9-4720-86e6-3930bd44da39.jpg/250x188.webp,2026-09-28T08:15:58.651595,0.88,2
50a2da6d-bbf8-4a69-b70e-cfb1c76ba7d7,https://www.autoscout24.be/fr/offres/50a2da6d-bbf8-4a69-b70e-cfb1c76ba7d7,be,Mercedes-Benz,a 250,,Mercedes-Benz A 250e Luxury Line,28890,,True,2024,03-2024,42892,,used,hybrid,120,163,1332,Euro 6,,6.0,automatic,,Boîte automatique,Citadine,5,5,Noir,,,,,dealer,SAGA Huy,BE-4500 Huy,BE,2,https://prod.pictures.autoscout24.net/listing-images/50a2da6d-bbf8-4a69-b70e-cfb1c76ba7d7_feb8c0f1-4d5e-4b87-987b-0dcabe798e64.jpg/250x188.webp,2026-09-28T08:15:58.651602,0.67,2
83a0b898-b421-457b-ae3b-fd7a752fa91e,https://www.autoscout24.be/fr/offres/83a0b898-b421-457b-ae3b-fd7a752fa91e,be,Ds Automobiles,ds 7 crossback,,DS Automobiles DS 7 Crossback1.5 HDI Man. - Performance,13990,,True,2019,01-2019,123580,2,used,diesel,70,96,1499,Euro 6,,6.0,,,Avant,SUV/4x4/Pick-Up,4,5,Noir,,,,,dealer,Provan Motors,BE-9810 Eke,BE,2,https://prod.pictures.autoscout24.net/listing-images/83a0b898-b421-457b-ae3b-fd7a752fa91e_b61263a7-5e01-4048-9f9e-2a9585ea721f.jpg/250x188.webp,2026-09-28T08:15:58.651610,0.11,7
94215197-0adb-4441-baee-fbf6419a5b00,https://www.autoscout24.be/fr/offres/94215197-0adb-4441-baee-fbf6419a5b00,be,Mini,cooper clubman,,MINI Cooper Clubman1.5i AUTO PACK NIGHT PHARES LED GPS,22990,,True,2024,03-2024,42770,1,used,petrol,73,100,1499,Euro 6d,,6.0,,,Avant,Break,6,5,Gris,,,,,dealer,Mon Occasion,BE-4000 Liège,BE,2,https://prod.pictures.autoscout24.net/listing-images/94215197-0adb-4441-baee-fbf6419a5b00_dcce4a46-4549-405b-b353-c6ca0c9fcd05.jpg/250x188.webp,2026-09-28T08:15:58.651619,0.54,2
85b56d7f-7709-4c57-ae01-50839bcf0dbd,https://www.autoscout24.be/fr/offres/85b56d7f-7709-4c57-ae01-50839bcf0dbd,be,Land Rover,defender,,Land Rover Defender3.0 X-Dynamic HSE,70900,,True,2023,07-2023,69900,1,used,diesel,221,300,2996,Euro 6e,,6.0,,,AWD,SUV/4x4/Pick-Up,5,5,Noir,,,,,dealer,Prestige Auto Group bv,BE-3583 Paal,BE,2,https://prod.pictures.autoscout24.net/listing-images/85b56d7f-7709-4c57-ae01-50839bcf0dbd_7e456840-6e02-43be-acf8-43eb87dd9ac3.jpg/250x188.webp,2026-09-28T08:15:58.651627,1.01,3
40bda1b9-4648-42ec-ad93-8914db4953ee,https://www.autoscout24.be/fr/offres/40bda1b9-4648-42ec-ad93-8914db4953ee,be,Renault,megane,,Renault MeganeGrandtour TCe 140 GPF Corporate Edition |,13495,,True,2021,07-2021,74133,1,used,petrol,103,140,1300,,,2132.0,,,Avant,Break,5,5,Noir,,,,,dealer,Van Mossel Used Cars Center Hasselt,BE-3500 Hasselt,BE,2,https://prod.pictures.autoscout24.net/listing-images/40bda1b9-4648-42ec-ad93-8914db4953ee_7a7b7330-e677-4ad6-8a09-a3b5eb6acd1e.jpg/250x188.webp,2026-09-28T08:15:58.651634,0.18,5
bf210c63-1b4f-446e-9154-edbd0777caa3,https://www.autoscout24.be/fr/offres/bf210c63-1b4f-446e-9154-edbd0777caa3,be,Peugeot,rifter,,Peugeot Rifter1.2i STD Allure S&S,17890,,True,2022,07-2022,42113,1,used,petrol,59,81,1199,Euro 6,,6.0,,,Avant,Monospace,5,5,Noir,,,,,dealer,Traxxion Occasiecenter Deinze,BE-9800 Deinze,BE,2,https://prod.pictures.autoscout24.net/listing-images/bf210c63-1b4f-446e-9154-edbd0777caa3_a1cd6213-95bf-4e8b-aa86-fc22c2af2015.jpg/250x188.webp,2026-09-28T08:15:58.651642,0.42,4
85cd1ee9-627e-48f1-8b70-b9333dcd69ba,https://www.autoscout24.be/fr/offres/85cd1ee9-627e-48f1-8b70-b9333dcd69ba,be,Tesla,model y,,Tesla Model YPerformance - AWD- FSD - 21wheels- Quicksilver,36950,,True,2023,06-2023,86432,,used,electric,393,534,,,,20.0,,,AWD,SUV/4x4/Pick-Up,5,5,Argent,,,,,dealer,MK Motors BV,BE-2930 Brasschaat,BE,2,https://prod.pictures.autoscout24.net/listing-images/85cd1ee9-627e-48f1-8b70-b9333dcd69ba_4968c1cf-4521-4e1e-bc05-738949d29967.jpg/250x188.webp,2026-09-28T08:15:58.651651,0.43,3
eb04a75f-3a9f-4124-ad22-af5877d145e1,https://www.autoscout24.be/fr/offres/eb04a75f-3a9f-4124-ad22-af5877d145e1,be,Audi,q4 e-tron,,Audi Q4 e-tronQ4 e-Tron 82 kWh 40 Advanced,31990,,True,2023,11-2023,49235,1,used,electric,82,111,,,,20.0,automatic,,Arrière,SUV/4x4/Pick-Up,5,5,Gris,,,,,private,,,BE,1,https://prod.pictures.autoscout24.net/listing-images/eb04a75f-3a9f-4124-ad22-af5877d145e1_35551547-d7ad-4ab0-80f0-e79cde8e937e.jpg/250x188.webp,2026-09-28T08:15:58.651659,0.65,3
ccee8f6e-ad06-4fbd-aba2-817604d1dae8,https://www.autoscout24.be/fr/offres/ccee8f6e-ad06-4fbd-aba2-817604d1dae8,be,Skoda,kodiaq,,Skoda KodiaqKodiaq 1.5 TSI MHEV DSG Selection 7places Incl.,39990,,True,2026,05-2026,6,,new,petrol,110,149,1498,,,,,,Boîte automatique,SUV/4x4/Pick-Up,5,7,Noir,,,,,dealer,click2move by Declerc,BE-5100 Naninne (Namur),BE,2,https://prod.pictures.autoscout24.net/listing-images/ccee8f6e-ad06-4fbd-aba2-817604d1dae8_50a00445-2ae8-49ee-b191-fa5af99ba105.jpg/250x188.webp,2026-09-28T08:15:58.651674,6665.0,0
7029c053-1954-4d11-8c26-5e4b0e9082f3,https://www.autoscout24.be/fr/offres/7029c053-1954-4d11-8c26-5e4b0e9082f3,be,BMW,330,,BMW 330I | Touring | X-Drive | M-Sport | LED | CAM | ACC,41890,,True,2025,09-2025,8350,,used,petrol,190,258,1998,Euro 6e,,6.0,,,AWD,Break,5,5,Gris,,,,,dealer,Autobedrijf NVD,BE-9100 Sint-Niklaas,BE,2,https://prod.pictures.autoscout24.net/listing-images/7029c053-1954-4d11-8c26-5e4b0e9082f3_6fbef6eb-26ed-4c2a-8454-c48177dbcf24.jpg/250x188.webp,2026-09-28T08:15:58.651682,5.02,1
85f36a39-ef1a-4e40-88be-fb7c9ff846fe,https://www.autoscout24.be/fr/offres/85f36a39-ef1a-4e40-88be-fb7c9ff846fe,be,Seat,arona,,SEAT AronaArona 1.0TSI FR Edition 116PK *VIRTUAL,16990,,True,2024,05-2024,10845,1,used,petrol,85,115,999,Euro 6d,,6.0,,,Avant,SUV/4x4/Pick-Up,5,5,Bleu,,,,,dealer,Van Mossel Volkswagen Skoda Dendermonde,BE-9200 Dendermonde,BE,3,https://prod.pictures.autoscout24.net/listing-images/85f36a39-ef1a-4e40-88be-fb7c9ff846fe_87498443-55af-4340-9a0c-9ba4acc19b90.jpg/250x188.webp,2026-09-28T08:15:58.651691,1.57,2
41e88c44-3ed9-4228-8f8f-ef27497a86e9,https://www.autoscout24.be/fr/offres/41e88c44-3ed9-4228-8f8f-ef27497a86e9,be,Citroen,c4,,Citroen C4Shine Pack camera gps jbl,15990,,True,2023,10-2023,39858,2,used,petrol,70,96,1198,Euro 6d,,6.0,,,Avant,Berline,5,5,Noir,,,,,dealer,D&O Automotive Group Roeselare- Driven by values,BE-8800 Roeselare,BE,2,https://prod.pictures.autoscout24.net/listing-images/41e88c44-3ed9-4228-8f8f-ef27497a86e9_6db88b18-b8c0-41b9-84f7-8a1cb940995b.jpg/250x188.webp,2026-09-28T08:15:58.651698,0.4,3
6b65ce6f-4f11-45ab-b117-63494e71727c,https://www.autoscout24.be/fr/offres/6b65ce6f-4f11-45ab-b117-63494e71727c,be,Kia,sportage,,Kia SportageSPORTAGE 1.6 T-GDI LX PLUS 7DCT,28790,,True,2026,09-2026,10,,new,petrol,110,149,1598,Euro 6e,,6.0,,,Boîte automatique,SUV/4x4/Pick-Up,5,5,Gris,,,,,dealer,click2move by Declerc,BE-5100 Naninne (Namur),BE,2,https://prod.pictures.autoscout24.net/listing-images/6b65ce6f-4f11-45ab-b117-63494e71727c_4cc6923f-54d2-421b-bac1-c247bb99cd80.jpg/250x188.webp,2026-09-28T08:15:58.651706,2879.0,0
9c15db50-193f-4dbf-bed1-d6c3b8fa36ec,https://www.autoscout24.be/fr/offres/9c15db50-193f-4dbf-bed1-d6c3b8fa36ec,be,Volkswagen,t-roc,,Volkswagen T-Roc1.0 TSI 110 Life Business Garantie 12 mois,20990,,True,2024,09-2024,35188,1,used,petrol,81,110,999,Euro 6d,,6.0,,,Avant,Berline,5,5,Gris,,,,,dealer,Garage Renier & Fils S.A. - Since 1925,BE-4651 Herve,BE,2,https://prod.pictures.autoscout24.net/listing-images/9c15db50-193f-4dbf-bed1-d6c3b8fa36ec_3f7c8e89-2ac2-4798-95d6-76f72f43de42.jpg/250x188.webp,2026-09-28T08:15:58.651714,0.6,2
2c42b46a-8d72-4a5e-a92a-ab14f378aba2,https://www.autoscout24.be/fr/offres/2c42b46a-8d72-4a5e-a92a-ab14f378aba2,be,Audi,q3,,Audi Q3Q3 Sportback 35 TDi S line S tronic,38990,,True,2024,05-2024,30666,,used,diesel,110,149,1968,,,,,,Boîte automatique,SUV/4x4/Pick-Up,5,5,Noir,,,,,dealer,click2move by Declerc,BE-5100 Naninne (Namur),BE,2,https://prod.pictures.autoscout24.net/listing-images/2c42b46a-8d72-4a5e-a92a-ab14f378aba2_6df10de6-6261-4c3a-b2b9-de1b909cb249.jpg/250x188.webp,2026-09-28T08:15:58.651722,1.27,2
d358f31d-a4b6-4082-9545-82b26486b482,https://www.autoscout24.be/fr/offres/d358f31d-a4b6-4082-9545-82b26486b482,be,Opel,crossland x,,Opel Crossland X1.2 Turbo 2020 Edition S,9999,,True,2020,08-2020,56584,1,used,petrol,96,130,1199,Euro 6d,,6.0,automatic,,Boîte automatique,SUV/4x4/Pick-Up,5,5,Noir,,,,,dealer,,BE-4100 Seraing,BE,1,https://prod.pictures.autoscout24.net/listing-images/d358f31d-a4b6-4082-9545-82b26486b482_a4672131-f9c7-40c3-97ec-e61f684bfe6b.jpg/250x188.webp,2026-09-28T08:15:58.651729,0.18,6
fd3f5ae8-3430-46d8-8af2-6c688216b972,https://www.autoscout24.be/fr/offres/fd3f5ae8-3430-46d8-8af2-6c688216b972,be,Volkswagen,golf gte,,Volkswagen Golf GTEGolf GTE 1.4 eHybrid DSG⚠️GARANTIE 12,21990,,True,2021,11-2021,96000,1,used,hybrid,180,244,1395,Euro 6d,,6.0,automatic,,Avant,Berline,5,5,Blanc,,,,,dealer,TD Cars Srl,BE-7110 Maurage,BE,2,https://prod.pictures.autoscout24.net/listing-images/fd3f5ae8-3430-46d8-8af2-6c688216b972_2f698354-2bc4-4664-aa5e-07acf42cf628.jpg/250x188.webp,2026-09-28T08:15:58.651737,0.23,5
dfd29483-b9f7-460b-92c0-e309a9364aeb,https://www.autoscout24.be/fr/offres/dfd29483-b9f7-460b-92c0-e309a9364aeb,be,Land Rover,defender,,Land Rover Defender110 D200 S AWD Auto. 26MY,75991,,True,2026,01-2026,10,,new,diesel,147,199,2997,,,2226.0,,,AWD,SUV/4x4/Pick-Up,5,5,Vert,,,,,dealer,Jaguar Land Rover Asse - Van Vaerenbergh,BE-1730 Asse,BE,2,https://prod.pictures.autoscout24.net/listing-images/dfd29483-b9f7-460b-92c0-e309a9364aeb_ab8b74b7-dcb1-49db-8510-828884b63cf9.jpg/250x188.webp,2026-09-28T08:15:58.651745,7599.1,0
f41b6b61-838d-400c-a3b3-88884aab63b1,https://www.autoscout24.be/fr/offres/f41b6b61-838d-400c-a3b3-88884aab63b1,be,Ford,kuga,,Ford KugaKuga 1.5 EcoBoost FWD ST Line **BENZINE,9950,,True,2018,10-2018,124000,,used,petrol,110,149,1498,Euro 6d,,6.0,,,Avant,SUV/4x4/Pick-Up,5,5,Gris,,,,,dealer,LM motors BV,BE-8870 Izegem,BE,1,https://prod.pictures.autoscout24.net/listing-images/f41b6b61-838d-400c-a3b3-88884aab63b1_c94b6a86-cb2e-4e47-af5d-ee677dce0098.jpg/250x188.webp,2026-09-28T08:15:58.651753,0.08,8
bb90c613-2a02-4876-a887-bed0bab6dea5,https://www.autoscout24.be/fr/offres/bb90c613-2a02-4876-a887-bed0bab6dea5,be,Mercedes-Benz,a 180,,Mercedes-Benz A 180Amg Pack,22500,,True,2021,05-2021,29000,,used,petrol,100,136,1332,,,5.3,,,Boîte automatique,Berline,5,5,,,,,,private,,,BE,1,https://prod.pictures.autoscout24.net/listing-images/bb90c613-2a02-4876-a887-bed0bab6dea5_1d2b505c-977e-40bc-b723-7aa97d95d2bd.jpg/250x188.webp,2026-09-28T08:15:58.651760,0.78,5
b2ab8da5-6b39-4748-a9c1-fd68e16877b3,https://www.autoscout24.be/fr/offres/b2ab8da5-6b39-4748-a9c1-fd68e16877b3,be,BMW,135,,BMW 135M135i*XDRIVE*CARPLAY*SHADOW*306 PK,34980,,True,2022,04-2022,58686,1,used,petrol,225,306,1998,Euro 6,,6.0,,,AWD,Citadine,5,5,Gris,,,,,dealer,FALCOMOTIVE,BE-3800 Sint-Truiden,BE,2,https://prod.pictures.autoscout24.net/listing-images/b2ab8da5-6b39-4748-a9c1-fd68e16877b3_17e6382e-feac-4e03-a8e1-1660b3b7391e.jpg/250x188.webp,2026-09-28T08:15:58.651768,0.6,4
50c2eeac-3621-408b-b660-1e2573feeec1,https://www.autoscout24.be/fr/offres/50c2eeac-3621-408b-b660-1e2573feeec1,be,Renault,megane,,Renault MeganeSW 1.3 TCE TECHNO COCKPIT GPS CAMERA PHARES,14890,,True,2023,04-2023,59639,1,used,petrol,75,103,1333,Euro 6d,,6.0,,,Avant,Break,5,5,Gris,,,,,dealer,Mon Occasion,BE-4000 Liège,BE,2,https://prod.pictures.autoscout24.net/listing-images/50c2eeac-3621-408b-b660-1e2573feeec1_6e477f32-fb7b-4997-9ef4-e6226c9fd73d.jpg/250x188.webp,2026-09-28T08:15:58.651776,0.25,3
4b2ee999-0193-4dcd-9518-110c92d0c6a3,https://www.autoscout24.be/fr/offres/4b2ee999-0193-4dcd-9518-110c92d0c6a3,be,Land Rover,defender,,Land Rover DefenderS D250,46900,,True,2021,11-2021,111500,,used,diesel,184,250,2999,,,2242.0,,,AWD,SUV/4x4/Pick-Up,5,,Noir,,,,,dealer,Jaguar Land Rover Wavre,BE-1300 Wavre,BE,3,https://prod.pictures.autoscout24.net/listing-images/4b2ee999-0193-4dcd-9518-110c92d0c6a3_700202b7-319c-445b-9b18-2a139994e391.jpg/250x188.webp,2026-09-28T08:15:58.651784,0.42,5
3229cdf6-81f9-4b31-b566-63c94e3fe225,https://www.autoscout24.be/fr/offres/3229cdf6-81f9-4b31-b566-63c94e3fe225,be,Kia,sportage,,Kia SportageSPORTAGE 1.6 T-GDI LX PLUS 7DCT,28790,,True,2026,09-2026,15,,new,petrol,110,149,1598,Euro 6e,,6.0,,,Boîte automatique,SUV/4x4/Pick-Up,5,5,Gris,,,,,dealer,click2move by Declerc,BE-5100 Naninne (Namur),BE,2,https://prod.pictures.autoscout24.net/listing-images/3229cdf6-81f9-4b31-b566-63c94e3fe225_bdb2976a-1fa5-4235-92e1-fc6bebbfc0e9.jpg/250x188.webp,2026-09-28T08:15:58.651792,1919.33,0
e7fd0e6f-e8c2-4888-86ba-45aaaa0a1f56,https://www.autoscout24.be/fr/offres/e7fd0e6f-e8c2-4888-86ba-45aaaa0a1f56,be,Audi,a3,,Audi A3Sportback e-tron 40 TFSI PHEV S tronic (EU6d-T.),18995,,True,2020,04-2020,77457,,used,hybrid,150,204,1395,Euro 6d,,6.0,automatic,,AWD,Berline,5,5,Gris,,,,,dealer,PSN Automotive,BE-9290 Berlare,BE,2,https://prod.pictures.autoscout24.net/listing-images/e7fd0e6f-e8c2-4888-86ba-45aaaa0a1f56_48620601-699a-4879-ae56-0ce61a970cb7.jpg/250x188.webp,2026-09-28T08:15:58.651800,0.25,6
b8649d7a-b79f-4165-a82d-1fc13e6f7cb2,https://www.autoscout24.be/fr/offres/b8649d7a-b79f-4165-a82d-1fc13e6f7cb2,be,Ford,focus,,Ford FocusTitanium 1.0i EcoBoost 125pk / 92kW mHEV M6 - Clip,20990,,True,2025,04-2025,11180,1,used,petrol,92,125,999,,,2121.0,,,Boîte automatique,Break,,5,Zwart,,,,,dealer,Lateur bvba,BE-8530 Harelbeke,BE,2,https://prod.pictures.autoscout24.net/listing-images/b8649d7a-b79f-4165-a82d-1fc13e6f7cb2_9e79fc71-9aa4-4216-b013-a2b2fd61a18c.jpg/250x188.webp,2026-09-28T08:15:58.651808,1.88,1
5b60f5cb-8615-4859-b01d-fbfa5557724f,https://www.autoscout24.be/fr/offres/5b60f5cb-8615-4859-b01d-fbfa5557724f,be,Land Rover,defender,,Land Rover Defender110 D250 S AWD Auto. 26MY 03,76990,,True,2026,08-2026,9900,,used,diesel,184,250,2996,Euro 6,,6.0,,,AWD,SUV/4x4/Pick-Up,5,5,Vert,,,,,dealer,Jaguar Land Rover ACG,BE-9820 Merelbeke,BE,2,https://prod.pictures.autoscout24.net/listing-images/5b60f5cb-8615-4859-b01d-fbfa5557724f_1b431d70-cfd1-44b6-8297-c5e3316d9578.jpg/250x188.webp,2026-09-28T08:15:58.651815,7.78,0
f84ac643-5771-4972-b070-1f840a373897,https://www.autoscout24.be/fr/offres/f84ac643-5771-4972-b070-1f840a373897,be,Mercedes-Benz,c 200,,Mercedes-Benz C 200Coupe C 200 MHE,30495,,True,2021,06-2021,24675,1,used,petrol,135,183,1497,Euro 6d,,6.0,,,Avant,Coupé,2,4,Argent,,,,,dealer,,BE-1740 Ternat,BE,2,https://prod.pictures.autoscout24.net/listing-images/f84ac643-5771-4972-b070-1f840a373897_c3ab2963-e9e3-4381-b237-e1ba31ddc75a.jpg/250x188.webp,2026-09-28T08:15:58.651823,1.24,5
dfda3da8-17e0-4beb-9cfe-fe34c6d011e3,https://www.autoscout24.be/fr/offres/dfda3da8-17e0-4beb-9cfe-fe34c6d011e3,be,Mercedes-Benz,s 450,,Mercedes-Benz S 450S 450 L 4-matic / FULL FULL / ONLY,89500,,True,2024,06-2024,16000,1,used,diesel,270,367,2989,Euro 6d,,6.0,,,AWD,Berline,4,5,Noir,,,,,dealer,Auto's Boone K,BE-8500 Kortrijk,BE,2,https://prod.pictures.autoscout24.net/listing-images/dfda3da8-17e0-4beb-9cfe-fe34c6d011e3_00137536-379b-4d4e-825c-d348251b49b7.jpg/250x188.webp,2026-09-28T08:15:58.651830,5.59,2
ce258a30-ee3f-424c-a2b0-b616b46e87d6,https://www.autoscout24.be/fr/offres/ce258a30-ee3f-424c-a2b0-b616b46e87d6,be,Audi,a5,,Audi A5A5 Sportback 1.4 TFSI Sport S tronic,29000,,True,2023,03-2023,57000,1,used,petrol,110,149,1395,Euro 6b,,6.0,,,Boîte automatique,Berline,5,4,Noir,,,,,private,,,BE,1,https://prod.pictures.autoscout24.net/listing-images/ce258a30-ee3f-424c-a2b0-b616b46e87d6_794d70d2-7057-4ee7-82d7-05b1357f4293.jpg/250x188.webp,2026-09-28T08:15:58.651837,0.51,3
10334390-4f0c-4de9-b749-02b45415b0cd,https://www.autoscout24.be/fr/offres/10334390-4f0c-4de9-b749-02b45415b0cd,be,BMW,x1,,BMW X1✖M PACK 19’ | FULL BLACK | GPS | TVA✔,17950,,True,2020,02-2020,99000,1,used,diesel,62,85,1496,Euro 6d,,6.0,,,Avant,SUV/4x4/Pick-Up,5,5,Noir,,,,,dealer,,BE-4801 Stembert,BE,1,https://prod.pictures.autoscout24.net/listing-images/10334390-4f0c-4de9-b749-02b45415b0cd_918adcb4-7305-458e-8ff3-428b613fd880.jpg/250x188.webp,2026-09-28T08:15:58.651846,0.18,6
0ff3e0e2-2f03-4518-bd6f-96d0dbc8e147,https://www.autoscout24.be/fr/offres/0ff3e0e2-2f03-4518-bd6f-96d0dbc8e147,be,Opel,crossland x,,Opel Crossland XCrossland X 1.2 Turbo CarPlay Caméra,11990,,True,2021,03-2021,30000,,used,petrol,81,110,1199,,,,,,Boîte manuelle,Citadine,5,5,Gris,,,,,dealer,Gabriele Mazzara Motors Cars,BE-5190 Jemeppe-Sur-Sambre,BE,2,https://prod.pictures.autoscout24.net/listing-images/0ff3e0e2-2f03-4518-bd6f-96d0dbc8e147_e3347c3d-e36b-4421-b501-75c647bf9b8e.jpg/250x188.webp,2026-09-28T08:15:58.651854,0.4,5
2614b845-d11b-46c2-94f6-d5aecedd9a1b,https://www.autoscout24.be/fr/offres/2614b845-d11b-46c2-94f6-d5aecedd9a1b,be,Land Rover,range rover velar,,Land Rover Range Rover VelarR-Dynamic SE P250,49950,,True,2022,08-2022,33500,,used,petrol,184,250,1997,,,2219.0,,,AWD,SUV/4x4/Pick-Up,5,,Noir,,,,,dealer,Jaguar Land Rover Metropool Zuid,BE-2630 Aartselaar,BE,3,https://prod.pictures.autoscout24.net/listing-images/2614b845-d11b-46c2-94f6-d5aecedd9a1b_a3e5c70c-c734-4331-8bb9-a7e0c388db6b.jpg/250x188.webp,2026-09-28T08:15:58.651910,1.49,4
8d4f31bb-531e-4680-a328-00d5cc328348,https://www.autoscout24.be/fr/offres/8d4f31bb-531e-4680-a328-00d5cc328348,be,Opel,astra,,Opel AstraAstra 1.2 Turbo GS Auto. Incl. LED - Privacy,17490,,True,2024,10-2024,26916,,used,petrol,96,130,1199,Euro 6e,,6.0,,,Boîte automatique,Berline,5,5,Gris,,,,,dealer,click2move by Declerc,BE-5100 Naninne (Namur),BE,2,https://prod.pictures.autoscout24.net/listing-images/8d4f31bb-531e-4680-a328-00d5cc328348_696f859a-42ba-403d-a79c-c12e3867b0ba.jpg/250x188.webp,2026-09-28T08:15:58.651925,0.65,2
092812e5-21c5-480e-8309-9b8817bb66fb,https://www.autoscout24.be/fr/offres/092812e5-21c5-480e-8309-9b8817bb66fb,be,Abarth,595 competizione,,Abarth 595 Competizione1.4 T-Jet*ROSSO,19900,,True,2021,09-2021,51993,2,used,petrol,132,179,1368,Euro 6,,6.0,automatic,,Avant,Citadine,3,4,Rouge,,,,,dealer,FALCOMOTIVE,BE-3800 Sint-Truiden,BE,2,https://prod.pictures.autoscout24.net/listing-images/092812e5-21c5-480e-8309-9b8817bb66fb_852b6db1-7c32-4c67-9961-8f136416e3e5.jpg/250x188.webp,2026-09-28T08:15:58.651932,0.38,5
ea6e7cb4-9f8f-462f-9f4d-fe81ccf18446,https://www.autoscout24.be/fr/offres/ea6e7cb4-9f8f-462f-9f4d-fe81ccf18446,be,BMW,540,,BMW 540iAS,31995,,True,2018,05-2018,99600,,used,petrol,250,340,2998,,,6.5,,,Boîte automatique,Berline,4,5,,,,,,private,,,BE,1,https://prod.pictures.autoscout24.net/listing-images/ea6e7cb4-9f8f-462f-9f4d-fe81ccf18446_e6bca500-b6c7-46ab-94aa-5ace50cc2fe9.jpg/250x188.webp,2026-09-28T08:15:58.651939,0.32,8
ed4f4124-6281-4b93-b859-4b6d72869c37,https://www.autoscout24.be/fr/offres/ed4f4124-6281-4b93-b859-4b6d72869c37,be,Ds Automobiles,ds 7 crossback,,DS Automobiles DS 7 CrossbackDS N°7 Palles MHEV 145PK,47143,,True,,new,0,,new,hybrid,,,,,,,,,Avant,SUV/4x4/Pick-Up,,,Type de peintureAutresIntérieurAutres,,,,,dealer,Garage Frijters,BE-2950 Kapellen,BE,2,https://prod.pictures.autoscout24.net/listing-images/ed4f4124-6281-4b93-b859-4b6d72869c37_e7106978-bf5c-4c22-8a84-d6679c169ed5.jpg/250x188.webp,2026-09-28T08:15:58.651947,,
ace29f02-7edf-4f71-bf2a-ca437294dc16,https://www.autoscout24.be/fr/offres/ace29f02-7edf-4f71-bf2a-ca437294dc16,be,Volkswagen,tiguan,,Volkswagen TiguanTiguan 1.5 TSI DSG Life,30290,,True,2025,11-2025,23906,,used,petrol,96,130,1498,,,,,,Boîte automatique,SUV/4x4/Pick-Up,5,5,Blanc,,,,,dealer,click2move by Declerc,BE-5100 Naninne (Namur),BE,2,https://prod.pictures.autoscout24.net/listing-images/ace29f02-7edf-4f71-bf2a-ca437294dc16_8c82d3bb-9583-4e5b-87ef-3623d6ea0636.jpg/250x188.webp,2026-09-28T08:15:58.651961,1.27,1
a801c5ad-199b-4d07-a0ec-5eeaf53c8023,https://www.autoscout24.be/fr/offres/a801c5ad-199b-4d07-a0ec-5eeaf53c8023,be,BMW,ix3,,BMW iX380 kWh,30900,,True,2021,04-2021,80392,1,used,electric,80,108,0,,,20.0,,,Arrière,SUV/4x4/Pick-Up,5,5,Gris,,,,,dealer,FALCOMOTIVE,BE-3800 Sint-Truiden,BE,2,https://prod.pictures.autoscout24.net/listing-images/a801c5ad-199b-4d07-a0ec-5eeaf53c8023_6ce0368f-dd4b-43d3-8f94-ef066e4d3b90.jpg/250x188.webp,2026-09-28T08:15:58.651968,0.38,5
852ffa5a-be52-4886-960e-ddf1e357453b,https://www.autoscout24.be/fr/offres/852ffa5a-be52-4886-960e-ddf1e357453b,be,Opel,crossland x,,Opel Crossland XInnovation,9950,,True,2019,10-2019,89696,2,used,petrol,81,110,1199,Euro 6,,6.0,,,Avant,Break,5,5,Bleu,,,,,dealer,Traen - Deprez,BE-8490 Jabbeke,BE,2,https://prod.pictures.autoscout24.net/listing-images/852ffa5a-be52-4886-960e-ddf1e357453b_c2a2bad5-d27e-434f-8765-e2a0d27a7260.jpg/250x188.webp,2026-09-28T08:15:58.651976,0.11,7
6fe4b50e-2ed6-48d8-9bda-c529fbac1046,https://www.autoscout24.be/fr/offres/6fe4b50e-2ed6-48d8-9bda-c529fbac1046,be,Audi,q2,,Audi Q235 Tfsi Business Pack,23750,,True,2024,03-2024,34163,,used,petrol,110,149,1498,,,5.8,,,Boîte manuelle,SUV/4x4/Pick-Up,,5,Gris,,,,,dealer,VAB-Tweedehandswagens,BE-2070 Zwijndrecht,BE,2,https://prod.pictures.autoscout24.net/listing-images/6fe4b50e-2ed6-48d8-9bda-c529fbac1046_45f4854e-1749-4a95-828e-4d832190b95a.jpg/250x188.webp,2026-09-28T08:15:58.651983,0.7,2
cc3c3f5f-2b18-40dd-901e-1260405a5285,https://www.autoscout24.be/fr/offres/cc3c3f5f-2b18-40dd-901e-1260405a5285,be,Mercedes-Benz,cla 45 amg,,Mercedes-Benz CLA 45 AMGShooting Brake CLA 4MATIC 381 pk |,31790,,True,2018,08-2018,50488,,used,petrol,280,380,2000,Euro 6,,6.0,,,AWD,Break,5,5,Noir,,,,,dealer,GH - Henry SA - Visé – Voitures Occasion Certified,BE-4600 Visé,BE,2,https://prod.pictures.autoscout24.net/listing-images/cc3c3f5f-2b18-40dd-901e-1260405a5285_0db2b073-92a5-4d78-8c53-166b2568116b.jpg/250x188.webp,2026-09-28T08:15:58.651991,0.63,8
1d793e8f-6d19-4a4b-97e8-3f3f65082f5f,https://www.autoscout24.be/fr/offres/1d793e8f-6d19-4a4b-97e8-3f3f65082f5f,be,Hyundai,ioniq 6,,Hyundai IONIQ 6IONIQ 6 N 84 kWh AWD Performance Sunroof,69495,,True,,unknown,350,,used,electric,84,114,,,,20.0,,,AWD,Berline,4,5,Bleu,,,,,dealer,GARAGE ZUNE SA,BE-6800 LIBRAMONT,BE,2,https://prod.pictures.autoscout24.net/listing-images/1d793e8f-6d19-4a4b-97e8-3f3f65082f5f_529ecc16-b289-4535-9688-89df1677efda.jpg/250x188.webp,2026-09-28T08:15:58.651999,198.56,
c3b17fe1-3f47-43f0-bc21-698e45580d56,https://www.autoscout24.be/fr/offres/c3b17fe1-3f47-43f0-bc21-698e45580d56,be,Audi,e-tron gt,,Audi e-tron GTE-Tron GT 93.4 kWh 60 Quattro,49900,,True,2022,05-2022,43732,1,used,electric,350,476,,Euro 6,,6.0,,,AWD,Berline,4,5,Gris,,,,,dealer,,BE-1380 Plancenoit,BE,1,https://prod.pictures.autoscout24.net/listing-images/c3b17fe1-3f47-43f0-bc21-698e45580d56_37054cf5-3324-4f93-9d60-61479ba7636f.jpg/250x188.webp,2026-09-28T08:15:58.652008,1.14,4
aeccb634-97d7-4258-bf58-d155f03fd2e9,https://www.autoscout24.be/fr/offres/aeccb634-97d7-4258-bf58-d155f03fd2e9,be,Mercedes-Benz,v 220,,Mercedes-Benz V 220220d*AUT*NAVI*7-ZITPLTS*PDC*LONG (L2),37750,,True,2019,02-2019,99375,2,used,diesel,120,163,2143,Euro 6,,6.0,,,Arrière,Monospace,4,7,Noir,,,,,dealer,FALCOMOTIVE,BE-3800 Sint-Truiden,BE,2,https://prod.pictures.autoscout24.net/listing-images/aeccb634-97d7-4258-bf58-d155f03fd2e9_5edf6aa8-137d-49db-8950-4f1676750f06.jpg/250x188.webp,2026-09-28T08:15:58.652016,0.38,7
dc927e1f-f498-4c3a-b2f7-5f356e2fe476,https://www.autoscout24.be/fr/offres/dc927e1f-f498-4c3a-b2f7-5f356e2fe476,be,Audi,a5,,Audi A535TFSI * Coupé * S LINE / LOOK RS5 UNIQUE * GAR 12,37490,,True,2024,03-2024,27125,1,used,petrol,110,149,1984,Euro 6e,,6.0,,,Boîte automatique,Coupé,2,4,Gris,,,,,dealer,Ab Cars,BE-4040 Herstal,BE,1,https://prod.pictures.autoscout24.net/listing-images/dc927e1f-f498-4c3a-b2f7-5f356e2fe476_d145afc3-9b9e-467d-860e-2f00cf5137b8.jpg/250x188.webp,2026-09-28T08:15:58.652024,1.38,2
725e7259-b06d-4674-b1e2-990328d3ea2b,https://www.autoscout24.be/fr/offres/725e7259-b06d-4674-b1e2-990328d3ea2b,be,Peugeot,208,,Peugeot 208Allure,15950,,True,2025,08-2025,19792,1,used,petrol,74,100,1199,,,2117.0,,,Avant,Citadine,5,5,Noir,,,,,dealer,Mullens Halen bvba,BE-3545 Halen,BE,2,https://prod.pictures.autoscout24.net/listing-images/725e7259-b06d-4674-b1e2-990328d3ea2b_4b7c4ef9-0594-43cc-9a30-16aa1140cacd.jpg/250x188.webp,2026-09-28T08:15:58.652032,0.81,1
db144d7a-2c50-49f8-a3e8-3884b7a17cff,https://www.autoscout24.be/fr/offres/db144d7a-2c50-49f8-a3e8-3884b7a17cff,be,Ford,capri,,Ford Capri79 kWh AWD Extended Range Premium - HeatPump,39950,,True,2024,11-2024,11950,1,used,electric,79,107,,,,592.0,,,AWD,SUV/4x4/Pick-Up,5,5,Noir,,,,,dealer,VAMAUTO,BE-8880 Sint-Eloois-Winkel,BE,2,https://prod.pictures.autoscout24.net/listing-images/db144d7a-2c50-49f8-a3e8-3884b7a17cff_7c308725-0794-4286-8f4f-1b9d15650333.jpg/250x188.webp,2026-09-28T08:15:58.652041,3.34,2
b8a80491-9d24-4704-a7dc-72872254ad7d,https://www.autoscout24.be/fr/offres/b8a80491-9d24-4704-a7dc-72872254ad7d,be,Kia,proceed / pro_cee'd,,Kia ProCeed / pro_cee'dProCeed 1.5 T-GDi GT-Line DCT,21990,,True,2024,03-2024,58119,,used,petrol,117,159,1482,,,,,,Boîte automatique,Break,5,5,Vert,,,,,dealer,click2move by Declerc,BE-5100 Naninne (Namur),BE,2,https://prod.pictures.autoscout24.net/listing-images/b8a80491-9d24-4704-a7dc-72872254ad7d_89903943-0f6a-4be0-8221-9814dd3cb5d0.jpg/250x188.webp,2026-09-28T08:15:58.652049,0.38,2
fa340e0e-f5ed-4696-b9e7-ed5edea463fd,https://www.autoscout24.be/fr/offres/fa340e0e-f5ed-4696-b9e7-ed5edea463fd,be,Mercedes-Benz,eqe 350,,Mercedes-Benz EQE 350EQE Luxury Line,40990,,True,2022,12-2022,72026,1,used,electric,215,292,,,,20.0,,,Arrière,Berline,4,5,Bleu,,,,,dealer,GH - Henry SA - Visé – Voitures Occasion Certified,BE-4600 Visé,BE,2,https://prod.pictures.autoscout24.net/listing-images/fa340e0e-f5ed-4696-b9e7-ed5edea463fd_df7a7dde-0d87-4da7-aa33-0293763c2921.jpg/250x188.webp,2026-09-28T08:15:58.652056,0.57,4
06c4a914-a160-4f68-8472-baf6e762c8ab,https://www.autoscout24.be/fr/offres/06c4a914-a160-4f68-8472-baf6e762c8ab,be,Opel,crossland,,Opel Crossland1.2 Turbo Elegance LED,13990,,True,2024,09-2024,20000,1,used,petrol,96,130,1199,Euro 6d,,6.0,automatic,,Avant,SUV/4x4/Pick-Up,5,5,Gris,,,,,dealer,TAVOITURE.BE,BE-5330 Assesse,BE,2,https://prod.pictures.autoscout24.net/listing-images/06c4a914-a160-4f68-8472-baf6e762c8ab_9a663e8e-f443-4695-8bdb-dca54c3d9c43.jpg/250x188.webp,2026-09-28T08:15:58.652064,0.7,2
6fed29e2-6843-4217-b43a-6a21482f8446,https://www.autoscout24.be/fr/offres/6fed29e2-6843-4217-b43a-6a21482f8446,be,Gmc,sierra,,GMC sierra,84579,,True,,new,0,,new,petrol,313,425,6200,,,98.0,,,AWD,SUV/4x4/Pick-Up,5,5,Noir,,,,,dealer,Leie Auto's,BE-9870 Zulte,BE,2,https://prod.pictures.autoscout24.net/listing-images/6fed29e2-6843-4217-b43a-6a21482f8446_aaf43e7e-9874-432c-854e-3df33ed345ca.jpg/250x188.webp,2026-09-28T08:15:58.652071,,
1bffe8ae-19b4-40f7-90d5-a7ae1a86b011,https://www.autoscout24.be/fr/offres/1bffe8ae-19b4-40f7-90d5-a7ae1a86b011,be,Mercedes-Benz,eqe suv,,Mercedes-Benz EQE SUV350 4MATIC AMG Line Pano,67890,,True,2025,09-2025,20876,,used,electric,215,292,,,,20.0,,,AWD,SUV/4x4/Pick-Up,4,5,Noir,,,,,dealer,,BE-1420 Braine- l'Alleud,BE,1,https://prod.pictures.autoscout24.net/listing-images/1bffe8ae-19b4-40f7-90d5-a7ae1a86b011_64ad5258-1c82-480c-bcf0-77fbe54ee0d7.jpg/250x188.webp,2026-09-28T08:15:58.652079,3.25,1
840eebd8-48f6-4eb4-87fe-a2774160469f,https://www.autoscout24.be/fr/offres/840eebd8-48f6-4eb4-87fe-a2774160469f,be,Porsche,macan,,Porsche MacanGTS 2.9 V6,74990,,True,2023,04-2023,43620,1,used,petrol,238,324,2894,Euro 6d,,6.0,automatic,,AWD,SUV/4x4/Pick-Up,5,5,Bleu,,,,,dealer,Legend Car,BE-1790 Affligem,BE,2,https://prod.pictures.autoscout24.net/listing-images/840eebd8-48f6-4eb4-87fe-a2774160469f_c2c6e245-4628-487d-8944-d164af1eb8b2.jpg/250x188.webp,2026-09-28T08:15:58.652087,1.72,3
f3e1130d-bc56-424a-8f72-b2fdb2cd7f89,https://www.autoscout24.be/fr/offres/f3e1130d-bc56-424a-8f72-b2fdb2cd7f89,be,Skoda,fabia,,Skoda Fabia1.0 TSI AUTO PHARES LED CARPLAY GPS CAPTEURS,14790,,True,2022,04-2022,69358,1,used,petrol,59,81,999,Euro 6d,,6.0,,,Avant,Berline,5,5,Noir,,,,,dealer,Mon Occasion,BE-4000 Liège,BE,2,https://prod.pictures.autoscout24.net/listing-images/f3e1130d-bc56-424a-8f72-b2fdb2cd7f89_d8744b38-7d3c-4a14-a899-6172516d9b13.jpg/250x188.webp,2026-09-28T08:15:58.652094,0.21,4
99c91960-0b58-4e38-a2d6-a9733f920a3e,https://www.autoscout24.be/fr/offres/99c91960-0b58-4e38-a2d6-a9733f920a3e,be,Hyundai,kona,,Hyundai KONAKona 1.6 CRDi Sky DCT,10000,,True,2019,03-2019,103500,1,used,diesel,98,133,1598,Euro 6d,,6.0,,,Avant,SUV/4x4/Pick-Up,5,5,Gris,,,,,private,,,BE,1,https://prod.pictures.autoscout24.net/listing-images/99c91960-0b58-4e38-a2d6-a9733f920a3e_dc116f95-9d26-4db5-bc4b-f0870ad9f97f.jpg/250x188.webp,2026-09-28T08:15:58.652101,0.1,7
d6846f2d-03fa-429d-bea0-19dda33558c7,https://www.autoscout24.be/fr/offres/d6846f2d-03fa-429d-bea0-19dda33558c7,be,Peugeot,5008,,Peugeot 50085008 1.5 BlueHDi Allure Pack (EU6.4),23990,,True,2024,06-2024,49894,,used,diesel,96,130,1499,Euro 6d,,6.0,,,Boîte automatique,SUV/4x4/Pick-Up,5,7,Noir,,,,,dealer,click2move by Declerc,BE-5100 Naninne (Namur),BE,2,https://prod.pictures.autoscout24.net/listing-images/d6846f2d-03fa-429d-bea0-19dda33558c7_edf38315-6fd9-4aca-9a6d-91b93132bf5b.jpg/250x188.webp,2026-09-28T08:15:58.652108,0.48,2
40a73a73-d88c-4554-922d-16919c584dd3,https://www.autoscout24.be/fr/offres/40a73a73-d88c-4554-922d-16919c584dd3,be,BMW,320,,BMW 320X-DRIVE-FULLED-SPORT,28900,,True,2024,01-2024,92000,1,used,hybrid,150,204,1998,Euro 6e,,6.0,,,AWD,Break,5,5,Bleu,,,,,dealer,MDV CARS,BE-1730 Asse,BE,2,https://prod.pictures.autoscout24.net/listing-images/40a73a73-d88c-4554-922d-16919c584dd3_0de2148c-8174-4583-a2ba-c9c02ee46d83.jpg/250x188.webp,2026-09-28T08:15:58.652116,0.31,2
86ce5be7-d9c3-4dd0-a432-2611e36ab564,https://www.autoscout24.be/fr/offres/86ce5be7-d9c3-4dd0-a432-2611e36ab564,be,Audi,a4,,Audi A445 TFSI S Line QUATTRO Pano Cam360 Full Options,23500,,True,2019,11-2019,100000,,used,petrol,180,244,1984,Euro 6d,,6.0,,,Boîte automatique,Break,5,5,Type de peintureAutres,,,,,private,,,BE,1,https://prod.pictures.autoscout24.net/listing-images/86ce5be7-d9c3-4dd0-a432-2611e36ab564_4b7b8e48-ff35-4f20-ae68-4e8818528111.jpg/250x188.webp,2026-09-28T08:15:58.652123,0.23,7
9cc05091-fa34-4777-991b-da7925c9b089,https://www.autoscout24.be/fr/offres/9cc05091-fa34-4777-991b-da7925c9b089,be,Volkswagen,tiguan,,Volkswagen Tiguan1.5 TSI R-LINE DSG PHARES LED GPS COCKPIT,27990,,True,2022,06-2022,83166,1,used,petrol,80,110,1498,Euro 6d,,6.0,,,Avant,SUV/4x4/Pick-Up,5,5,Argent,,,,,dealer,Mon Occasion,BE-4000 Liège,BE,2,https://prod.pictures.autoscout24.net/listing-images/9cc05091-fa34-4777-991b-da7925c9b089_ce871fa1-aace-497d-8f82-e14f2fcd59a1.jpg/250x188.webp,2026-09-28T08:15:58.652130,0.34,4
6b0e2612-8f69-4360-b48f-5a64bc54782e,https://www.autoscout24.be/fr/offres/6b0e2612-8f69-4360-b48f-5a64bc54782e,be,Volvo,xc40,,Volvo XC40Momentum Pro d3 Geartronic,13000,,True,2021,01-2021,188000,1,used,diesel,110,149,1969,,,5.0,,,Boîte automatique,SUV/4x4/Pick-Up,5,5,Bleu,,,,,private,,,BE,1,https://prod.pictures.autoscout24.net/listing-images/6b0e2612-8f69-4360-b48f-5a64bc54782e_1f8afb22-0d74-48b0-89f3-2a401ddf92d2.jpg/250x188.webp,2026-09-28T08:15:58.652137,0.07,5
3324d4e2-2d3c-4b21-b7e8-b3355f1ee6da,https://www.autoscout24.be/fr/offres/3324d4e2-2d3c-4b21-b7e8-b3355f1ee6da,be,BMW,520,,BMW 520✖ PACK M | FULL OPTION | CARPLAY | BLACK PACK | TVA ✔,27950,,True,2022,10-2022,115000,1,used,hybrid,150,204,1998,Euro 6d,,6.0,,,Arrière,Break,5,5,Bleu,,,,,dealer,,BE-4801 Stembert,BE,1,https://prod.pictures.autoscout24.net/listing-images/3324d4e2-2d3c-4b21-b7e8-b3355f1ee6da_fc73baa8-fa5a-4927-aaf3-3dd0187af851.jpg/250x188.webp,2026-09-28T08:15:58.652145,0.24,4
8931a679-09e5-434f-8845-37efe44df812,https://www.autoscout24.be/fr/offres/8931a679-09e5-434f-8845-37efe44df812,be,Audi,a5,,Audi A52.0 TFSI S line S tronic | Pano | Matrix LED | ACC |,45900,,True,2025,06-2025,13002,1,used,petrol,110,150,1984,Euro 6e,,6.0,,,Avant,Break,5,5,Gris,,,,,dealer,Garage Brys,BE-9400 Voorde,BE,2,https://prod.pictures.autoscout24.net/listing-images/8931a679-09e5-434f-8845-37efe44df812_fffda6ca-2039-4847-8418-55d456106eb6.jpg/250x188.webp,2026-09-28T08:15:58.652152,3.53,1
f02427b1-9540-4d1a-b233-da1b64b58f98,https://www.autoscout24.be/fr/offres/f02427b1-9540-4d1a-b233-da1b64b58f98,be,Abarth,500e,,Abarth 500ee-595 42 kWh Scorpionissima | 850Km!| Pano |,26995,,True,2023,09-2023,850,,used,electric,42,57,,,,9242.0,,,Avant,Berline,3,,Bleu,,,,,dealer,Autohandel Sneppe Bv,BE-8020 Oostkamp,BE,2,https://prod.pictures.autoscout24.net/listing-images/f02427b1-9540-4d1a-b233-da1b64b58f98_5c936da0-965d-46be-9efd-209436461b77.jpg/250x188.webp,2026-09-28T08:15:58.652160,31.76,3
cd2a5e47-e497-4691-811a-76be59bce216,https://www.autoscout24.be/fr/offres/cd2a5e47-e497-4691-811a-76be59bce216,be,Renault,kadjar,,Renault Kadjar1.2 TCe **BOSE,12390,,True,2018,09-2018,57280,1,used,petrol,70,96,1197,Euro 6b,,6.0,,,Avant,SUV/4x4/Pick-Up,5,5,Bleu,,,,,dealer,Mon Occasion,BE-4000 Liège,BE,2,https://prod.pictures.autoscout24.net/listing-images/cd2a5e47-e497-4691-811a-76be59bce216_cf2e4b5b-ad02-4c8c-a65b-03b4c8081603.jpg/250x188.webp,2026-09-28T08:15:58.652167,0.22,8
884299c3-3685-4209-882c-544380387319,https://www.autoscout24.be/fr/offres/884299c3-3685-4209-882c-544380387319,be,Hyundai,tucson,,Hyundai TUCSONTucson HEV 1.6 T-GDi 4WD N-Line * 50.000KM!!!,26995,,True,2022,09-2022,50930,1,used,hybrid,132,179,1598,Euro 6d,,6.0,,,AWD,SUV/4x4/Pick-Up,5,5,Noir,,,,,dealer,Autohandel Mario De Vos,BE-9860 Balegem,BE,2,https://prod.pictures.autoscout24.net/listing-images/884299c3-3685-4209-882c-544380387319_115ebf7c-6594-4461-9b8c-d87d07ca6abf.jpg/250x188.webp,2026-09-28T08:15:58.652175,0.53,4
9189976d-bc48-46c1-836b-d60297e7dbdb,https://www.autoscout24.be/fr/offres/9189976d-bc48-46c1-836b-d60297e7dbdb,be,Audi,e-tron,,"Audi e-tron71 kWh 50 Quattro SOH 99,11%",29250,,True,2022,03-2022,26000,,used,electric,71,96,,,,9282.0,,,AWD,SUV/4x4/Pick-Up,5,5,Noir,,,,,dealer,SD Cars,BE-9200 Dendermonde,BE,2,https://prod.pictures.autoscout24.net/listing-images/9189976d-bc48-46c1-836b-d60297e7dbdb_770ebe8d-c6ed-48a5-847d-fb586897802c.jpg/250x188.webp,2026-09-28T08:15:58.652182,1.12,4
ffe50458-715e-4a37-a57c-f3f7ca594d4a,https://www.autoscout24.be/fr/offres/ffe50458-715e-4a37-a57c-f3f7ca594d4a,be,Mercedes-Benz,v 250,,Mercedes-Benz V 250Avantgarde,52995,,True,2023,04-2023,73500,1,used,diesel,140,190,1950,Euro 6d,,6.0,,,Arrière,Monospace,4,8,Gris,,,,,dealer,DR CARS,BE-8900 Ieper,BE,2,https://prod.pictures.autoscout24.net/listing-images/ffe50458-715e-4a37-a57c-f3f7ca594d4a_432d9656-4ed0-49e5-97c6-b1fdde26824b.jpg/250x188.webp,2026-09-28T08:15:58.652189,0.72,3
dfc494cf-8c68-449e-a868-fc4147b7eb7d,https://www.autoscout24.be/fr/offres/dfc494cf-8c68-449e-a868-fc4147b7eb7d,be,Ds Automobiles,ds 7,,DS Automobiles DS 7Crossback 1.5 HDI Man. - Performance,13990,,True,2019,01-2019,123580,2,used,diesel,96,130,1499,Euro 6,,6.0,,,Avant,SUV/4x4/Pick-Up,4,5,Noir,,,,,dealer,Provan Motors,BE-9810 Eke,BE,2,https://prod.pictures.autoscout24.net/listing-images/dfc494cf-8c68-449e-a868-fc4147b7eb7d_422e5715-c9bc-4f21-a62f-b14db33fcd86.jpg/250x188.webp,2026-09-28T08:15:58.652196,0.11,7
7427e7bd-3b47-4d95-aaa3-5d6be84460d6,https://www.autoscout24.be/fr/offres/7427e7bd-3b47-4d95-aaa3-5d6be84460d6,be,Mercedes-Benz,eqe 300,,Mercedes-Benz EQE 300AMG Line,52950,,True,2025,07-2025,22782,1,used,electric,180,244,,Euro 6,,6.0,,,Arrière,Berline,4,5,Noir,,,,,dealer,Mercedes GMS Certified used Cars,BE-3001 Heverlee,BE,2,https://prod.pictures.autoscout24.net/listing-images/7427e7bd-3b47-4d95-aaa3-5d6be84460d6_3493d0b3-cd3e-460d-b4e2-aeb32ad5bb98.jpg/250x188.webp,2026-09-28T08:15:58.652204,2.32,1
c37d4271-e8d4-43be-be75-dc8f05cd0f05,https://www.autoscout24.be/fr/offres/c37d4271-e8d4-43be-be75-dc8f05cd0f05,be,Mini,cooper s countryman,,MINI Cooper S CountrymanMini Countryman 2.0A Cooper S OPF,27950,,True,2022,06-2022,42051,1,used,petrol,131,178,1998,Euro 6d,,6.0,,,Avant,SUV/4x4/Pick-Up,5,5,Gris,,,,,dealer,Garage Colpaert,BE-8570 Ingooigem,BE,2,https://prod.pictures.autoscout24.net/listing-images/c37d4271-e8d4-43be-be75-dc8f05cd0f05_cd81905a-8e62-451c-a0cc-ac23aca2ad18.jpg/250x188.webp,2026-09-28T08:15:58.652212,0.66,4
a8317e2e-7f5c-4036-a364-435d8a1dcf88,https://www.autoscout24.be/fr/offres/a8317e2e-7f5c-4036-a364-435d8a1dcf88,be,Peugeot,3008,,Peugeot 3008First Edition Allure Hybrid 145 DCS6,26295,,True,2025,02-2025,27276,1,used,hybrid,107,145,1199,Euro 6e,,6.0,,,Avant,SUV/4x4/Pick-Up,5,5,Gris,,,,,dealer,Traxxion Tielt,BE-8700 Tielt,BE,2,https://prod.pictures.autoscout24.net/listing-images/a8317e2e-7f5c-4036-a364-435d8a1dcf88_1b699d3c-a002-4582-b1f6-15af68ddd572.jpg/250x188.webp,2026-09-28T08:15:58.652219,0.96,1
ae722c2f-a065-4a76-b9eb-5d9d0c193450,https://www.autoscout24.be/fr/offres/ae722c2f-a065-4a76-b9eb-5d9d0c193450,be,Kia,proceed / pro_cee'd,,Kia ProCeed / pro_cee'dGT Line 1.0 T-GDI 120 ISG,14999,,True,2020,01-2020,83945,,used,petrol,88,119,1000,,,2126.0,,,Avant,Break,5,5,Noir,,,,,dealer,Novicar Roeselare,BE-8830 Hooglede-Gits,BE,2,https://prod.pictures.autoscout24.net/listing-images/ae722c2f-a065-4a76-b9eb-5d9d0c193450_b70cd429-a71a-4c4a-9f78-d2f68aec4393.jpg/250x188.webp,2026-09-28T08:15:58.652227,0.18,6
85e18dfd-5aad-4f25-9fd8-88373e4e4484,https://www.autoscout24.be/fr/offres/85e18dfd-5aad-4f25-9fd8-88373e4e4484,be,Audi,a3,,Audi A3SPORTBACK 30 TFSI S-TRONIC MHEV,25990,,True,2024,01-2024,42184,,used,petrol,81,110,999,,,5.1,,,Boîte automatique,Berline,5,5,Noir,,,,,dealer,VAB-Tweedehandswagens,BE-2070 Zwijndrecht,BE,2,https://prod.pictures.autoscout24.net/listing-images/85e18dfd-5aad-4f25-9fd8-88373e4e4484_ca615c2a-528a-4b91-bd87-a263bf460a36.jpg/250x188.webp,2026-09-28T08:15:58.652235,0.62,2
9a8cbb98-b85e-4c20-bb55-798d6a6b3e24,https://www.autoscout24.be/fr/offres/9a8cbb98-b85e-4c20-bb55-798d6a6b3e24,be,Land Rover,discovery sport,,Land Rover Discovery SportP300e Dynamic SE,27950,,True,2021,03-2021,91500,,used,hybrid,221,300,1498,,,244.0,,,AWD,SUV/4x4/Pick-Up,5,,Gris,,,,,dealer,Jaguar Land Rover Metropool Noord,BE-2900 Schoten,BE,3,https://prod.pictures.autoscout24.net/listing-images/9a8cbb98-b85e-4c20-bb55-798d6a6b3e24_b4d613a3-3462-4a06-8211-846fd238eade.jpg/250x188.webp,2026-09-28T08:15:58.652243,0.31,5
0554999a-61ae-4f84-9a14-6ade0b607032,https://www.autoscout24.be/fr/offres/0554999a-61ae-4f84-9a14-6ade0b607032,be,BMW,m3,,BMW M3M3 Competition *INDIVIDUAL *Carbon *Harman K *HUD,69900,,True,2023,01-2023,57900,1,used,petrol,375,510,2993,Euro 6,,6.0,,,Arrière,Berline,4,5,Bleu,,,,,dealer,BOX 63 srl,BE-5081 Meux,BE,2,https://prod.pictures.autoscout24.net/listing-images/0554999a-61ae-4f84-9a14-6ade0b607032_c79e5b1c-51c9-4db5-811c-c7a5e46bd9f0.jpg/250x188.webp,2026-09-28T08:15:58.652250,1.21,3
8d37a071-13cc-44f4-8694-6de01bc8f127,https://www.autoscout24.be/fr/offres/8d37a071-13cc-44f4-8694-6de01bc8f127,be,Mercedes-Benz,eqc 400,,Mercedes-Benz EQC 4004MATIC SUV 400 4MATIC AMG Line 80 kWh,34790,,True,2022,02-2022,90021,,used,electric,80,108,,Euro 6,,6.0,,,AWD,SUV/4x4/Pick-Up,5,5,Noir,,,,,dealer,GH - Henry SA - Visé – Voitures Occasion Certified,BE-4600 Visé,BE,2,https://prod.pictures.autoscout24.net/listing-images/8d37a071-13cc-44f4-8694-6de01bc8f127_418b1151-9b93-4db2-a7e7-73be141a1933.jpg/250x188.webp,2026-09-28T08:15:58.652258,0.39,4
9601a0cc-ca35-46ef-88aa-4cbd15cc0fe0,https://www.autoscout24.be/fr/offres/9601a0cc-ca35-46ef-88aa-4cbd15cc0fe0,be,Cupra,terramar,,CUPRA Terramar1.5 eTSI MHEV DSG Edge | 360° | Head-Up,32990,,True,2025,06-2025,28110,1,used,hybrid,110,149,1498,Euro 6e,,6.0,,,Avant,SUV/4x4/Pick-Up,5,5,Gris,,,,,dealer,Garage Neirynck BV,BE-9870 Zulte,BE,2,https://prod.pictures.autoscout24.net/listing-images/9601a0cc-ca35-46ef-88aa-4cbd15cc0fe0_3c405a1d-a744-4d66-9312-ed948bd38c53.jpg/250x188.webp,2026-09-28T08:15:58.652265,1.17,1
213fafb5-1345-4c19-9663-9810edff0a81,https://www.autoscout24.be/fr/offres/213fafb5-1345-4c19-9663-9810edff0a81,be,BMW,420,,BMW 420IAS CABRIOLET PACK M PERFORMANCE ** GARANTIE 12 MOIS,34990,,True,2021,06-2021,98178,1,used,petrol,135,183,1998,Euro 6d,,6.0,,,Boîte automatique,Cabriolet,2,4,Gris,,,,,dealer,Ab Cars,BE-4040 Herstal,BE,1,https://prod.pictures.autoscout24.net/listing-images/213fafb5-1345-4c19-9663-9810edff0a81_d5678e9f-4bbb-41bd-baf6-701ece5e5682.jpg/250x188.webp,2026-09-28T08:15:58.652272,0.36,5
0b45fec4-4a85-47b9-9748-f0729c38ae38,https://www.autoscout24.be/fr/offres/0b45fec4-4a85-47b9-9748-f0729c38ae38,be,Citroen,c3,,Citroen C3C3 1.2i Feel Edition,7990,,True,2021,08-2021,84160,1,used,petrol,61,82,1199,Euro 6d,,6.0,,,Avant,Berline,5,5,Bleu,,,,,dealer,Garage Santo,BE-7080 Frameries - Mons,BE,2,https://prod.pictures.autoscout24.net/listing-images/0b45fec4-4a85-47b9-9748-f0729c38ae38_9d7af984-9102-4a3c-a4cc-4427005502c8.jpg/250x188.webp,2026-09-28T08:15:58.652280,0.09,5
4ecd436e-7f5f-42f0-9d6a-eee02e004639,https://www.autoscout24.be/fr/offres/4ecd436e-7f5f-42f0-9d6a-eee02e004639,be,Zeekr,7x,,Zeekr 7X100 kWh RWD Long Range | Leather Package | Advance,50950,,True,2026,03-2026,15104,,used,electric,100,136,,Euro 6,,6.0,,,Arrière,Break,5,5,Noir,,,,,dealer,Automobilia Roeselare,BE-8800 Roeselare,BE,2,https://prod.pictures.autoscout24.net/listing-images/4ecd436e-7f5f-42f0-9d6a-eee02e004639_f163d658-c161-4f2d-8807-7a2b2dd2a02e.jpg/250x188.webp,2026-09-28T08:15:58.652287,3.37,0
3040b710-446e-419a-b3b2-364e8c43392a,https://www.autoscout24.be/fr/offres/3040b710-446e-419a-b3b2-364e8c43392a,be,Skoda,octavia,,Skoda OctaviaOctavia SW 1.0 TSI Family,20950,,True,2024,04-2024,13807,1,used,petrol,81,110,999,Euro 6d,,6.0,,,Avant,Break,5,5,Rouge,,,,,dealer,Groupe Michaël Mazuin,BE-5070 Fosses-la-Ville,BE,3,https://prod.pictures.autoscout24.net/listing-images/3040b710-446e-419a-b3b2-364e8c43392a_c749c8d7-2bad-49d6-a16b-e8cfddc90e9e.jpg/250x188.webp,2026-09-28T08:15:58.652294,1.52,2
62199930-6056-4304-91c0-46548f167643,https://www.autoscout24.be/fr/offres/62199930-6056-4304-91c0-46548f167643,be,Volkswagen,t-cross,,Volkswagen T-Cross1.0 Benzine Autom. - Airco - Topstaat!,18990,,True,2023,01-2023,58701,1,used,petrol,59,81,999,Euro 6,,6.0,,,Avant,SUV/4x4/Pick-Up,4,5,Noir,,,,,dealer,Provan Motors,BE-9810 Eke,BE,2,https://prod.pictures.autoscout24.net/listing-images/62199930-6056-4304-91c0-46548f167643_ecaacbb1-2b7a-43fb-b293-9158db880684.jpg/250x188.webp,2026-09-28T08:15:58.652302,0.32,3
a34d085a-8910-40cb-8fa1-3f75f09eb96a,https://www.autoscout24.be/fr/offres/a34d085a-8910-40cb-8fa1-3f75f09eb96a,be,BMW,x1,,BMW X1sDrive 18dA Boite Auto Harman Kardon,29900,,True,2024,04-2024,62893,1,used,diesel,100,136,1995,Euro 6d,,6.0,,,Avant,SUV/4x4/Pick-Up,5,5,Noir,,,,,dealer,BMW - Bortolin Huy s.a.,BE-4500 Huy-Tihange,BE,1,https://prod.pictures.autoscout24.net/listing-images/a34d085a-8910-40cb-8fa1-3f75f09eb96a_840bd026-912d-4d58-b34e-40c60bdcadcf.jpg/250x188.webp,2026-09-28T08:15:58.652309,0.48,2
de938e67-b981-4dfb-90b1-8ab79d1d9cce,https://www.autoscout24.be/fr/offres/de938e67-b981-4dfb-90b1-8ab79d1d9cce,be,Seat,ateca,,SEAT Ateca1.0 TSi 116cv Move! - Carplay - Caméra de recul -,17490,,True,2019,10-2019,47373,1,used,petrol,85,116,999,Euro 6d,,6.0,,,Avant,Berline,5,5,Gris,,,,,dealer,Garage Renier & Fils S.A. - Since 1925,BE-4651 Herve,BE,2,https://prod.pictures.autoscout24.net/listing-images/de938e67-b981-4dfb-90b1-8ab79d1d9cce_dc7b754f-2922-40a8-bb30-fdf476e90cb4.jpg/250x188.webp,2026-09-28T08:15:58.652317,0.37,7
0549b7f7-456b-4418-a887-b69a94a6ac46,https://www.autoscout24.be/fr/offres/0549b7f7-456b-4418-a887-b69a94a6ac46,be,Mercedes-Benz,a 160,,Mercedes-Benz A 160AMG Line,20950,,True,2021,03-2021,48552,1,used,petrol,80,108,1332,Euro 6,,6.0,automatic,,Avant,Citadine,5,5,Blanc,,,,,dealer,Mercedes GMS Certified used Cars,BE-3001 Heverlee,BE,2,https://prod.pictures.autoscout24.net/listing-images/0549b7f7-456b-4418-a887-b69a94a6ac46_dcf9da44-4e99-48b0-a7bd-37b383f61724.jpg/250x188.webp,2026-09-28T08:15:58.652324,0.43,5
bf8236d9-cfcd-47ea-8a4b-71b7d258e592,https://www.autoscout24.be/fr/offres/bf8236d9-cfcd-47ea-8a4b-71b7d258e592,be,Volvo,xc60,,Volvo XC60T8 AWD Inscription PANODAK | MEMORY SEATS | CARPLA,30550,,True,2020,11-2020,80107,1,used,hybrid,223,303,2000,,,249.0,,,AWD,SUV/4x4/Pick-Up,5,5,Bleu,,,,,dealer,Van Mossel Used Cars Center Hasselt,BE-3500 Hasselt,BE,2,https://prod.pictures.autoscout24.net/listing-images/bf8236d9-cfcd-47ea-8a4b-71b7d258e592_ff7caa62-16a4-4e10-9403-56253b00f162.jpg/250x188.webp,2026-09-28T08:15:58.652331,0.38,6
d5e458ff-ad97-4873-b6e3-72183946c973,https://www.autoscout24.be/fr/offres/d5e458ff-ad97-4873-b6e3-72183946c973,be,Volkswagen,tiguan,,Volkswagen TiguanTiguan R-Line Business Premium 1.5 TSI 110,28950,,True,2023,03-2023,104732,1,used,petrol,110,149,1498,Euro 6d,,6.0,,,Avant,SUV/4x4/Pick-Up,5,5,Gris,,,,,dealer,Groupe Michaël Mazuin,BE-5070 Fosses-la-Ville,BE,3,https://prod.pictures.autoscout24.net/listing-images/d5e458ff-ad97-4873-b6e3-72183946c973_1ae2e4cb-9a8e-4da8-a24f-a5c45958292c.jpg/250x188.webp,2026-09-28T08:15:58.652339,0.28,3
b5ca9261-0c29-4985-8cc0-ded68f0254bc,https://www.autoscout24.be/fr/offres/b5ca9261-0c29-4985-8cc0-ded68f0254bc,be,Mercedes-Benz,gla 200,,Mercedes-Benz GLA 200AMG * TOIT PANO * LED,17950,,True,2019,05-2019,114000,,used,diesel,100,136,2143,Euro 6d,,6.0,,,Boîte automatique,SUV/4x4/Pick-Up,5,5,Gris,,,,,dealer,M-Cars,BE-4610 Beyne-heusay,BE,1,https://prod.pictures.autoscout24.net/listing-images/b5ca9261-0c29-4985-8cc0-ded68f0254bc_f536fc3e-b2f8-45f3-a867-f38b05645535.jpg/250x188.webp,2026-09-28T08:15:58.652346,0.16,7
689cf73f-50af-477e-8b43-839078ea246b,https://www.autoscout24.be/fr/offres/689cf73f-50af-477e-8b43-839078ea246b,be,BMW,330,,BMW 330e xDrive Berline - M Pack,41900,,True,2024,10-2024,41821,1,used,hybrid,215,292,1998,Euro 6,,6.0,,,AWD,Berline,4,5,Gris,,,,,dealer,BMW - Juma Leuven,BE-3020 Herent,BE,2,https://prod.pictures.autoscout24.net/listing-images/689cf73f-50af-477e-8b43-839078ea246b_ab79b653-4476-4059-83c7-ee53777253b7.jpg/250x188.webp,2026-09-28T08:15:58.652353,1.0,2
6a9a189e-25de-4b52-af6b-322b4d1da0fd,https://www.autoscout24.be/fr/offres/6a9a189e-25de-4b52-af6b-322b4d1da0fd,be,Citroen,c5 x,,Citroen C5 X1.6 Hybrid 225 e-EAT8 Shine Pa,22990,,True,2023,03-2023,55274,1,used,hybrid,166,225,1599,Euro 6,,6.0,,,Avant,Berline,5,5,Gris,,,,,dealer,Traxxion Tielt,BE-8700 Tielt,BE,2,https://prod.pictures.autoscout24.net/listing-images/6a9a189e-25de-4b52-af6b-322b4d1da0fd_e5282c30-d7d2-4600-adcd-eda572c9d8e0.jpg/250x188.webp,2026-09-28T08:15:58.652360,0.42,3
80120344-1994-44d1-b37d-a01729bf3cef,https://www.autoscout24.be/fr/offres/80120344-1994-44d1-b37d-a01729bf3cef,be,Volkswagen,touran,,Volkswagen Touran1.6 TDi DSG Automaat / 7 Plaats / Camera /,9990,,True,2018,10-2018,194000,,used,diesel,85,115,1598,Euro 6d,,6.0,,,Avant,Monospace,5,7,Bleu,,,,,private,,,BE,1,https://prod.pictures.autoscout24.net/listing-images/80120344-1994-44d1-b37d-a01729bf3cef_0f885ff6-414f-449a-885d-a2705823fd44.jpg/250x188.webp,2026-09-28T08:15:58.652368,0.05,8
89b3ca2c-3dbe-4c87-8264-615824b90682,https://www.autoscout24.be/fr/offres/89b3ca2c-3dbe-4c87-8264-615824b90682,be,Volvo,xc90,,Volvo XC90Plus Dark T8 Hybride | Luchtvering | Trekhaak | 22,66950,,True,2025,04-2025,68393,,used,hybrid,246,335,1969,Euro 6,,6.0,,,AWD,SUV/4x4/Pick-Up,5,7,Noir,,,,,dealer,Automobilia Roeselare,BE-8800 Roeselare,BE,2,https://prod.pictures.autoscout24.net/listing-images/89b3ca2c-3dbe-4c87-8264-615824b90682_096f657c-5cd9-44fc-a2b5-e8564320efb4.jpg/250x188.webp,2026-09-28T08:15:58.652376,0.98,1
05991f77-c780-493d-b755-0d884596e5f8,https://www.autoscout24.be/fr/offres/05991f77-c780-493d-b755-0d884596e5f8,be,Audi,q7,,Audi Q7S line 50 TDI quattro 210(286) kW(pk) tiptronic,47990,,True,2021,07-2021,115200,1,used,diesel,210,285,2967,Euro 6d,,6.0,,,Avant,SUV/4x4/Pick-Up,5,5,Gris,,,,,dealer,,BE-2990 Loenhout,BE,2,https://prod.pictures.autoscout24.net/listing-images/05991f77-c780-493d-b755-0d884596e5f8_cd229f6c-3244-4cb1-9af5-577dc9b13d76.jpg/250x188.webp,2026-09-28T08:15:58.652383,0.42,5
2eb9aa69-e279-4956-97dd-b09ae1c1b91e,https://www.autoscout24.be/fr/offres/2eb9aa69-e279-4956-97dd-b09ae1c1b91e,be,Toyota,c-hr,,Toyota C-HR2.0 VVT i-Hybrid GR Sport E-CVT NVAI | CAMERA |,23445,,True,2022,06-2022,76658,,used,hybrid,99,135,2000,,,2119.0,,,Avant,SUV/4x4/Pick-Up,5,5,(2VF),,,,,dealer,Van Mossel Used Cars Center Lokeren,BE-9160 Lokeren,BE,2,https://prod.pictures.autoscout24.net/listing-images/2eb9aa69-e279-4956-97dd-b09ae1c1b91e_255effa1-548f-41e0-abb3-2cb919ff79b4.jpg/250x188.webp,2026-09-28T08:15:58.652390,0.31,4
d441bab8-dcd7-4e2c-ac3d-ce51359d3322,https://www.autoscout24.be/fr/offres/d441bab8-dcd7-4e2c-ac3d-ce51359d3322,be,BMW,x1,,BMW X1X1 1.5iA sDrive18 M Sport Incl. Shadow Line - Full,33490,,True,2023,08-2023,28952,,used,petrol,100,136,1499,,,,,,Boîte automatique,SUV/4x4/Pick-Up,5,5,Blanc,,,,,dealer,click2move by Declerc,BE-5100 Naninne (Namur),BE,2,https://prod.pictures.autoscout24.net/listing-images/d441bab8-dcd7-4e2c-ac3d-ce51359d3322_4075fde1-4c21-41c6-9cc9-32d2b36150a4.jpg/250x188.webp,2026-09-28T08:15:58.652397,1.16,3
3024b03d-013b-4e61-a7b9-ca84f9bf9077,https://www.autoscout24.be/fr/offres/3024b03d-013b-4e61-a7b9-ca84f9bf9077,be,Omoda,5,,Omoda 5SHS-H Premium,29690,,True,,new,0,,new,hybrid,165,224,1499,Euro 6e,,6.0,,,Avant,SUV/4x4/Pick-Up,5,5,Gris,,,,,dealer,BUGA-AUTO Kempen,BE-2440 Geel,BE,2,https://prod.pictures.autoscout24.net/listing-images/3024b03d-013b-4e61-a7b9-ca84f9bf9077_a4d37690-cad1-4e3e-b96d-5e08ad910904.jpg/250x188.webp,2026-09-28T08:15:58.652464,,
22238883-c8d6-4041-ba3e-d6f46861866f,https://www.autoscout24.be/fr/offres/22238883-c8d6-4041-ba3e-d6f46861866f,be,Audi,q2,,Audi Q21.6 30 TDI 85kW S tronic Sport B. Edit,19999,,True,2020,07-2020,71938,1,used,diesel,85,115,1600,,,2118.0,,,Avant,SUV/4x4/Pick-Up,5,5,Gris,,,,,dealer,Mercedes - Groep Jam - Noord,BE-3960 Bree,BE,2,https://prod.pictures.autoscout24.net/listing-images/22238883-c8d6-4041-ba3e-d6f46861866f_d3197d72-8ec7-4ef0-90eb-c168c9c79497.jpg/250x188.webp,2026-09-28T08:15:58.652472,0.28,6
034d2313-05ab-4ca3-acae-4a891d059126,https://www.autoscout24.be/fr/offres/034d2313-05ab-4ca3-acae-4a891d059126,be,Lexus,nx 450h+,,Lexus NX 450h+NX Executive Line 4x4 ZETELVERWARMING - EN,52995,,True,2023,02-2023,56416,1,used,hybrid,227,308,2500,,,222.0,,,AWD,SUV/4x4/Pick-Up,5,5,Noir,,,,,dealer,Van Mossel Used Cars Center Antwerpen,BE-2060 Antwerpen,BE,2,https://prod.pictures.autoscout24.net/listing-images/034d2313-05ab-4ca3-acae-4a891d059126_6ffc9613-99f3-4830-9a59-58eb2c6c55e4.jpg/250x188.webp,2026-09-28T08:15:58.652480,0.94,3
a37297d2-3562-4643-986e-665089507932,https://www.autoscout24.be/fr/offres/a37297d2-3562-4643-986e-665089507932,be,Volvo,ex90,,Volvo EX90Ultra Twin Motor 7 Zit | Luchtvering | 22' velgen,85750,,True,2024,11-2024,16748,,used,electric,220,300,,Euro 6,,6.0,,,AWD,SUV/4x4/Pick-Up,,7,Gris,,,,,dealer,Automobilia Oostende,BE-8400 Oostende,BE,2,https://prod.pictures.autoscout24.net/listing-images/a37297d2-3562-4643-986e-665089507932_9679e0e0-bfc5-4b52-9d03-28451a0d5609.jpg/250x188.webp,2026-09-28T08:15:58.652487,5.12,2
1d6abd2f-2567-472a-a8dd-8864ffedd372,https://www.autoscout24.be/fr/offres/1d6abd2f-2567-472a-a8dd-8864ffedd372,be,Fiat,500x,,Fiat 500XSPORT 1.5 Hybrid 130 PK  DCT - Panoramisch Dak -,16995,,True,2024,04-2024,22905,1,used,petrol,70,96,1469,Euro 6d,,6.0,,,Avant,SUV/4x4/Pick-Up,5,5,Noir,,,,,dealer,,BE-2160 Wommelgem,BE,2,https://prod.pictures.autoscout24.net/listing-images/1d6abd2f-2567-472a-a8dd-8864ffedd372_be9cfe1e-898a-420e-b7c1-2f24d930395e.jpg/250x188.webp,2026-09-28T08:15:58.652495,0.74,2
c7ac8105-2930-4ab3-9318-34f13a3403fa,https://www.autoscout24.be/fr/offres/c7ac8105-2930-4ab3-9318-34f13a3403fa,be,Kia,ceed sw / cee'd sw,,Kia Ceed SW / cee'd SW! RÉSERVÉE ! RÉSERVÉE ! RÉSERVÉE !,7990,,True,2020,03-2020,179410,1,used,petrol,88,119,998,Euro 6d,,6.0,,,Avant,Break,5,5,Gris,,,,,dealer,Garage Santo,BE-7080 Frameries - Mons,BE,2,https://prod.pictures.autoscout24.net/listing-images/c7ac8105-2930-4ab3-9318-34f13a3403fa_85fe9c02-4cf7-4548-a66a-3b33475c781d.jpg/250x188.webp,2026-09-28T08:15:58.652502,0.04,6
5d2df0b5-443f-4128-aac5-22b38854fe62,https://www.autoscout24.be/fr/offres/5d2df0b5-443f-4128-aac5-22b38854fe62,be,Opel,grandland x,,Opel Grandland XGrandland X 1.2 Turbo ECOTEC Ultimate,9990,,True,2018,11-2018,78831,,used,petrol,96,130,1199,Euro 6d,,6.0,,,Avant,SUV/4x4/Pick-Up,5,5,Gris,,,,,dealer,SamCar Sprl,BE-5190 Spy,BE,2,https://prod.pictures.autoscout24.net/listing-images/5d2df0b5-443f-4128-aac5-22b38854fe62_b28f95ca-6007-4cfe-861e-a6255820ad5f.jpg/250x188.webp,2026-09-28T08:15:58.652510,0.13,8
cbfcd941-78cb-4fc1-be23-e131c3e79717,https://www.autoscout24.be/fr/offres/cbfcd941-78cb-4fc1-be23-e131c3e79717,be,Tesla,model y,,Tesla Model YModel Y 72.5 kWh Dual Motor Long Range (324 kW),30000,,True,2023,06-2023,55000,,used,electric,324,440,,,,533.0,,,Boîte automatique,SUV/4x4/Pick-Up,5,5,Blanc,,,,,private,,,BE,1,https://prod.pictures.autoscout24.net/listing-images/cbfcd941-78cb-4fc1-be23-e131c3e79717_96f3c670-b52e-4990-9546-593ba2ecd87a.jpg/250x188.webp,2026-09-28T08:15:58.652517,0.55,3
7b765653-91e7-4e64-a1f0-a9471b61b9e0,https://www.autoscout24.be/fr/offres/7b765653-91e7-4e64-a1f0-a9471b61b9e0,be,Land Rover,defender,,Land Rover Defender90 D200 S AWD Auto. 26MY,76696,,True,2026,01-2026,10,,new,diesel,147,199,2997,,,2231.0,,,AWD,SUV/4x4/Pick-Up,3,5,Vert,,,,,dealer,Jaguar Land Rover Asse - Van Vaerenbergh,BE-1730 Asse,BE,2,https://prod.pictures.autoscout24.net/listing-images/7b765653-91e7-4e64-a1f0-a9471b61b9e0_c62de9e8-5209-4df6-9bb9-8244d874899d.jpg/250x188.webp,2026-09-28T08:15:58.652525,7669.6,0
2ddfc865-0bcb-4909-b837-a550ccd67604,https://www.autoscout24.be/fr/offres/2ddfc865-0bcb-4909-b837-a550ccd67604,be,Kia,sportage,,Kia SportageSportage 1.6 T-GDi Winter Pack + 4 Season,28450,,True,2025,12-2025,15600,1,used,petrol,110,149,1598,Euro 6e,,6.0,,,Boîte automatique,SUV/4x4/Pick-Up,5,5,Gris,,,,,private,,,BE,1,https://prod.pictures.autoscout24.net/listing-images/2ddfc865-0bcb-4909-b837-a550ccd67604_96701126-4ea7-4ef7-98c1-e9d815e51d08.jpg/250x188.webp,2026-09-28T08:15:58.652532,1.82,1
63ba358f-a422-45c3-9761-8283d941c8c1,https://www.autoscout24.be/fr/offres/63ba358f-a422-45c3-9761-8283d941c8c1,be,Mercedes-Benz,c 180,,Mercedes-Benz C 180AMG Line - 170 Ch - NEW - CarPlay - Toit,42995,,True,2026,09-2026,2995,1,used,petrol,124,170,1496,Euro 6e,,6.0,,,Arrière,Berline,4,5,Noir,,,,,dealer,Eko Cars,BE-1082 Berchem-Sainte-Agathe,BE,2,https://prod.pictures.autoscout24.net/listing-images/63ba358f-a422-45c3-9761-8283d941c8c1_78e9ee69-1d8c-4511-8b79-932650c271d2.jpg/250x188.webp,2026-09-28T08:15:58.652539,14.36,0
83dc7ee9-a688-4051-b816-f87a56145bf8,https://www.autoscout24.be/fr/offres/83dc7ee9-a688-4051-b816-f87a56145bf8,be,Mercedes-Benz,eqa 300,,Mercedes-Benz EQA 3004MATIC AMG Line,46750,,True,2025,08-2025,4982,1,used,electric,168,228,,Euro 6,,6.0,,,AWD,SUV/4x4/Pick-Up,5,5,Noir,,,,,dealer,Mercedes GMS Tienen,BE-3300 Tienen,BE,2,https://prod.pictures.autoscout24.net/listing-images/83dc7ee9-a688-4051-b816-f87a56145bf8_c1cadf7b-961c-4a9f-82a9-8beee884d776.jpg/250x188.webp,2026-09-28T08:15:58.652546,9.38,1
f7715f3e-967b-4f6c-b67e-165a77aa8a32,https://www.autoscout24.be/fr/offres/f7715f3e-967b-4f6c-b67e-165a77aa8a32,be,Volvo,xc90,,Volvo XC90T8 Recharge Plug-in Hybrid AWD Nieuw Model Plus,74900,,True,2026,01-2026,3081,1,used,hybrid,246,335,1969,Euro 6,,6.0,,,AWD,SUV/4x4/Pick-Up,5,7,Gris,,,,,dealer,KENIDI nv,BE-1982 Elewijt,BE,2,https://prod.pictures.autoscout24.net/listing-images/f7715f3e-967b-4f6c-b67e-165a77aa8a32_70e79b64-b221-455c-9903-e3e697416e3a.jpg/250x188.webp,2026-09-28T08:15:58.652554,24.31,0
f097909b-52d2-41f2-8667-32b57d28f981,https://www.autoscout24.be/fr/offres/f097909b-52d2-41f2-8667-32b57d28f981,be,Land Rover,defender,,Land Rover Defender110 D250 S AWD Auto. 26MY,80898,,True,,new,0,,new,diesel,184,250,2996,Euro 6,,6.0,,,AWD,SUV/4x4/Pick-Up,5,6,Vert,,,,,dealer,Jaguar Land Rover ACG,BE-9820 Merelbeke,BE,2,https://prod.pictures.autoscout24.net/listing-images/f097909b-52d2-41f2-8667-32b57d28f981_73815d91-cf0c-4871-8e14-a76e701bf75f.png/250x188.webp,2026-09-28T08:15:58.652562,,
ed935ff4-4f3e-48be-954f-087e82a4ce22,https://www.autoscout24.be/fr/offres/ed935ff4-4f3e-48be-954f-087e82a4ce22,be,Volvo,xc40,,Volvo XC40XC40 1.5 T3 Inscription Geartronic AUT. 1°EIG. IN,20999,,True,2019,10-2019,48000,1,used,petrol,120,163,1477,Euro 6d-TEMP,,6.0,,,Boîte automatique,SUV/4x4/Pick-Up,5,5,Noir,,,,,dealer,Your Best Car B.v.,BE-1651 Lot,BE,2,https://prod.pictures.autoscout24.net/listing-images/ed935ff4-4f3e-48be-954f-087e82a4ce22_ed538f20-6bf0-4aa0-a550-631727a7a18d.jpg/250x188.webp,2026-09-28T08:15:58.652569,0.44,7
4940fd37-fd64-4c2c-83fc-6a4cbcd210c2,https://www.autoscout24.be/fr/offres/4940fd37-fd64-4c2c-83fc-6a4cbcd210c2,be,Audi,q3,,"Audi Q3Q3 35 TFSI Advanced S tronic Incl. LED - JA 19"" -",26990,,True,2020,07-2020,55410,,used,hybrid,110,149,1498,,,,,,Boîte automatique,SUV/4x4/Pick-Up,5,5,Blanc,,,,,dealer,click2move by Declerc,BE-5100 Naninne (Namur),BE,2,https://prod.pictures.autoscout24.net/listing-images/4940fd37-fd64-4c2c-83fc-6a4cbcd210c2_841b0c0a-cb22-4c40-a41f-7efcdc4aaebc.jpg/250x188.webp,2026-09-28T08:15:58.652577,0.49,6
d73dcd83-f4aa-44ee-98fb-b51bde6263d6,https://www.autoscout24.be/fr/offres/d73dcd83-f4aa-44ee-98fb-b51bde6263d6,be,Nissan,qashqai,,Nissan Qashqai1.3 Hybride * Toit Pano - Cam - LED * GAR 12M,19950,,True,2022,10-2022,72000,1,used,hybrid,116,157,1332,Euro 6d,,6.0,,,Avant,SUV/4x4/Pick-Up,5,5,Blanc,,,,,dealer,ABM & CO,BE-1785 Merchtem,BE,2,https://prod.pictures.autoscout24.net/listing-images/d73dcd83-f4aa-44ee-98fb-b51bde6263d6_5fb1ce14-b7b7-4843-8d3b-9b8e649aab85.jpg/250x188.webp,2026-09-28T08:15:58.652584,0.28,4
a4effead-e19a-46eb-a4d4-a05b535641d5,https://www.autoscout24.be/fr/offres/a4effead-e19a-46eb-a4d4-a05b535641d5,be,Audi,rs q3,,Audi RS Q3✖ SPORTBACK | BRAND NEW CONDITION | SOUNDSYSTEM,49950,,True,2022,02-2022,108000,1,used,petrol,294,399,2480,Euro 6d,,6.0,,,AWD,SUV/4x4/Pick-Up,5,5,Noir,,,,,dealer,,BE-4801 Stembert,BE,1,https://prod.pictures.autoscout24.net/listing-images/a4effead-e19a-46eb-a4d4-a05b535641d5_4de9a70b-2a13-4193-b3e8-389d02aab824.jpg/250x188.webp,2026-09-28T08:15:58.652592,0.46,4
a50ff2bb-c633-4209-9529-4c42e3d54a79,https://www.autoscout24.be/fr/offres/a50ff2bb-c633-4209-9529-4c42e3d54a79,be,Audi,a8,,Audi A8A8 PHEV 60 TFSI e Quattro 47% korting NP (340 kW) 2X,81000,,True,2024,11-2024,16000,1,used,hybrid,340,462,2995,Euro 6e,,6.0,,,AWD,Berline,4,5,Mythos,,,,,dealer,Autoconsulent,BE-1790 Affligem,BE,2,https://prod.pictures.autoscout24.net/listing-images/a50ff2bb-c633-4209-9529-4c42e3d54a79_ef12c656-3b0c-48b7-81f8-bee9bdab7c6d.jpg/250x188.webp,2026-09-28T08:15:58.652598,5.06,2
9cace554-07e2-466e-86a4-61575e56aa01,https://www.autoscout24.be/fr/offres/9cace554-07e2-466e-86a4-61575e56aa01,be,Toyota,corolla cross,,Toyota Corolla CrossHybrid | ACC | LED | Keyless | CAM,31900,,True,2025,05-2025,27268,1,used,hybrid,103,140,1987,Euro 6d,,6.0,,,Avant,SUV/4x4/Pick-Up,5,5,Gris,,,,,dealer,Autobedrijf NVD,BE-9100 Sint-Niklaas,BE,2,https://prod.pictures.autoscout24.net/listing-images/9cace554-07e2-466e-86a4-61575e56aa01_fac46278-1cf3-4e31-8c9e-3d1b63862e84.jpg/250x188.webp,2026-09-28T08:15:58.652605,1.17,1
d75534d3-815c-4907-a733-ff148c5a9976,https://www.autoscout24.be/fr/offres/d75534d3-815c-4907-a733-ff148c5a9976,be,Audi,q3,,Audi Q3Q3 PHEV 45 TFSIe S line S tronic (180 kW),32499,,True,2022,06-2022,59000,1,used,hybrid,180,244,1395,Euro 6d,,6.0,,,Avant,SUV/4x4/Pick-Up,5,5,Noir,,,,,dealer,MDV CARS,BE-1730 Asse,BE,2,https://prod.pictures.autoscout24.net/listing-images/d75534d3-815c-4907-a733-ff148c5a9976_b6431317-dcdb-41f8-8750-99d7c09ba2e7.jpg/250x188.webp,2026-09-28T08:15:58.652613,0.55,4
9769eb6a-df4b-4822-b2b5-168ce9d56212,https://www.autoscout24.be/fr/offres/9769eb6a-df4b-4822-b2b5-168ce9d56212,be,Opel,corsa,,Opel Corsa,15900,,True,2025,07-2025,1645,,used,petrol,74,100,1199,,,5.2,,,Avant,Citadine,5,5,Gris,,,,,dealer,Garage Frijters,BE-2950 Kapellen,BE,2,https://prod.pictures.autoscout24.net/listing-images/9769eb6a-df4b-4822-b2b5-168ce9d56212_834333b1-560a-432b-8542-4ce883207224.jpg/250x188.webp,2026-09-28T08:15:58.652620,9.67,1
f159a7c2-7af3-412b-8ba1-59d9b6629248,https://www.autoscout24.be/fr/offres/f159a7c2-7af3-412b-8ba1-59d9b6629248,be,Land Rover,range rover evoque,,Land Rover Range Rover EvoqueP300e S AWD DIRECTIEWAGEN,48900,,True,2024,01-2024,21710,,used,hybrid,221,300,1498,Euro 6d,,6.0,,,AWD,SUV/4x4/Pick-Up,5,5,Argent,,,,,dealer,Jaguar Land Rover Asse - Van Vaerenbergh,BE-1730 Asse,BE,3,https://prod.pictures.autoscout24.net/listing-images/f159a7c2-7af3-412b-8ba1-59d9b6629248_21fed05e-2843-4b17-b424-26a6c381b67e.jpg/250x188.webp,2026-09-28T08:15:58.652628,2.25,2
2391df82-dffb-4919-bf44-634f741f45c4,https://www.autoscout24.be/fr/offres/2391df82-dffb-4919-bf44-634f741f45c4,be,Mercedes-Benz,gla 180,,Mercedes-Benz GLA 180180d*AUT*DAB-RADIO*CAMERA*ZETELVERW.,25850,,True,2021,04-2021,81105,1,used,diesel,85,115,1950,,,4.7,,,Avant,SUV/4x4/Pick-Up,5,5,Noir,,,,,dealer,FALCOMOTIVE,BE-3800 Sint-Truiden,BE,2,https://prod.pictures.autoscout24.net/listing-images/2391df82-dffb-4919-bf44-634f741f45c4_74d8e600-595e-43d9-8744-5b74aceb934d.jpg/250x188.webp,2026-09-28T08:15:58.652636,0.32,5
c82a1819-35e5-442e-a924-f728ac2a9d02,https://www.autoscout24.be/fr/offres/c82a1819-35e5-442e-a924-f728ac2a9d02,be,Hyundai,tucson,,Hyundai TUCSON1.6T-GDi HYBRIDE Shine Sensation | FULL,27490,,True,2022,11-2022,61040,1,used,hybrid,169,229,1591,Euro 6e,,6.0,,,Avant,SUV/4x4/Pick-Up,5,5,Noir,,,,,dealer,Maro Mobility,BE-9100 Sint-Niklaas,BE,2,https://prod.pictures.autoscout24.net/listing-images/c82a1819-35e5-442e-a924-f728ac2a9d02_8d4e9779-f0b2-4f7c-b232-fbfebb38d54c.jpg/250x188.webp,2026-09-28T08:15:58.652645,0.45,4
06da6edc-ec65-4fc9-afa5-deff6f363227,https://www.autoscout24.be/fr/offres/06da6edc-ec65-4fc9-afa5-deff6f363227,be,BMW,x1,,BMW X1X1 1.5iA sDrive18 OPF,17490,,True,2020,01-2020,105000,1,used,petrol,100,136,1499,Euro 6d,,6.0,automatic,,Arrière,SUV/4x4/Pick-Up,5,5,Blanc,,,,,dealer,,BE-1981 Zemst,BE,1,https://prod.pictures.autoscout24.net/listing-images/06da6edc-ec65-4fc9-afa5-deff6f363227_e936ddc2-7129-47a9-8ef7-b7f3b79870e4.jpg/250x188.webp,2026-09-28T08:15:58.652652,0.17,6
e84bd221-4a99-441c-a654-d70848833f8e,https://www.autoscout24.be/fr/offres/e84bd221-4a99-441c-a654-d70848833f8e,be,Mazda,3,,Mazda 3Hatchback 2.0 Skyactiv-G 90kW Skycruise LEDER | BO,18945,,True,2021,05-2021,62652,,used,petrol,66,90,2000,,,2138.0,,,Avant,Citadine,5,5,Gris,,,,,dealer,Van Mossel Used Cars Center Lokeren,BE-9160 Lokeren,BE,2,https://prod.pictures.autoscout24.net/listing-images/e84bd221-4a99-441c-a654-d70848833f8e_11064519-eee7-4f80-afde-750c2206643a.jpg/250x188.webp,2026-09-28T08:15:58.652660,0.3,5
a8e80997-5dbb-48dc-8bc3-f641323e6a77,https://www.autoscout24.be/fr/offres/a8e80997-5dbb-48dc-8bc3-f641323e6a77,be,Hyundai,i30,,Hyundai i30i30 1.0 T-GDi MHEV Techno,12490,,True,2021,04-2021,95439,,used,petrol,64,88,998,,,,,,Boîte manuelle,Berline,5,5,Gris,,,,,dealer,click2move by Declerc,BE-5100 Naninne (Namur),BE,2,https://prod.pictures.autoscout24.net/listing-images/a8e80997-5dbb-48dc-8bc3-f641323e6a77_4a415765-7d33-4d2f-99ac-f70554bc150e.jpg/250x188.webp,2026-09-28T08:15:58.652668,0.13,5
837cdbf6-2f04-4d31-94bc-3a29b82ced8e,https://www.autoscout24.be/fr/offres/837cdbf6-2f04-4d31-94bc-3a29b82ced8e,be,Land Rover,discovery,,Land Rover DiscoveryD300 Dynamic HSE // 7 Zit,72950,,True,2025,02-2025,27500,,used,diesel,221,300,2993,Euro 6d,,6.0,,,AWD,SUV/4x4/Pick-Up,5,5,Gris,,,,,dealer,Jaguar Land Rover Metropool Kempen,BE-2200 Herentals,BE,3,https://prod.pictures.autoscout24.net/listing-images/837cdbf6-2f04-4d31-94bc-3a29b82ced8e_e1b59be3-3815-49d1-b297-77a92e4e7e52.jpg/250x188.webp,2026-09-28T08:15:58.652676,2.65,1
9d28c7bd-fbcd-426b-9930-5397911d51e7,https://www.autoscout24.be/fr/offres/9d28c7bd-fbcd-426b-9930-5397911d51e7,be,Mercedes-Benz,gle 350,,Mercedes-Benz GLE 350de 4-Matic PHEV,45599,,True,2020,12-2020,137000,2,used,diesel,143,194,1950,Euro 6d,,6.0,,,AWD,SUV/4x4/Pick-Up,5,5,Noir,,,,,dealer,Qmotors,BE-3580 Beringen,BE,2,https://prod.pictures.autoscout24.net/listing-images/9d28c7bd-fbcd-426b-9930-5397911d51e7_b77210e0-6ab7-41ae-b976-707cfe027aad.jpg/250x188.webp,2026-09-28T08:15:58.652684,0.33,6
232f1b39-3a74-42a5-ac5f-22bc685179ec,https://www.autoscout24.be/fr/offres/232f1b39-3a74-42a5-ac5f-22bc685179ec,be,Nissan,qashqai,,Nissan Qashqai360Camera-GPS-Airco-Pano,12995,,True,2020,08-2020,143767,,used,petrol,86,117,1300,,,2130.0,,,Avant,SUV/4x4/Pick-Up,5,5,Blanc,,,,,dealer,GMS Store Nissan Herent,BE-3020 Herent,BE,2,https://prod.pictures.autoscout24.net/listing-images/232f1b39-3a74-42a5-ac5f-22bc685179ec_4506ea64-1a1b-47c5-97c9-a3c04c0256d5.jpg/250x188.webp,2026-09-28T08:15:58.652691,0.09,6
5c78fa56-88a5-465e-9d53-d314013f5216,https://www.autoscout24.be/fr/offres/5c78fa56-88a5-465e-9d53-d314013f5216,be,BMW,x3,,BMW X32.0 dA X-line Pakket / PanoDak,25490,,True,2020,01-2020,111434,1,used,diesel,110,149,1995,Euro 6d,,6.0,,,Avant,SUV/4x4/Pick-Up,5,5,Brun,,,,,dealer,B&Y AUTOCENTER,BE-3510 Hasselt,BE,2,https://prod.pictures.autoscout24.net/listing-images/5c78fa56-88a5-465e-9d53-d314013f5216_9e53c131-162e-48a2-8e37-a66a75e35a24.jpg/250x188.webp,2026-09-28T08:15:58.652699,0.23,6
2b20d621-a112-4ea6-beea-e9a1bed4e097,https://www.autoscout24.be/fr/offres/2b20d621-a112-4ea6-beea-e9a1bed4e097,be,Volkswagen,polo,,Volkswagen PoloAUTOMAAT | APPLE CARPLAY | VIRTUAL COCKPIT |,19950,,True,2025,06-2025,10583,1,used,petrol,70,95,999,Euro 6e,,6.0,automatic,,Avant,Berline,5,5,Noir,,,,,dealer,VEHICAL,BE-8870 Izegem,BE,2,https://prod.pictures.autoscout24.net/listing-images/2b20d621-a112-4ea6-beea-e9a1bed4e097_f6aafbe3-3abe-43b1-9a04-ffd28dfddee1.jpg/250x188.webp,2026-09-28T08:15:58.652707,1.89,1
59063106-9e03-4d5c-8814-cabdb88f69da,https://www.autoscout24.be/fr/offres/59063106-9e03-4d5c-8814-cabdb88f69da,be,Ford,focus,,Ford Focus1.0 EcoBoost ST-Line Boite AUTO.,12490,,True,2019,03-2019,100000,1,used,petrol,92,125,998,Euro 6d,,6.0,,,Boîte automatique,Berline,5,5,Bleu,,,,,dealer,Carbon SA,BE-7033 Mons,BE,1,https://prod.pictures.autoscout24.net/listing-images/59063106-9e03-4d5c-8814-cabdb88f69da_819e373a-c12c-4e7b-a7da-27405d731142.jpg/250x188.webp,2026-09-28T08:15:58.652715,0.12,7
fb51f771-ff1f-4b6b-a5d1-4a487310b6da,https://www.autoscout24.be/fr/offres/fb51f771-ff1f-4b6b-a5d1-4a487310b6da,be,BMW,x1,,BMW X11.5i Automatique sDrive18 Leder OpenDak,14900,,True,2018,09-2018,115383,1,used,petrol,100,136,1499,Euro 6b,,6.0,automatic,,Avant,SUV/4x4/Pick-Up,5,5,Bleu,,,,,dealer,Stad M,BE-1760 Roosdaal,BE,2,https://prod.pictures.autoscout24.net/listing-images/fb51f771-ff1f-4b6b-a5d1-4a487310b6da_b596af0e-0de8-4007-af2c-530bc363d1c2.jpg/250x188.webp,2026-09-28T08:15:58.652723,0.13,8
6f477d4f-cb8b-4fe9-b1f3-5450a0d20d7f,https://www.autoscout24.be/fr/offres/6f477d4f-cb8b-4fe9-b1f3-5450a0d20d7f,be,Volvo,xc60,,Volvo XC60B4 D Geartronic Momentum Pro NAVI | CARPLAY | LED,29645,,True,2021,07-2021,39826,,used,diesel,145,197,2000,,,2127.0,,,Avant,SUV/4x4/Pick-Up,5,5,Gris,,,,,dealer,Van Mossel Used Cars Center Lokeren,BE-9160 Lokeren,BE,2,https://prod.pictures.autoscout24.net/listing-images/6f477d4f-cb8b-4fe9-b1f3-5450a0d20d7f_fbb40ee2-30c8-4dad-9b5f-d31d51e6a49f.jpg/250x188.webp,2026-09-28T08:15:58.652730,0.74,5
7e5cc3e1-fa54-4c32-b469-b89c000fa28d,https://www.autoscout24.be/fr/offres/7e5cc3e1-fa54-4c32-b469-b89c000fa28d,be,BMW,x5,,BMW X5PHEV 3.0AS xDrive45e (EU6AP),49900,,True,2022,08-2022,82000,,used,hybrid,210,285,2998,,,1.6,,,Boîte automatique,SUV/4x4/Pick-Up,5,5,,,,,,private,,,BE,1,https://prod.pictures.autoscout24.net/listing-images/7e5cc3e1-fa54-4c32-b469-b89c000fa28d_7f45b27e-c230-4735-8396-03df74bbf67e.jpg/250x188.webp,2026-09-28T08:15:58.652745,0.61,4
8477c8d4-3278-43fb-96fc-6a7ad94ae7af,https://www.autoscout24.be/fr/offres/8477c8d4-3278-43fb-96fc-6a7ad94ae7af,be,Mercedes-Benz,a 180,,Mercedes-Benz A 180d AMG Line,23890,,True,2020,06-2020,63017,,used,diesel,85,115,1461,Euro 6,,6.0,automatic,,Boîte automatique,Berline,4,5,Noir,,,,,dealer,SAGA Drogenbos,BE-1620 Drogenbos,BE,2,https://prod.pictures.autoscout24.net/listing-images/8477c8d4-3278-43fb-96fc-6a7ad94ae7af_54561a30-8c3d-461c-864c-35fc6f1c62a8.jpg/250x188.webp,2026-09-28T08:15:58.652752,0.38,6
dbd729ff-08fb-4291-a299-8d0671584c02,https://www.autoscout24.be/fr/offres/dbd729ff-08fb-4291-a299-8d0671584c02,be,Porsche,panamera,,Porsche PanameraPanamera 4 e-Hybrid 2.9 V6 Turbo PHEV PDK,60500,,True,2022,07-2022,96500,2,used,hybrid,178,243,2894,Euro 6d,,6.0,,,AWD,Berline,4,4,Noir,,,,,private,,,BE,1,https://prod.pictures.autoscout24.net/listing-images/dbd729ff-08fb-4291-a299-8d0671584c02_ec40f5c8-881d-4af0-8613-2122b691555a.jpg/250x188.webp,2026-09-28T08:15:58.652759,0.63,4
c06c13c4-703e-4318-b2c4-43503a5967b5,https://www.autoscout24.be/fr/offres/c06c13c4-703e-4318-b2c4-43503a5967b5,be,Peugeot,2008,,Peugeot 2008Hybrid 136 Style eDCS6,16500,,True,2026,03-2026,11700,,used,hybrid,100,136,1199,,,2110.0,,,Boîte automatique,SUV/4x4/Pick-Up,5,5,,,,,,private,,,BE,1,https://prod.pictures.autoscout24.net/listing-images/c06c13c4-703e-4318-b2c4-43503a5967b5_219c84d1-60e3-49bc-a296-5e5348634f3e.jpg/250x188.webp,2026-09-28T08:15:58.652766,1.41,0
fb4d8a32-84f6-4462-b450-46595c126909,https://www.autoscout24.be/fr/offres/fb4d8a32-84f6-4462-b450-46595c126909,be,Land Rover,range rover velar,,Land Rover Range Rover VelarD200 4WD Auto Velar Edition,43900,,True,2021,04-2021,36318,,used,diesel,150,204,1997,Euro 6d,,6.0,,,AWD,SUV/4x4/Pick-Up,5,5,Noir,,,,,dealer,JLR Louyet Namur,BE-5101 Namur (Erpent),BE,3,https://prod.pictures.autoscout24.net/listing-images/fb4d8a32-84f6-4462-b450-46595c126909_79c8793d-3570-4bc6-80a2-db4452b3884c.jpg/250x188.webp,2026-09-28T08:15:58.652773,1.21,5
74a22457-7202-4cff-9317-3e042d4dbf30,https://www.autoscout24.be/fr/offres/74a22457-7202-4cff-9317-3e042d4dbf30,be,Toyota,rav4,,Toyota RAV4Dynamic Plus,37950,,True,2024,06-2024,18246,,used,hybrid,131,178,2487,Euro 6,,6.0,,,Avant,SUV/4x4/Pick-Up,5,5,Vert,,,,,dealer,De Bruyn Wezemaal,BE-3111 Wezemaal,BE,2,https://prod.pictures.autoscout24.net/listing-images/74a22457-7202-4cff-9317-3e042d4dbf30_cd863ae7-ead6-4902-8669-45727dd07fae.jpg/250x188.webp,2026-09-28T08:15:58.652781,2.08,2
bd48ded4-40d6-47db-b64b-ad7b9e898997,https://www.autoscout24.be/fr/offres/bd48ded4-40d6-47db-b64b-ad7b9e898997,be,Mitsubishi,l200,,Mitsubishi L200L 200 2.3 DI-D 4WD-II Intense HARDTOP,26450,,True,2019,11-2019,79125,2,used,diesel,110,149,2268,Euro 6d,,6.0,,,AWD,SUV/4x4/Pick-Up,4,5,Bleu,,,,,dealer,Autocenter Hein NV,BE-3110 Rotselaar,BE,2,https://prod.pictures.autoscout24.net/listing-images/bd48ded4-40d6-47db-b64b-ad7b9e898997_447a2ce1-2eca-45e7-b966-f2832474eab9.jpg/250x188.webp,2026-09-28T08:15:58.652788,0.33,7
e86452ea-4ec7-4ef0-80ce-98d6121a2450,https://www.autoscout24.be/fr/offres/e86452ea-4ec7-4ef0-80ce-98d6121a2450,be,Mercedes-Benz,v 300,,Mercedes-Benz V 300d AMG Pack * ACC * Burmester * 360 * LED,49995,,True,2021,07-2021,78571,1,used,diesel,176,239,1950,Euro 6d,,6.0,,,Arrière,Monospace,5,5,Noir,,,,,dealer,Vanlerberghe Premium Cars,BE-8800 Roeselare,BE,2,https://prod.pictures.autoscout24.net/listing-images/e86452ea-4ec7-4ef0-80ce-98d6121a2450_db1c0297-b5f1-490a-b8f5-5f328d0767fb.jpg/250x188.webp,2026-09-28T08:15:58.652796,0.64,5
fb5dfeab-69af-426c-b3a6-98fcaedf2267,https://www.autoscout24.be/fr/offres/fb5dfeab-69af-426c-b3a6-98fcaedf2267,be,Audi,a3,,Audi A3A3 Sportback 30 TDi Business S tronic,15990,,True,2018,07-2018,81452,,used,diesel,85,115,1598,,,3.9,,,Boîte automatique,Berline,5,5,Noir,,,,,dealer,click2move by Declerc,BE-5100 Naninne (Namur),BE,2,https://prod.pictures.autoscout24.net/listing-images/fb5dfeab-69af-426c-b3a6-98fcaedf2267_d91a94b7-d2a7-4b77-ac97-688321df485c.jpg/250x188.webp,2026-09-28T08:15:58.652803,0.2,8
4065ba14-e7a0-4488-9457-3b8524368c91,https://www.autoscout24.be/fr/offres/4065ba14-e7a0-4488-9457-3b8524368c91,be,Audi,a3,,Audi A3A3 Sportback 30 TFSI*CARPLAY*SIEGES,18899,,True,2021,06-2021,77000,1,used,petrol,59,81,999,Euro 6d,,6.0,,,Boîte automatique,Berline,5,5,Noir,,,,,dealer,Auto Aria,BE-1332 Genval,BE,2,https://prod.pictures.autoscout24.net/listing-images/4065ba14-e7a0-4488-9457-3b8524368c91_ca32c1ea-cab3-4c1d-8324-78cade18ada9.jpg/250x188.webp,2026-09-28T08:15:58.652810,0.25,5
a3182999-c0dd-40d6-8fd4-db68e2d6195c,https://www.autoscout24.be/fr/offres/a3182999-c0dd-40d6-8fd4-db68e2d6195c,be,Ford,ecosport,,Ford EcoSport1.0 EcoBoost FWD (EU6d) Front Assist Led,11990,,True,2022,12-2022,54308,,used,petrol,67,92,998,Euro 6d,,6.0,,,Avant,SUV/4x4/Pick-Up,5,5,Blanc,,,,,dealer,Garage l'As de l'Auto,BE-6200 Chatelet,BE,1,https://prod.pictures.autoscout24.net/listing-images/a3182999-c0dd-40d6-8fd4-db68e2d6195c_674cd9e7-2847-4d1b-bfbe-2a6583c51bdd.jpg/250x188.webp,2026-09-28T08:15:58.652817,0.22,4
a03f213b-d16c-4a81-9ff8-a5781f3759a5,https://www.autoscout24.be/fr/offres/a03f213b-d16c-4a81-9ff8-a5781f3759a5,be,Land Rover,defender,,Land Rover DefenderD200 AWD Auto X-Dynamic SE,72900,,True,2025,03-2025,16386,,used,diesel,147,199,2997,Euro 6e,,6.0,,,AWD,SUV/4x4/Pick-Up,3,5,Noir,,,,,dealer,JLR Louyet Namur,BE-5101 Namur (Erpent),BE,3,https://prod.pictures.autoscout24.net/listing-images/a03f213b-d16c-4a81-9ff8-a5781f3759a5_4fc9464e-8be3-4755-9ab7-c4c42050de1e.jpg/250x188.webp,2026-09-28T08:15:58.652824,4.45,1
2c37658b-df19-412c-a571-bc04ec7d9408,https://www.autoscout24.be/fr/offres/2c37658b-df19-412c-a571-bc04ec7d9408,be,Audi,e-tron gt,,Audi e-tron GTQuattro / HUD / 360 / RS Seats nappa leder /,74990,,True,2024,01-2024,15000,,used,electric,350,476,,Euro 6d-TEMP,,6.0,,,AWD,Berline,4,5,Gris,,,,,dealer,ALG Cars,BE-8830 Hooglede,BE,2,https://prod.pictures.autoscout24.net/listing-images/2c37658b-df19-412c-a571-bc04ec7d9408_d858b75a-8076-46f7-bad9-5bc00a2f6e27.jpg/250x188.webp,2026-09-28T08:15:58.652831,5.0,2
4bdcef4d-8cae-4e19-8e21-63bffd57f557,https://www.autoscout24.be/fr/offres/4bdcef4d-8cae-4e19-8e21-63bffd57f557,be,Mercedes-Benz,cla 250,,Mercedes-Benz CLA 250250e*PHEV*NAVI,27750,,True,2022,03-2022,54835,1,used,hybrid,160,217,1332,Euro 6,,6.0,,,Avant,Coupé,4,5,Gris,,,,,dealer,FALCOMOTIVE,BE-3800 Sint-Truiden,BE,2,https://prod.pictures.autoscout24.net/listing-images/4bdcef4d-8cae-4e19-8e21-63bffd57f557_a137c60d-d08f-4925-b979-a77abeac0c93.jpg/250x188.webp,2026-09-28T08:15:58.652838,0.51,4
019c4d55-4114-4769-b544-59f7d1948d72,https://www.autoscout24.be/fr/offres/019c4d55-4114-4769-b544-59f7d1948d72,be,Ford,transit custom,,Ford Transit CustomDC  320L Limited - Garantie tot 06,49990,,True,2026,06-2026,10,1,new,diesel,125,170,1996,Euro 6,,6.0,,,Avant,Berline,5,5,Gris,,,,,dealer,CIAC Ford Gent,BE-9050 Ledeberg,BE,2,https://prod.pictures.autoscout24.net/listing-images/019c4d55-4114-4769-b544-59f7d1948d72_65483dce-8c89-4ce2-844e-09e35093f4cd.jpg/250x188.webp,2026-09-28T08:15:58.652845,4999.0,0
cf7b98c8-5448-4880-8f33-74e26250a1c9,https://www.autoscout24.be/fr/offres/cf7b98c8-5448-4880-8f33-74e26250a1c9,be,Peugeot,308,,Peugeot 308EXPORT * AUTOMATIQUE,7950,,True,2018,12-2018,93348,,used,diesel,96,130,,,,,automatic,,Boîte automatique,Berline,5,,Gris,,,,,dealer,M-Cars,BE-4610 Beyne-heusay,BE,1,https://prod.pictures.autoscout24.net/listing-images/cf7b98c8-5448-4880-8f33-74e26250a1c9_fa96858e-4be9-4980-9ae3-59491e4ac5f5.jpg/250x188.webp,2026-09-28T08:15:58.652852,0.09,8
c1f16d2a-76eb-4289-86d3-5d9480a23a1b,https://www.autoscout24.be/fr/offres/c1f16d2a-76eb-4289-86d3-5d9480a23a1b,be,Mercedes-Benz,glc 250,,Mercedes-Benz GLC 2504-MATIC AMG-LINE MANUFAKTUR,27990,,True,2018,04-2018,58990,1,used,petrol,155,210,1991,Euro 6b,,6.0,,,AWD,SUV/4x4/Pick-Up,5,5,Bleu,,,,,dealer,Car-Esse BV,BE-8800 Roeselare,BE,2,https://prod.pictures.autoscout24.net/listing-images/c1f16d2a-76eb-4289-86d3-5d9480a23a1b_9ac2a462-78dd-4e50-96b4-6fc9cf362228.jpg/250x188.webp,2026-09-28T08:15:58.652859,0.47,8
e9fd3af7-121f-46ff-9c07-18ad012ec11a,https://www.autoscout24.be/fr/offres/e9fd3af7-121f-46ff-9c07-18ad012ec11a,be,Mercedes-Benz,cla 200,,Mercedes-Benz CLA 200Shooting Brake AMG Line - DOS 8831,35900,,True,2025,07-2025,5797,,used,petrol,120,163,1332,Euro 6d-TEMP,,6.0,,,Avant,Break,5,5,Noir,,,,,dealer,,BE-3700 Tongeren,BE,1,https://prod.pictures.autoscout24.net/listing-images/e9fd3af7-121f-46ff-9c07-18ad012ec11a_ca0af4ce-95d5-4f3e-a8ce-d67b3f810eb7.jpg/250x188.webp,2026-09-28T08:15:58.652866,6.19,1
a75a0dae-e9aa-4ae3-abfa-40f62f2cef6e,https://www.autoscout24.be/fr/offres/a75a0dae-e9aa-4ae3-abfa-40f62f2cef6e,be,Skoda,kamiq,,Skoda Kamiq1.0 TSI Clever DSG,15950,,True,2021,08-2021,100560,1,used,petrol,81,110,999,Euro 6d,,6.0,,,Avant,SUV/4x4/Pick-Up,5,5,Noir,,,,,dealer,Groupe Michaël Mazuin,BE-5070 Fosses-la-Ville,BE,3,https://prod.pictures.autoscout24.net/listing-images/a75a0dae-e9aa-4ae3-abfa-40f62f2cef6e_0567fcd7-c7db-48d3-a6a1-aec0e533d3e5.jpg/250x188.webp,2026-09-28T08:15:58.652874,0.16,5
bbe11330-77f0-4bf9-ad28-2ce6a44dfe1c,https://www.autoscout24.be/fr/offres/bbe11330-77f0-4bf9-ad28-2ce6a44dfe1c,be,Skoda,octavia,,Skoda OctaviaOctavia RS 2.0 CR TDi DSG,24900,,True,2022,01-2022,128900,1,used,diesel,147,199,1968,Euro 6d,,6.0,,,Avant,Berline,5,5,Noir,,,,,dealer,MDV CARS,BE-1730 Asse,BE,2,https://prod.pictures.autoscout24.net/listing-images/bbe11330-77f0-4bf9-ad28-2ce6a44dfe1c_4409f1eb-b400-4aab-868a-9ad146111a5a.jpg/250x188.webp,2026-09-28T08:15:58.652881,0.19,4
7542e93d-bc78-411f-8151-6ef7155d463c,https://www.autoscout24.be/fr/offres/7542e93d-bc78-411f-8151-6ef7155d463c,be,Ford,focus,,Ford FocusFocus 1.5 EcoBlue Connected AUTO *8678 NETTO,10500,,True,2020,06-2020,101615,,used,diesel,88,119,1498,Euro 6d,,6.0,,,Boîte automatique,Break,5,5,Gris,,,,,dealer,The Dream Car sa,BE-1330 Rixensart,BE,1,,2026-09-28T08:15:58.652887,0.1,6
041a37df-c57d-45ac-9f89-c512b7bb7212,https://www.autoscout24.be/fr/offres/041a37df-c57d-45ac-9f89-c512b7bb7212,be,Cupra,formentor,,"CUPRA FormentorFormentor 1.5 TSI DSG Incl. LED - JA 19"" -",23290,,True,2022,03-2022,68134,,used,petrol,110,149,1498,,,,,,Boîte automatique,SUV/4x4/Pick-Up,5,5,Gris,,,,,dealer,click2move by Declerc,BE-5100 Naninne (Namur),BE,2,https://prod.pictures.autoscout24.net/listing-images/041a37df-c57d-45ac-9f89-c512b7bb7212_2cf946e0-d1fb-4311-a056-7cc75202faf5.jpg/250x188.webp,2026-09-28T08:15:58.652894,0.34,4
2cb9e2c4-011d-4128-a658-f725b8566c12,https://www.autoscout24.be/fr/offres/2cb9e2c4-011d-4128-a658-f725b8566c12,be,Peugeot,208,,Peugeot 2081.2i - GT LINE - 5 Portes - Caméra - Navigation,5950,,True,2018,10-2018,102745,,used,petrol,81,110,1199,Euro 6d-TEMP,,6.0,automatic,,Avant,Berline,5,5,Noir,,,,,dealer,V.V.S CAR’S,BE-6150 Anderlues,BE,1,https://prod.pictures.autoscout24.net/listing-images/2cb9e2c4-011d-4128-a658-f725b8566c12_d43b6e24-2b4a-48fa-9078-2d019dfce400.jpg/250x188.webp,2026-09-28T08:15:58.652902,0.06,8
c9e62feb-964a-42e9-9873-ed8e364526b3,https://www.autoscout24.be/fr/offres/c9e62feb-964a-42e9-9873-ed8e364526b3,be,Land Rover,defender,,Land Rover Defender110 D200 S AWD Auto. 26MY,75990,,True,,new,0,,new,diesel,147,199,2996,Euro 6,,6.0,,,AWD,SUV/4x4/Pick-Up,5,5,Vert,,,,,dealer,Jaguar Land Rover ACG,BE-9820 Merelbeke,BE,2,https://prod.pictures.autoscout24.net/listing-images/c9e62feb-964a-42e9-9873-ed8e364526b3_f36abf20-40d2-4a4d-8e32-6e2f0e5e8852.jpg/250x188.webp,2026-09-28T08:15:58.652909,,
e14e860a-9008-4cd1-8ff4-25402ac4f537,https://www.autoscout24.be/fr/offres/e14e860a-9008-4cd1-8ff4-25402ac4f537,be,Mg,ehs,,"MG EHS1.5 Benzine PlugIn - Pano - SoH 97,4%! Topstaat!",20990,,True,2023,03-2023,57326,2,used,hybrid,87,119,1490,Euro 6,,6.0,,,Avant,SUV/4x4/Pick-Up,5,5,Blanc,,,,,dealer,Provan Motors,BE-9810 Eke,BE,2,https://prod.pictures.autoscout24.net/listing-images/e14e860a-9008-4cd1-8ff4-25402ac4f537_2c62f1ec-5d56-4ae0-8540-e8cc740c379d.jpg/250x188.webp,2026-09-28T08:15:58.652916,0.37,3
01bc97b6-5cec-411b-9053-697b7124a044,https://www.autoscout24.be/fr/offres/01bc97b6-5cec-411b-9053-697b7124a044,be,BMW,x2,,BMW X2X2 1.5 d sDrive16 (EU6d) Panoramadak Blackpack,16750,,True,2021,02-2021,122090,1,used,diesel,62,85,1496,Euro 6,,6.0,,,Avant,SUV/4x4/Pick-Up,5,5,Gris,,,,,dealer,Yprauto,BE-8840 Oostnieuwkerke,BE,2,https://prod.pictures.autoscout24.net/listing-images/01bc97b6-5cec-411b-9053-697b7124a044_99ced6a7-2e3a-4f9a-b6ca-27ec01bf329c.jpg/250x188.webp,2026-09-28T08:15:58.652924,0.14,5
1b6c9664-147c-4356-a4de-4cb37eec9ab2,https://www.autoscout24.be/fr/offres/1b6c9664-147c-4356-a4de-4cb37eec9ab2,be,Mini,cooper,,MINI CooperMini 1.5 Cooper OPF DCT Incl. LED - Navi -,16990,,True,2021,03-2021,62543,,used,petrol,100,136,1499,,,,,,Boîte automatique,Berline,5,5,Blanc,,,,,dealer,click2move by Declerc,BE-5100 Naninne (Namur),BE,2,https://prod.pictures.autoscout24.net/listing-images/1b6c9664-147c-4356-a4de-4cb37eec9ab2_2cac757b-feef-438e-b664-74b71f6bca6d.jpg/250x188.webp,2026-09-28T08:15:58.652973,0.27,5
1fe6f92a-6925-4315-a7ce-fac6c9ed822d,https://www.autoscout24.be/fr/offres/1fe6f92a-6925-4315-a7ce-fac6c9ed822d,be,Peugeot,208,,Peugeot 208Active 1.2 Hybrid 100pk e-DCS6,17390,,True,2024,09-2024,20115,1,used,hybrid,74,100,1199,Euro 6e,,6.0,automatic,,Avant,Berline,5,5,Gris,,,,,dealer,Traxxion Deinze,BE-9800 Deinze,BE,1,https://prod.pictures.autoscout24.net/listing-images/1fe6f92a-6925-4315-a7ce-fac6c9ed822d_86474344-ee56-41d8-8720-33c091fdf709.jpg/250x188.webp,2026-09-28T08:15:58.652982,0.86,2
7ca47435-a0ad-4f30-8656-d650567ee206,https://www.autoscout24.be/fr/offres/7ca47435-a0ad-4f30-8656-d650567ee206,be,Mazda,cx-5,,Mazda CX-5Homura - Automaat - 31876km,30990,,True,2024,03-2024,31876,1,used,hybrid,120,163,1998,Euro 6d-TEMP,,6.0,,,Avant,SUV/4x4/Pick-Up,5,5,Rouge,,,,,dealer,CIAC Ford Gent,BE-9050 Ledeberg,BE,2,https://prod.pictures.autoscout24.net/listing-images/7ca47435-a0ad-4f30-8656-d650567ee206_3ac477b6-43db-4106-8886-71989feeab13.jpg/250x188.webp,2026-09-28T08:15:58.652990,0.97,2
fb47c6d7-2790-467b-8aef-a114ae9bda27,https://www.autoscout24.be/fr/offres/fb47c6d7-2790-467b-8aef-a114ae9bda27,be,Land Rover,defender,,Land Rover Defender110 D200 S AWD Auto. 26MY,74250,,True,2026,05-2026,3000,,used,diesel,147,199,2997,,,2226.0,,,AWD,SUV/4x4/Pick-Up,5,5,Noir,,,,,dealer,Jaguar Land Rover Asse - Van Vaerenbergh,BE-1730 Asse,BE,2,https://prod.pictures.autoscout24.net/listing-images/fb47c6d7-2790-467b-8aef-a114ae9bda27_b2554bd9-4c55-4510-a1ba-6513ddffdb08.jpg/250x188.webp,2026-09-28T08:15:58.652997,24.75,0
7281a2eb-4c1c-402a-8cac-55fa1fd652b2,https://www.autoscout24.be/fr/offres/7281a2eb-4c1c-402a-8cac-55fa1fd652b2,be,BMW,x4,,BMW X4xDrive30i*AUT*M-SPORT*HUD*252 PK*360°,38750,,True,2021,06-2021,47724,1,used,petrol,185,251,1998,Euro 6,,6.0,,,AWD,SUV/4x4/Pick-Up,5,5,Gris,,,,,dealer,FALCOMOTIVE,BE-3800 Sint-Truiden,BE,2,https://prod.pictures.autoscout24.net/listing-images/7281a2eb-4c1c-402a-8cac-55fa1fd652b2_05b1f561-7ce9-4e18-9191-9c719249b8ba.jpg/250x188.webp,2026-09-28T08:15:58.653005,0.81,5
ef5eca84-3707-4c82-bd38-1258cc51854e,https://www.autoscout24.be/fr/offres/ef5eca84-3707-4c82-bd38-1258cc51854e,be,Volkswagen,golf,,Volkswagen GolfGolf 1.5 TSI R-LINE DSG 31.000KM.,29500,,True,2024,05-2024,31048,1,used,petrol,110,149,1498,Euro 6,,6.0,,,Avant,Berline,5,5,Gris,,,,,dealer,Modern Cars Achten bvba,BE-3600 Genk,BE,1,https://prod.pictures.autoscout24.net/listing-images/ef5eca84-3707-4c82-bd38-1258cc51854e_519c6fb9-c7e9-4a47-9ab1-57f94a698d9b.jpg/250x188.webp,2026-09-28T08:15:58.653012,0.95,2
e90f0f3a-7ef4-494f-9215-24023cd3bce6,https://www.autoscout24.be/fr/offres/e90f0f3a-7ef4-494f-9215-24023cd3bce6,be,BMW,x3,,BMW X3X3 30e M sportpakket facelift model,38250,,True,2021,11-2021,81340,1,used,hybrid,215,292,1998,Euro 6e,,6.0,,,AWD,SUV/4x4/Pick-Up,5,5,Noir,,,,,dealer,Bart Cars bv,BE-2580 Putte,BE,2,https://prod.pictures.autoscout24.net/listing-images/e90f0f3a-7ef4-494f-9215-24023cd3bce6_d15dad0e-a8b2-44ae-91a2-f7b68b07c6c2.jpg/250x188.webp,2026-09-28T08:15:58.653035,0.47,5
fd3e77a2-4a99-4874-a553-d081f84cb893,https://www.autoscout24.be/fr/offres/fd3e77a2-4a99-4874-a553-d081f84cb893,be,Land Rover,range rover evoque,,Land Rover Range Rover EvoqueD150 R-Dynamic S AWD Auto.,31950,,True,2022,01-2022,52500,,used,diesel,110,149,1999,Euro 6,,6.0,,,AWD,SUV/4x4/Pick-Up,5,5,Rouge,,,,,dealer,Jaguar Land Rover Metropool Kempen,BE-2200 Herentals,BE,3,https://prod.pictures.autoscout24.net/listing-images/fd3e77a2-4a99-4874-a553-d081f84cb893_ea71b1af-c691-4aac-9ace-db731d4f7e81.jpg/250x188.webp,2026-09-28T08:15:58.653043,0.61,4
4c3ee279-bdf6-47da-98aa-2e3c4ffcd5f0,https://www.autoscout24.be/fr/offres/4c3ee279-bdf6-47da-98aa-2e3c4ffcd5f0,be,BMW,318,,BMW 318i*AUT*M-SPORT,28480,,True,2022,03-2022,84653,2,used,petrol,115,156,1998,Euro 6,,6.0,,,Arrière,Break,5,5,Noir,,,,,dealer,FALCOMOTIVE,BE-3800 Sint-Truiden,BE,2,https://prod.pictures.autoscout24.net/listing-images/4c3ee279-bdf6-47da-98aa-2e3c4ffcd5f0_1684731d-60bd-4551-bb7b-3305f8de60be.jpg/250x188.webp,2026-09-28T08:15:58.653050,0.34,4
c432188c-2568-4477-94dc-e6f2e28de70f,https://www.autoscout24.be/fr/offres/c432188c-2568-4477-94dc-e6f2e28de70f,be,Volkswagen,t-cross,,Volkswagen T-Cross1.0 TSI Active 1 HAND CARPASS FULL CARNET,13950,,True,2022,05-2022,90309,1,used,petrol,51,70,999,Euro 6d,,6.0,,,Avant,SUV/4x4/Pick-Up,5,5,Bleu,,,,,dealer,Stad M,BE-1760 Roosdaal,BE,2,https://prod.pictures.autoscout24.net/listing-images/c432188c-2568-4477-94dc-e6f2e28de70f_7f7270fd-1936-4f75-8429-1956a5b1cfdd.jpg/250x188.webp,2026-09-28T08:15:58.653058,0.15,4
e8653079-cedc-4168-aa6b-85435e8f157f,https://www.autoscout24.be/fr/offres/e8653079-cedc-4168-aa6b-85435e8f157f,be,Volvo,s60,,Volvo S60R-Design T5 Aut | Harman Kardon | Adapt Cruise | K,31950,,True,2019,09-2019,66152,,used,petrol,184,250,1969,Euro 6,,6.0,,,Avant,Berline,4,5,Noir,,,,,dealer,Automobilia Veurne,BE-8630 Veurne,BE,2,https://prod.pictures.autoscout24.net/listing-images/e8653079-cedc-4168-aa6b-85435e8f157f_7b56fabc-a06d-4ad0-ab01-aeccec47565a.jpg/250x188.webp,2026-09-28T08:15:58.653065,0.48,7
240b051e-ae3e-4d49-888f-8271b5799756,https://www.autoscout24.be/fr/offres/240b051e-ae3e-4d49-888f-8271b5799756,be,BMW,116,,BMW 116 d  / FEUX LED AUT. / VIRTUAL COCKPIT / LANE-ASSIST,17800,,True,2022,03-2022,34160,1,used,diesel,85,115,1496,Euro 6d,,6.0,,,Avant,Berline,5,5,Noir,,,,,dealer,Pitlane Motor Srl,BE-7600 Péruwelz,BE,2,https://prod.pictures.autoscout24.net/listing-images/240b051e-ae3e-4d49-888f-8271b5799756_22e3ed4b-916f-41fa-b82c-a5412d562877.jpg/250x188.webp,2026-09-28T08:15:58.653073,0.52,4
7657624a-dc8b-4494-bbf3-d51c18acef30,https://www.autoscout24.be/fr/offres/7657624a-dc8b-4494-bbf3-d51c18acef30,be,Volkswagen,tiguan,,Volkswagen TiguanTiguan 2.0 TDI - R Line - Black Style -,26500,,True,2021,06-2021,135650,,used,diesel,110,149,1968,Euro 6d,,6.0,,,Avant,SUV/4x4/Pick-Up,5,5,Argent,,,,,dealer,R Line Motors,BE-2160 Wommelgem,BE,2,https://prod.pictures.autoscout24.net/listing-images/7657624a-dc8b-4494-bbf3-d51c18acef30_c458b164-e961-4aff-aaee-4fadd4aad143.jpg/250x188.webp,2026-09-28T08:15:58.653080,0.2,5
5b3246b8-cdb4-41d0-b19c-8588febf98b7,https://www.autoscout24.be/fr/offres/5b3246b8-cdb4-41d0-b19c-8588febf98b7,be,Volvo,v90,,Volvo V90T6 Recharge AWD Ultra Dark,38999,,True,2023,03-2023,70000,2,used,hybrid,136,186,1969,Euro 6d,,6.0,,,AWD,Break,5,5,Gris,,,,,dealer,Prestige Auto Group bv,BE-3583 Paal,BE,2,https://prod.pictures.autoscout24.net/listing-images/5b3246b8-cdb4-41d0-b19c-8588febf98b7_5e6ebd4a-d417-4884-b7f1-aca0248205d7.jpg/250x188.webp,2026-09-28T08:15:58.653088,0.56,3
1ef02ba7-6c58-46fa-8baa-88edde88f375,https://www.autoscout24.be/fr/offres/1ef02ba7-6c58-46fa-8baa-88edde88f375,be,BMW,x2,,BMW X2sDrive20i,27599,,True,2023,04-2023,6818,1,used,petrol,131,178,1998,Euro 6d,,6.0,,,Avant,SUV/4x4/Pick-Up,5,5,Bleu,,,,,dealer,Louyet Mariembourg,BE-5660 Mariembourg,BE,2,https://prod.pictures.autoscout24.net/listing-images/1ef02ba7-6c58-46fa-8baa-88edde88f375_dbb0fd14-ab6b-4d64-8209-6e86f164ad18.jpg/250x188.webp,2026-09-28T08:15:58.653096,4.05,3
72b6a932-c247-4cd0-a976-c584cc2bfb84,https://www.autoscout24.be/fr/offres/72b6a932-c247-4cd0-a976-c584cc2bfb84,be,BMW,330,,BMW 330eA Plug-In Hybrid,30500,,True,2021,09-2021,89800,,used,hybrid,215,292,1998,Euro 6d-TEMP,,6.0,,,AWD,Berline,4,5,Noir,,,,,private,,,BE,1,https://prod.pictures.autoscout24.net/listing-images/72b6a932-c247-4cd0-a976-c584cc2bfb84_6a0d14f9-527f-4aee-afc4-65d7b0b67fba.jpg/250x188.webp,2026-09-28T08:15:58.653104,0.34,5
f7698a0a-d018-4964-b6b6-bb22198f1634,https://www.autoscout24.be/fr/offres/f7698a0a-d018-4964-b6b6-bb22198f1634,be,Audi,a3,,Audi A3A3 Sportback 30 TFSI Sport S tronic (EU6d-TEMP),17250,,True,2020,02-2020,109950,1,used,petrol,85,115,999,Euro 6d-TEMP,,6.0,,,Avant,Berline,5,5,Gris,,,,,dealer,Premium Car Company,BE-3920 Lommel,BE,2,https://prod.pictures.autoscout24.net/listing-images/f7698a0a-d018-4964-b6b6-bb22198f1634_f9446537-ca6e-4cf1-95f8-3b56687f1104.jpg/250x188.webp,2026-09-28T08:15:58.653111,0.16,6
9ee1a18e-2933-4d2b-8b0e-9f00dbfb8651,https://www.autoscout24.be/fr/offres/9ee1a18e-2933-4d2b-8b0e-9f00dbfb8651,be,Audi,a6,,Audi A6A6 Avant 35 TDi S tronic Business Incl. LED - Cuir -,29990,,True,2022,06-2022,49152,1,used,diesel,120,163,1968,,,,,,Boîte automatique,Break,5,5,Bleu,,,,,dealer,click2move by Declerc,BE-5100 Naninne (Namur),BE,2,https://prod.pictures.autoscout24.net/listing-images/9ee1a18e-2933-4d2b-8b0e-9f00dbfb8651_74f9d8ca-8bfc-49c8-9a83-15b55b79b222.jpg/250x188.webp,2026-09-28T08:15:58.653119,0.61,4
5c8cd888-fd7b-4a44-bdca-3f315c0f4ded,https://www.autoscout24.be/fr/offres/5c8cd888-fd7b-4a44-bdca-3f315c0f4ded,be,Volkswagen,tayron,,Volkswagen Tayron1.5 eTSI 150 PK DSG Life - 7 Plaatsen -,36700,,True,2025,11-2025,18374,1,used,petrol,80,110,1498,Euro 6e,,6.0,,,AWD,SUV/4x4/Pick-Up,5,7,Noir,,,,,dealer,,BE-1740 Ternat,BE,2,https://prod.pictures.autoscout24.net/listing-images/5c8cd888-fd7b-4a44-bdca-3f315c0f4ded_fa4aaa31-15f5-47e5-a66e-3aa3a8825528.jpg/250x188.webp,2026-09-28T08:15:58.653126,2.0,1
79146adf-d26e-432f-9a22-6752874e2131,https://www.autoscout24.be/fr/offres/79146adf-d26e-432f-9a22-6752874e2131,be,Land Rover,discovery sport,,Land Rover Discovery SportP300e R-Dynamic SE,34950,,True,2023,05-2023,64750,,used,hybrid,227,308,1498,Euro 6d,,6.0,,,AWD,SUV/4x4/Pick-Up,5,5,Gris,,,,,dealer,Jaguar Land Rover Metropool Noord,BE-2900 Schoten,BE,3,https://prod.pictures.autoscout24.net/listing-images/79146adf-d26e-432f-9a22-6752874e2131_30c20278-0170-4126-933c-4dc8f00628c5.jpg/250x188.webp,2026-09-28T08:15:58.653134,0.54,3
d0027132-7344-4ec6-ae04-069f49a4d8f0,https://www.autoscout24.be/fr/offres/d0027132-7344-4ec6-ae04-069f49a4d8f0,be,Mercedes-Benz,cla 180,,"Mercedes-Benz CLA 180CLA 180 d Style Incl. LED - JA 18"" -",19990,,True,2020,08-2020,49985,,used,diesel,85,115,1950,,,,,,Boîte automatique,Break,5,5,Gris,,,,,dealer,click2move by Declerc,BE-5100 Naninne (Namur),BE,2,https://prod.pictures.autoscout24.net/listing-images/d0027132-7344-4ec6-ae04-069f49a4d8f0_81820d84-0019-4df8-a82a-3fab173f170e.jpg/250x188.webp,2026-09-28T08:15:58.653141,0.4,6
cba9c35e-336c-40cf-9a44-db64f4bf088d,https://www.autoscout24.be/fr/offres/cba9c35e-336c-40cf-9a44-db64f4bf088d,be,Alfa Romeo,tonale,,Alfa Romeo TonalePHEV AT6e Q4 280 pk,28750,,True,2025,02-2025,11371,1,used,hybrid,206,280,1332,,,82.0,automatic,,AWD,SUV/4x4/Pick-Up,5,5,Gris,,,,,dealer,Mullens Halen bvba,BE-3545 Halen,BE,2,https://prod.pictures.autoscout24.net/listing-images/cba9c35e-336c-40cf-9a44-db64f4bf088d_86c01710-5747-4d0e-aa27-9577debe7619.jpg/250x188.webp,2026-09-28T08:15:58.653149,2.53,1
13bf81f5-53db-40f4-a699-f894b4e312ca,https://www.autoscout24.be/fr/offres/13bf81f5-53db-40f4-a699-f894b4e312ca,be,Mercedes-Benz,gle 350,,Mercedes-Benz GLE 350GLE 350 de 4-Matic,44995,,True,2022,01-2022,159303,1,used,diesel,105,143,1950,Euro 6d,,6.0,,,AWD,SUV/4x4/Pick-Up,5,5,Rouge,,,,,dealer,Autohandel Sneppe Bv,BE-8020 Oostkamp,BE,2,https://prod.pictures.autoscout24.net/listing-images/13bf81f5-53db-40f4-a699-f894b4e312ca_330d59b7-8487-4a0d-87c1-b3cc25b017f8.jpg/250x188.webp,2026-09-28T08:15:58.653157,0.28,4
9b5b846d-0961-41cb-a573-97cc9d5ab05e,https://www.autoscout24.be/fr/offres/9b5b846d-0961-41cb-a573-97cc9d5ab05e,be,Nissan,qashqai,,Nissan QashqaiN-TEC,15450,,True,2020,06-2020,84648,,used,petrol,103,140,1332,,,2161.0,,,Boîte manuelle,Berline,5,,Noir,,,,,dealer,Jaguar - Land Rover Brussels East – Zaventem,BE-1930 Zaventem,BE,2,https://prod.pictures.autoscout24.net/listing-images/9b5b846d-0961-41cb-a573-97cc9d5ab05e_3b1ab3be-5e70-4977-b9a3-156daab142e0.jpg/250x188.webp,2026-09-28T08:15:58.653165,0.18,6
89641231-70fc-4377-b621-fd7585205e4d,https://www.autoscout24.be/fr/offres/89641231-70fc-4377-b621-fd7585205e4d,be,Land Rover,discovery,,Land Rover Discovery3.0D D250 R-Dynamic SE l 7-SEAT l Full,44900,,False,2022,06-2022,61954,,used,diesel,183,248,,,,,,,,,,,,,,,,dealer,Auto-Point Casier,BE-8860 Lendelede,,2,https://prod.pictures.autoscout24.net/listing-images/89641231-70fc-4377-b621-fd7585205e4d_e7079d76-7c33-45cb-8f0b-3adbe7704320.jpg/250x188.webp,2026-09-28T08:15:58.653172,0.72,4
fcad2eb3-2854-4b8b-83ca-aebc9cf98aa4,https://www.autoscout24.be/fr/offres/fcad2eb3-2854-4b8b-83ca-aebc9cf98aa4,be,Jaecoo,j7,,Jaecoo J7Pluse / Camera / NIEUWE WAGENS! / SUPERPRIJS 26900,26900,,True,,new,0,,new,petrol,108,146,1599,Euro 6d,,6.0,,,Avant,SUV/4x4/Pick-Up,5,5,Gris,,,,,dealer,Auto's Boone K,BE-8500 Kortrijk,BE,2,https://prod.pictures.autoscout24.net/listing-images/fcad2eb3-2854-4b8b-83ca-aebc9cf98aa4_5afa86ca-3f82-49df-b379-ef891a366e2d.jpg/250x188.webp,2026-09-28T08:15:58.653180,,
3fea27b9-99c6-454f-841e-1d89c93f335b,https://www.autoscout24.be/fr/offres/3fea27b9-99c6-454f-841e-1d89c93f335b,be,Toyota,yaris,,Toyota YarisComfort,14990,,True,2020,06-2020,40652,1,used,petrol,82,111,1498,Euro 6,,6.0,,,Avant,Berline,5,5,Bleu,,,,,dealer,Gego sa,BE-5100 Naninne,BE,2,https://prod.pictures.autoscout24.net/listing-images/3fea27b9-99c6-454f-841e-1d89c93f335b_a8de9fa6-ba84-413e-a6ef-8ab8d57833a4.jpg/250x188.webp,2026-09-28T08:15:58.653187,0.37,6
11c42435-0fa2-41a6-85ae-df2041f43068,https://www.autoscout24.be/fr/offres/11c42435-0fa2-41a6-85ae-df2041f43068,be,Jeep,compass,,Jeep Compass1.3 Hybrid PlugIn AWD - Apple CarPlay -,19990,,True,2023,07-2023,88665,1,used,hybrid,70,96,1332,Euro 6,,6.0,,,AWD,SUV/4x4/Pick-Up,4,5,Gris,,,,,dealer,Provan Motors,BE-9810 Eke,BE,2,https://prod.pictures.autoscout24.net/listing-images/11c42435-0fa2-41a6-85ae-df2041f43068_39c10ac7-d6d7-41d0-854b-afe018cdb186.jpg/250x188.webp,2026-09-28T08:15:58.653194,0.23,3
61ac30e4-fbbb-47bb-8f3b-60e01ef257f2,https://www.autoscout24.be/fr/offres/61ac30e4-fbbb-47bb-8f3b-60e01ef257f2,be,Peugeot,5008,,Peugeot 500812 PT 130 EAT8 GT,24895,,True,2024,09-2024,31364,1,used,petrol,96,130,1199,Euro 6,,6.0,,,Avant,Monospace,5,7,Noir,,,,,dealer,Traxxion Tielt,BE-8700 Tielt,BE,2,https://prod.pictures.autoscout24.net/listing-images/61ac30e4-fbbb-47bb-8f3b-60e01ef257f2_949a7fe0-d3ee-4dbd-ad72-fbc402fb3bdf.jpg/250x188.webp,2026-09-28T08:15:58.653201,0.79,2
ff48269a-e116-4482-b169-443fc147033d,https://www.autoscout24.be/fr/offres/ff48269a-e116-4482-b169-443fc147033d,be,Mg,zs,,MG ZSZS 1.5 VTi-Tech Comfort,13750,,True,2023,12-2023,49417,1,used,petrol,57,78,1498,Euro 6d,,6.0,,,Avant,SUV/4x4/Pick-Up,5,5,Noir,,,,,dealer,AUTOBEDRIJF ANTORETI,BE-9220 Hamme,BE,1,https://prod.pictures.autoscout24.net/listing-images/ff48269a-e116-4482-b169-443fc147033d_b6a89b2d-a061-425b-a022-338fa53b2a47.jpg/250x188.webp,2026-09-28T08:15:58.653209,0.28,3
4e858e62-8336-4ce4-8269-98f4d27599da,https://www.autoscout24.be/fr/offres/4e858e62-8336-4ce4-8269-98f4d27599da,be,Volkswagen,t-roc,,"Volkswagen T-RocCabrio 1.5 Tsi DSG R-Line ""Navi",26990,,True,2022,02-2022,38600,1,used,petrol,110,149,1498,Euro 6,,6.0,,,Boîte automatique,Cabriolet,2,4,Rouge,,,,,dealer,MVG Autohandel bvba,BE-2940 Hoevenen,BE,2,https://prod.pictures.autoscout24.net/listing-images/4e858e62-8336-4ce4-8269-98f4d27599da_2d652f96-09d6-4362-9aa7-0c9bc5f014fb.jpg/250x188.webp,2026-09-28T08:15:58.653216,0.7,4
bd5f58e3-f250-4a98-96a5-caffdf50e764,https://www.autoscout24.be/fr/offres/bd5f58e3-f250-4a98-96a5-caffdf50e764,be,Volkswagen,polo,,Volkswagen Polo1.0 TSI R-LINE DSG PHARES LED GPS CARPLAY,18890,,True,2023,07-2023,35757,1,used,petrol,59,81,999,Euro 6d,,6.0,,,Avant,Berline,5,5,Mauve,,,,,dealer,Mon Occasion,BE-4000 Liège,BE,2,https://prod.pictures.autoscout24.net/listing-images/bd5f58e3-f250-4a98-96a5-caffdf50e764_fbdffb67-544c-4050-ab1d-0aed4a71faf3.jpg/250x188.webp,2026-09-28T08:15:58.653224,0.53,3
c75274ed-4ba5-4361-b6a4-fc79bf5860eb,https://www.autoscout24.be/fr/offres/c75274ed-4ba5-4361-b6a4-fc79bf5860eb,be,Land Rover,range rover evoque,,Land Rover Range Rover EvoqueP270e S AWD Auto. 26MY,56463,,True,2026,03-2026,15000,,used,hybrid,198,269,1498,Euro 6e,,6.0,,,AWD,SUV/4x4/Pick-Up,5,5,Noir,,,,,dealer,Jaguar Land Rover Asse - Van Vaerenbergh,BE-1730 Asse,BE,3,https://prod.pictures.autoscout24.net/listing-images/c75274ed-4ba5-4361-b6a4-fc79bf5860eb_be2283c4-60f1-4ab7-aef9-f8254bfae2b7.jpg/250x188.webp,2026-09-28T08:15:58.653231,3.76,0
56675f32-d787-47e4-aa34-abb263880d77,https://www.autoscout24.be/fr/offres/56675f32-d787-47e4-aa34-abb263880d77,be,Volvo,xc40,,Volvo XC40XC40 2.0 B3 Mildhybride Aut Keyless Virtual,23250,,True,2022,08-2022,95501,2,used,hybrid,120,163,1969,Euro 6,,6.0,,,Avant,SUV/4x4/Pick-Up,5,5,Noir,,,,,dealer,Yprauto,BE-8840 Oostnieuwkerke,BE,2,https://prod.pictures.autoscout24.net/listing-images/56675f32-d787-47e4-aa34-abb263880d77_9cdc5018-1955-4cdd-8e2f-d7f9e9dde928.jpg/250x188.webp,2026-09-28T08:15:58.653239,0.24,4
fd85d94c-8549-4ae6-b27e-166a65879cc5,https://www.autoscout24.be/fr/offres/fd85d94c-8549-4ae6-b27e-166a65879cc5,be,Kia,rio,,Kia Rio1.2Essence 84CV,6600,,True,2018,06-2018,151000,1,used,petrol,61,84,1248,Euro 6d,,6.0,,,Boîte manuelle,Berline,5,5,Rouge,,,,,dealer,Mes-Cars,BE-1502 Halle,BE,1,https://prod.pictures.autoscout24.net/listing-images/fd85d94c-8549-4ae6-b27e-166a65879cc5_4d10ff1b-8135-4f42-be79-a190051d52a6.jpg/250x188.webp,2026-09-28T08:15:58.653246,0.04,8
420a056a-3d27-4a17-b825-e30c2180c23a,https://www.autoscout24.be/fr/offres/420a056a-3d27-4a17-b825-e30c2180c23a,be,BMW,x1,,BMW X1X1 1.5 dA | Auto | Cuir | Navi | Carnet,14750,,True,2018,05-2018,100000,1,used,diesel,85,115,1499,Euro 6,,6.0,,,Avant,SUV/4x4/Pick-Up,5,5,Gris,,,,,dealer,La Pause Auto,BE-4000 Liège,BE,2,https://prod.pictures.autoscout24.net/listing-images/420a056a-3d27-4a17-b825-e30c2180c23a_9996ef6b-c522-436d-a46b-6a7a253a73aa.jpg/250x188.webp,2026-09-28T08:15:58.653253,0.15,8
87e0211b-b912-4add-afaa-0217ac051a96,https://www.autoscout24.be/fr/offres/87e0211b-b912-4add-afaa-0217ac051a96,be,Audi,a4,,Audi A42.0 Benzine Autom. - Apple CarPlay - Topstaat! ...,22990,,True,2022,03-2022,55822,1,used,hybrid,80,110,1984,Euro 6,,6.0,,,Avant,Break,5,5,Noir,,,,,dealer,Provan Motors,BE-9810 Eke,BE,2,https://prod.pictures.autoscout24.net/listing-images/87e0211b-b912-4add-afaa-0217ac051a96_fc557c6b-b24f-4bad-a69f-26c786729579.jpg/250x188.webp,2026-09-28T08:15:58.653269,0.41,4
98f6e7b7-835f-4f74-8aa7-c4f7aae8a894,https://www.autoscout24.be/fr/offres/98f6e7b7-835f-4f74-8aa7-c4f7aae8a894,be,Porsche,taycan,,Porsche Taycan4S 93.4 kWh,59990,,True,2020,09-2020,64290,1,used,electric,308,420,,Euro 6d-TEMP,,6.0,,,AWD,Berline,4,5,Gris,,,,,dealer,Legend Car,BE-1790 Affligem,BE,2,https://prod.pictures.autoscout24.net/listing-images/98f6e7b7-835f-4f74-8aa7-c4f7aae8a894_0bb16a78-b381-4676-8c48-bb9d8bd9b06e.jpg/250x188.webp,2026-09-28T08:15:58.653277,0.93,6
bf74b0cf-393d-49ef-b2c2-7f4694033fed,https://www.autoscout24.be/fr/offres/bf74b0cf-393d-49ef-b2c2-7f4694033fed,be,Mercedes-Benz,c 220,,Mercedes-Benz C 220d Coupé AMG Pack Night,35890,,True,2021,02-2021,15884,,used,diesel,143,194,1950,Euro 6,,6.0,,,Boîte automatique,Coupé,2,4,Gris,,,,,dealer,SAGA Hannut,BE-4280 Hannut,BE,2,https://prod.pictures.autoscout24.net/listing-images/bf74b0cf-393d-49ef-b2c2-7f4694033fed_b782063a-2471-4b6b-9144-43e1b16b825f.jpg/250x188.webp,2026-09-28T08:15:58.653285,2.26,5
b5406529-6423-4c90-a70d-30c33f2103e9,https://www.autoscout24.be/fr/offres/b5406529-6423-4c90-a70d-30c33f2103e9,be,Audi,q3,,Audi Q3Q3 PHEV 45 TFSIe S line S tronic (180 kW),30700,,True,2022,04-2022,67000,1,used,hybrid,180,244,1395,Euro 6d,,6.0,,,Avant,SUV/4x4/Pick-Up,5,5,Gris,,,,,dealer,MDV CARS,BE-1730 Asse,BE,1,https://prod.pictures.autoscout24.net/listing-images/b5406529-6423-4c90-a70d-30c33f2103e9_b3416442-ce07-4ee3-9af5-aeb9ef11f042.jpg/250x188.webp,2026-09-28T08:15:58.653292,0.46,4
e6833747-ce73-4975-ae77-4a92e57b601b,https://www.autoscout24.be/fr/offres/e6833747-ce73-4975-ae77-4a92e57b601b,be,Citroen,c3,,Citroen C3e-C3 Max 44 kWh ** Camera | Navi,19990,,True,2025,10-2025,9995,1,used,electric,44,59,,,,320.0,,,Avant,SUV/4x4/Pick-Up,5,5,Noir,,,,,dealer,Auto's Verschueren NV,BE-2830 Willebroek,BE,2,https://prod.pictures.autoscout24.net/listing-images/e6833747-ce73-4975-ae77-4a92e57b601b_35048f00-f55b-45fa-8b00-14c659f67b19.jpg/250x188.webp,2026-09-28T08:15:58.653301,2.0,1
1e411a27-ea97-4a30-97fd-73996bb1e76a,https://www.autoscout24.be/fr/offres/1e411a27-ea97-4a30-97fd-73996bb1e76a,be,BMW,320,,BMW 3203-serie Touring 320d (140 kW) CAMERA | HEAD-UP DIS,23495,,True,2021,01-2021,88350,1,used,diesel,140,190,1995,Euro 6d,,6.0,,,Arrière,Break,5,5,Noir,,,,,dealer,Van Mossel Used Cars Center Antwerpen,BE-2060 Antwerpen,BE,2,https://prod.pictures.autoscout24.net/listing-images/1e411a27-ea97-4a30-97fd-73996bb1e76a_2cd05a37-f268-40ee-9ce7-829efd15f9e7.jpg/250x188.webp,2026-09-28T08:15:58.653309,0.27,5
de74752e-3cd4-49dd-8fc1-3456ad638b9a,https://www.autoscout24.be/fr/offres/de74752e-3cd4-49dd-8fc1-3456ad638b9a,be,Mercedes-Benz,cla 200,,Mercedes-Benz CLA 200✖️ 19' AMG | APPLE CARPLAY | FULL,23950,,True,2023,02-2023,99000,1,used,diesel,100,136,1995,Euro 6d,,6.0,,,Boîte automatique,Break,5,5,Noir,,,,,dealer,,BE-4801 Stembert,BE,1,https://prod.pictures.autoscout24.net/listing-images/de74752e-3cd4-49dd-8fc1-3456ad638b9a_a5a876c8-bd9c-4bb8-9906-c3f3013c342f.jpg/250x188.webp,2026-09-28T08:15:58.653316,0.24,3
659079de-73a9-4e91-b038-2a905f7ecb08,https://www.autoscout24.be/fr/offres/659079de-73a9-4e91-b038-2a905f7ecb08,be,Ford,ecosport,,Ford EcoSport1.0i 125PK NAVIGATIE CARPLAY PDC VERWARMDE,10450,,True,2019,06-2019,59622,1,used,petrol,92,125,998,Euro 6d-TEMP,,6.0,,,Avant,SUV/4x4/Pick-Up,5,5,Gris,,,,,dealer,KGT Trading BVBA,BE-9400 Voorde,BE,2,https://prod.pictures.autoscout24.net/listing-images/659079de-73a9-4e91-b038-2a905f7ecb08_1873bdf7-7e80-4cbb-b3b9-d3ebac5588d1.jpg/250x188.webp,2026-09-28T08:15:58.653324,0.18,7
c534de0d-1d6e-43ba-a9e6-7538ffb6ed4f,https://www.autoscout24.be/fr/offres/c534de0d-1d6e-43ba-a9e6-7538ffb6ed4f,be,Mercedes-Benz,e 200,,Mercedes-Benz E 200Berline E d AMG Line,34490,,True,2021,02-2021,62390,,used,diesel,118,160,1598,,,2146.0,,,Arrière,Berline,4,5,Gris,,,,,dealer,GH - Henry SA - Visé – Voitures Occasion Certified,BE-4600 Visé,BE,2,https://prod.pictures.autoscout24.net/listing-images/c534de0d-1d6e-43ba-a9e6-7538ffb6ed4f_413c9844-2427-48ce-93cb-b96b53668649.jpg/250x188.webp,2026-09-28T08:15:58.653332,0.55,5
bf954b94-fd1a-4783-90bc-3ab5db5d0b68,https://www.autoscout24.be/fr/offres/bf954b94-fd1a-4783-90bc-3ab5db5d0b68,be,Mini,cooper se,,MINI Cooper SE*Garantie*SOH 99%*LED*Parkeersensor*Half,16799,,True,2022,03-2022,40645,,used,electric,99,135,,,,230.0,,,Boîte automatique,Berline,3,4,Vert,,,,,dealer,Bayern Motors NV,BE-3550 Zolder,BE,1,https://prod.pictures.autoscout24.net/listing-images/bf954b94-fd1a-4783-90bc-3ab5db5d0b68_f2cb7322-65b5-46f2-b6b4-b2acf39c661f.jpg/250x188.webp,2026-09-28T08:15:58.653339,0.41,4
9d0ba3cc-d7c7-4dc6-9646-2b8b73c6550b,https://www.autoscout24.be/fr/offres/9d0ba3cc-d7c7-4dc6-9646-2b8b73c6550b,be,Dodge,ram,,Dodge RAM,57500,,True,2024,08-2024,26000,1,used,petrol,313,425,2993,Euro 6,,6.0,,,AWD,SUV/4x4/Pick-Up,5,5,Noir,,,,,dealer,,BE-9100 Sint-Gillis-Waas,BE,1,https://prod.pictures.autoscout24.net/listing-images/9d0ba3cc-d7c7-4dc6-9646-2b8b73c6550b_bf500b63-d28a-4b19-aba0-cc7a0a9e3768.jpg/250x188.webp,2026-09-28T08:15:58.653356,2.21,2
7a950efc-e8e8-4a89-826d-99e4acdbad32,https://www.autoscout24.be/fr/offres/7a950efc-e8e8-4a89-826d-99e4acdbad32,be,BMW,x3,,BMW X3X3 2.0 d xDrive20 Cuir GPS Xénon Att remorque Sièges,11490,,True,2018,02-2018,216500,2,used,diesel,88,120,1995,,,,,,AWD,SUV/4x4/Pick-Up,5,5,Rouge,,,,,dealer,Gabriele Mazzara Motors Cars,BE-5190 Jemeppe-Sur-Sambre,BE,2,https://prod.pictures.autoscout24.net/listing-images/7a950efc-e8e8-4a89-826d-99e4acdbad32_e25b1c79-8a0d-4dc9-bce0-1e1f8714b2e9.jpg/250x188.webp,2026-09-28T08:15:58.653364,0.05,8
b1fc1c20-dd25-4af5-801a-6a3b22871341,https://www.autoscout24.be/fr/offres/b1fc1c20-dd25-4af5-801a-6a3b22871341,be,Volkswagen,taigo,,Volkswagen TaigoTaigo 1.0 TSI Life Business OPF DSG Life,18490,,True,2022,08-2022,75000,1,used,petrol,81,110,999,Euro 6d,,6.0,automatic,,Avant,SUV/4x4/Pick-Up,5,5,Noir,,,,,dealer,Garage des Fagnes,BE-5600 Mariembourg,BE,2,https://prod.pictures.autoscout24.net/listing-images/b1fc1c20-dd25-4af5-801a-6a3b22871341_a87b59e8-6a9a-41e2-9dec-6d7a7ef73e1f.jpg/250x188.webp,2026-09-28T08:15:58.653372,0.25,4
a16ae474-4c7c-46a4-903b-d029a5ce18ed,https://www.autoscout24.be/fr/offres/a16ae474-4c7c-46a4-903b-d029a5ce18ed,be,Hyundai,i20,,Hyundai i201.0 ess 77ch,11990,,True,2021,07-2021,33056,1,used,petrol,56,77,998,,,2115.0,,,Avant,Berline,5,5,Noir,,,,,dealer,GVOTREAUTO MONS,BE-7033 Mons (Cuesmes),BE,1,https://prod.pictures.autoscout24.net/listing-images/a16ae474-4c7c-46a4-903b-d029a5ce18ed_c9f73ed8-523e-41c7-996e-874b5d1fbb13.jpg/250x188.webp,2026-09-28T08:15:58.653380,0.36,5
9bbb7a1a-3462-46f7-bc80-20867545f281,https://www.autoscout24.be/fr/offres/9bbb7a1a-3462-46f7-bc80-20867545f281,be,Mazda,cx-30,,Mazda CX-30AUTOMAAT Nagisa/ Bose-audio / Bose - audio /,27999,,True,2025,01-2025,6698,1,used,hybrid,137,186,1998,,,2140.0,,,Avant,SUV/4x4/Pick-Up,5,5,Zircon Sand,,,,,dealer,Decocars,BE-8520 Kuurne,BE,1,https://prod.pictures.autoscout24.net/listing-images/9bbb7a1a-3462-46f7-bc80-20867545f281_b2c4c704-f18b-4a78-bd98-55b35797843d.jpg/250x188.webp,2026-09-28T08:15:58.653387,4.18,1
9bf35d5f-bc15-4553-9c4c-c931955b4173,https://www.autoscout24.be/fr/offres/9bf35d5f-bc15-4553-9c4c-c931955b4173,be,Ford,kuga,,Ford KugaVignale 2.5i FHEV 190pk OC3844 *52195,27900,,True,2024,04-2024,29480,1,used,hybrid,112,152,2488,Euro 6d,,6.0,,,Avant,SUV/4x4/Pick-Up,5,5,Argent,,,,,dealer,Ford - Morren Motor,BE-3800 Sint-Truiden,BE,2,https://prod.pictures.autoscout24.net/listing-images/9bf35d5f-bc15-4553-9c4c-c931955b4173_dab88000-bbff-41b5-ab82-0ebc4e80a93c.jpg/250x188.webp,2026-09-28T08:15:58.653395,0.95,2
e9e6aa22-a66f-4343-bdcd-f8e927d49dfa,https://www.autoscout24.be/fr/offres/e9e6aa22-a66f-4343-bdcd-f8e927d49dfa,be,Audi,q4 e-tron,,Audi Q4 e-tron,35000,,True,2023,12-2023,85000,,used,electric,125,170,,,,20.0,,,,Autres,,,Type de peintureAutres,,,,,private,,,BE,1,,2026-09-28T08:15:58.653402,0.41,3
4e1f74aa-8b2c-4b4d-b39f-7d86d146c84e,https://www.autoscout24.be/fr/offres/4e1f74aa-8b2c-4b4d-b39f-7d86d146c84e,be,Audi,q3,,Audi Q340 TFSI*AUT*S-TRONIC*QUATTRO*190 PK*PANO,27900,,True,2020,07-2020,86716,1,used,petrol,140,190,1984,Euro 6,,6.0,,,AWD,SUV/4x4/Pick-Up,5,5,Argent,,,,,dealer,FALCOMOTIVE,BE-3800 Sint-Truiden,BE,2,https://prod.pictures.autoscout24.net/listing-images/4e1f74aa-8b2c-4b4d-b39f-7d86d146c84e_cf61396d-1497-438b-9056-7da323b04d10.jpg/250x188.webp,2026-09-28T08:15:58.653422,0.32,6
07360d57-f1da-4e23-8f1a-614b289122b5,https://www.autoscout24.be/fr/offres/07360d57-f1da-4e23-8f1a-614b289122b5,be,Opel,crossland x,,Opel Crossland X1.2 Elegance Benzine Autom.- GPS -,14990,,True,2021,08-2021,22460,1,used,petrol,70,96,1199,Euro 6,,6.0,,,Avant,SUV/4x4/Pick-Up,4,5,Gris,,,,,dealer,Provan Motors,BE-9810 Eke,BE,2,https://prod.pictures.autoscout24.net/listing-images/07360d57-f1da-4e23-8f1a-614b289122b5_930f9fed-54b3-4742-b05e-f3780edf0158.jpg/250x188.webp,2026-09-28T08:15:58.653431,0.67,5
ac67115e-4a75-43ff-8526-25ea8045e071,https://www.autoscout24.be/fr/offres/ac67115e-4a75-43ff-8526-25ea8045e071,be,Mg,zs,,MG ZSZS 1.5 VTi-Tech,14500,,True,2023,12-2023,40120,1,used,petrol,57,78,1498,Euro 6d,,6.0,,,Avant,SUV/4x4/Pick-Up,5,5,Blanc,,,,,dealer,CB Automotive,BE-9300 Aalst,BE,2,https://prod.pictures.autoscout24.net/listing-images/ac67115e-4a75-43ff-8526-25ea8045e071_d9d5a9d6-382d-4652-b7b1-e15a3e0bff1c.jpg/250x188.webp,2026-09-28T08:15:58.653439,0.36,3
ef1eb8c7-4346-432b-847b-3db1529f7bbf,https://www.autoscout24.be/fr/offres/ef1eb8c7-4346-432b-847b-3db1529f7bbf,be,Audi,q2,,Audi Q2Q2 35 TFSI Business Edition Sport S tronic 1erMAIN/,16990,,True,2019,12-2019,90000,1,used,petrol,110,149,1498,Euro 6e,,6.0,,,Avant,Berline,5,5,Rouge,,,,,dealer,Elite Motors Belgium,BE-5060 Tamines,BE,1,https://prod.pictures.autoscout24.net/listing-images/ef1eb8c7-4346-432b-847b-3db1529f7bbf_aeec993e-da9a-4fa8-b584-9ba2814986ee.jpg/250x188.webp,2026-09-28T08:15:58.653447,0.19,7
a9af0a5d-a9eb-4c8b-9030-6d32ca1e23cf,https://www.autoscout24.be/fr/offres/a9af0a5d-a9eb-4c8b-9030-6d32ca1e23cf,be,Volvo,es90,,Volvo ES90Plus Single Motor Extended Range | Geventileerd le,72900,,True,2026,01-2026,1094,,used,electric,245,333,,Euro 6,,6.0,,,Arrière,Berline,,5,Noir,,,,,dealer,Automobilia Brugge,BE-8200 Brugge,BE,2,https://prod.pictures.autoscout24.net/listing-images/a9af0a5d-a9eb-4c8b-9030-6d32ca1e23cf_d43039b3-f8fa-44b0-8a11-63b490cb4f2a.jpg/250x188.webp,2026-09-28T08:15:58.653455,66.64,0
f9484c9d-49ab-45aa-ae71-b825e39ca8b6,https://www.autoscout24.be/fr/offres/f9484c9d-49ab-45aa-ae71-b825e39ca8b6,be,Audi,a1,,Audi A1A1 Sportback 25 TFSI Advanced (EU6AP) Advanced,14000,,True,2022,08-2022,114760,1,used,petrol,70,95,999,Euro 6d,,6.0,,,Avant,Berline,5,5,Noir,,,,,dealer,,BE-5060 Auvelais,BE,1,https://prod.pictures.autoscout24.net/listing-images/f9484c9d-49ab-45aa-ae71-b825e39ca8b6_d825a4d8-92a1-4105-91f0-85bc6901fd0b.jpg/250x188.webp,2026-09-28T08:15:58.653462,0.12,4
21fe6633-6c0b-4a6e-a71c-68c0da8f6662,https://www.autoscout24.be/fr/offres/21fe6633-6c0b-4a6e-a71c-68c0da8f6662,be,BMW,520,,BMW 520e*PHEV*CARPLAY*CAMERA*TOURING*LAGE BIV!,27950,,True,2022,05-2022,90560,,used,hybrid,150,204,1998,,,242.0,,,Arrière,Break,,5,Gris,,,,,dealer,FALCOMOTIVE,BE-3800 Sint-Truiden,BE,2,https://prod.pictures.autoscout24.net/listing-images/21fe6633-6c0b-4a6e-a71c-68c0da8f6662_7b797456-afc8-4475-a679-073bed632108.jpg/250x188.webp,2026-09-28T08:15:58.653470,0.31,4
5e3bb29a-5ffc-4d5e-869b-4288dd37e77a,https://www.autoscout24.be/fr/offres/5e3bb29a-5ffc-4d5e-869b-4288dd37e77a,be,Peugeot,rifter,,Peugeot Rifter1.2 PT 110 Man6 110,12895,,True,2020,09-2020,99970,1,used,petrol,81,110,1199,Euro 6,,6.0,,,Avant,Monospace,5,5,Bleu,,,,,dealer,Traxxion Tielt,BE-8700 Tielt,BE,2,https://prod.pictures.autoscout24.net/listing-images/5e3bb29a-5ffc-4d5e-869b-4288dd37e77a_eb208358-9fc8-4c50-a802-83a23eb36b03.jpg/250x188.webp,2026-09-28T08:15:58.653529,0.13,6
47140869-a6ac-416b-96e5-0a9b39111048,https://www.autoscout24.be/fr/offres/47140869-a6ac-416b-96e5-0a9b39111048,be,BMW,x5,,BMW X5,49950,,True,2020,06-2020,42433,,used,petrol,250,340,2998,Euro 6d,,6.0,,,AWD,Autres,5,,Blanc,,,,,dealer,BMW Gregoir Dendermonde,BE-9200 Dendermonde-Appels,BE,1,https://prod.pictures.autoscout24.net/listing-images/47140869-a6ac-416b-96e5-0a9b39111048_91fc6644-4006-49b7-8ba4-e84b11c15a41.jpg/250x188.webp,2026-09-28T08:15:58.653537,1.18,6
65b78677-cbea-4059-b836-fafed6ec3040,https://www.autoscout24.be/fr/offres/65b78677-cbea-4059-b836-fafed6ec3040,be,Ford,kuga,,Ford KugaKuga 1.5 EcoBoost ST-Line X (EURO 6d),26980,,True,2024,08-2024,22997,1,used,petrol,150,204,1497,,,,,,Boîte manuelle,Autres,5,5,Gris,,,,,dealer,Simplici Car Liège,BE-4100 Seraing,BE,2,https://prod.pictures.autoscout24.net/listing-images/65b78677-cbea-4059-b836-fafed6ec3040_fb9c0f89-babe-4f77-948f-f2a955d55ac4.jpg/250x188.webp,2026-09-28T08:15:58.653544,1.17,2
9f33f9ed-3687-43bd-abd1-9909bf1d9503,https://www.autoscout24.be/fr/offres/9f33f9ed-3687-43bd-abd1-9909bf1d9503,be,Volvo,xc40,,Volvo XC40XC40 2.0 B3 MHEV Plus Black Edition DCT Plus,32000,,True,2025,08-2025,22000,1,used,hybrid,120,163,1969,Euro 6e,,6.0,,,Avant,SUV/4x4/Pick-Up,5,5,Blanc,,,,,dealer,J&C Cars Waimes,BE-4950 Waimes,BE,2,https://prod.pictures.autoscout24.net/listing-images/9f33f9ed-3687-43bd-abd1-9909bf1d9503_77cc609e-dc14-4606-9c3b-75147dcf166e.jpg/250x188.webp,2026-09-28T08:15:58.653551,1.45,1
42ac55fd-9474-4367-800b-9c02a9d19a70,https://www.autoscout24.be/fr/offres/42ac55fd-9474-4367-800b-9c02a9d19a70,be,Volkswagen,tayron,,Volkswagen Tayron- Plug In Hybride - NIEUW 0KM - 204 PK,45990,,True,,new,0,,new,hybrid,150,204,,Euro 6d,,6.0,automatic,,Avant,SUV/4x4/Pick-Up,5,5,Blanc,,,,,dealer,Autotrading De Winne,BE-9420 Erpe-Mere,BE,2,https://prod.pictures.autoscout24.net/listing-images/42ac55fd-9474-4367-800b-9c02a9d19a70_9ff4310e-67c3-4e47-a998-c5808c34825c.jpg/250x188.webp,2026-09-28T08:15:58.653559,,
4600718d-8d81-437d-ba25-1184c68cde34,https://www.autoscout24.be/fr/offres/4600718d-8d81-437d-ba25-1184c68cde34,be,BMW,x5,,BMW X5xDrive45e,48500,,True,2020,10-2020,85468,1,used,hybrid,290,394,2998,Euro 6,,6.0,,,AWD,SUV/4x4/Pick-Up,5,5,Bleu,,,,,dealer,BMW Meeusen Kalmthout,BE-2920 Kalmthout,BE,2,https://prod.pictures.autoscout24.net/listing-images/4600718d-8d81-437d-ba25-1184c68cde34_ec09053a-68d0-4b9f-9954-eb4dedb72ebb.jpg/250x188.webp,2026-09-28T08:15:58.653567,0.57,6
18ff81eb-1077-4fb6-8721-dcee4b037f71,https://www.autoscout24.be/fr/offres/18ff81eb-1077-4fb6-8721-dcee4b037f71,be,Renault,captur,,Renault Captur0.9 TCe Intens (EU6c),10550,,True,2020,01-2020,74537,1,used,petrol,66,89,898,Euro 6c,,6.0,,,Avant,SUV/4x4/Pick-Up,5,5,Bleu,,,,,dealer,B&Y AUTOCENTER,BE-3510 Hasselt,BE,2,https://prod.pictures.autoscout24.net/listing-images/18ff81eb-1077-4fb6-8721-dcee4b037f71_f9595998-56ec-4e38-8b75-db0fa5be1ce9.jpg/250x188.webp,2026-09-28T08:15:58.653575,0.14,6
5248dd80-0e9a-4fc5-8317-8f3346844b81,https://www.autoscout24.be/fr/offres/5248dd80-0e9a-4fc5-8317-8f3346844b81,be,Mercedes-Benz,glb 200,,Mercedes-Benz GLB 200AMG Line,30999,,True,2020,08-2020,82141,1,used,petrol,120,163,1300,Euro 6,,6.0,,,Avant,SUV/4x4/Pick-Up,5,5,Noir,,,,,dealer,Mercedes - Groep Jam - Noord,BE-3960 Bree,BE,2,https://prod.pictures.autoscout24.net/listing-images/5248dd80-0e9a-4fc5-8317-8f3346844b81_dd49289f-197e-4929-b96a-781a12887f4b.jpg/250x188.webp,2026-09-28T08:15:58.653582,0.38,6
8964bca7-bd51-45dd-8f62-1db3730978ea,https://www.autoscout24.be/fr/offres/8964bca7-bd51-45dd-8f62-1db3730978ea,be,Lexus,rz,,Lexus RZ100% SoH | 450e AWD Privilege L | pano,47990,,True,2024,04-2024,25578,1,used,electric,230,312,1,Euro 6e,,6.0,,,AWD,SUV/4x4/Pick-Up,5,5,Noir,,,,,dealer,Toyota City Approved Used Woluwe,BE-1200 Woluwe-Saint-Lambert,BE,2,https://prod.pictures.autoscout24.net/listing-images/8964bca7-bd51-45dd-8f62-1db3730978ea_487be83d-8317-47ab-b6a9-88863848dac6.jpg/250x188.webp,2026-09-28T08:15:58.653590,1.88,2
d80816df-416c-4c73-b6a2-6981784475ee,https://www.autoscout24.be/fr/offres/d80816df-416c-4c73-b6a2-6981784475ee,be,Renault,megane,,Renault Megane1.33 140cv Gris 11,14450,,True,2022,11-2022,20967,1,used,petrol,102,140,1332,Euro 6d,,6.0,automatic,,Avant,Break,5,5,Gris,,,,,dealer,Montigny Motors,BE-6110 Montigny le tilleul,BE,1,https://prod.pictures.autoscout24.net/listing-images/d80816df-416c-4c73-b6a2-6981784475ee_846862b5-9116-401d-91a6-b51ff93ecc58.jpg/250x188.webp,2026-09-28T08:15:58.653598,0.69,4
42c7b356-1513-40f5-a7d2-3cbfeaec853c,https://www.autoscout24.be/fr/offres/42c7b356-1513-40f5-a7d2-3cbfeaec853c,be,Volkswagen,t-roc,,Volkswagen T-RocT-Roc 1.0 TSI Life,17290,,True,2023,03-2023,73068,,used,petrol,81,110,999,Euro 6d,,6.0,,,Boîte manuelle,SUV/4x4/Pick-Up,5,5,Beige,,,,,dealer,click2move by Declerc,BE-5100 Naninne (Namur),BE,2,https://prod.pictures.autoscout24.net/listing-images/42c7b356-1513-40f5-a7d2-3cbfeaec853c_70f54bbe-a7a8-4bae-b65f-f68a5ee2f289.jpg/250x188.webp,2026-09-28T08:15:58.653605,0.24,3
56c80e80-564b-4b6d-8077-28f8befb4a7e,https://www.autoscout24.be/fr/offres/56c80e80-564b-4b6d-8077-28f8befb4a7e,be,Alfa Romeo,giulietta,,Alfa Romeo Giulietta1.4 Turbo in zeer goede staat  ###,11990,,True,2019,11-2019,47000,1,used,petrol,88,119,1368,Euro 6d,,6.0,automatic,,Avant,Berline,5,5,Blanc,,,,,dealer,Autos Ok sprl,BE-1980 Zemst,BE,2,https://prod.pictures.autoscout24.net/listing-images/56c80e80-564b-4b6d-8077-28f8befb4a7e_69a0ec23-5e09-481d-9466-eadf651056ab.jpg/250x188.webp,2026-09-28T08:15:58.653613,0.26,7
200fedb8-02e2-4859-9a27-ff80f665b502,https://www.autoscout24.be/fr/offres/200fedb8-02e2-4859-9a27-ff80f665b502,be,Mercedes-Benz,b 250,,Mercedes-Benz B 250e AMG Pack Night,24890,,True,2022,04-2022,85442,,used,hybrid,118,160,1332,Euro 6,,6.0,,,Boîte automatique,Break,5,5,Noir,,,,,dealer,SAGA Hannut,BE-4280 Hannut,BE,2,https://prod.pictures.autoscout24.net/listing-images/200fedb8-02e2-4859-9a27-ff80f665b502_918372e5-ea05-462f-9071-ce252241aa82.jpg/250x188.webp,2026-09-28T08:15:58.653620,0.29,4
bad6f2da-b114-4120-a7a3-d5b1d3b70117,https://www.autoscout24.be/fr/offres/bad6f2da-b114-4120-a7a3-d5b1d3b70117,be,Renault,megane,,Renault MeganeMegane 1.33 TCe Life GPF,12000,,True,2020,01-2020,26575,1,used,petrol,85,115,1332,Euro 6d,,6.0,,,Avant,Berline,5,5,Rouge,,,,,dealer,AUTO BEUTELS BVBA,BE-1500 HALLE,BE,2,https://prod.pictures.autoscout24.net/listing-images/bad6f2da-b114-4120-a7a3-d5b1d3b70117_354ae317-b2a5-4cb4-b637-839dc3f341aa.jpg/250x188.webp,2026-09-28T08:15:58.653634,0.45,6
ef1088c2-45f5-490f-a783-b7ee88adf1cb,https://www.autoscout24.be/fr/offres/ef1088c2-45f5-490f-a783-b7ee88adf1cb,be,Mazda,2,,Mazda 22 1.5i e-Skyactiv-G MHEV Skymove,11400,,True,2022,10-2022,140451,,used,hybrid,85,115,1496,Euro 6d,,6.0,,,Boîte automatique,Berline,5,5,Gris,,,,,dealer,,BE-1701 Itterbeek,BE,1,https://prod.pictures.autoscout24.net/listing-images/ef1088c2-45f5-490f-a783-b7ee88adf1cb_6e6ca42c-997f-437a-abf3-f23f99f6b658.jpg/250x188.webp,2026-09-28T08:15:58.653642,0.08,4
8397412b-a40f-457c-b24f-7c4a45560812,https://www.autoscout24.be/fr/offres/8397412b-a40f-457c-b24f-7c4a45560812,be,Volkswagen,t-roc,,Volkswagen T-RocT-Roc 1.5 TSI Life DSG,24490,,True,2023,02-2023,27045,,used,petrol,110,149,1498,,,,,,Boîte automatique,SUV/4x4/Pick-Up,5,5,Gris,,,,,dealer,click2move by Declerc,BE-5100 Naninne (Namur),BE,2,https://prod.pictures.autoscout24.net/listing-images/8397412b-a40f-457c-b24f-7c4a45560812_e46f53c2-516c-4c82-a417-a2a259a7c9cd.jpg/250x188.webp,2026-09-28T08:15:58.653649,0.91,3
8fdcf337-fc1b-4817-be0d-2064c4d21d29,https://www.autoscout24.be/fr/offres/8fdcf337-fc1b-4817-be0d-2064c4d21d29,be,Mercedes-Benz,gla 200,,Mercedes-Benz GLA 200d 4M AMG Line - Pack Night,32490,,True,2022,06-2022,46460,1,used,diesel,110,149,1950,Euro 6,,6.0,,,Avant,SUV/4x4/Pick-Up,5,5,Gris,,,,,dealer,Mercedes-Benz Garage Brancart,BE-7380 Quiévrain,BE,2,https://prod.pictures.autoscout24.net/listing-images/8fdcf337-fc1b-4817-be0d-2064c4d21d29_f8d5399f-6468-4866-86c9-4b2353f7ed92.jpg/250x188.webp,2026-09-28T08:15:58.653656,0.7,4
ee9e0a0a-26c8-43d7-b883-8dd5b67388af,https://www.autoscout24.be/fr/offres/ee9e0a0a-26c8-43d7-b883-8dd5b67388af,be,Mg,im5,,MG IM5100 kWh LONG RANGE RWD,49980,,True,2026,09-2026,9999,1,used,electric,100,136,,Euro 6,,6.0,,,Arrière,Berline,5,5,Noir,,,,,dealer,VDC Car Kortrijk - Kuurne,BE-8520 Kuurne,BE,1,https://prod.pictures.autoscout24.net/listing-images/ee9e0a0a-26c8-43d7-b883-8dd5b67388af_7a56c632-b164-42d4-a7ff-34630cdd48cd.jpg/250x188.webp,2026-09-28T08:15:58.653664,5.0,0
918f4ce3-c108-4c9b-acfa-a5ef28fc3f50,https://www.autoscout24.be/fr/offres/918f4ce3-c108-4c9b-acfa-a5ef28fc3f50,be,Citroen,c3,,Citroen C31.2i 83CV YOU EDiTiON !!82.486KM!! Bi-COLOR,8900,,True,2022,07-2022,82486,1,used,petrol,61,83,1199,Euro 6d-TEMP,,6.0,,,Avant,Berline,5,5,Gris,,,,,dealer,Mega Motors,BE-6220 Fleurus,BE,2,https://prod.pictures.autoscout24.net/listing-images/918f4ce3-c108-4c9b-acfa-a5ef28fc3f50_281f1bba-8cdb-41ff-b99a-71dca2a9ae01.jpg/250x188.webp,2026-09-28T08:15:58.653671,0.11,4
efa47470-8254-435b-8eda-cf32f446635b,https://www.autoscout24.be/fr/offres/efa47470-8254-435b-8eda-cf32f446635b,be,Porsche,taycan,,Porsche Taycan93.4 kWh Taycan 4S Pano BOSE SportChrono,58990,,True,2022,01-2022,79150,1,used,electric,264,360,,,,490.0,,,AWD,Berline,4,5,Bleu,,,,,dealer,Autohandel  Loosveld,BE-8870 Izegem,BE,2,https://prod.pictures.autoscout24.net/listing-images/efa47470-8254-435b-8eda-cf32f446635b_f05d4de7-39ed-440b-9b53-58cb312a32a5.jpg/250x188.webp,2026-09-28T08:15:58.653678,0.75,4
2e5a67b3-9e6b-4eb1-86fa-c8bab757a3d9,https://www.autoscout24.be/fr/offres/2e5a67b3-9e6b-4eb1-86fa-c8bab757a3d9,be,Nissan,juke,,"Nissan JukeJuke 1.0 DIG-T 2WD N-Design Dashcam 19"" Bose DAB",15500,,True,2021,11-2021,43355,1,used,petrol,84,114,999,Euro 6,,6.0,,,Avant,SUV/4x4/Pick-Up,5,5,Gris,,,,,dealer,Yprauto,BE-8840 Oostnieuwkerke,BE,2,https://prod.pictures.autoscout24.net/listing-images/2e5a67b3-9e6b-4eb1-86fa-c8bab757a3d9_9ddaba2b-cfc8-40a9-a9b0-9427b2b07ccd.jpg/250x188.webp,2026-09-28T08:15:58.653685,0.36,5
cb76da1b-1820-4754-9642-d2470e425e73,https://www.autoscout24.be/fr/offres/cb76da1b-1820-4754-9642-d2470e425e73,be,Toyota,corolla,,Toyota CorollaTouring Sports 1.8 Hybrid e-CVT Camera | PDC,17495,,True,2021,03-2021,122884,1,used,petrol,66,90,1800,Euro 6,,6.0,,,Avant,Break,5,5,Noir,,,,,dealer,Van Mossel Used Cars Center Hasselt,BE-3500 Hasselt,BE,2,https://prod.pictures.autoscout24.net/listing-images/cb76da1b-1820-4754-9642-d2470e425e73_69f28d34-00bb-430c-8f83-5b9467e8933f.jpg/250x188.webp,2026-09-28T08:15:58.653693,0.14,5
e7573c22-4b8e-479e-9aff-b839d8dc7c96,https://www.autoscout24.be/fr/offres/e7573c22-4b8e-479e-9aff-b839d8dc7c96,be,Land Rover,range rover velar,,Land Rover Range Rover VelarP400e S AWD Auto. 26.75MY,77990,,True,2026,09-2026,10,,new,hybrid,297,403,1997,,,2104.0,,,AWD,SUV/4x4/Pick-Up,5,5,Noir,,,,,dealer,Jaguar Land Rover Metropool Zuid,BE-2630 Aartselaar,BE,2,https://prod.pictures.autoscout24.net/listing-images/e7573c22-4b8e-479e-9aff-b839d8dc7c96_b20ef47c-3296-4353-869c-eef39dd36c68.jpg/250x188.webp,2026-09-28T08:15:58.653701,7799.0,0
ed5c3fe3-134b-49ac-bdfe-24d1f3717652,https://www.autoscout24.be/fr/offres/ed5c3fe3-134b-49ac-bdfe-24d1f3717652,be,Opel,mokka,,Opel MokkaMokka 1.2 Turbo GS,17290,,True,2023,10-2023,16651,,used,petrol,96,130,1199,Euro 6d,,6.0,,,Boîte automatique,SUV/4x4/Pick-Up,5,5,Gris,,,,,dealer,click2move by Declerc,BE-5100 Naninne (Namur),BE,2,https://prod.pictures.autoscout24.net/listing-images/ed5c3fe3-134b-49ac-bdfe-24d1f3717652_db74bd65-c7e4-4af1-946f-04795191b47b.jpg/250x188.webp,2026-09-28T08:15:58.653708,1.04,3
005f1d06-5795-464f-bd76-ad1428d57f77,https://www.autoscout24.be/fr/offres/005f1d06-5795-464f-bd76-ad1428d57f77,be,Skoda,octavia,,Skoda Octavia! RÉSERVÉE ! RÉSERVÉE ! RÉSERVÉE !,19990,,True,2024,08-2024,85170,1,used,diesel,85,115,1968,Euro 6d,,6.0,,,Avant,Break,5,5,Argent,,,,,dealer,Garage Santo,BE-7080 Frameries - Mons,BE,2,https://prod.pictures.autoscout24.net/listing-images/005f1d06-5795-464f-bd76-ad1428d57f77_656f9bee-1b11-4236-b9ab-226cb137427f.jpg/250x188.webp,2026-09-28T08:15:58.653716,0.23,2
7ff57117-1cf8-40db-bb04-b38c4b84fbba,https://www.autoscout24.be/fr/offres/7ff57117-1cf8-40db-bb04-b38c4b84fbba,be,Ford,fiesta,,Ford FiestaVignale 1.0 EcoBoost MHEV Hybrid STLine Auto,14990,,True,2022,12-2022,56847,1,used,hybrid,67,92,999,Euro 6d,,6.0,,,Avant,Berline,5,5,Noir,,,,,dealer,Garage l'As de l'Auto,BE-6200 Chatelet,BE,1,https://prod.pictures.autoscout24.net/listing-images/7ff57117-1cf8-40db-bb04-b38c4b84fbba_b6f250b9-5d25-4b3a-a168-141410d11c55.jpg/250x188.webp,2026-09-28T08:15:58.653723,0.26,4
160dbc27-a888-4622-a790-16274e13a848,https://www.autoscout24.be/fr/offres/160dbc27-a888-4622-a790-16274e13a848,be,Volkswagen,tiguan,,Volkswagen Tiguan1.5 TSI DSG | Pano Dak | Carplay | ACC |,17295,,True,2019,09-2019,146620,1,used,petrol,110,149,1498,Euro 6d-TEMP,,6.0,,,Avant,SUV/4x4/Pick-Up,5,5,Gris,,,,,dealer,Van Mossel Used Cars Center Hasselt,BE-3500 Hasselt,BE,2,https://prod.pictures.autoscout24.net/listing-images/160dbc27-a888-4622-a790-16274e13a848_a72534ef-b6ab-48d7-ad3b-5eaa1b75f8c9.jpg/250x188.webp,2026-09-28T08:15:58.653731,0.12,7
5c18a975-4aca-4c07-a6af-849f809d052c,https://www.autoscout24.be/fr/offres/5c18a975-4aca-4c07-a6af-849f809d052c,be,Kia,k4,,Kia K4Sportswagon 1.6 T-GDi 150 DCT7 Pace,29299,,True,2026,06-2026,10,,new,petrol,110,149,1600,Euro 6e,,6.0,,,Avant,Break,5,5,Noir,,,,,dealer,Novicar Roeselare,BE-8830 Hooglede-Gits,BE,2,https://prod.pictures.autoscout24.net/listing-images/5c18a975-4aca-4c07-a6af-849f809d052c_1bd85366-2e2a-46b6-a2f8-0130d148682c.jpg/250x188.webp,2026-09-28T08:15:58.653738,2929.9,0
da493051-c68d-457e-8bdf-8c5831a1213f,https://www.autoscout24.be/fr/offres/da493051-c68d-457e-8bdf-8c5831a1213f,be,Volvo,xc40,,Volvo XC40T4 Recharge Plug-in Hybrid Camera Zetelverwarming,28900,,True,2022,11-2022,33755,1,used,hybrid,113,155,1477,Euro 6,,6.0,,,Avant,SUV/4x4/Pick-Up,5,5,Noir,,,,,dealer,KENIDI nv,BE-1982 Elewijt,BE,2,https://prod.pictures.autoscout24.net/listing-images/da493051-c68d-457e-8bdf-8c5831a1213f_17d7681f-d33d-41c8-b86b-f767be1150ad.jpg/250x188.webp,2026-09-28T08:15:58.653745,0.86,4
0aea9c7d-9ccf-40dc-adec-bf246ae34ab8,https://www.autoscout24.be/fr/offres/0aea9c7d-9ccf-40dc-adec-bf246ae34ab8,be,Ford,kuga,,Ford Kuga2.5i FHEV / Hybride / ST Line / Winter Pack /,28950,,True,2025,03-2025,21766,,used,hybrid,132,179,2488,,,2122.0,,,Avant,SUV/4x4/Pick-Up,5,5,Gris,,,,,dealer,BVBA Garage Trading,BE-1830 Machelen,BE,2,https://prod.pictures.autoscout24.net/listing-images/0aea9c7d-9ccf-40dc-adec-bf246ae34ab8_df8617f8-b39d-4f23-9640-c1bceeb87f2f.jpg/250x188.webp,2026-09-28T08:15:58.653753,1.33,1
d06d33b1-072e-4dd6-8787-18ba86914ee9,https://www.autoscout24.be/fr/offres/d06d33b1-072e-4dd6-8787-18ba86914ee9,be,Renault,symbioz,,Renault Symbioz1.3 TCE MHEV / TECHNO / EDC / CARPLAY / GPS,26490,,True,2026,01-2026,6328,1,used,petrol,76,104,1332,Euro 6e,,6.0,,,Avant,SUV/4x4/Pick-Up,5,5,Gris,,,,,dealer,Ellicars,BE-3670 Ellikom  (Oudsbergen),BE,2,https://prod.pictures.autoscout24.net/listing-images/d06d33b1-072e-4dd6-8787-18ba86914ee9_9488e579-c559-4749-9491-0baa4785890a.jpg/250x188.webp,2026-09-28T08:15:58.653760,4.19,0
9347d796-fa37-4d99-89d8-56e20cbe9963,https://www.autoscout24.be/fr/offres/9347d796-fa37-4d99-89d8-56e20cbe9963,be,Volkswagen,caddy,,Volkswagen CaddyCaddy 1.5 TSI Life 5pl.,23990,,True,2022,03-2022,75716,1,used,petrol,84,114,1498,Euro 6d,,6.0,,,Avant,Monospace,5,5,Bleu,,,,,dealer,Garage Delbaere Ryan BVBA,BE-8792 Waregem,BE,2,https://prod.pictures.autoscout24.net/listing-images/9347d796-fa37-4d99-89d8-56e20cbe9963_061ee784-0d7f-49a9-a5b0-db08fdb3d408.jpg/250x188.webp,2026-09-28T08:15:58.653768,0.32,4
7e023803-9658-44de-b226-52addb57ac5d,https://www.autoscout24.be/fr/offres/7e023803-9658-44de-b226-52addb57ac5d,be,Opel,astra,,Opel AstraAstra Sports Tourer 1.2 Turbo GS,18990,,True,2024,03-2024,20035,,used,petrol,96,130,1199,Euro 6e,,6.0,,,Boîte automatique,Break,5,5,Blanc,,,,,dealer,click2move by Declerc,BE-5100 Naninne (Namur),BE,2,https://prod.pictures.autoscout24.net/listing-images/7e023803-9658-44de-b226-52addb57ac5d_3ef38b5b-b5e1-41cf-a0a5-55c6c1e14d3f.jpg/250x188.webp,2026-09-28T08:15:58.653776,0.95,2
db6a9097-9a1a-4d19-992d-6e2f733bb6ca,https://www.autoscout24.be/fr/offres/db6a9097-9a1a-4d19-992d-6e2f733bb6ca,be,Volkswagen,taigo,,Volkswagen,18950,,True,2023,09-2023,42100,1,used,petrol,59,81,999,Euro 6d,,6.0,,,Avant,SUV/4x4/Pick-Up,5,5,Noir,,,,,dealer,Garage Thomas Uyttendaele,BE-9340 Lede,BE,2,https://prod.pictures.autoscout24.net/listing-images/db6a9097-9a1a-4d19-992d-6e2f733bb6ca_a7b7a7c5-d656-4a04-8008-15b71d5a84f3.jpg/250x188.webp,2026-09-28T08:15:58.653783,0.45,3
3c86ac07-90a9-47ba-a5d4-7cae7698202e,https://www.autoscout24.be/fr/offres/3c86ac07-90a9-47ba-a5d4-7cae7698202e,be,Ford,kuga,,Ford KugaST-LINE X 2.5FHEV ALL WHEEL DRIVE AUT OC3801 *0877,31950,,True,2025,03-2025,14575,1,used,hybrid,179,243,,,,20.0,,,AWD,Berline,5,5,Blanc,,,,,dealer,Ford - Morren Motor,BE-3800 Sint-Truiden,BE,2,https://prod.pictures.autoscout24.net/listing-images/3c86ac07-90a9-47ba-a5d4-7cae7698202e_16e59f8a-e430-4167-a40e-6bc5529cf0d7.jpg/250x188.webp,2026-09-28T08:15:58.653791,2.19,1
bd16a2de-4968-4887-9f55-1d3f8e67e628,https://www.autoscout24.be/fr/offres/bd16a2de-4968-4887-9f55-1d3f8e67e628,be,Renault,grand scenic,,Renault Grand Scenic1.7 dCi 7 PLACES CLIM GPS CAMERA LED,16990,,True,2020,11-2020,40446,1,used,diesel,64,88,1749,Euro 6d,,6.0,,,Avant,Monospace,5,7,Gris,,,,,dealer,Mon Occasion,BE-4000 Liège,BE,2,https://prod.pictures.autoscout24.net/listing-images/bd16a2de-4968-4887-9f55-1d3f8e67e628_8a678061-be3e-47dc-822e-aae16854cc26.jpg/250x188.webp,2026-09-28T08:15:58.653798,0.42,6
1d512fc1-958d-46b4-bc6b-c4e59e4f2bee,https://www.autoscout24.be/fr/offres/1d512fc1-958d-46b4-bc6b-c4e59e4f2bee,be,Audi,tts,,Audi TTSTTS Roadster 2.0 TFSI Quattro TTS S tronic,49990,,True,2023,07-2023,30586,1,used,petrol,235,319,1984,Euro 6d,,6.0,,,AWD,Cabriolet,2,2,Noir,,,,,dealer,BCS Franzese SPRL,BE-7390 Quaregnon,BE,2,https://prod.pictures.autoscout24.net/listing-images/1d512fc1-958d-46b4-bc6b-c4e59e4f2bee_1d004490-a067-4be2-8bdd-ebeb640011bf.jpg/250x188.webp,2026-09-28T08:15:58.653805,1.63,3
c1e93a84-b417-4cc1-a307-a660e4a5a26e,https://www.autoscout24.be/fr/offres/c1e93a84-b417-4cc1-a307-a660e4a5a26e,be,Volvo,xc40,,Volvo XC40XC40 1.5 T4 PHEV Inscription Expression,21999,,True,2021,09-2021,126000,1,used,hybrid,95,129,1477,Euro 6d,,6.0,,,Avant,SUV/4x4/Pick-Up,5,5,Blanc,,,,,dealer,DMMJ Motor sprl,BE-7130 Binche,BE,2,https://prod.pictures.autoscout24.net/listing-images/c1e93a84-b417-4cc1-a307-a660e4a5a26e_efc9927a-d9ad-4428-a264-1ab9ff9b27dc.jpg/250x188.webp,2026-09-28T08:15:58.653813,0.17,5
3b0d1a0f-9e13-4fc6-b1f6-d9f605634d9b,https://www.autoscout24.be/fr/offres/3b0d1a0f-9e13-4fc6-b1f6-d9f605634d9b,be,Skoda,fabia,,Skoda Fabia1.0 MPI 59kW Selection,15650,,True,2025,04-2025,23215,1,used,petrol,59,80,1000,,,2118.0,automatic,,Avant,Citadine,5,5,Bleu,,,,,dealer,GMS STORE BRUGGE,BE-8000 Brugge,BE,2,https://prod.pictures.autoscout24.net/listing-images/3b0d1a0f-9e13-4fc6-b1f6-d9f605634d9b_4b6debcd-fbe9-4a7e-97dc-f4e451add215.jpg/250x188.webp,2026-09-28T08:15:58.653821,0.67,1
102d2fc6-4037-44e0-b6e7-9b1474f9a455,https://www.autoscout24.be/fr/offres/102d2fc6-4037-44e0-b6e7-9b1474f9a455,be,Renault,megane,,Renault MeganeGrandtour Limited Blue dCi 110,8450,,True,2018,08-2018,119038,2,used,diesel,81,110,1461,Euro 6,,6.0,,,Avant,Break,5,5,Argent,,,,,dealer,Garage Dickens,BE-2320 Hoogstraten,BE,2,https://prod.pictures.autoscout24.net/listing-images/102d2fc6-4037-44e0-b6e7-9b1474f9a455_8b58ecac-e6dc-4a12-8284-e086811a4742.jpg/250x188.webp,2026-09-28T08:15:58.653829,0.07,8
c5218da6-b7e5-44cd-850b-b5457b2e235e,https://www.autoscout24.be/fr/offres/c5218da6-b7e5-44cd-850b-b5457b2e235e,be,Dodge,ram,,Dodge ram,79739,,True,,new,10000,,used,petrol,313,425,3000,,,,,,AWD,SUV/4x4/Pick-Up,,,Noir,,,,,dealer,Leie Auto's,BE-9870 Zulte,BE,2,https://prod.pictures.autoscout24.net/listing-images/c5218da6-b7e5-44cd-850b-b5457b2e235e_8bdcbb60-d879-41ed-b965-cdab758e11ef.jpg/250x188.webp,2026-09-28T08:15:58.653836,7.97,
50df28c9-9929-4f09-a8ad-16a3bfe50ae5,https://www.autoscout24.be/fr/offres/50df28c9-9929-4f09-a8ad-16a3bfe50ae5,be,Land Rover,defender,,Land Rover Defender90 3.0 D250 SE,62900,,True,2023,08-2023,29211,1,used,diesel,134,183,2996,Euro 6d,,6.0,,,AWD,SUV/4x4/Pick-Up,3,2,Gris,,,,,dealer,COYSMAN MOTORS,BE-9041 Oostakker,BE,2,https://prod.pictures.autoscout24.net/listing-images/50df28c9-9929-4f09-a8ad-16a3bfe50ae5_86bf2d84-bdf0-4b8b-bf6e-c2ff5b8ed704.jpg/250x188.webp,2026-09-28T08:15:58.653844,2.15,3
2f1b4f1c-9419-4afd-9012-eecee7cb0af3,https://www.autoscout24.be/fr/offres/2f1b4f1c-9419-4afd-9012-eecee7cb0af3,be,Audi,q3,,Audi Q3S-LINE-LOOK,28900,,True,2021,07-2021,66000,1,used,hybrid,180,244,1395,Euro 6d,,6.0,,,Avant,SUV/4x4/Pick-Up,5,5,Gris,,,,,dealer,MDV CARS,BE-1730 Asse,BE,2,https://prod.pictures.autoscout24.net/listing-images/2f1b4f1c-9419-4afd-9012-eecee7cb0af3_7d455abd-3de6-47be-b580-ee4c117a4439.jpg/250x188.webp,2026-09-28T08:15:58.653851,0.44,5
92fc5b25-c983-4f41-8842-9694698f4251,https://www.autoscout24.be/fr/offres/92fc5b25-c983-4f41-8842-9694698f4251,be,Mercedes-Benz,a 180,,Mercedes-Benz A 180d Luxury Line,24499,,True,2024,10-2024,18863,1,used,diesel,85,115,1950,Euro 6,,6.0,,,Avant,Citadine,5,5,Argent,,,,,dealer,Mercedes - Groep Jam - Noord,BE-3960 Bree,BE,2,https://prod.pictures.autoscout24.net/listing-images/92fc5b25-c983-4f41-8842-9694698f4251_639c6ffb-2071-45b7-9cc2-543e7c362f3e.jpg/250x188.webp,2026-09-28T08:15:58.653858,1.3,2
4b3c016f-d5df-4f00-8e55-d13230346a3b,https://www.autoscout24.be/fr/offres/4b3c016f-d5df-4f00-8e55-d13230346a3b,be,Mercedes-Benz,a 180,,"Mercedes-Benz A 180A 180 AMG Line Camera , Lane assist .....",23990,,True,2021,02-2021,38131,,used,petrol,100,136,1332,Euro 6d,,6.0,,,Avant,Berline,5,5,Gris,,,,,dealer,Autocenter Hein NV,BE-3110 Rotselaar,BE,2,https://prod.pictures.autoscout24.net/listing-images/4b3c016f-d5df-4f00-8e55-d13230346a3b_d2305b25-7edd-4bdb-a80e-4c9623bd9d05.jpg/250x188.webp,2026-09-28T08:15:58.653865,0.63,5
b8aeb784-9bd0-4558-bfc4-c3e93c53d17a,https://www.autoscout24.be/fr/offres/b8aeb784-9bd0-4558-bfc4-c3e93c53d17a,be,Ford,puma,,Ford Puma1.5 TDCi 88kW Titanium X LED | NAVi | ANDROID | CA,12945,,True,2021,06-2021,91174,,used,diesel,88,119,1500,,,2119.0,,,Avant,SUV/4x4/Pick-Up,5,5,Gris,,,,,dealer,Van Mossel Used Cars Center Lokeren,BE-9160 Lokeren,BE,2,https://prod.pictures.autoscout24.net/listing-images/b8aeb784-9bd0-4558-bfc4-c3e93c53d17a_9c2c4073-a509-47ed-8fbc-12cd224b424c.jpg/250x188.webp,2026-09-28T08:15:58.653872,0.14,5
705f780b-c818-4691-95b3-0efc2e331908,https://www.autoscout24.be/fr/offres/705f780b-c818-4691-95b3-0efc2e331908,be,Renault,austral,,Renault AustralAlpine E-Tech,25500,,True,2023,06-2023,15867,1,used,hybrid,70,96,1199,Euro 6d,,6.0,,,Boîte automatique,SUV/4x4/Pick-Up,5,5,Noir,,,,,private,,,BE,1,https://prod.pictures.autoscout24.net/listing-images/705f780b-c818-4691-95b3-0efc2e331908_1ff88a05-0d9f-4138-9a69-f7c2ad2048bd.jpg/250x188.webp,2026-09-28T08:15:58.653879,1.61,3
b982d930-09dc-4106-b52e-c19667f0ac14,https://www.autoscout24.be/fr/offres/b982d930-09dc-4106-b52e-c19667f0ac14,be,Mercedes-Benz,c 300,,Mercedes-Benz C 300e Berline AMG Line | Panoramisch Dak |,34999,,True,2022,09-2022,98339,1,used,hybrid,169,230,1999,,,214.0,,,Arrière,Berline,4,5,Blanc,,,,,dealer,,BE-3190 Boortmeerbeek,BE,1,https://prod.pictures.autoscout24.net/listing-images/b982d930-09dc-4106-b52e-c19667f0ac14_b576b014-bee5-4a91-86a5-86fb93a5fec7.jpg/250x188.webp,2026-09-28T08:15:58.653886,0.36,4
37352397-5c21-4e30-9cda-02b0bd4e074e,https://www.autoscout24.be/fr/offres/37352397-5c21-4e30-9cda-02b0bd4e074e,be,Mercedes-Benz,c 200,,Mercedes-Benz C 200d Berline AMG Line,21890,,True,2019,05-2019,125669,,used,diesel,118,160,1597,Euro 6,,6.0,,,Boîte automatique,Berline,4,5,Gris,,,,,dealer,SAGA Mons,BE-7033 Mons (Cuesmes),BE,2,https://prod.pictures.autoscout24.net/listing-images/37352397-5c21-4e30-9cda-02b0bd4e074e_d9962ac4-0376-4e11-a3d4-598c07de22c6.jpg/250x188.webp,2026-09-28T08:15:58.653894,0.17,7
1b82d189-b8e9-4ffc-9c75-f12c8e54ad6a,https://www.autoscout24.be/fr/offres/1b82d189-b8e9-4ffc-9c75-f12c8e54ad6a,be,Land Rover,range rover,,Land Rover Range RoverRange Rover  3.0 SDV6 HSE(EU6d-TEMP),49999,,True,2020,11-2020,115000,1,used,diesel,202,274,2993,Euro 6d,,6.0,,,AWD,SUV/4x4/Pick-Up,5,5,Gris,,,,,dealer,V12motors,BE-1420 BRAINE L ALLEUD,BE,2,https://prod.pictures.autoscout24.net/listing-images/1b82d189-b8e9-4ffc-9c75-f12c8e54ad6a_022a73b5-2411-45b4-8061-24c5be8c9242.jpg/250x188.webp,2026-09-28T08:15:58.653902,0.43,6
dc2a0d38-9b71-4fc5-b5f6-6e1b9170ded3,https://www.autoscout24.be/fr/offres/dc2a0d38-9b71-4fc5-b5f6-6e1b9170ded3,be,Toyota,c-hr+,,Toyota C-HR+77kWh AWD Style Black + Premium Pack,47570,,True,,new,0,,new,electric,77,104,,,,507.0,,,AWD,SUV/4x4/Pick-Up,5,5,Noir,,,,,dealer,GARAGE BOONE nv,BE-9940 Evergem,BE,2,https://prod.pictures.autoscout24.net/listing-images/dc2a0d38-9b71-4fc5-b5f6-6e1b9170ded3_e8fecc5a-a3e2-460f-bef0-f763f3bed7d3.jpg/250x188.webp,2026-09-28T08:15:58.653909,,
4c7fafc0-bced-45e4-9708-db0b1c514153,https://www.autoscout24.be/fr/offres/4c7fafc0-bced-45e4-9708-db0b1c514153,be,Porsche,cayenne,,Porsche CayenneCayenne Coupé Hybride Pano Bose Sport-Chrono,77990,,True,2023,05-2023,30000,1,used,hybrid,249,340,2995,Euro 6d,,6.0,,,AWD,SUV/4x4/Pick-Up,5,5,Noir,,,,,dealer,Aera cars,BE-1853 Grimbergen,BE,1,https://prod.pictures.autoscout24.net/listing-images/4c7fafc0-bced-45e4-9708-db0b1c514153_923bcd46-9945-4716-9e81-dc14d9f24707.jpg/250x188.webp,2026-09-28T08:15:58.653916,2.6,3
3af4a125-9a45-4d81-b37e-42e347b41c14,https://www.autoscout24.be/fr/offres/3af4a125-9a45-4d81-b37e-42e347b41c14,be,Peugeot,208,,Peugeot 208Style,15750,,True,2025,07-2025,6255,1,used,petrol,74,100,1199,Euro 6,,6.0,automatic,,Avant,Citadine,5,5,Noir,,,,,dealer,Traen - Deprez,BE-8490 Jabbeke,BE,2,https://prod.pictures.autoscout24.net/listing-images/3af4a125-9a45-4d81-b37e-42e347b41c14_f7bc7e3d-5c4d-449d-ac63-026862c2da5c.jpg/250x188.webp,2026-09-28T08:15:58.653923,2.52,1
444d3e2a-1e2d-4006-9292-a9b6cbe9ab3e,https://www.autoscout24.be/fr/offres/444d3e2a-1e2d-4006-9292-a9b6cbe9ab3e,be,Jaguar,f-pace,,Jaguar F-PaceD165 R-Dynamic S AWD Auto. 24MY,50990,,True,2025,06-2025,24555,,used,diesel,120,163,1997,Euro 6d,,6.0,automatic,,AWD,SUV/4x4/Pick-Up,5,5,Gris,,,,,dealer,Louyet JLR Habay,BE-6720 Habay-la-Neuve,BE,3,https://prod.pictures.autoscout24.net/listing-images/444d3e2a-1e2d-4006-9292-a9b6cbe9ab3e_3513d496-239a-4cd0-a896-a0d7a20117c6.jpg/250x188.webp,2026-09-28T08:15:58.653931,2.08,1
50712cec-29f5-4495-9b55-2c07e493f63f,https://www.autoscout24.be/fr/offres/50712cec-29f5-4495-9b55-2c07e493f63f,be,Cupra,formentor,,CUPRA FormentorFormentor 1.5 eTSI Mild hybrid DSG Digitaal,30490,,True,2025,04-2025,9975,1,used,hybrid,110,149,1498,Euro 6,,6.0,,,Avant,SUV/4x4/Pick-Up,5,5,Gris,,,,,dealer,Yprauto,BE-8840 Oostnieuwkerke,BE,2,https://prod.pictures.autoscout24.net/listing-images/50712cec-29f5-4495-9b55-2c07e493f63f_352b1a1a-1a0a-4b9b-bf4d-2045cc7b1307.jpg/250x188.webp,2026-09-28T08:15:58.653938,3.06,1
59b56336-4607-4a61-891c-fca853d8e081,https://www.autoscout24.be/fr/offres/59b56336-4607-4a61-891c-fca853d8e081,be,Seat,ibiza,,SEAT Ibiza1.0 TSI FR AUTO DSG COCKPIT GPS CAPTEURS,15990,,True,2024,03-2024,27455,1,used,petrol,59,81,999,Euro 6d,,6.0,,,Avant,Berline,5,5,Gris,,,,,dealer,Mon Occasion,BE-4000 Liège,BE,2,https://prod.pictures.autoscout24.net/listing-images/59b56336-4607-4a61-891c-fca853d8e081_9208aabb-71ae-4651-884f-dcd84b6cc368.jpg/250x188.webp,2026-09-28T08:15:58.653946,0.58,2
ba43f199-798e-48e9-9535-a4941c137da3,https://www.autoscout24.be/fr/offres/ba43f199-798e-48e9-9535-a4941c137da3,be,Toyota,yaris,,Toyota YarisGR Yaris,49990,,True,2026,07-2026,1585,,used,petrol,206,280,1598,Euro 6e,,6.0,,,AWD,Citadine,3,5,Noir,,,,,dealer,,BE-7033 Mons,BE,1,https://prod.pictures.autoscout24.net/listing-images/ba43f199-798e-48e9-9535-a4941c137da3_c6d8f137-bd94-4477-8163-b6caeb0f25ad.jpg/250x188.webp,2026-09-28T08:15:58.653954,31.54,0
872cce5a-d67e-4b75-8554-df3cd97331ea,https://www.autoscout24.be/fr/offres/872cce5a-d67e-4b75-8554-df3cd97331ea,be,Nissan,qashqai,,Nissan QashqaiAPPLE-CARPLAY*360°CAMERA*PARKEERSENSOREN-V+A,18950,,True,2022,05-2022,62415,1,used,petrol,103,140,1332,Euro 6d,,6.0,,,Avant,SUV/4x4/Pick-Up,5,5,Argent,,,,,dealer,Garage Thomas Uyttendaele,BE-9340 Lede,BE,2,https://prod.pictures.autoscout24.net/listing-images/872cce5a-d67e-4b75-8554-df3cd97331ea_2a5f31b6-505f-4d3f-b763-7703f6d93c24.jpg/250x188.webp,2026-09-28T08:15:58.653961,0.3,4
80b56a68-72d9-4e44-844c-050434468cb0,https://www.autoscout24.be/fr/offres/80b56a68-72d9-4e44-844c-050434468cb0,be,BMW,x7,,BMW X7xdrive40i,74990,,True,2024,10-2024,55503,1,used,petrol,280,380,2998,Euro 6e,,6.0,,,AWD,SUV/4x4/Pick-Up,5,,Argent,,,,,dealer,BMW - Beliën Lommel,BE-3920 Lommel,BE,2,https://prod.pictures.autoscout24.net/listing-images/80b56a68-72d9-4e44-844c-050434468cb0_b3a8b318-e512-4ed3-afa6-bb65706a2345.jpg/250x188.webp,2026-09-28T08:15:58.653970,1.35,2
27ba7912-73cc-4280-bacf-2353827bdbc2,https://www.autoscout24.be/fr/offres/27ba7912-73cc-4280-bacf-2353827bdbc2,be,Land Rover,range rover,,Land Rover Range RoverVOGUE,39500,,True,2019,12-2019,145530,,used,diesel,202,274,2993,,,2249.0,,,AWD,SUV/4x4/Pick-Up,5,,Argent,,,,,dealer,,BE-8200 Brugge,BE,2,https://prod.pictures.autoscout24.net/listing-images/27ba7912-73cc-4280-bacf-2353827bdbc2_9d0029b0-674d-4422-99e6-9a7610f347e1.jpg/250x188.webp,2026-09-28T08:15:58.653977,0.27,7
06a28cf7-1bb2-4d5a-969b-00fd57522cff,https://www.autoscout24.be/fr/offres/06a28cf7-1bb2-4d5a-969b-00fd57522cff,be,Mercedes-Benz,a 200,,"Mercedes-Benz A 200AMG 7G-DCT ""LED",25950,,True,2020,02-2020,71050,1,used,petrol,88,120,1332,Euro 6d-TEMP,,6.0,,,Avant,Berline,5,5,Noir,,,,,dealer,,BE-8770 Ingelmunster,BE,1,https://prod.pictures.autoscout24.net/listing-images/06a28cf7-1bb2-4d5a-969b-00fd57522cff_32050770-801f-4b30-ba4d-58ab8b1a34db.jpg/250x188.webp,2026-09-28T08:15:58.653986,0.37,6
ec5c1a5a-cb52-4e32-a58e-e77f76e642f8,https://www.autoscout24.be/fr/offres/ec5c1a5a-cb52-4e32-a58e-e77f76e642f8,be,Mercedes-Benz,a 250,,Mercedes-Benz A 250A e Business Line | Camera | PDC 360° |,25795,,True,2022,11-2022,28684,1,used,hybrid,118,160,1332,Euro 6e,,6.0,,,Avant,Citadine,5,5,Argent,,,,,dealer,Van Mossel Used Cars Center Hasselt,BE-3500 Hasselt,BE,2,https://prod.pictures.autoscout24.net/listing-images/ec5c1a5a-cb52-4e32-a58e-e77f76e642f8_776e25e5-5ac2-42f0-8ce6-68469afef7da.jpg/250x188.webp,2026-09-28T08:15:58.653994,0.9,4
b1b393e9-0696-4469-af0c-6227f0921865,https://www.autoscout24.be/fr/offres/b1b393e9-0696-4469-af0c-6227f0921865,be,BMW,x1,,BMW X1X1 1.5iA sDrive18 XLINE + BUSINESS PACK,25000,,True,2022,10-2022,48000,1,used,petrol,100,136,1499,Euro 6e,,6.0,,,Avant,SUV/4x4/Pick-Up,5,5,Noir,,,,,private,,,BE,1,https://prod.pictures.autoscout24.net/listing-images/b1b393e9-0696-4469-af0c-6227f0921865_bf83a2a1-d938-467d-bff6-be0f98867c20.jpg/250x188.webp,2026-09-28T08:15:58.654002,0.52,4
05720bd4-fe1b-4253-9656-caa9687e03c6,https://www.autoscout24.be/fr/offres/05720bd4-fe1b-4253-9656-caa9687e03c6,be,Dacia,duster,,Dacia DusterDuster 1.3 TCe Comfort,10990,,True,2019,10-2019,76875,1,used,petrol,96,130,1332,Euro 6d,,6.0,,,Avant,SUV/4x4/Pick-Up,5,5,Gris,,,,,dealer,Garage Santo,BE-7080 Frameries - Mons,BE,2,https://prod.pictures.autoscout24.net/listing-images/05720bd4-fe1b-4253-9656-caa9687e03c6_45ab2313-d29f-4461-850b-fdc383cd66a9.jpg/250x188.webp,2026-09-28T08:15:58.654057,0.14,7
e6c1264c-1034-4029-86b7-82ac4a54b5a7,https://www.autoscout24.be/fr/offres/e6c1264c-1034-4029-86b7-82ac4a54b5a7,be,Opel,corsa,,Opel CorsaCorsa 1.5 Turbo D GS Line S,12490,,True,2022,04-2022,62000,1,used,diesel,75,102,1499,Euro 6d,,6.0,,,Avant,Monospace,5,5,Gris,,,,,dealer,Gabriele Mazzara Motors Cars,BE-5190 Jemeppe-Sur-Sambre,BE,2,https://prod.pictures.autoscout24.net/listing-images/e6c1264c-1034-4029-86b7-82ac4a54b5a7_8d4871c6-386c-4569-b2bc-02121a477107.jpg/250x188.webp,2026-09-28T08:15:58.654067,0.2,4
16056979-8c1c-4461-88f3-f65e04c54b2b,https://www.autoscout24.be/fr/offres/16056979-8c1c-4461-88f3-f65e04c54b2b,be,Kia,picanto,,Kia PicantoEasy 1.0 | Bluetooth | Airco | Radio,8995,,True,2021,09-2021,69130,1,used,petrol,49,66,1000,,,2101.0,,,Avant,Citadine,5,4,Gris,,,,,dealer,Van Mossel Used Cars Center Hasselt,BE-3500 Hasselt,BE,2,https://prod.pictures.autoscout24.net/listing-images/16056979-8c1c-4461-88f3-f65e04c54b2b_11494d44-b387-43d8-a688-9341e2b55a65.jpg/250x188.webp,2026-09-28T08:15:58.654074,0.13,5
7f993d4d-ebba-411d-bdbb-c749adff2965,https://www.autoscout24.be/fr/offres/7f993d4d-ebba-411d-bdbb-c749adff2965,be,Audi,a5,,Audi A5A5 Sportback 40 TFSI 202Pk Automaat 65.548Km,25450,,True,2021,07-2021,65546,1,used,hybrid,150,204,1984,Euro 6d,,6.0,,,Avant,Berline,5,4,Bleu,,,,,dealer,Steven Plovie bvba,BE-8490 Jabbeke,BE,2,https://prod.pictures.autoscout24.net/listing-images/7f993d4d-ebba-411d-bdbb-c749adff2965_0e1999b7-74ce-4f1f-a03f-129bc7f1ceda.jpg/250x188.webp,2026-09-28T08:15:58.654082,0.39,5
a6cd9372-b6e2-4dd2-91e2-a2f031712203,https://www.autoscout24.be/fr/offres/a6cd9372-b6e2-4dd2-91e2-a2f031712203,be,Fiat,500,,FIAT 500 1.2i Sport MTA (EU6d-TEMP) Sport,11995,,True,2020,02-2020,11767,1,used,petrol,51,69,1242,Euro 6d,,6.0,,,Arrière,Berline,3,4,Bleu,,,,,private,,,BE,1,https://prod.pictures.autoscout24.net/listing-images/a6cd9372-b6e2-4dd2-91e2-a2f031712203_5cc17c53-9be8-4eff-9485-6dedac7ef7a0.jpg/250x188.webp,2026-09-28T08:15:58.654089,1.02,6
dd78129f-e2b1-4711-8338-9ebd5fc60fe6,https://www.autoscout24.be/fr/offres/dd78129f-e2b1-4711-8338-9ebd5fc60fe6,be,Alfa Romeo,stelvio,,Alfa Romeo Stelvio2.0 Benzine Autom. 4x4 - Airco - Topstaat!,21990,,True,2019,02-2019,88905,2,used,petrol,108,148,1995,Euro 6,,6.0,,,AWD,SUV/4x4/Pick-Up,5,5,Noir,,,,,dealer,Provan Motors,BE-9810 Eke,BE,2,https://prod.pictures.autoscout24.net/listing-images/dd78129f-e2b1-4711-8338-9ebd5fc60fe6_00096265-186b-4ae1-8afb-70325a0c1bfa.jpg/250x188.webp,2026-09-28T08:15:58.654096,0.25,7
5da6e23e-bcee-4759-8a79-05fa3c07bff2,https://www.autoscout24.be/fr/offres/5da6e23e-bcee-4759-8a79-05fa3c07bff2,be,Lexus,ux 250h,,Lexus UX 250hEXECUTIVE LINE,22990,,True,2019,08-2019,93160,1,used,hybrid,135,183,1998,Euro 6,,6.0,,,Avant,SUV/4x4/Pick-Up,5,5,Noir,,,,,dealer,Gego sa,BE-5100 Naninne,BE,2,https://prod.pictures.autoscout24.net/listing-images/5da6e23e-bcee-4759-8a79-05fa3c07bff2_8254fe74-e93b-4466-94bb-3fb811f989e7.jpg/250x188.webp,2026-09-28T08:15:58.654104,0.25,7
701c2eb8-8143-4ef9-a172-c399c960347c,https://www.autoscout24.be/fr/offres/701c2eb8-8143-4ef9-a172-c399c960347c,be,Volkswagen,polo,,Volkswagen PoloPolo 1.0 TSI DSG Life Incl. LED - Carplay -,20490,,True,2025,04-2025,22396,,used,petrol,70,95,999,,,,,,Boîte automatique,Berline,5,5,Noir,,,,,dealer,click2move by Declerc,BE-5100 Naninne (Namur),BE,2,https://prod.pictures.autoscout24.net/listing-images/701c2eb8-8143-4ef9-a172-c399c960347c_aaa8ae69-5420-4c67-86cf-7b267cc42e63.jpg/250x188.webp,2026-09-28T08:15:58.654112,0.91,1
2c72ea66-ac6b-4cc7-b8b4-0e6d91a8de0f,https://www.autoscout24.be/fr/offres/2c72ea66-ac6b-4cc7-b8b4-0e6d91a8de0f,be,Porsche,cayenne,,Porsche CayenneCayenne 3.0 Turbo V6 Tiptronic S,59500,,True,2019,08-2019,70500,2,used,petrol,183,250,2995,Euro 6d,,6.0,automatic,,AWD,Coupé,5,4,Noir,,,,,private,,,BE,1,https://prod.pictures.autoscout24.net/listing-images/2c72ea66-ac6b-4cc7-b8b4-0e6d91a8de0f_71ac1673-abd9-4d0c-aa5a-940129c56727.jpg/250x188.webp,2026-09-28T08:15:58.654120,0.84,7
542112c6-a1fa-45ad-91f8-f29a9ce6f546,https://www.autoscout24.be/fr/offres/542112c6-a1fa-45ad-91f8-f29a9ce6f546,be,Opel,corsa,,Opel CorsaGS 12 Turbo 100cv,14990,,True,2025,03-2025,26788,1,used,petrol,73,100,1199,Euro 6e,,6.0,automatic,,Avant,Berline,5,5,Gris,,,,,dealer,Peugeot-Ets. Pater & Cie S.A,BE-6182 Souvret - Courcelles,BE,2,https://prod.pictures.autoscout24.net/listing-images/542112c6-a1fa-45ad-91f8-f29a9ce6f546_c8a4923d-5056-44c0-949d-794e896df9d7.jpg/250x188.webp,2026-09-28T08:15:58.654129,0.56,1
3c0fd071-061d-435f-8c89-24b676eeaa06,https://www.autoscout24.be/fr/offres/3c0fd071-061d-435f-8c89-24b676eeaa06,be,BMW,x4,,BMW X42.0IA XDRIVE20I PACK M ** GARANTIE 12 MOIS,37990,,True,2022,04-2022,107674,1,used,hybrid,135,183,1998,Euro 6e,,6.0,,,Boîte automatique,SUV/4x4/Pick-Up,5,5,Noir,,,,,dealer,Ab Cars Visé,BE-4600 Visé,BE,1,https://prod.pictures.autoscout24.net/listing-images/3c0fd071-061d-435f-8c89-24b676eeaa06_5dd3b090-8f76-4d9c-b89c-493fdf220a0b.jpg/250x188.webp,2026-09-28T08:15:58.654137,0.35,4
c7b43475-01f0-46da-ba6c-da630a0798c6,https://www.autoscout24.be/fr/offres/c7b43475-01f0-46da-ba6c-da630a0798c6,be,Audi,q5,,Audi Q5Business Edition Sport 40 TDI quattro,22399,,True,2019,11-2019,157674,,used,diesel,140,190,2000,,,2188.0,,,AWD,SUV/4x4/Pick-Up,5,5,Noir,,,,,dealer,Novicar Roeselare,BE-8830 Hooglede-Gits,BE,2,https://prod.pictures.autoscout24.net/listing-images/c7b43475-01f0-46da-ba6c-da630a0798c6_31aac825-a587-4e83-96e9-edc591c3484c.jpg/250x188.webp,2026-09-28T08:15:58.654144,0.14,7
ecdf39d3-9db7-40f1-902f-1dce41aecc28,https://www.autoscout24.be/fr/offres/ecdf39d3-9db7-40f1-902f-1dce41aecc28,be,Volvo,xc60,,Volvo XC60XC60 2.0 B4 MILD HYBRIDE Plus Dark  incl. BTW,41980,,True,2024,01-2024,33800,,used,hybrid,145,197,1969,Euro 6d,,6.0,,,Avant,SUV/4x4/Pick-Up,5,5,Blanc,,,,,dealer,E-select,BE-3500 Hasselt,BE,2,https://prod.pictures.autoscout24.net/listing-images/ecdf39d3-9db7-40f1-902f-1dce41aecc28_feabcf71-be4a-41ca-a8c2-278b8de2e975.jpg/250x188.webp,2026-09-28T08:15:58.654152,1.24,2
1c8c7bdf-f3db-41e8-9b12-b133d30650ce,https://www.autoscout24.be/fr/offres/1c8c7bdf-f3db-41e8-9b12-b133d30650ce,be,Skoda,karoq,,Skoda Karoq1.0 TSI Clever,19950,,True,2022,09-2022,39750,1,used,petrol,81,110,999,Euro 6d,,6.0,,,Avant,SUV/4x4/Pick-Up,5,5,Gris,,,,,dealer,Groupe Michaël Mazuin,BE-5070 Fosses-la-Ville,BE,3,https://prod.pictures.autoscout24.net/listing-images/1c8c7bdf-f3db-41e8-9b12-b133d30650ce_48d656fe-4f24-42ff-b6a3-a95081a997e4.jpg/250x188.webp,2026-09-28T08:15:58.654160,0.5,4
aad2247f-b6b3-4901-a379-83fd10822b34,https://www.autoscout24.be/fr/offres/aad2247f-b6b3-4901-a379-83fd10822b34,be,BMW,216,,BMW 216DA * Gran Coupé * PACK M PERFORMANCE * 1ER,23990,,True,2022,02-2022,76940,1,used,diesel,85,115,1496,Euro 6d,,6.0,,,Boîte automatique,Berline,4,5,Noir,,,,,dealer,Ab Cars,BE-4040 Herstal,BE,2,https://prod.pictures.autoscout24.net/listing-images/aad2247f-b6b3-4901-a379-83fd10822b34_639fa560-8c2d-4d0a-89f0-bfac61a20fef.jpg/250x188.webp,2026-09-28T08:15:58.654168,0.31,4
c5f256ec-ef5e-4e54-a9ac-649764077394,https://www.autoscout24.be/fr/offres/c5f256ec-ef5e-4e54-a9ac-649764077394,be,Land Rover,defender,,Land Rover Defender110 D250 S AWD Auto. 26MY,82626,,True,,new,0,,new,diesel,184,250,2996,Euro 6,,6.0,,,AWD,SUV/4x4/Pick-Up,5,5,Noir,,,,,dealer,Jaguar Land Rover ACG,BE-9820 Merelbeke,BE,2,https://prod.pictures.autoscout24.net/listing-images/c5f256ec-ef5e-4e54-a9ac-649764077394_42dbf27f-58e4-4e1a-ae76-df93b617de5b.png/250x188.webp,2026-09-28T08:15:58.654175,,
320824b2-e374-405a-ac8a-b4da2ed2a582,https://www.autoscout24.be/fr/offres/320824b2-e374-405a-ac8a-b4da2ed2a582,be,BMW,120,,BMW 120iA OPF,14950,,True,2022,02-2022,169500,,used,petrol,131,178,1998,Euro 6d,,6.0,automatic,,Avant,Berline,5,5,,,,,,private,,,BE,1,https://prod.pictures.autoscout24.net/listing-images/320824b2-e374-405a-ac8a-b4da2ed2a582_e084f473-140b-47b8-ab91-86a5b0c723eb.jpg/250x188.webp,2026-09-28T08:15:58.654182,0.09,4
a40a73fc-add4-4d35-817f-db2c3b82a7b5,https://www.autoscout24.be/fr/offres/a40a73fc-add4-4d35-817f-db2c3b82a7b5,be,Land Rover,defender,,Land Rover,59950,,True,2023,06-2023,56649,1,used,diesel,108,147,2996,Euro 6d,,6.0,,,AWD,SUV/4x4/Pick-Up,5,2,Gris,,,,,dealer,Garage Thomas Uyttendaele,BE-9340 Lede,BE,2,https://prod.pictures.autoscout24.net/listing-images/a40a73fc-add4-4d35-817f-db2c3b82a7b5_6cc84bcf-9981-4d27-9497-6dd344a32336.jpg/250x188.webp,2026-09-28T08:15:58.654190,1.06,3
d03329e5-f37d-4554-8b72-f723467c5ccf,https://www.autoscout24.be/fr/offres/d03329e5-f37d-4554-8b72-f723467c5ccf,be,Volkswagen,tiguan,,Volkswagen Tiguan1.5TSi 8,17499,,True,2020,08-2020,83680,1,used,petrol,110,149,1498,Euro 6d,,6.0,,,Avant,SUV/4x4/Pick-Up,5,5,Noir,,,,,dealer,Autohandel Soul,BE-9160 Lokeren,BE,2,https://prod.pictures.autoscout24.net/listing-images/d03329e5-f37d-4554-8b72-f723467c5ccf_8f5f042c-3c13-4614-82e3-9bc053743881.jpg/250x188.webp,2026-09-28T08:15:58.654198,0.21,6
e04b270b-fa16-4e7c-a2c7-f6e4480776ff,https://www.autoscout24.be/fr/offres/e04b270b-fa16-4e7c-a2c7-f6e4480776ff,be,Land Rover,discovery sport,,Land Rover Discovery SportP300e R-Dynamic HSE AWD Auto.,34650,,True,2020,11-2020,51178,,used,hybrid,227,308,1497,,,244.0,,,AWD,SUV/4x4/Pick-Up,5,,Noir,,,,,dealer,Jaguar - Land Rover Szrek,BE-9240 Zele,BE,3,https://prod.pictures.autoscout24.net/listing-images/e04b270b-fa16-4e7c-a2c7-f6e4480776ff_55b35d16-71f0-4b21-a8b6-1befcf7b8c8f.jpg/250x188.webp,2026-09-28T08:15:58.654206,0.68,6
cec73f5c-4cc7-4e57-8404-92cf6a996555,https://www.autoscout24.be/fr/offres/cec73f5c-4cc7-4e57-8404-92cf6a996555,be,Toyota,yaris,,Toyota,15950,,True,2020,07-2020,8829,1,used,petrol,60,82,1496,Euro 6d,,6.0,,,Avant,Berline,5,5,Argent,,,,,dealer,Garage Thomas Uyttendaele,BE-9340 Lede,BE,2,https://prod.pictures.autoscout24.net/listing-images/cec73f5c-4cc7-4e57-8404-92cf6a996555_b547d52c-d864-4fdc-b1cf-50e50725d310.jpg/250x188.webp,2026-09-28T08:15:58.654213,1.81,6
24ade972-9f2f-4c42-b50a-bca76308c592,https://www.autoscout24.be/fr/offres/24ade972-9f2f-4c42-b50a-bca76308c592,be,Volvo,xc60,,Volvo XC60B4 Mild Hybride Dark Plus,28500,,True,2022,04-2022,77000,,used,petrol,140,190,1969,,,7.2,,,Boîte automatique,SUV/4x4/Pick-Up,5,5,,,,,,private,,,BE,1,https://prod.pictures.autoscout24.net/listing-images/24ade972-9f2f-4c42-b50a-bca76308c592_4f171169-7040-4c01-b1eb-4c2c039e704e.jpg/250x188.webp,2026-09-28T08:15:58.654220,0.37,4
519e1055-1c6d-4a97-8d48-5d77d37a2a59,https://www.autoscout24.be/fr/offres/519e1055-1c6d-4a97-8d48-5d77d37a2a59,be,Volvo,v60,,Volvo V602.0 D3 150PK NAVIGATIE LEDER FULL LED CARPLAY,16750,,True,2020,03-2020,129770,1,used,diesel,110,149,1969,Euro 6d,,6.0,,,Avant,Break,5,5,Gris,,,,,dealer,KGT Trading BVBA,BE-9400 Voorde,BE,2,https://prod.pictures.autoscout24.net/listing-images/519e1055-1c6d-4a97-8d48-5d77d37a2a59_677a898c-9b8e-40dd-8578-086537278e09.jpg/250x188.webp,2026-09-28T08:15:58.654228,0.13,6
5b754016-b91d-4a30-ab46-999ae45d5737,https://www.autoscout24.be/fr/offres/5b754016-b91d-4a30-ab46-999ae45d5737,be,Porsche,macan,,Porsche MacanEV 100 kWh,79990,,True,2025,06-2025,17790,1,used,electric,73,100,,Euro 6d,,6.0,,,Arrière,SUV/4x4/Pick-Up,5,5,Noir,,,,,dealer,Legend Car,BE-1790 Affligem,BE,2,https://prod.pictures.autoscout24.net/listing-images/5b754016-b91d-4a30-ab46-999ae45d5737_dca53a48-0a7d-4eb7-9c97-59e91635a0d6.jpg/250x188.webp,2026-09-28T08:15:58.654236,4.5,1
7fa47435-058a-44a9-ace9-c53ee0ec4e5b,https://www.autoscout24.be/fr/offres/7fa47435-058a-44a9-ace9-c53ee0ec4e5b,be,Dacia,duster,,Dacia Duster1.2I EXPRESSION ** 1 ER PROPRIO ** GARANTIE 12,20990,,True,2025,05-2025,10079,1,used,hybrid,96,130,1199,Euro 6e,,6.0,,,Boîte manuelle,SUV/4x4/Pick-Up,5,5,Gris,,,,,dealer,Ab Cars Visé,BE-4600 Visé,BE,1,https://prod.pictures.autoscout24.net/listing-images/7fa47435-058a-44a9-ace9-c53ee0ec4e5b_6931e128-6ae2-41eb-8208-bcd72ab87ceb.jpg/250x188.webp,2026-09-28T08:15:58.654243,2.08,1
5cd691a1-fac1-469f-bf2d-e3776d55e0ba,https://www.autoscout24.be/fr/offres/5cd691a1-fac1-469f-bf2d-e3776d55e0ba,be,Audi,a1,,Audi A1Sportback 25 TFSI | NAVI / LEDER / CARPLAY,17500,,True,2021,01-2021,88606,1,used,petrol,70,95,999,Euro 6d,,6.0,,,Avant,Berline,5,5,Noir,,,,,dealer,Limitless Automotive BV,BE-2960 Brecht,BE,2,https://prod.pictures.autoscout24.net/listing-images/5cd691a1-fac1-469f-bf2d-e3776d55e0ba_b7d07e34-736a-453c-9f7d-0a3628012d70.jpg/250x188.webp,2026-09-28T08:15:58.654251,0.2,5
b1bbfe79-de18-42d4-b9d2-b5997f3802b1,https://www.autoscout24.be/fr/offres/b1bbfe79-de18-42d4-b9d2-b5997f3802b1,be,Mercedes-Benz,cla 180,,Mercedes-Benz CLA 180Shooting Brake CLA d,17499,,True,2020,07-2020,166398,,used,diesel,85,115,1500,,,,automatic,,Avant,Break,5,5,Noir,,,,,dealer,Novicar Roeselare,BE-8830 Hooglede-Gits,BE,2,https://prod.pictures.autoscout24.net/listing-images/b1bbfe79-de18-42d4-b9d2-b5997f3802b1_9fae28c3-d0ea-4425-89c8-b44427e0a967.jpg/250x188.webp,2026-09-28T08:15:58.654258,0.11,6
01dda309-8959-4615-a112-5deecfadc4e9,https://www.autoscout24.be/fr/offres/01dda309-8959-4615-a112-5deecfadc4e9,be,Toyota,urban cruiser,,Toyota Urban CruiserBEV 61 kWh 2WD Executive,35495,,True,2026,07-2026,1920,1,used,electric,61,82,,Euro 6e,,6.0,,,Avant,SUV/4x4/Pick-Up,5,5,Blanc,,,,,dealer,GARAGE BOONE nv,BE-9940 Evergem,BE,2,https://prod.pictures.autoscout24.net/listing-images/01dda309-8959-4615-a112-5deecfadc4e9_904a19eb-1612-4c71-b21f-13790c61287e.jpg/250x188.webp,2026-09-28T08:15:58.654265,18.49,0
53143cab-3166-4a83-9d60-18056e459a0a,https://www.autoscout24.be/fr/offres/53143cab-3166-4a83-9d60-18056e459a0a,be,Peugeot,408,,Peugeot 408ALLURE Automaat,19990,,True,2024,01-2024,63782,1,used,petrol,96,130,1199,Euro 6,,6.0,,,Avant,Berline,5,5,Noir,,,,,dealer,Borremans bv,BE-2880 Bornem,BE,2,https://prod.pictures.autoscout24.net/listing-images/53143cab-3166-4a83-9d60-18056e459a0a_f0d12869-4e28-429c-8324-0e1914563f6c.jpg/250x188.webp,2026-09-28T08:15:58.654273,0.31,2
b204a3f8-9249-4d1b-83c2-04750e573da6,https://www.autoscout24.be/fr/offres/b204a3f8-9249-4d1b-83c2-04750e573da6,be,Toyota,corolla cross,,Toyota Corolla Cross2.0 Hybrid Dynamic - incl 2 jaar KARE,29990,,True,2023,01-2023,50654,1,used,hybrid,145,197,2000,,,,,,Avant,SUV/4x4/Pick-Up,5,5,Vert,,,,,dealer,GMS Center Antwerpen Zuid,BE-2630 Antwerpen,BE,2,https://prod.pictures.autoscout24.net/listing-images/b204a3f8-9249-4d1b-83c2-04750e573da6_3192f913-caa9-4837-9b7f-cdc3d7efe080.jpg/250x188.webp,2026-09-28T08:15:58.654280,0.59,3
bf3a3777-fb41-4bac-aac0-7ec44f7ab5f1,https://www.autoscout24.be/fr/offres/bf3a3777-fb41-4bac-aac0-7ec44f7ab5f1,be,BMW,135,,BMW 135M xDrive Aut,42999,,True,2024,09-2024,4300,1,used,petrol,221,300,1998,Euro 6e,,6.0,,,AWD,Berline,5,5,Gris,,,,,dealer,Eurocars bv,BE-9308 Hofstade (Aalst),BE,2,https://prod.pictures.autoscout24.net/listing-images/bf3a3777-fb41-4bac-aac0-7ec44f7ab5f1_7655c885-9667-495b-9790-b32b33419c43.jpg/250x188.webp,2026-09-28T08:15:58.654288,10.0,2
834722da-bb86-40f7-9ba1-e2c83c8a2ec0,https://www.autoscout24.be/fr/offres/834722da-bb86-40f7-9ba1-e2c83c8a2ec0,be,Mg,hs,,MG HSHS 1.5 T-GDi Comfort DCT,17000,,True,2024,05-2024,60367,1,used,petrol,119,161,1490,Euro 6e,,6.0,,,Avant,SUV/4x4/Pick-Up,5,5,Blanc,,,,,dealer,AUTOBEDRIJF ANTORETI,BE-9220 Hamme,BE,1,https://prod.pictures.autoscout24.net/listing-images/834722da-bb86-40f7-9ba1-e2c83c8a2ec0_fa052c79-8b5a-43ad-abe4-4dd0a5b43b5d.jpg/250x188.webp,2026-09-28T08:15:58.654295,0.28,2
5621ad9e-85bf-4ae8-a807-2b47e0b03e9a,https://www.autoscout24.be/fr/offres/5621ad9e-85bf-4ae8-a807-2b47e0b03e9a,be,Mercedes-Benz,glc 220,,Mercedes-Benz GLC 220GLC d 4MATIC Business Line,43990,,True,2023,09-2023,60230,,used,diesel,145,197,1993,Euro 6,,6.0,,,AWD,SUV/4x4/Pick-Up,5,5,Bleu,,,,,dealer,Mercedes-Benz Monnier SPL,BE-1600 Sint-Pieters-Leeuw,BE,2,https://prod.pictures.autoscout24.net/listing-images/5621ad9e-85bf-4ae8-a807-2b47e0b03e9a_39796e89-4ef5-42eb-b91c-f5fa2e604fe2.jpg/250x188.webp,2026-09-28T08:15:58.654303,0.73,3
f6b14019-d2cb-4a48-b51a-f63529a51b17,https://www.autoscout24.be/fr/offres/f6b14019-d2cb-4a48-b51a-f63529a51b17,be,Land Rover,defender,,Land Rover Defender110 D250 S AWD Auto. 26MY,80898,,True,2026,01-2026,10,,new,diesel,183,248,2997,,,2227.0,,,AWD,SUV/4x4/Pick-Up,5,5,Vert,,,,,dealer,Jaguar Land Rover Asse - Van Vaerenbergh,BE-1730 Asse,BE,2,https://prod.pictures.autoscout24.net/listing-images/f6b14019-d2cb-4a48-b51a-f63529a51b17_967e5781-d4ea-4826-8f27-1ec62f11775b.jpg/250x188.webp,2026-09-28T08:15:58.654310,8089.8,0
bc768405-538b-4e0d-bb09-1ea7c5d8e470,https://www.autoscout24.be/fr/offres/bc768405-538b-4e0d-bb09-1ea7c5d8e470,be,Volkswagen,passat variant,,Volkswagen Passat VariantSW 2.0 TDi AUTO LED GPS CARPLAY,17990,,True,2021,01-2021,72565,1,used,diesel,66,90,1968,Euro 6d,,6.0,,,Avant,Break,5,5,Noir,,,,,dealer,Mon Occasion,BE-4000 Liège,BE,2,https://prod.pictures.autoscout24.net/listing-images/bc768405-538b-4e0d-bb09-1ea7c5d8e470_b1ff9922-30e5-4c40-8d2f-f7900c53c692.jpg/250x188.webp,2026-09-28T08:15:58.654318,0.25,5
16915987-0182-47e5-8144-d18670b5aeb6,https://www.autoscout24.be/fr/offres/16915987-0182-47e5-8144-d18670b5aeb6,be,BMW,218,,BMW 218Gran Coupé,21682,,True,2022,01-2022,83396,,used,petrol,100,136,1499,Euro 6,,6.0,,,Avant,Berline,4,,Noir,,,,,dealer,BMW - Juma Leuven,BE-3020 Herent,BE,2,https://prod.pictures.autoscout24.net/listing-images/16915987-0182-47e5-8144-d18670b5aeb6_fced3920-a1b3-463d-9838-b5c328edd7c9.jpg/250x188.webp,2026-09-28T08:15:58.654326,0.26,4
e9b8bd0c-2bef-443d-93e2-d1a98d3cb6ab,https://www.autoscout24.be/fr/offres/e9b8bd0c-2bef-443d-93e2-d1a98d3cb6ab,be,Hyundai,i30,,Hyundai i30T-GDi 48v Techno,16650,,True,2021,10-2021,48772,1,used,hybrid,86,118,1482,,,2126.0,,,Avant,Citadine,5,5,Bronze,,,,,dealer,Mullens Halen bvba,BE-3545 Halen,BE,2,https://prod.pictures.autoscout24.net/listing-images/e9b8bd0c-2bef-443d-93e2-d1a98d3cb6ab_2eaf43b7-cb51-495a-93db-3f0b99dd2ff9.jpg/250x188.webp,2026-09-28T08:15:58.654333,0.34,5
c6bd4cc2-d957-49fc-b07e-dee2935e73ac,https://www.autoscout24.be/fr/offres/c6bd4cc2-d957-49fc-b07e-dee2935e73ac,be,Mazda,cx-30,,Mazda CX-30CX-30 2.0i SKYACTIV-G MHE AUT. 1°EIG. 2022' IN,17499,,True,2022,10-2022,94000,1,used,hybrid,90,122,1998,Euro 6d,,6.0,,,Boîte automatique,SUV/4x4/Pick-Up,5,5,Bleu,,,,,dealer,Your Best Car B.v.,BE-1651 Lot,BE,2,https://prod.pictures.autoscout24.net/listing-images/c6bd4cc2-d957-49fc-b07e-dee2935e73ac_22bebafb-06fc-41e5-84c3-adfcc6109c9e.jpg/250x188.webp,2026-09-28T08:15:58.654341,0.19,4
1aba825c-00e0-4697-b296-2f4ac7994321,https://www.autoscout24.be/fr/offres/1aba825c-00e0-4697-b296-2f4ac7994321,be,Porsche,macan,,Porsche MacanMacan GTS 2.9 V6 BiTurbo PDK,47990,,True,2021,12-2021,194000,1,used,petrol,238,324,2894,Euro 6d,,6.0,,,Boîte automatique,SUV/4x4/Pick-Up,5,5,Beige,,,,,dealer,Garage - Carrosserie Vercruyssen Dirk,BE-9170 Sint-Pauwels,BE,1,https://prod.pictures.autoscout24.net/listing-images/1aba825c-00e0-4697-b296-2f4ac7994321_aa77b24e-e958-4ce8-a254-4b0b2931855e.jpg/250x188.webp,2026-09-28T08:15:58.654349,0.25,5
852425be-0ac1-4957-ad28-657fe2f78f97,https://www.autoscout24.be/fr/offres/852425be-0ac1-4957-ad28-657fe2f78f97,be,Mercedes-Benz,cla 180,,Mercedes-Benz CLA 180Historique complet * GARANTIE 1 à 3 ans,14990,,True,2021,06-2021,137251,1,used,diesel,85,115,1950,Euro 6d,,6.0,,,Avant,Break,5,5,Blanc,,,,,dealer,WAPICAR SRL,BE-7332 NEUFMAISON,BE,2,https://prod.pictures.autoscout24.net/listing-images/852425be-0ac1-4957-ad28-657fe2f78f97_fe65e85c-629a-45f0-bf33-c88a6989dc9b.jpg/250x188.webp,2026-09-28T08:15:58.654356,0.11,5
d331b84f-0575-4e72-bc07-6fce1fd0a970,https://www.autoscout24.be/fr/offres/d331b84f-0575-4e72-bc07-6fce1fd0a970,be,BMW,x1,,BMW X1X1 1.5iAS sDrive18 M-SPORTPAKKET,32000,,True,2025,05-2025,13020,1,used,petrol,100,136,1499,Euro 6e,,6.0,,,Avant,SUV/4x4/Pick-Up,5,5,Noir,,,,,dealer,,BE-9300 Aalst,BE,1,https://prod.pictures.autoscout24.net/listing-images/d331b84f-0575-4e72-bc07-6fce1fd0a970_a80374c8-6c2b-4e98-8ab9-8123f155f183.jpg/250x188.webp,2026-09-28T08:15:58.654364,2.46,1
0828bddc-9630-4187-a4d5-f682c8e10485,https://www.autoscout24.be/fr/offres/0828bddc-9630-4187-a4d5-f682c8e10485,be,Nissan,x-trail,,Nissan X-Traile-POWER e-4ORCE 4WD Tekna+ 7 zit plaatsen,46990,,True,2026,01-2026,190,,used,hybrid,157,213,1500,,,2150.0,,,AWD,SUV/4x4/Pick-Up,5,5,Blanc,,,,,dealer,GMS Store Gent,BE-9050 Ledeberg (Gent),BE,2,https://prod.pictures.autoscout24.net/listing-images/0828bddc-9630-4187-a4d5-f682c8e10485_f7c14540-fef7-485b-ac96-9bc93dc107d6.jpg/250x188.webp,2026-09-28T08:15:58.654372,247.32,0
23b2cd98-5589-4d11-8bcf-2bdc49673d32,https://www.autoscout24.be/fr/offres/23b2cd98-5589-4d11-8bcf-2bdc49673d32,be,BMW,x5,,BMW X5X5 3.0 sdA xDrive| Offroad | Lichte vracht !,49650,,True,2023,05-2023,118500,1,used,diesel,154,210,2993,Euro 6d,,6.0,,,AWD,SUV/4x4/Pick-Up,5,5,Blanc,,,,,dealer,Premium Car Company,BE-3920 Lommel,BE,2,https://prod.pictures.autoscout24.net/listing-images/23b2cd98-5589-4d11-8bcf-2bdc49673d32_db4fb2cb-7645-439d-8a14-34c452599f0a.jpg/250x188.webp,2026-09-28T08:15:58.654379,0.42,3
29b7917b-1ced-4e24-8deb-39119ecb3d2d,https://www.autoscout24.be/fr/offres/29b7917b-1ced-4e24-8deb-39119ecb3d2d,be,Ford,mustang,,Ford MustangCabrio 2.3 Ecoboost Benzine Autom. - Topstaat!,38990,,True,2020,06-2020,28554,1,used,petrol,156,213,2261,Euro 6,,6.0,,,Arrière,Cabriolet,2,4,Bleu,,,,,dealer,Provan Motors,BE-9810 Eke,BE,2,https://prod.pictures.autoscout24.net/listing-images/29b7917b-1ced-4e24-8deb-39119ecb3d2d_e8acc7b8-0b69-4a6a-b3fb-c1a198271464.jpg/250x188.webp,2026-09-28T08:15:58.654387,1.37,6
8d3b77f0-81ec-4e2f-bd40-17df7104f0c6,https://www.autoscout24.be/fr/offres/8d3b77f0-81ec-4e2f-bd40-17df7104f0c6,be,Audi,q5,,Audi Q5🔺Q5*S*LINE**XENON,31999,,True,2022,05-2022,48000,1,used,diesel,120,163,1968,Euro 6d,,6.0,,,Avant,SUV/4x4/Pick-Up,5,5,Noir,,,,,dealer,Premium Car sprl,BE-4910 Polleur,BE,2,https://prod.pictures.autoscout24.net/listing-images/8d3b77f0-81ec-4e2f-bd40-17df7104f0c6_db6a44fe-d303-47be-9892-bbdbc4b3fab6.jpg/250x188.webp,2026-09-28T08:15:58.654394,0.67,4
ca2b762d-849d-4712-85c2-9d810e5adaf6,https://www.autoscout24.be/fr/offres/ca2b762d-849d-4712-85c2-9d810e5adaf6,be,Volkswagen,golf r,,"Volkswagen Golf R""Blackstyle""",49990,,True,2025,01-2025,11600,1,used,petrol,245,333,1984,Euro 6e,,6.0,,,AWD,Berline,5,5,Bleu,,,,,dealer,B&C Cars,BE-2801 Mechelen,BE,2,https://prod.pictures.autoscout24.net/listing-images/ca2b762d-849d-4712-85c2-9d810e5adaf6_39fac27c-0af6-453a-bc23-fd7c861f7d2d.jpg/250x188.webp,2026-09-28T08:15:58.654402,4.31,1
5afea921-a31a-4427-9b19-3e9e8f7078bc,https://www.autoscout24.be/fr/offres/5afea921-a31a-4427-9b19-3e9e8f7078bc,be,Jaecoo,j7,,Jaecoo J7EXCLUSIVE 255KW PHEV 🚩 FULL OPTION | NIEUW | -5500,34190,,True,2026,07-2026,50,,new,hybrid,255,346,1499,Euro 6,,6.0,,,Avant,SUV/4x4/Pick-Up,5,5,Argent,,,,,dealer,,BE-3500 Hasselt,BE,1,https://prod.pictures.autoscout24.net/listing-images/5afea921-a31a-4427-9b19-3e9e8f7078bc_be309709-95a7-4a59-8ed8-211133eab745.jpg/250x188.webp,2026-09-28T08:15:58.654421,683.8,0
cb56cc9e-33f5-45f7-8754-3f426395154a,https://www.autoscout24.be/fr/offres/cb56cc9e-33f5-45f7-8754-3f426395154a,be,Suzuki,vitara,,Suzuki VitaraVitara 1.5,17990,,True,2022,10-2022,60428,,used,hybrid,75,102,1498,,,,,,Boîte automatique,SUV/4x4/Pick-Up,5,5,Gris,,,,,dealer,click2move by Declerc,BE-5100 Naninne (Namur),BE,2,https://prod.pictures.autoscout24.net/listing-images/cb56cc9e-33f5-45f7-8754-3f426395154a_99591f1e-8158-4c7a-b589-5126b365faa8.jpg/250x188.webp,2026-09-28T08:15:58.654429,0.3,4
17bf983b-71e1-471e-a49f-f2b3bc1a3e09,https://www.autoscout24.be/fr/offres/17bf983b-71e1-471e-a49f-f2b3bc1a3e09,be,Land Rover,defender,,Land Rover Defender110 D250 S AWD Auto. 26MY,77340,,True,2026,05-2026,9900,,used,diesel,184,250,2997,,,2199.0,,,AWD,SUV/4x4/Pick-Up,5,5,Vert,,,,,dealer,Jaguar - Land Rover Brussels East – Zaventem,BE-1930 Zaventem,BE,2,https://prod.pictures.autoscout24.net/listing-images/17bf983b-71e1-471e-a49f-f2b3bc1a3e09_c0e2f44e-4bec-4b4d-aa24-7204fac6186b.jpg/250x188.webp,2026-09-28T08:15:58.654436,7.81,0
b941a29b-3cce-48a3-88f0-e05149054d2e,https://www.autoscout24.be/fr/offres/b941a29b-3cce-48a3-88f0-e05149054d2e,be,Mercedes-Benz,eqb 350,,"Mercedes-Benz EQB 350Memory zetels , Head up display ,",42800,,True,2023,07-2023,6030,1,used,electric,215,292,,Euro 6e,,6.0,,,AWD,SUV/4x4/Pick-Up,5,7,Blanc,,,,,dealer,Autos Marc Gielen,BE-3740 Bilzen,BE,2,https://prod.pictures.autoscout24.net/listing-images/b941a29b-3cce-48a3-88f0-e05149054d2e_359cfc2c-beba-4826-ad44-7fbee0c451aa.jpg/250x188.webp,2026-09-28T08:15:58.654444,7.1,3
01333fde-211d-4d94-957b-fe8898bf4033,https://www.autoscout24.be/fr/offres/01333fde-211d-4d94-957b-fe8898bf4033,be,Peugeot,208,,Peugeot 208Allure 136 Auto Electric,23495,,True,2025,09-2025,8816,1,used,electric,100,136,,Euro 6,,6.0,,,Avant,Berline,5,5,Blanc,,,,,dealer,Traxxion Tielt,BE-8700 Tielt,BE,2,https://prod.pictures.autoscout24.net/listing-images/01333fde-211d-4d94-957b-fe8898bf4033_da2d1aef-6f3f-4503-83d8-009b96b41afc.jpg/250x188.webp,2026-09-28T08:15:58.654451,2.67,1
a8626bfc-a333-4614-9916-ba07d08eb79d,https://www.autoscout24.be/fr/offres/a8626bfc-a333-4614-9916-ba07d08eb79d,be,Jaecoo,j7,,Jaecoo J7Jaecoo J7 SHS Exclusive Plug-In Hybride 345 pk,34777,,True,2026,06-2026,3780,1,used,hybrid,255,346,1500,,,95.0,,,Avant,SUV/4x4/Pick-Up,,5,Noir,,,,,dealer,Garage Van Wassenhove - Onafhankelijke Opel Garage,BE-9090 MELLE,BE,1,https://prod.pictures.autoscout24.net/listing-images/a8626bfc-a333-4614-9916-ba07d08eb79d_b6d60788-ba9c-4b66-98b0-48a275fcd627.jpg/250x188.webp,2026-09-28T08:15:58.654459,9.2,0
0714fa65-67d3-4a0f-b0d9-16ed409e0375,https://www.autoscout24.be/fr/offres/0714fa65-67d3-4a0f-b0d9-16ed409e0375,be,Ford,focus,,Ford FocusFocus Active 1.0l EcoBoost 125PS A8,17490,,True,2023,04-2023,45548,,used,petrol,91,125,998,Euro 6d,,6.0,,,Boîte automatique,Berline,5,5,Blanc,,,,,dealer,click2move by Declerc,BE-5100 Naninne (Namur),BE,2,https://prod.pictures.autoscout24.net/listing-images/0714fa65-67d3-4a0f-b0d9-16ed409e0375_5f109977-668a-494c-8406-37e9099a66ac.jpg/250x188.webp,2026-09-28T08:15:58.654466,0.38,3
ee262ce8-4fa3-449b-b7e2-6d96418e87d0,https://www.autoscout24.be/fr/offres/ee262ce8-4fa3-449b-b7e2-6d96418e87d0,be,Jeep,avenger,,Jeep AvengerAvenger 1.2i Turbo / 46.264 KM ! / 2025 !,14950,,True,2025,05-2025,46264,1,used,petrol,74,100,1200,Euro 6e,,6.0,,,Boîte manuelle,SUV/4x4/Pick-Up,5,5,Gris,,,,,dealer,L. Automobile,BE-1840 Londerzeel,BE,1,https://prod.pictures.autoscout24.net/listing-images/ee262ce8-4fa3-449b-b7e2-6d96418e87d0_b23ecbf2-d627-474b-80f5-ede7f2193836.jpg/250x188.webp,2026-09-28T08:15:58.654475,0.32,1
e212dd27-6021-496c-947b-d6d0f6c12192,https://www.autoscout24.be/fr/offres/e212dd27-6021-496c-947b-d6d0f6c12192,be,Mercedes-Benz,cla 45 amg,,Mercedes-Benz CLA 45 AMGS Shooting Brake 4MATIC+ Pano,41900,,True,2021,02-2021,104900,,used,petrol,310,421,1991,Euro 6d,,6.0,,,Boîte automatique,Break,5,5,Argent,,,,,dealer,RoadCare,BE-2560 Nijlen (op afspraak),BE,1,https://prod.pictures.autoscout24.net/listing-images/e212dd27-6021-496c-947b-d6d0f6c12192_dd5bb330-1e16-48e4-b21b-1f9306e7e0b8.jpg/250x188.webp,2026-09-28T08:15:58.654482,0.4,5
f6eb1759-1acb-4cb8-abad-1e90685b7de0,https://www.autoscout24.be/fr/offres/f6eb1759-1acb-4cb8-abad-1e90685b7de0,be,BMW,x1,,"BMW X1M-Pack 20 DAS X-Drive""LED",19950,,True,2019,02-2019,121035,2,used,diesel,102,140,1995,Euro 6d,,6.0,,,AWD,SUV/4x4/Pick-Up,5,5,Argent,,,,,dealer,,BE-8770 Ingelmunster,BE,1,https://prod.pictures.autoscout24.net/listing-images/f6eb1759-1acb-4cb8-abad-1e90685b7de0_508a7f89-5d5b-4074-a249-e7c775c4091c.jpg/250x188.webp,2026-09-28T08:15:58.654490,0.16,7
8158372d-4db2-4257-a101-6adae02f5fd3,https://www.autoscout24.be/fr/offres/8158372d-4db2-4257-a101-6adae02f5fd3,be,Mercedes-Benz,x 350,,Mercedes-Benz X 3504MATIC | V6 | Trekhaak | Leder | Camera,39990,,True,2019,01-2019,107672,2,used,diesel,190,258,2967,Euro 6,,6.0,,,AWD,SUV/4x4/Pick-Up,4,5,Bleu,,,,,dealer,Borremans bv,BE-2880 Bornem,BE,2,https://prod.pictures.autoscout24.net/listing-images/8158372d-4db2-4257-a101-6adae02f5fd3_1a0ac57f-14fa-4616-ac19-ae789915820e.jpg/250x188.webp,2026-09-28T08:15:58.654497,0.37,7
a6813353-5aeb-47a7-ba4c-0bbd9107ff2c,https://www.autoscout24.be/fr/offres/a6813353-5aeb-47a7-ba4c-0bbd9107ff2c,be,Jeep,wrangler,,Jeep WranglerPHEV Cabrio 2.0 Turbo 4xe Rubicon Plug-In,43900,,True,2021,07-2021,108395,1,used,hybrid,280,380,1995,Euro 6d,,6.0,,,AWD,SUV/4x4/Pick-Up,5,5,Noir,,,,,dealer,Deerlijk Motors,BE-8540 Deerlijk,BE,2,https://prod.pictures.autoscout24.net/listing-images/a6813353-5aeb-47a7-ba4c-0bbd9107ff2c_ff600ce5-1522-43a4-a452-32c66e9809d7.jpg/250x188.webp,2026-09-28T08:15:58.654505,0.41,5
e6b5b77a-a8b4-4a8b-b509-6102e48f65ae,https://www.autoscout24.be/fr/offres/e6b5b77a-a8b4-4a8b-b509-6102e48f65ae,be,Mercedes-Benz,a 200,,"Mercedes-Benz A 200A Sedan 200 AMG Line, Automatic, LED,",29890,,True,2024,03-2024,20610,1,used,petrol,88,120,1332,Euro 6d,,6.0,automatic,,Arrière,Berline,4,5,Kosmoszwart,,,,,dealer,Autos Marc Gielen,BE-3740 Bilzen,BE,2,https://prod.pictures.autoscout24.net/listing-images/e6b5b77a-a8b4-4a8b-b509-6102e48f65ae_b773270e-73d6-48a1-af94-92728033fd91.jpg/250x188.webp,2026-09-28T08:15:58.654512,1.45,2
bf23084d-0e90-4dce-9fae-e41277ee355e,https://www.autoscout24.be/fr/offres/bf23084d-0e90-4dce-9fae-e41277ee355e,be,Mercedes-Benz,cla 180,,Mercedes-Benz CLA 180CLA 180 Business Solution (EU6AP),24950,,True,2022,02-2022,29439,1,used,petrol,100,136,1332,Euro 6d,,6.0,,,Avant,Berline,4,5,Blanc,,,,,dealer,VSM Autoservice,BE-2950 Kapellen,BE,2,https://prod.pictures.autoscout24.net/listing-images/bf23084d-0e90-4dce-9fae-e41277ee355e_4fd0a4cb-3aff-46ae-92aa-c9da16af5af8.jpg/250x188.webp,2026-09-28T08:15:58.654520,0.85,4
5240b868-9ca5-4b2f-a31f-fb74d9824cf6,https://www.autoscout24.be/fr/offres/5240b868-9ca5-4b2f-a31f-fb74d9824cf6,be,Alfa Romeo,tonale,,Alfa Romeo TonalePHEV AT6e Q4 Sprint,28750,,True,2025,03-2025,10873,1,used,hybrid,206,280,1332,,,82.0,,,AWD,SUV/4x4/Pick-Up,5,5,Gris,,,,,dealer,Mullens Halen bvba,BE-3545 Halen,BE,2,https://prod.pictures.autoscout24.net/listing-images/5240b868-9ca5-4b2f-a31f-fb74d9824cf6_ef177bee-fbcf-4089-8bb1-13ed5d0005c1.jpg/250x188.webp,2026-09-28T08:15:58.654527,2.64,1
33750a69-87ce-4607-b1da-5055e1319932,https://www.autoscout24.be/fr/offres/33750a69-87ce-4607-b1da-5055e1319932,be,Volkswagen,golf variant,,Volkswagen Golf VariantGolf SW 2.0 SCR TDi Life / ATTELAGE,16190,,True,2021,01-2021,73369,1,used,diesel,85,115,1968,Euro 6d,,6.0,,,Boîte manuelle,Break,5,5,Gris,,,,,dealer,Pitlane Motor Srl,BE-7600 Péruwelz,BE,2,https://prod.pictures.autoscout24.net/listing-images/33750a69-87ce-4607-b1da-5055e1319932_1d0a8b10-04bc-4e61-905d-04e7aa810db1.jpg/250x188.webp,2026-09-28T08:15:58.654535,0.22,5
9fd97fb3-eaef-4710-b71f-5e31fefd7daf,https://www.autoscout24.be/fr/offres/9fd97fb3-eaef-4710-b71f-5e31fefd7daf,be,Jaguar,e-pace,,Jaguar E-Pace2.0 T AWD S Euro 6d/ PANO/ CARPLAY/ LEDER/,19900,,True,2020,06-2020,83970,1,used,petrol,147,199,1997,Euro 6d,,6.0,,,AWD,SUV/4x4/Pick-Up,5,5,Bronze,,,,,dealer,Autohandel  Loosveld,BE-8870 Izegem,BE,2,https://prod.pictures.autoscout24.net/listing-images/9fd97fb3-eaef-4710-b71f-5e31fefd7daf_724a69dd-a123-4de0-8858-6b2e547bfd97.jpg/250x188.webp,2026-09-28T08:15:58.654542,0.24,6
cc58b9ed-36b8-45b1-ae56-d6345accbaf6,https://www.autoscout24.be/fr/offres/cc58b9ed-36b8-45b1-ae56-d6345accbaf6,be,Audi,q3,,Audi Q3S-LINE*Q3 PHEV 45 TFSIe,31499,,True,2022,06-2022,68000,1,used,hybrid,180,244,1395,Euro 6d,,6.0,,,Avant,SUV/4x4/Pick-Up,5,5,Noir,,,,,dealer,MDV CARS,BE-1730 Asse,BE,1,https://prod.pictures.autoscout24.net/listing-images/cc58b9ed-36b8-45b1-ae56-d6345accbaf6_708041ab-b742-4a7e-9d15-ba137a0226ef.jpg/250x188.webp,2026-09-28T08:15:58.654592,0.46,4
2305b1ea-5542-48a9-b9cb-92f51682866f,https://www.autoscout24.be/fr/offres/2305b1ea-5542-48a9-b9cb-92f51682866f,be,Land Rover,defender,,Land Rover Defender[110] D250 S,78900,,True,2026,01-2026,10,,new,diesel,184,250,2999,,,2225.0,,,AWD,SUV/4x4/Pick-Up,5,5,Noir,,,,,dealer,Jaguar Land Rover Wavre,BE-1300 Wavre,BE,2,https://prod.pictures.autoscout24.net/listing-images/2305b1ea-5542-48a9-b9cb-92f51682866f_675a3bb6-200e-4b76-9e61-885abf6e1573.jpg/250x188.webp,2026-09-28T08:15:58.654601,7890.0,0
e32d12f9-1311-47b5-a132-ec81356ef372,https://www.autoscout24.be/fr/offres/e32d12f9-1311-47b5-a132-ec81356ef372,be,Land Rover,defender,,Land Rover DefenderX-Dynamic SE,89990,,True,2026,05-2026,7140,,used,hybrid,221,300,1997,,,2141.0,,,AWD,SUV/4x4/Pick-Up,5,5,Brun,,,,,dealer,Salens Motors Roeselare NV,BE-8830 Hooglede - Gits,BE,3,https://prod.pictures.autoscout24.net/listing-images/e32d12f9-1311-47b5-a132-ec81356ef372_1c995557-8bac-45e1-afbf-6b46c49f814e.jpg/250x188.webp,2026-09-28T08:15:58.654608,12.6,0
da82750d-8760-4ad7-b362-767fcd71be33,https://www.autoscout24.be/fr/offres/da82750d-8760-4ad7-b362-767fcd71be33,be,Peugeot,5008,,Peugeot 5008Allure Hybrid 145 DCS6,28485,,True,2025,05-2025,36815,1,used,hybrid,107,145,1199,Euro 6e,,6.0,,,Avant,Monospace,5,7,Gris,,,,,dealer,Traxxion Tielt,BE-8700 Tielt,BE,2,https://prod.pictures.autoscout24.net/listing-images/da82750d-8760-4ad7-b362-767fcd71be33_d149bdcb-c37a-4094-ae18-9bdeac8089d5.jpg/250x188.webp,2026-09-28T08:15:58.654615,0.77,1
7caa41eb-cb37-4b77-b40a-c0b64fbf7f1d,https://www.autoscout24.be/fr/offres/7caa41eb-cb37-4b77-b40a-c0b64fbf7f1d,be,Jaguar,e-pace,,Jaguar E-PaceD150,17900,,True,2019,02-2019,76421,,used,diesel,110,149,1999,,,2190.0,,,AWD,SUV/4x4/Pick-Up,,,Gris,,,,,dealer,Jaguar - Land Rover Szrek,BE-9240 Zele,BE,2,https://prod.pictures.autoscout24.net/listing-images/7caa41eb-cb37-4b77-b40a-c0b64fbf7f1d_e05b154f-7407-40ef-a7a0-7bb4b5c62581.jpg/250x188.webp,2026-09-28T08:15:58.654622,0.23,7
cffadc17-9234-46e9-be66-79f3e9a0e21b,https://www.autoscout24.be/fr/offres/cffadc17-9234-46e9-be66-79f3e9a0e21b,be,Renault,arkana,,Renault ArkanaArkana E-TECH 1.6i Intens,16900,,True,2022,10-2022,46220,,used,hybrid,50,69,1598,Euro 6d,,6.0,,,Avant,SUV/4x4/Pick-Up,5,5,Gris,,,,,dealer,Vandergucht Ninove nv,BE-9406 Outer,BE,2,https://prod.pictures.autoscout24.net/listing-images/cffadc17-9234-46e9-be66-79f3e9a0e21b_02c41062-b74e-4e7d-9115-b7e646a8d2aa.jpg/250x188.webp,2026-09-28T08:15:58.654629,0.37,4
3ff39930-a5a5-4e31-b940-124ef27a05ff,https://www.autoscout24.be/fr/offres/3ff39930-a5a5-4e31-b940-124ef27a05ff,be,BMW,530,,BMW 530eA PHEV*Garantie*Plug in Hybride Benzine*X-Drive,26999,,True,2023,06-2023,116517,1,used,hybrid,158,215,1998,Euro 6d,,6.0,,,AWD,Break,5,5,Noir,,,,,dealer,Bayern Motors NV,BE-3550 Zolder,BE,1,https://prod.pictures.autoscout24.net/listing-images/3ff39930-a5a5-4e31-b940-124ef27a05ff_8833b870-a8bc-4b79-a48e-b9427e98764f.jpg/250x188.webp,2026-09-28T08:15:58.654636,0.23,3
b05a1905-f4e6-4c06-9588-20d6ca123930,https://www.autoscout24.be/fr/offres/b05a1905-f4e6-4c06-9588-20d6ca123930,be,Porsche,992,,PORSCHE 992 Carrera 2/ 1é Eigenaar! Sportuitlaat!,97995,,True,2020,02-2020,78213,1,used,petrol,208,283,2981,Euro 6d,,6.0,,,Arrière,Coupé,2,4,Noir,,,,,dealer,Autohandel Sneppe Bv,BE-8020 Oostkamp,BE,2,https://prod.pictures.autoscout24.net/listing-images/b05a1905-f4e6-4c06-9588-20d6ca123930_5ce150fb-8bbb-4ec6-a482-966eaa9e5c5b.jpg/250x188.webp,2026-09-28T08:15:58.654644,1.25,6
faf03c9d-cdf9-4313-8a16-ed7de4c7463f,https://www.autoscout24.be/fr/offres/faf03c9d-cdf9-4313-8a16-ed7de4c7463f,be,Nissan,qashqai,,Nissan QashqaiQashqai 1.3 DIG-T MHEV AWD N-Connecta Xtronic,27990,,True,,new,30,,new,hybrid,116,157,1332,Euro 6e,,6.0,,,Avant,SUV/4x4/Pick-Up,5,5,Noir,,,,,dealer,Autocenter Hein NV,BE-3110 Rotselaar,BE,2,https://prod.pictures.autoscout24.net/listing-images/faf03c9d-cdf9-4313-8a16-ed7de4c7463f_6c45a884-3bb1-4cf3-8b87-6825c2d086bd.jpg/250x188.webp,2026-09-28T08:15:58.654652,933.0,
8bae29a0-8e37-498c-a9ba-97a95207c8c8,https://www.autoscout24.be/fr/offres/8bae29a0-8e37-498c-a9ba-97a95207c8c8,be,Peugeot,308,,Peugeot 308Active Pack 1.2 Turbo 130 EAT8,21250,,True,2025,01-2025,4050,1,used,petrol,96,130,1199,Euro 6e,,6.0,,,Avant,Break,5,5,Bleu,,,,,dealer,Traxxion Tielt,BE-8700 Tielt,BE,2,https://prod.pictures.autoscout24.net/listing-images/8bae29a0-8e37-498c-a9ba-97a95207c8c8_cec2cba4-e32b-40ce-a41c-aa7985854a9f.jpg/250x188.webp,2026-09-28T08:15:58.654659,5.25,1
7b906ae6-030c-47fa-b6e2-5a3a932d706f,https://www.autoscout24.be/fr/offres/7b906ae6-030c-47fa-b6e2-5a3a932d706f,be,Ford,edge,,Ford EdgeEDGE AWD VIGNALE,19360,,True,2019,04-2019,160279,,used,diesel,175,238,1995,,,2212.0,,,Boîte automatique,SUV/4x4/Pick-Up,,5,Rood,,,,,dealer,Garage Feyaerts - Ford,BE-3200 Aarschot,BE,2,https://prod.pictures.autoscout24.net/listing-images/7b906ae6-030c-47fa-b6e2-5a3a932d706f_583b9360-dfce-4691-ae1d-6dbb6311fb34.jpg/250x188.webp,2026-09-28T08:15:58.654667,0.12,7
8cadfe84-beb2-4ae8-abfa-c2cf0876c371,https://www.autoscout24.be/fr/offres/8cadfe84-beb2-4ae8-abfa-c2cf0876c371,be,BMW,x2,,BMW X2sdrive 20i,34750,,True,2024,04-2024,30360,,used,petrol,115,156,1499,,,5.7,,,Boîte automatique,SUV/4x4/Pick-Up,5,5,Noir,,,,,dealer,VAB-Tweedehandswagens,BE-2070 Zwijndrecht,BE,2,https://prod.pictures.autoscout24.net/listing-images/8cadfe84-beb2-4ae8-abfa-c2cf0876c371_9135a752-1fc5-4e2b-a9f6-9f50ab96b65d.jpg/250x188.webp,2026-09-28T08:15:58.654675,1.14,2
7329974d-85f7-49c3-a4ac-80555ff2ee5d,https://www.autoscout24.be/fr/offres/7329974d-85f7-49c3-a4ac-80555ff2ee5d,be,Volkswagen,golf variant,,Volkswagen Golf Variant1.0 TSI PHARES LED GPS CARPLAY,15490,,True,2023,08-2023,70369,1,used,petrol,59,81,999,Euro 6d,,6.0,,,Avant,Break,5,5,Noir,,,,,dealer,Mon Occasion,BE-4000 Liège,BE,2,https://prod.pictures.autoscout24.net/listing-images/7329974d-85f7-49c3-a4ac-80555ff2ee5d_fe592559-f4d3-414d-adfc-3a420e1622dd.jpg/250x188.webp,2026-09-28T08:15:58.654682,0.22,3
5d03f74f-43a7-416b-b9de-bfe3fe7cf62d,https://www.autoscout24.be/fr/offres/5d03f74f-43a7-416b-b9de-bfe3fe7cf62d,be,Dacia,duster,,"Dacia DusterExtreme TCe 130 Mild Hybrid PDC Voor & achter,",19995,,True,2024,11-2024,35765,1,used,hybrid,70,96,1199,Euro 6,,6.0,,,Avant,Berline,5,5,Beige,,,,,dealer,DAB Groep,BE-9200 Dendermonde,BE,1,https://prod.pictures.autoscout24.net/listing-images/5d03f74f-43a7-416b-b9de-bfe3fe7cf62d_e2768b63-fdb9-490a-add5-3682a13019e5.jpg/250x188.webp,2026-09-28T08:15:58.654691,0.56,2
a597bcf3-8844-46c9-b274-363d815443e0,https://www.autoscout24.be/fr/offres/a597bcf3-8844-46c9-b274-363d815443e0,be,BMW,120,,BMW 120i M Sport | Camera | Harman Kardon | Automaat |,28990,,True,2024,12-2024,32488,1,used,petrol,115,156,1499,Euro 6e,,6.0,,,Avant,Berline,5,5,Noir,,,,,dealer,Garage Neirynck BV,BE-9870 Zulte,BE,2,https://prod.pictures.autoscout24.net/listing-images/a597bcf3-8844-46c9-b274-363d815443e0_482db78d-c769-4459-a3e2-b3e691576f17.jpg/250x188.webp,2026-09-28T08:15:58.654699,0.89,2
92feef4a-3849-42be-875e-931925c18be3,https://www.autoscout24.be/fr/offres/92feef4a-3849-42be-875e-931925c18be3,be,Audi,a3,,Audi A3Sportback Competition 45TFSIe 272 PK SONOS | MATRI,46495,,True,2025,01-2025,22527,1,used,hybrid,200,272,1498,Euro 6e,,6.0,automatic,,Avant,Citadine,5,5,Gris,,,,,dealer,Van Mossel Used Cars Center Antwerpen,BE-2060 Antwerpen,BE,2,https://prod.pictures.autoscout24.net/listing-images/92feef4a-3849-42be-875e-931925c18be3_6213d0bc-8412-4c3a-a883-278e35e04189.jpg/250x188.webp,2026-09-28T08:15:58.654706,2.06,1
473f6f55-3938-4877-ab21-4574b2ec5ab6,https://www.autoscout24.be/fr/offres/473f6f55-3938-4877-ab21-4574b2ec5ab6,be,Volvo,v90,,Volvo V902.0 B4 PLUS BRIGHT / CARPLAY / 360 CAM / LED / DAB,38990,,True,2024,03-2024,43254,1,used,hybrid,145,197,1969,Euro 6d,,6.0,,,Avant,Break,5,5,Bleu,,,,,dealer,Ellicars,BE-3670 Ellikom  (Oudsbergen),BE,2,https://prod.pictures.autoscout24.net/listing-images/473f6f55-3938-4877-ab21-4574b2ec5ab6_42774d52-7e8e-459e-97df-cda782f68533.jpg/250x188.webp,2026-09-28T08:15:58.654713,0.9,2
c7fed7a8-783f-4967-a406-8f8e0ba0fb1a,https://www.autoscout24.be/fr/offres/c7fed7a8-783f-4967-a406-8f8e0ba0fb1a,be,Land Rover,range rover evoque,,Land Rover Range Rover EvoqueD165 S Warranty until 04,39450,,True,2024,05-2024,24254,,used,diesel,120,163,1998,Euro 6d,,6.0,,,AWD,SUV/4x4/Pick-Up,5,5,Gris,,,,,dealer,Jaguar - Land Rover Brussels West - Drogenbos,BE-1620 Drogenbos,BE,3,https://prod.pictures.autoscout24.net/listing-images/c7fed7a8-783f-4967-a406-8f8e0ba0fb1a_3f17d8ec-bf08-4ac7-8800-4d2d1a9f5ed7.jpg/250x188.webp,2026-09-28T08:15:58.654721,1.63,2
595ea2a5-889e-4730-9415-7f0313306b21,https://www.autoscout24.be/fr/offres/595ea2a5-889e-4730-9415-7f0313306b21,be,Volkswagen,id.4,,Volkswagen ID.4ID.4 77 kWh Pro 1st 1st,18900,,True,2021,03-2021,140000,1,used,electric,77,104,,,,20.0,automatic,,Arrière,SUV/4x4/Pick-Up,5,5,Blanc,,,,,private,,,BE,1,https://prod.pictures.autoscout24.net/listing-images/595ea2a5-889e-4730-9415-7f0313306b21_1ea10dd7-9944-49b0-8caa-4151b85f08e6.jpg/250x188.webp,2026-09-28T08:15:58.654729,0.14,5
4a94a3e5-7026-4d3c-837e-f109462c65c1,https://www.autoscout24.be/fr/offres/4a94a3e5-7026-4d3c-837e-f109462c65c1,be,Renault,trafic,,Renault TraficTrafic Grand Passenger 2.0 Blue dCi Intens l2,29999,,True,2023,02-2023,49600,1,used,diesel,110,149,1997,Euro 6d,,6.0,,,Avant,Monospace,5,9,Argent,,,,,dealer,Auto's Limburg,BE-3740 Bilzen,BE,2,https://prod.pictures.autoscout24.net/listing-images/4a94a3e5-7026-4d3c-837e-f109462c65c1_eeabd22e-9734-4aa7-affb-00c9973e2b57.jpg/250x188.webp,2026-09-28T08:15:58.654736,0.6,3
2f3e03ec-c907-44ec-b9d7-295c2ff37a6f,https://www.autoscout24.be/fr/offres/2f3e03ec-c907-44ec-b9d7-295c2ff37a6f,be,Mercedes-Benz,cla 250,,Mercedes-Benz CLA 250EQ 250+ AMG Line Plus 85.5 kWh 730km,51250,,True,2025,10-2025,23089,1,used,electric,200,272,,,,20.0,,,Avant,Berline,4,5,Noir,,,,,dealer,Vtron Mobility,BE-3270 Scherpenheuvel-Zichem,BE,1,https://prod.pictures.autoscout24.net/listing-images/2f3e03ec-c907-44ec-b9d7-295c2ff37a6f_689173e4-eba0-42dc-9d10-a3b4fb166229.jpg/250x188.webp,2026-09-28T08:15:58.654744,2.22,1
6c9e661f-afc9-4e13-b331-ad2d18efe6e2,https://www.autoscout24.be/fr/offres/6c9e661f-afc9-4e13-b331-ad2d18efe6e2,be,Renault,rafale,,Renault RafaleHYPER HYBRID 4X4 300PK,52700,,True,2026,04-2026,12350,1,used,hybrid,110,149,1199,Euro 6e,,6.0,,,AWD,Berline,,5,Noir,,,,,dealer,GARAGE VERCAMMEN,BE-2240 ZANDHOVEN,BE,2,https://prod.pictures.autoscout24.net/listing-images/6c9e661f-afc9-4e13-b331-ad2d18efe6e2_069c0024-c5f6-4e53-88b2-1d43883032f2.jpg/250x188.webp,2026-09-28T08:15:58.654752,4.27,0
dd78387b-3eac-4d15-b297-946ee31fd744,https://www.autoscout24.be/fr/offres/dd78387b-3eac-4d15-b297-946ee31fd744,be,Volkswagen,golf,,Volkswagen GolfGolf 1.5 eTSI Life DSG Incl. Pack Business,24790,,True,2024,10-2024,23304,,used,petrol,85,115,1498,Euro 6e,,6.0,,,Boîte automatique,Berline,5,5,Gris,,,,,dealer,click2move by Declerc,BE-5100 Naninne (Namur),BE,2,https://prod.pictures.autoscout24.net/listing-images/dd78387b-3eac-4d15-b297-946ee31fd744_960ab792-484f-4f8c-ad18-3ab86cfd41b2.jpg/250x188.webp,2026-09-28T08:15:58.654759,1.06,2
47da986b-046a-47e0-8d0b-7c343f0f593b,https://www.autoscout24.be/fr/offres/47da986b-046a-47e0-8d0b-7c343f0f593b,be,Renault,espace,,Renault Espace4Control* Bte Auto*CARPLAY*CAMERA*SIEGES ELEC,27690,,True,2024,06-2024,51409,1,used,hybrid,70,96,1199,,,2137.0,,,AWD,SUV/4x4/Pick-Up,5,7,Rouge,,,,,dealer,Mon Occasion,BE-4000 Liège,BE,2,https://prod.pictures.autoscout24.net/listing-images/47da986b-046a-47e0-8d0b-7c343f0f593b_37873090-0e0f-4441-b3bb-a1d97e49917b.jpg/250x188.webp,2026-09-28T08:15:58.654767,0.54,2
61b377ff-725c-49c2-9d2c-2f5821424532,https://www.autoscout24.be/fr/offres/61b377ff-725c-49c2-9d2c-2f5821424532,be,Mercedes-Benz,a 180,,"Mercedes-Benz A 180A 180 CDI AMG Styling, Style, AMG velg",13900,,True,2018,07-2018,93228,1,used,diesel,80,108,1992,Euro 6,,6.0,,,Arrière,Monospace,5,5,Rouge,,,,,dealer,Autos Marc Gielen,BE-3740 Bilzen,BE,2,https://prod.pictures.autoscout24.net/listing-images/61b377ff-725c-49c2-9d2c-2f5821424532_a2111550-2691-4b14-88e7-74fbb4066f65.jpg/250x188.webp,2026-09-28T08:15:58.654781,0.15,8
32390972-a370-46dc-9666-5264785c4a58,https://www.autoscout24.be/fr/offres/32390972-a370-46dc-9666-5264785c4a58,be,Skoda,kodiaq,,Skoda KodiaqKodiaq 2.0TDi 7Places - DSG - Navigation -,29500,,True,2023,10-2023,79334,1,used,diesel,110,149,1968,Euro 6d,,6.0,,,Avant,SUV/4x4/Pick-Up,5,7,Noir,,,,,dealer,Frambach Automobile,BE-4252 Omal,BE,2,https://prod.pictures.autoscout24.net/listing-images/32390972-a370-46dc-9666-5264785c4a58_79142167-8ff8-4bfe-8b6d-b2ed6594f334.jpg/250x188.webp,2026-09-28T08:15:58.654789,0.37,3
be2324e1-eab0-485c-8808-a0a590a97de7,https://www.autoscout24.be/fr/offres/be2324e1-eab0-485c-8808-a0a590a97de7,be,Mini,cooper,,MINI CooperCooper,20900,,True,2023,05-2023,44510,1,used,petrol,100,136,1499,,,2127.0,automatic,,Avant,Berline,5,5,Noir,,,,,dealer,BMW Jorssen Zuid,BE-2630 Aartselaar,BE,2,https://prod.pictures.autoscout24.net/listing-images/be2324e1-eab0-485c-8808-a0a590a97de7_e1cf55f0-10dc-4cc7-977b-f933815c189f.jpg/250x188.webp,2026-09-28T08:15:58.654796,0.47,3
830428ba-14bb-4b6d-9f4a-5ed73ebd92c7,https://www.autoscout24.be/fr/offres/830428ba-14bb-4b6d-9f4a-5ed73ebd92c7,be,Ford,mustang mach-e,,Ford Mustang Mach-E99 kWh AWD Premium Extended Range - B&O,38450,,True,2023,11-2023,27950,1,used,electric,72,99,,,,9550.0,,,AWD,SUV/4x4/Pick-Up,5,5,Blanc,,,,,dealer,VAMAUTO,BE-8880 Sint-Eloois-Winkel,BE,2,https://prod.pictures.autoscout24.net/listing-images/830428ba-14bb-4b6d-9f4a-5ed73ebd92c7_a0d41931-5a37-47a2-af4d-88e69ccfaff9.jpg/250x188.webp,2026-09-28T08:15:58.654804,1.38,3
292cff47-10b2-4af8-a2ed-52ec07f91c38,https://www.autoscout24.be/fr/offres/292cff47-10b2-4af8-a2ed-52ec07f91c38,be,Renault,captur,,Renault CapturEnergy TCe 90 Limited#2,8200,,True,2019,04-2019,137555,1,used,petrol,66,89,900,,,2123.0,automatic,,Avant,Citadine,5,5,Gris,,,,,dealer,GMS STORE BRUGGE,BE-8000 Brugge,BE,2,https://prod.pictures.autoscout24.net/listing-images/292cff47-10b2-4af8-a2ed-52ec07f91c38_2e54160f-2132-4f77-b599-909031496b3d.jpg/250x188.webp,2026-09-28T08:15:58.654811,0.06,7
727ba45e-63bc-4f6b-8ee5-33bfbe187bd7,https://www.autoscout24.be/fr/offres/727ba45e-63bc-4f6b-8ee5-33bfbe187bd7,be,Audi,q2,,Audi Q2Q2 35 TFSI S tronic,23900,,True,2024,09-2024,29888,1,used,petrol,110,149,1498,Euro 6d,,6.0,,,Boîte automatique,SUV/4x4/Pick-Up,5,5,Noir,,,,,dealer,SVK-Auto's bv,BE-9140 Temse,BE,2,https://prod.pictures.autoscout24.net/listing-images/727ba45e-63bc-4f6b-8ee5-33bfbe187bd7_3ac4a1e2-ce60-46da-ac58-ebff17738300.jpg/250x188.webp,2026-09-28T08:15:58.654819,0.8,2
14e3c258-fa7e-4999-a129-cada0e821aea,https://www.autoscout24.be/fr/offres/14e3c258-fa7e-4999-a129-cada0e821aea,be,Ford,puma,,Ford Puma1.0i mHEV GPS CAMERA ATT. REMORQUE SIEGES,16990,,True,2024,03-2024,43095,1,used,petrol,67,92,998,Euro 6e,,6.0,,,Avant,SUV/4x4/Pick-Up,5,5,Gris,,,,,dealer,Mon Occasion,BE-4000 Liège,BE,2,https://prod.pictures.autoscout24.net/listing-images/14e3c258-fa7e-4999-a129-cada0e821aea_c37c7bd8-a4e4-497a-9a36-bb850e0ce5f4.jpg/250x188.webp,2026-09-28T08:15:58.654826,0.39,2
a89ab62f-9ec9-4c05-951f-15ff22d7fb93,https://www.autoscout24.be/fr/offres/a89ab62f-9ec9-4c05-951f-15ff22d7fb93,be,Audi,rs4,,Audi RS4COMPETITION PLUS / LICHTE VRACHT,72600,,True,2024,03-2024,59900,2,used,petrol,243,331,2894,Euro 6d,,6.0,,,AWD,Break,5,5,Vert,,,,,dealer,,BE-3900 Overpelt,BE,1,https://prod.pictures.autoscout24.net/listing-images/a89ab62f-9ec9-4c05-951f-15ff22d7fb93_68660efc-d9d7-468a-82e8-1eea413b2ac0.jpg/250x188.webp,2026-09-28T08:15:58.654834,1.21,2
255d92cb-2e34-4344-b7dd-01c3854f8b52,https://www.autoscout24.be/fr/offres/255d92cb-2e34-4344-b7dd-01c3854f8b52,be,Kia,ceed / cee'd,,Kia Ceed / cee'dPure 1.0 T-GDi 100 ISG GARANTIE tot 10,12445,,True,2022,10-2022,100624,,used,petrol,74,100,1000,,,2131.0,,,Avant,Citadine,5,5,Noir,,,,,dealer,Van Mossel Used Cars Center Lokeren,BE-9160 Lokeren,BE,2,https://prod.pictures.autoscout24.net/listing-images/255d92cb-2e34-4344-b7dd-01c3854f8b52_91b99f46-b0c2-4a9b-9d55-83504cf14565.jpg/250x188.webp,2026-09-28T08:15:58.654841,0.12,4
cc1a173b-5923-496d-97bb-8003332378fe,https://www.autoscout24.be/fr/offres/cc1a173b-5923-496d-97bb-8003332378fe,be,Audi,a3,,Audi A3Audi A3 Berline S line 30 TFSI  81(110) kW(ch) S,32950,,True,2025,06-2025,21,1,new,petrol,81,110,999,Euro 6d,,6.0,,,Avant,Berline,4,5,Gris,,,,,dealer,Groupe Michaël Mazuin,BE-5070 Fosses-la-Ville,BE,2,https://prod.pictures.autoscout24.net/listing-images/cc1a173b-5923-496d-97bb-8003332378fe_a89f3b9e-3068-4aa8-99c9-150d01d8b221.jpg/250x188.webp,2026-09-28T08:15:58.654849,1569.05,1
7de3a101-8b14-4c80-bbdc-b816a86c4514,https://www.autoscout24.be/fr/offres/7de3a101-8b14-4c80-bbdc-b816a86c4514,be,Opel,astra,,Opel AstraAstra 1.4 Turbo,11490,,True,2020,09-2020,99250,1,used,petrol,107,145,1341,Euro 6,,6.0,automatic,,Avant,Break,5,5,Noir,,,,,dealer,,BE-6060 GILLY,BE,1,https://prod.pictures.autoscout24.net/listing-images/7de3a101-8b14-4c80-bbdc-b816a86c4514_59d92db4-5ef4-4a76-b105-9175ec0833da.jpg/250x188.webp,2026-09-28T08:15:58.654856,0.12,6
62d42d17-ea38-4036-8541-3da54b7d1172,https://www.autoscout24.be/fr/offres/62d42d17-ea38-4036-8541-3da54b7d1172,be,Honda,jazz,,Honda Jazz1.5i-VTEC Dynamic Euro 6d/ 130pk / AIRCO/ NAVI /,11500,,True,2019,08-2019,131140,1,used,petrol,96,130,1498,Euro 6d-TEMP,,6.0,,,Avant,Monospace,5,5,Noir,,,,,dealer,Autohandel  Loosveld,BE-8870 Izegem,BE,2,https://prod.pictures.autoscout24.net/listing-images/62d42d17-ea38-4036-8541-3da54b7d1172_8167c1f2-95ee-4cea-aa5d-2ce909893981.jpg/250x188.webp,2026-09-28T08:15:58.654864,0.09,7
f540571a-f94b-4688-8719-b4048e2b7f84,https://www.autoscout24.be/fr/offres/f540571a-f94b-4688-8719-b4048e2b7f84,be,Citroen,c5 aircross,,Citroen C5 AircrossMax 12 Hybrid 145cv DSC6,22990,,True,2025,04-2025,26341,1,used,hybrid,106,145,1199,Euro 6e,,6.0,,,Avant,Berline,5,5,Blanc,,,,,dealer,Peugeot-Ets. Pater & Cie S.A,BE-6182 Souvret - Courcelles,BE,2,https://prod.pictures.autoscout24.net/listing-images/f540571a-f94b-4688-8719-b4048e2b7f84_10f74128-56f8-4dc7-87ec-6f2c496e7473.jpg/250x188.webp,2026-09-28T08:15:58.654872,0.87,1
7dac2265-5ff4-471f-aa91-933d6e24d156,https://www.autoscout24.be/fr/offres/7dac2265-5ff4-471f-aa91-933d6e24d156,be,Mercedes-Benz,c 200,,Mercedes-Benz C 200d Break Luxury Line - Toit Panoramique,34990,,True,2025,07-2025,22560,1,used,diesel,120,163,1993,Euro 6,,6.0,,,Arrière,Break,5,5,Gris,,,,,dealer,Mercedes-Benz Garage Brancart,BE-7380 Quiévrain,BE,2,https://prod.pictures.autoscout24.net/listing-images/7dac2265-5ff4-471f-aa91-933d6e24d156_16bdd424-fbbb-4c72-a495-73981fdd129f.jpg/250x188.webp,2026-09-28T08:15:58.654879,1.55,1
3854bf4c-5d00-49f1-8fb5-fd2413eff4f1,https://www.autoscout24.be/fr/offres/3854bf4c-5d00-49f1-8fb5-fd2413eff4f1,be,Ford,puma,,Ford PumaTITANIUM 1.0 EcoBoost mHEV ... GPS + CAMERA 360 ...,19900,,True,2025,06-2025,9500,1,used,hybrid,67,92,998,Euro 6e,,6.0,,,Avant,SUV/4x4/Pick-Up,5,5,Gris,,,,,dealer,BOMBOIR S.A  FORD BASTOGNE,BE-6600 Bastogne,BE,2,https://prod.pictures.autoscout24.net/listing-images/3854bf4c-5d00-49f1-8fb5-fd2413eff4f1_aaa81bca-95e9-4210-9f14-d65886894ca5.jpg/250x188.webp,2026-09-28T08:15:58.654886,2.09,1
4ca05fae-695b-4cdb-b8ab-3169c8ae9411,https://www.autoscout24.be/fr/offres/4ca05fae-695b-4cdb-b8ab-3169c8ae9411,be,BMW,218,,BMW 218iA Gran Coupé Euro 6d/ CARPLAY,17500,,True,2020,08-2020,146865,2,used,petrol,103,140,1499,Euro 6d,,6.0,,,Avant,Berline,4,5,Gris,,,,,dealer,Autohandel  Loosveld,BE-8870 Izegem,BE,1,https://prod.pictures.autoscout24.net/listing-images/4ca05fae-695b-4cdb-b8ab-3169c8ae9411_4ec774ad-82a3-4418-bddb-b00ee9fc2792.jpg/250x188.webp,2026-09-28T08:15:58.654894,0.12,6
5f5a464b-1aca-4ed4-a361-843e5e2c011f,https://www.autoscout24.be/fr/offres/5f5a464b-1aca-4ed4-a361-843e5e2c011f,be,Audi,a3,,Audi A3A3 Sportback 35 TFSI S line,21900,,True,2021,10-2021,53000,1,used,petrol,110,149,1498,Euro 6d,,6.0,,,Avant,Berline,5,5,Noir,,,,,private,,,BE,1,https://prod.pictures.autoscout24.net/listing-images/5f5a464b-1aca-4ed4-a361-843e5e2c011f_84a47257-96d7-4110-88ff-63f76800c53f.jpg/250x188.webp,2026-09-28T08:15:58.654901,0.41,5
aaa5a4dc-11fc-4960-8898-663a7af89fc0,https://www.autoscout24.be/fr/offres/aaa5a4dc-11fc-4960-8898-663a7af89fc0,be,Volkswagen,golf,,Volkswagen Golf1.5 eTSI DSG / LED / ACC / Caméra / CarPlay,19995,,True,2023,08-2023,106755,,used,petrol,110,149,1498,Euro 6d,,6.0,,,Avant,Berline,5,5,Noir,,,,,dealer,Riche Motors SRL,BE-6464 Baileux,BE,2,https://prod.pictures.autoscout24.net/listing-images/aaa5a4dc-11fc-4960-8898-663a7af89fc0_3adf6e92-47b6-44e5-9e37-c8823864be9d.jpg/250x188.webp,2026-09-28T08:15:58.654909,0.19,3
7d4d34fa-7866-4ad0-b8f9-a4777ab78a6f,https://www.autoscout24.be/fr/offres/7d4d34fa-7866-4ad0-b8f9-a4777ab78a6f,be,Mercedes-Benz,glb 180,,Mercedes-Benz GLB 180AMG • 7-Zit • Pano • Multibeam •,29950,,True,2022,07-2022,81349,1,used,petrol,73,100,1332,Euro 6d,,6.0,,,Boîte automatique,SUV/4x4/Pick-Up,5,7,Noir,,,,,dealer,,BE-2930 Brasschaat,BE,1,https://prod.pictures.autoscout24.net/listing-images/7d4d34fa-7866-4ad0-b8f9-a4777ab78a6f_cfc5dc31-7e5d-4cec-9c1d-0ebacace449e.jpg/250x188.webp,2026-09-28T08:15:58.654916,0.37,4
35c8eb27-5854-40f5-bbdb-e784276b6798,https://www.autoscout24.be/fr/offres/35c8eb27-5854-40f5-bbdb-e784276b6798,be,Jeep,compass,,Jeep CompassCompass 1.4 Turbo 4x2 Limited (EU6d),12700,,True,2018,10-2018,84952,2,used,petrol,103,140,1368,Euro 6d,,6.0,,,Avant,SUV/4x4/Pick-Up,5,5,Gris,,,,,private,,,BE,1,https://prod.pictures.autoscout24.net/listing-images/35c8eb27-5854-40f5-bbdb-e784276b6798_56605457-58f0-4242-a7fd-09e2d7bf17a3.jpg/250x188.webp,2026-09-28T08:15:58.654923,0.15,8
17dc1d03-e09e-465c-a637-18cca52413d2,https://www.autoscout24.be/fr/offres/17dc1d03-e09e-465c-a637-18cca52413d2,be,Volkswagen,tiguan,,Volkswagen TiguanTiguan R-Line Business Premium 1.5 TSI 110,32950,,True,2023,11-2023,59780,1,used,petrol,110,149,1498,Euro 6d,,6.0,,,Avant,SUV/4x4/Pick-Up,5,5,Noir,,,,,dealer,Groupe Michaël Mazuin,BE-5070 Fosses-la-Ville,BE,3,https://prod.pictures.autoscout24.net/listing-images/17dc1d03-e09e-465c-a637-18cca52413d2_e76ee3dc-c077-40c2-8c29-283be580d93b.jpg/250x188.webp,2026-09-28T08:15:58.654930,0.55,3
70ec9f48-d0ad-4638-9209-7e7476104cf4,https://www.autoscout24.be/fr/offres/70ec9f48-d0ad-4638-9209-7e7476104cf4,be,Land Rover,range rover,,Land Rover Range RoverVogue TDV6,47400,,True,2018,07-2018,101546,,used,diesel,190,258,2933,,,2182.0,,,AWD,SUV/4x4/Pick-Up,5,,Gris,,,,,dealer,Jaguar - Land Rover Szrek,BE-9240 Zele,BE,2,https://prod.pictures.autoscout24.net/listing-images/70ec9f48-d0ad-4638-9209-7e7476104cf4_9c4e696a-c718-4f5a-ac2b-56af1fcf9058.jpg/250x188.webp,2026-09-28T08:15:58.654937,0.47,8
09cf87fc-bcd5-48d9-a4e8-a9293c074b01,https://www.autoscout24.be/fr/offres/09cf87fc-bcd5-48d9-a4e8-a9293c074b01,be,Nissan,navara,,Nissan Navara2.3 dCi 4x4,19500,,True,2018,12-2018,120000,,used,diesel,140,190,2298,,,9.0,,,Boîte automatique,SUV/4x4/Pick-Up,4,5,Type de peintureMétallisé,,,,,private,,,BE,1,https://prod.pictures.autoscout24.net/listing-images/09cf87fc-bcd5-48d9-a4e8-a9293c074b01_d472ca90-87ff-4fb1-bac4-70dc360faf87.jpg/250x188.webp,2026-09-28T08:15:58.654944,0.16,8
1d5a27fa-283c-4063-8752-bc1ca6c17707,https://www.autoscout24.be/fr/offres/1d5a27fa-283c-4063-8752-bc1ca6c17707,be,Land Rover,discovery sport,,Land Rover Discovery SportP270e S AWD,53500,,True,2025,01-2025,5776,,used,hybrid,199,270,1498,Euro 6e,,6.0,,,AWD,SUV/4x4/Pick-Up,5,5,Gris,,,,,dealer,Jaguar Land Rover Asse - Van Vaerenbergh,BE-1730 Asse,BE,3,https://prod.pictures.autoscout24.net/listing-images/1d5a27fa-283c-4063-8752-bc1ca6c17707_eed30127-0b3d-47c7-9a86-8fbc12779715.jpg/250x188.webp,2026-09-28T08:15:58.654950,9.26,1
